:020000040800F2
:1000000000000120E1D7000831D8000831D80008ED
:1000100031D8000831D8000831D8000800000000AD
:1000200000000000000000000000000031D80008BF
:1000300031D800080000000031D8000839D100088C
:1000400031D8000831D8000831D8000831D800086C
:1000500031D8000831D8000831D8000831D800085C
:1000600031D8000831D8000831D8000831D800084C
:1000700031D8000831D8000831D8000831D800083C
:1000800031D8000801A6000831D8000831D800088E
:1000900031D8000831D8000831D8000831D800081C
:1000A00031D8000831D8000831D80008F91C000800
:1000B00061210008192300089D25000831D8000897
:1000C00031D8000831D8000831D8000831D80008EC
:1000D00031D8000859D2000845D0000831D80008AE
:1000E00031D8000831D800080000000031D80008DD
:1000F00031D8000831D8000831D8000831D80008BC
:1001000031D8000831D800082DD2000831D80008B5
:1001100031D8000831D8000831D8000831D800089B
:1001200031D8000831D8000831D8000831D800088B
:1001300010B5054C237833B9044B13B10448AFF321
:1001400000800123237010BD880200200000000001
:100150008CE1000808B5034B1BB103490348AFF31A
:10016000008008BD000000008C0200208CE1000827
:1001700081F0004102E000BF83F0004330B54FEA58
:1001800041044FEA430594EA050F08BF90EA020FC5
:100190001FBF54EA000C55EA020C7FEA645C7FEA58
:1001A000655C00F0E2804FEA5454D4EB5555B8BF7B
:1001B0006D420CDD2C4480EA020281EA030382EAEC
:1001C000000083EA010180EA020281EA0303362D7E
:1001D00088BF30BD11F0004F4FEA01314FF4801C51
:1001E0004CEA113102D0404261EB410113F0004F63
:1001F0004FEA03334CEA133302D0524263EB43031A
:1002000094EA050F00F0A780A4F10104D5F1200EB7
:100210000DDB02FA0EFC22FA05F2801841F1000112
:1002200003FA0EF2801843FA05F359410EE0A5F1E6
:1002300020050EF1200E012A03FA0EFC28BF4CF017
:10024000020C43FA05F3C01851EBE37101F00045CD
:1002500007D54FF0000EDCF1000C7EEB00006EEBDA
:100260000101B1F5801F1BD3B1F5001F0CD3490864
:100270005FEA30004FEA3C0C04F101044FEA4452BB
:1002800012F5800F80F09A80BCF1004F08BF5FEA42
:10029000500C50F1000041EB045141EA050130BD22
:1002A0005FEA4C0C404141EB0101013C28BFB1F534
:1002B000801FE9D291F0000F04BF01460020B1FA7F
:1002C00081F308BF2033A3F10B03B3F120020CDA52
:1002D0000C3208DD02F1140CC2F10C0201FA0CF030
:1002E00021FA02F10CE002F11402D8BFC2F1200C95
:1002F00001FA02F120FA0CFCDCBF41EA0C0190404B
:10030000E41AA2BF01EB0451294330BD6FEA040493
:100310001F3C1CDA0C340EDC04F11404C4F120027E
:1003200020FA04F001FA02F340EA030021FA04F390
:1003300045EA030130BDC4F10C04C4F1200220FAE7
:1003400002F001FA04F340EA0300294630BD21FA25
:1003500004F0294630BD94F0000F83F4801306BFEB
:1003600081F480110134013D4EE77FEA645C18BFDF
:100370007FEA655C29D094EA050F08BF90EA020F76
:1003800005D054EA000C04BF1946104630BD91EA6E
:10039000030F1EBF0021002030BD5FEA545C05D171
:1003A0004000494128BF41F0004130BD14F58004B0
:1003B0003CBF01F5801130BD01F0004545F0FE4124
:1003C00041F470014FF0000030BD7FEA645C1ABF59
:1003D000194610467FEA655C1CBF0B46024650EA90
:1003E000013406BF52EA033591EA030F41F40021BC
:1003F00030BD00BF90F0000F04BF0021704730B542
:100400004FF4806404F132044FF000054FF0000116
:1004100050E700BF90F0000F04BF0021704730B5D7
:100420004FF4806404F1320410F0004548BF4042AC
:100430004FF000013EE700BF42004FEAE2014FEA01
:1004400031014FEA02701FBF12F07F4393F07F4FDC
:1004500081F06051704732F07F4208BF704793F0DF
:100460007F4F04BF41F40021704730B54FF46074F2
:1004700001F0004521F000411CE700BF50EA0102F5
:1004800008BF704730B54FF000050AE050EA01029E
:1004900008BF704730B511F0004502D5404261EB0E
:1004A00041014FF4806404F132045FEA915C3FF44F
:1004B000D8AE4FF003025FEADC0C18BF03325FEAEC
:1004C000DC0C18BF033202EBDC02C2F1200300FA9D
:1004D00003FC20FA02F001FA03FE40EA0E0021FAC2
:1004E00002F11444BDE600BF70B54FF0FF0C4CF4B0
:1004F000E06C1CEA11541DBF1CEA135594EA0C0F62
:1005000095EA0C0F00F0DEF82C4481EA030621EA9C
:100510004C5123EA4C5350EA013518BF52EA0335D7
:1005200041F4801143F4801338D0A0FB02CE4FF089
:100530000005E1FB02E506F00042E0FB03E54FF0B9
:100540000006E1FB03569CF0000F18BF4EF0010EB1
:10055000A4F1FF04B6F5007F64F5407404D25FEAAD
:100560004E0E6D4146EB060642EAC62141EA555160
:100570004FEAC52040EA5E504FEACE2EB4F1FD0CA2
:1005800088BFBCF5E06F1ED8BEF1004F08BF5FEA20
:10059000500E50F1000041EB045170BD06F00046D2
:1005A00046EA010140EA020081EA0301B4EB5C047F
:1005B000C2BFD4EB0C0541EA045170BD41F4801177
:1005C0004FF0000E013C00F3AB8014F1360FDEBF9C
:1005D000002001F0004170BDC4F10004203C35DA78
:1005E0000C341BDC04F11404C4F1200500FA05F3FB
:1005F00020FA04F001FA05F240EA020001F000429C
:1006000021F0004110EBD37021FA04F642EB060111
:100610005EEA430E08BF20EAD37070BDC4F10C043B
:10062000C4F1200500FA04F320FA05F001FA04F2FF
:1006300040EA020001F0004110EBD37041F10001EB
:100640005EEA430E08BF20EAD37070BDC4F12005F6
:1006500000FA05F24EEA020E20FA04F301FA05F25E
:1006600043EA020321FA04F001F0004121FA04F206
:1006700020EA020000EBD3705EEA430E08BF20EAD6
:10068000D37070BD94F0000F0FD101F00046400010
:1006900041EB010111F4801F08BF013CF7D041EA92
:1006A000060195F0000F18BF704703F00046520096
:1006B00043EB030313F4801F08BF013DF7D043EA67
:1006C0000603704794EA0C0F0CEA135518BF95EA1D
:1006D0000C0F0CD050EA410618BF52EA4306D1D1A4
:1006E00081EA030101F000414FF0000070BD50EAC3
:1006F000410606BF1046194652EA430619D094EA4D
:100700000C0F02D150EA013613D195EA0C0F05D136
:1007100052EA03361CBF104619460AD181EA03018A
:1007200001F0004141F0FE4141F470014FF0000042
:1007300070BD41F0FE4141F4780170BD70B54FF0DD
:10074000FF0C4CF4E06C1CEA11541DBF1CEA13555D
:1007500094EA0C0F95EA0C0F00F0A7F8A4EB05043F
:1007600081EA030E52EA03354FEA013100F0888036
:100770004FEA03334FF0805545EA131343EA1263FF
:100780004FEA022245EA111545EA10654FEA0026B4
:100790000EF000419D4208BF964244F1FD0404F56D
:1007A000407402D25B084FEA3202B61A65EB0305C9
:1007B0005B084FEA32024FF480104FF4002CB6EB86
:1007C000020E75EB030E22BFB61A754640EA0C0006
:1007D0005B084FEA3202B6EB020E75EB030E22BF46
:1007E000B61A754640EA5C005B084FEA3202B6EB87
:1007F000020E75EB030E22BFB61A754640EA9C0046
:100800005B084FEA3202B6EB020E75EB030E22BF15
:10081000B61A754640EADC0055EA060E18D04FEAD3
:10082000051545EA16754FEA06164FEAC30343EA73
:1008300052734FEAC2025FEA1C1CC0D111F4801F40
:100840000BD141EA00014FF000004FF0004CB6E739
:1008500011F4801F04BF01430020B4F1FD0C88BFD8
:10086000BCF5E06F3FF6AFAEB5EB030C04BFB6EBE3
:10087000020C5FEA500C50F1000041EB045170BDD6
:100880000EF0004E4EEA113114EB5C04C2BFD4EB03
:100890000C0541EA045170BD41F480114FF0000E87
:1008A000013C90E645EA060E8DE60CEA135594EA03
:1008B0000C0F08BF95EA0C0F3FF43BAF94EA0C0F06
:1008C0000AD150EA01347FF434AF95EA0C0F7FF47B
:1008D00025AF104619462CE795EA0C0F06D152EACF
:1008E00003353FF4FDAE1046194622E750EA4106B3
:1008F00018BF52EA43067FF4C5AE50EA41047FF4C4
:100900000DAF52EA43057FF4EBAE12E74FEA410226
:10091000B2F1E04324BFB3F5001CDCF1FE5C0DD95D
:1009200001F0004C4FEAC0024CEA5070B2F1004FA7
:1009300040EB830008BF20F00100704711F0804FAA
:1009400021D113F13872BCBF01F00040704741F46F
:1009500080114FEA5252C2F11802C2F1200C10FA73
:100960000CF320FA02F018BF40F001004FEAC12357
:100970004FEAD32303FA0CFC40EA0C0023FA02F3FB
:100980004FEA4303CCE77FEA625307D150EA0133D1
:100990001EBF4FF0FE4040F44000704701F00040A1
:1009A00040F0FE4040F40000704700BF80F000407F
:1009B00002E000BF81F0004142001FBF5FEA410337
:1009C00092EA030F7FEA226C7FEA236C6AD04FEA37
:1009D0001262D2EB1363C1BFD2184140484041407C
:1009E000B8BF5B42192B88BF704710F0004F40F42E
:1009F000000020F07F4018BF404211F0004F41F44A
:100A0000000121F07F4118BF494292EA030F3FD015
:100A1000A2F1010241FA03FC10EB0C00C3F1200328
:100A200001FA03F100F0004302D5494260EB4000B7
:100A3000B0F5000F13D3B0F1807F06D340084FEA22
:100A4000310102F10102FE2A51D2B1F1004F40EB17
:100A5000C25008BF20F0010040EA0300704749007F
:100A600040EB0000013A28BFB0F5000FEDD2B0FA1C
:100A700080FCACF1080CB2EB0C0200FA0CF0AABF3F
:100A800000EBC25052421843BCBFD04018437047DD
:100A900092F0000F81F4000106BF80F400000132E3
:100AA000013BB5E74FEA41037FEA226C18BF7FEABA
:100AB000236C21D092EA030F04D092F0000F08BFFC
:100AC0000846704790EA010F1CBF0020704712F0E3
:100AD0007F4F04D1400028BF40F00040704712F122
:100AE00000723CBF00F50000704700F0004343F087
:100AF000FE4040F4000070477FEA226216BF0846BD
:100B00007FEA23630146420206BF5FEA412390EA7F
:100B1000010F40F4800070474FF0000304E000BF75
:100B200010F0004348BF40425FEA000C08BF704726
:100B300043F0964301464FF000001CE050EA0102EA
:100B400008BF70474FF000030AE000BF50EA0102FF
:100B500008BF704711F0004302D5404261EB4101EC
:100B60005FEA010C02BF84460146002043F0B64311
:100B700008BFA3F18053A3F50003BCFA8CF2083A36
:100B8000A3EBC25310DB01FA02FC634400FA02FC3F
:100B9000C2F12002BCF1004F20FA02F243EB020046
:100BA00008BF20F00100704702F1200201FA02FCA8
:100BB000C2F1200250EA4C0021FA02F243EB02009B
:100BC00008BF20EADC7070474FF0FF0C1CEAD052DF
:100BD0001EBF1CEAD15392EA0C0F93EA0C0F6FD0A0
:100BE0001A4480EA010C400218BF5FEA41211ED07E
:100BF0004FF0006343EA501043EA5111A0FB01316A
:100C00000CF00040B1F5000F3EBF490041EAD3713E
:100C10005B0040EA010062F17F02FD2A1DD8B3F1BA
:100C2000004F40EBC25008BF20F00100704790F029
:100C3000000F0CF0004C08BF49024CEA502040EA7B
:100C400051207F3AC2BFD2F1FF0340EAC250704741
:100C500040F400004FF00003013A5DDC12F1190F7F
:100C6000DCBF00F000407047C2F10002410021FAF1
:100C700002F1C2F1200200FA02FC5FEA310040F109
:100C8000000053EA4C0308BF20EADC70704792F082
:100C9000000F00F0004C02BF400010F4000F013ABA
:100CA000F9D040EA0C0093F0000F01F0004C02BFB5
:100CB000490011F4000F013BF9D041EA0C018FE724
:100CC0000CEAD15392EA0C0F18BF93EA0C0F0AD02A
:100CD00030F0004C18BF31F0004CD8D180EA010050
:100CE00000F00040704790F0000F17BF90F0004FE9
:100CF000084691F0000F91F0004F14D092EA0C0FCB
:100D000001D142020FD193EA0C0F03D14B0218BF5D
:100D1000084608D180EA010000F0004040F0FE40A3
:100D200040F40000704740F0FE4040F4400070473F
:100D30004FF0FF0C1CEAD0521EBF1CEAD15392EABE
:100D40000C0F93EA0C0F69D0A2EB030280EA010CAE
:100D500049024FEA402037D04FF0805343EA111147
:100D600043EA10130CF000408B4238BF5B0042F1A5
:100D70007D024FF4000C8B4224BF5B1A40EA0C004A
:100D8000B3EB510F24BFA3EB510340EA5C00B3EB7C
:100D9000910F24BFA3EB910340EA9C00B3EBD10F6A
:100DA00024BFA3EBD10340EADC001B0118BF5FEABC
:100DB0001C1CE0D1FD2A3FF650AF8B4240EBC250E5
:100DC00008BF20F0010070470CF0004C4CEA5020A6
:100DD0007F32C2BFD2F1FF0340EAC250704740F4F5
:100DE00000004FF00003013A37E792F0000F00F0E7
:100DF000004C02BF400010F4000F013AF9D040EA65
:100E00000C0093F0000F01F0004C02BF490011F4F8
:100E1000000F013BF9D041EA0C0195E70CEAD153F0
:100E200092EA0C0F08D142027FF47DAF93EA0C0FD7
:100E30007FF470AF084676E793EA0C0F04D14B02BB
:100E40003FF44CAF08466EE730F0004C18BF31F06D
:100E5000004CCAD130F000427FF45CAF31F0004367
:100E60007FF43CAF5FE700BF4FF0FF3C06E000BF00
:100E70004FF0010C02E000BF4FF0010C4DF804CD23
:100E80004FEA40024FEA41037FEA226C18BF7FEA33
:100E9000236C11D001B052EA530C18BF90EA010F35
:100EA00058BFB2EB030088BFC81738BF6FEAE170C4
:100EB00018BF40F0010070477FEA226C02D15FEA60
:100EC000402C05D17FEA236CE4D15FEA412CE1D0CC
:100ED0005DF8040B704700BF844608466146FFE793
:100EE0000FB5FFF7C9FF002848BF10F1000F0FBD75
:100EF0004DF808EDFFF7F4FF0CBF012000205DF86E
:100F000008FB00BF4DF808EDFFF7EAFF34BF0120F2
:100F100000205DF808FB00BF4DF808EDFFF7E0FF8B
:100F200094BF012000205DF808FB00BF4DF808EDDC
:100F3000FFF7D2FF94BF012000205DF808FB00BF3F
:100F40004DF808EDFFF7C8FF34BF012000205DF821
:100F500008FB00BF42000ED2B2F1FE4F0BD34FF0A0
:100F60009E03B3EB126209D44FEA002343F000431F
:100F700023FA02F070474FF00000704712F1610F42
:100F800001D1420202D14FF0FF3070474FF0000014
:100F9000704700BF80B582B000AF0023FB7109E04D
:100FA000FB79244ADB0213441C3300221A70FB79BC
:100FB0000133FB71FB79032BF2D908F015FF09F01F
:100FC00061F909F047FE09F0F9FE09F0A9FF06F002
:100FD000ADFD09F09FF8174B1522A3F81E28154BFD
:100FE0001A88144BDA83134B03F580531522A3F8A8
:100FF0001E28104B03F580531522DA83002000F0E1
:10100000ABFA012000F0A8FA022000F0A5FA0320B4
:1010100000F0A2FA002000F02BFA012000F028FADC
:10102000022000F025FA032000F022FA00BF083762
:10103000BD4680BDA402002080B582B000AF03464B
:101040003A60FB710B46BB7100F084FBBA79FB7907
:101050001146184609F040F8FB790B4ADB021344AD
:1010600002331A78FB791146184608F06FFFFB79B6
:10107000184600F045FAFB793968184600F006F882
:1010800000BF0837BD4680BDA402002080B586B0F1
:1010900000AF03463960FB71FB79644ADB021344FD
:1010A00018333A681A60FB79184600F0A3FC03462F
:1010B000FB74FB795D4ADB0213441E331B881A461E
:1010C000FB7C02FB03F3FB60FB79002B02D1F923CD
:1010D0007B6110E0FB79012B02D163237B610AE085
:1010E000FB79022B02D163237B6104E0FB79032BA4
:1010F00001D163237B617B695B003A689A4203D22A
:101100003B685B08023B7B61FB79484ADB02134486
:1011100008331A88FB791146184600F0C5FCFB79A4
:10112000424ADB02134420331B887B81FB793F4A10
:10113000DB02134410337A691A60FB793B4ADB0205
:10114000134418331968FB79384ADB02134410330F
:101150001A68FB798A1A3549DB020B4414331A608A
:10116000FB79324ADB0213441C3301221A70FB79EB
:101170002E4ADB02134403F2EE7300221A80FB793D
:10118000032B3ED801A252F823F000BF9D110008A6
:10119000B5110008D3110008EB110008244B002200
:1011A0001A60244A7B89D362224BDB6A214A5B089E
:1011B000536326E04FF080427B89D3624FF0804337
:1011C000DB6A4FF080425B0853631B4B00221A60BE
:1011D00017E01A4A7B89D362184BDB6A174A5B080F
:1011E000D363174B00221A600BE0164A7B89D36247
:1011F000144BDB6A134A5B085363134B00221A60DB
:1012000000BFFB79094ADB02134418333A681A60BD
:10121000FB790121184608F069FEFB790B4A52F868
:101220002330984700BF1837BD4680BDA402002078
:10123000C43D0020002C0140283E00200004004056
:101240006C3E002000080040B03E0020E804010889
:1012500090B585B000AF03463A60FB710B46BB7199
:101260003B68002B37D000F075FAFB79184600F088
:10127000C1FB0346FB733868FFF74EFC0346184971
:101280001846FFF755FD03461C46FB79154ADB025D
:1012900013441E331B881846FFF742FC03461946C9
:1012A0002046FFF791FC03461C46FB7B1846FFF7E0
:1012B00037FC034619462046FFF786FC03461846CE
:1012C000FFF748FE0346BB60B979FB79BA68184658
:1012D000FFF7B2FE00E000BF1437BD4690BD00BF6F
:1012E0000000C842A402002080B582B000AF0346CF
:1012F0000A46FB711346BB71BA79FB791146184651
:1013000008F0F4FD00BF0837BD4680BD80B582B04F
:1013100000AF0023FB7112E0FB790D4A52F8233035
:101320009847FB790B4ADB0213441C3300221A70E6
:10133000FB79184600F010F9FB790133FB71FB795A
:10134000032BE9D900BF00BF0837BD4680BD00BFF1
:10135000D8040108A402002080B582B000AF0023A9
:10136000FB7117E0FB790F4A52F823309847FB795D
:101370000D4ADB0213441C3300221A70FB79184615
:1013800000F0EAF8FB790021184608F0AFFDFB7980
:101390000133FB71FB79032BE4D900BF00BF083791
:1013A000BD4680BDD8040108A402002090B585B0D8
:1013B00000AF0346FB71FB79032B1BD801A252F847
:1013C00023F000BFD5130008DD130008E513000863
:1013D000ED130008204B1B68FB600BE01F4B1B68E4
:1013E000FB6007E01E4B1B68FB6003E01D4B1B68A6
:1013F000FB6000BFFB79184600F0FCFA0346FB7265
:10140000F868FFF789FB0446FB79174ADB021344AF
:101410001E331B881846FFF783FB034619462046F8
:10142000FFF786FC03461C46FB7A1846FFF778FB5D
:10143000034619462046FFF77BFC03460B49184636
:10144000FFF7C2FB03461846FFF784FD03469BB235
:1014500018461437BD4690BDC43D0020283E0020EC
:101460006C3E0020B03E0020A40200200000C842D4
:1014700080B582B000AF0346FB71FB79094A52F890
:1014800023309847FB79084ADB0213441C330022BF
:101490001A70FB79184600F05FF800BF0837BD46A8
:1014A00080BD00BFD8040108A402002080B483B02E
:1014B00000AF0346FB71FB79054ADB0213441C3382
:1014C00003221A7000BF0C37BD4680BC704700BFB6
:1014D000A402002080B582B000AF0346FB71FB7907
:1014E000064ADB02134402331A78FB791146184688
:1014F00008F02CFD00BF0837BD4680BDA4020020C7
:1015000080B584B000AF0346FB71FB790F4ADB0264
:1015100013441B881846FFF703FB03460C49184683
:10152000FFF752FB0346FB600A49F868FFF708FD26
:101530000346002B01D0074BFB60FB79F968184686
:1015400006F056FB00BF1037BD4680BDA402002048
:101550005839343C0000504080B584B000AF034699
:10156000FB71FB79012B14D1FB791D4ADB0213447B
:101570001B881846FFF7D4FA03461A491846FFF7A6
:1015800023FB034618491846FFF71EFB0346FB6082
:1015900013E0FB79124ADB0213441B881846FFF75D
:1015A000BFFA034611491846FFF70EFB03460E49E2
:1015B0001846FFF709FB0346FB600D49F868FFF783
:1015C000BFFC0346002B01D0094BFB60FB79F96897
:1015D000184606F00DFB00BF1037BD4680BD00BFAA
:1015E000A40200209A99193F5839343CCDCCCC3E06
:1015F0000000504080B582B000AF0346FB71FB791C
:101600000A3B072B00F2A08001A252F823F000BF92
:1016100031160008511600087116000893160008CC
:10162000B5160008DB16000801170008251700088A
:10163000FB799BB203F5A0439BB2184603F0E0FC94
:1016400003461A46424B1A800020FFF759FF7BE001
:10165000FB799BB203F5A0439BB2184603F0D0FC84
:101660000346DAB23A4B9A700020FFF733FF6BE083
:10167000FB799BB203F5A0439BB2184603F0C0FC74
:1016800003461A46324BA3F800280120FFF738FF23
:101690005AE0FB799BB203F5A0439BB2184603F0D6
:1016A000AFFC0346DAB22A4B83F802280120FFF789
:1016B00011FF49E0FB799BB203F5A0439BB21846AA
:1016C00003F09EFC03461A46214B03F58053A3F812
:1016D00000280320FFF714FF36E0FB799BB203F5E7
:1016E000A0439BB2184603F08BFC0346DAB2184BBA
:1016F00003F5805383F802280320FFF7EBFE23E075
:10170000FB799BB203F5A0439BB2184603F078FC2B
:1017100003461A460E4B03F580531A800220FFF74A
:10172000EFFE11E0FB799BB203F5A0439BB2184694
:1017300003F066FC0346DAB2054B03F580539A705A
:101740000220FFF7C7FE00BF00BF0837BD4680BDBF
:10175000A402002098B500AF45F20B0003F050FC46
:101760000346DAB29F4B9A7045F20D0003F048FC35
:101770000346DAB29B4B83F8022845F20F0003F0D0
:101780003FFC0346DAB2974B03F5805383F80228F7
:1017900045F2110003F034FC0346DAB2914B03F535
:1017A00080539A7045F20A0003F02AFC03461A4659
:1017B0008C4B1A8045F20C0003F022FC03461A46BB
:1017C000884BA3F8002845F20E0003F019FC0346ED
:1017D0001A46844B03F58053A3F8002845F2100005
:1017E00003F00EFC03461A467E4B03F580531A8025
:1017F0007C4B1A887B4BDA837B4B93F83530DBB21A
:10180000012B34D145F2080003F0FAFB03461846D9
:10181000FFF786F9034675491846FFF7D5F90346E1
:101820001C46704BDB8B1846FFF77AF903461946C6
:101830002046FFF7C9F903466D491846FFF7C4F97A
:1018400003461C46002000F0D5F803461846FFF773
:1018500067F9034619462046FFF7B6F903461846CE
:10186000FFF778FB03469AB25E4B1A8133E04FF4E0
:10187000A04003F0C5FB03461846FFF751F90346A5
:101880005A491846FFF7A0F903461C46554BDB8B17
:101890001846FFF745F9034619462046FFF794F925
:1018A000034653491846FFF78FF903461C460020AC
:1018B00000F0A0F803461846FFF732F90346194630
:1018C0002046FFF781F903461846FFF743FB03461E
:1018D0009AB2444B1A8145F2020003F091FB034691
:1018E0001A46404BB3F81E3802FB03F31846FFF7C5
:1018F00017F903463E491846FFF766F903461C46AA
:10190000012000F077F803461846FFF709F903466F
:1019100019462046FFF758F903461846FFF71AFB09
:1019200003469AB22F4BA3F8082845F2060003F0AD
:1019300067FB03461A462B4B03F58053DB8B02FBF8
:1019400003F31846FFF7ECF8034629491846FFF75A
:101950003BF903461C46022000F04CF803461846AB
:10196000FFF7DEF8034619462046FFF72DF9034638
:101970001846FFF7EFFA03469AB21A4B03F5805365
:10198000A3F8082845F2040003F03AFB03461A4680
:10199000144B03F58053B3F81E3802FB03F31846CB
:1019A000FFF7BEF8034612491846FFF70DF9034644
:1019B0001C46032000F01EF803461846FFF7B0F857
:1019C000034619462046FFF7FFF803461846FFF77F
:1019D000C1FA03469AB2034B03F580531A8100BF44
:1019E00098BD00BFA4020020C03C00209A99993FF6
:1019F0000AD7233C80B485B000AF0346FB71FB7966
:101A0000144ADB02134402331B78013B032B17D823
:101A100001A252F823F000BF291A00082F1A00086B
:101A2000351A00083B1A00080123FB730BE0022360
:101A3000FB7308E00423FB7305E01023FB7302E053
:101A40000123FB7300BFFB7B18461437BD4680BCE7
:101A5000704700BFA402002080B582B000AF0F4BDA
:101A60001B78FB710E4B1B78BB710C4B00221A705C
:101A70000B4BC8221A700B4B93F82F30DBB2194670
:101A8000002000F079F8054AFB791370044ABB790D
:101A9000137000BF0837BD4680BD00BF243C002046
:101AA000083C0020C03C0020B0B584B000AF034625
:101AB0000A46FB711346BB80BB88B3F5167F34D949
:101AC000BB88A3F51673BB810023FB8127E0BB898C
:101AD0001846FFF725F80246FB89224951F82330C2
:101AE00019461046FFF770F803461F491846FEF7DF
:101AF00063FF034619461D48FFF71AF90346FD79AF
:101B0000FC891846FFF726FA034699B2184AAB0239
:101B10002344103322F81310FB890133FB81FB8926
:101B200040F2E6329342D2D918E00023FB8110E064
:101B3000BB88104A92FBF3F1FA79FB8988B20C4911
:101B4000920213441033024621F81320FB8901331B
:101B5000FB81FB8940F2E6329342E9D900BF10379E
:101B6000BD46B0BD38F5000800001644005043489B
:101B7000A4020020400D030080B582B000AF0346F0
:101B80000A46FB711346BB71FFF7E4FDBA79FB7996
:101B90001146184608F0A0FAFB794E4ADB021344BE
:101BA00002331A78FB791146184608F0CFF9FB7911
:101BB0001846FFF7A5FCFB79464ADB0213440833BD
:101BC0001A88FB7911461846FFF76EFFFB79032B45
:101BD00051D801A252F823F0E91B00080B1C0008A1
:101BE000331C0008551C00083B4B00221A60FB798F
:101BF000384ADB02134420331A88384BDA62374BF9
:101C0000DB6A364A5B08536335E0FB79314ADB0215
:101C1000134420331A884FF08043DA624FF0804338
:101C2000DB6A4FF080425B0853632D4B00221A6041
:101C300021E0FB79274ADB02134420331A88294B21
:101C4000DA62284BDB6A274A5B08D363264B002203
:101C50001A6010E0FB791F4ADB02134420331A8814
:101C6000224BDA62214BDB6A204A5B085363204B2C
:101C700000221A6000BFFB79164ADB02134403F20C
:101C8000EE7300221A80FB79124ADB0213441433EC
:101C90004FF0FF321A60FB790E4ADB0213441C330B
:101CA00004221A70FB790B4ADB02134403F5FE632E
:101CB0004FF0FF321A60FB790121184608F016F93F
:101CC000FB790C4A52F82330984700BF0837BD46CD
:101CD00080BD00BFA4020020C43D0020002C0140B4
:101CE000283E0020000400406C3E00200008004018
:101CF000B03E0020E804010880B500AF9F4B1B698F
:101D000003F00203022B40F024829D4B1B68013339
:101D10009B4A13609B4BDB7DDBB2012B04D0994BBC
:101D2000DB7DDBB20B2B53D1964BDB7FDBB2002B81
:101D300022D1944B93F84830DBB2012B1CD1032005
:101D400008F0D8FE0346002B16D18F4B1B780133C9
:101D5000DAB28D4B1A708C4B1B78042B0CD98A4B42
:101D600000221A70874B002283F84820854B0122FD
:101D7000DA77864B03221A77824BDB7FDBB2012BAB
:101D800005D0804B93F84830DBB2022B7AD1022089
:101D900008F0B0FE0346002B74D17B4B1B78013357
:101DA000DAB2794B1A70784B1B78042B6AD9764BD0
:101DB00000221A70754B00221A771E21744806F013
:101DC000CBF8704B0122DA77002005F079FDC0E1F5
:101DD0006C4B93F84830DBB2002B05D0694B93F87D
:101DE0004830DBB2042B20D1032008F083FE0346E9
:101DF000002B1AD1644B1B780133DAB2624B1A7094
:101E0000614B1B78042B10D95F4B00221A705F4B7B
:101E100000221A771E215F4806F09EF8594B0122D6
:101E2000DA77002005F04CFD93E1564B93F84830EB
:101E3000DBB2012B05D0534B93F84830DBB2032BB8
:101E400021D1022008F056FE0346002B1BD14E4B39
:101E50001B780133DAB24C4B1A704B4B1B78042BB6
:101E600011D9494B00221A70484B00221A771E21C3
:101E7000474806F071F8434B0122DA77002005F05D
:101E80001FFD66E100BF3F4B93F84830DBB2012BEA
:101E900033D1012008F02EFE0346002B4DD13E4BDE
:101EA0001B780133DAB23C4B1A703B4B1B78042B86
:101EB00043D9394B00221A70324B002283F8482054
:101EC000304BDB7FDBB2002B05D02E4B93F820305C
:101ED000DBB2002B0DD12D4B012283F8F427284BC8
:101EE0001A682A4BD3F8F8371344284AC2F8F8374F
:101EF0002FE1264B03221A771FE0224B93F848303C
:101F0000DBB2022B19D1012008F0F4FD0346012BAE
:101F100013D1214B1B780133DAB21F4B1A701E4BC1
:101F20001B78042B09D91C4B00221A70154B002278
:101F300083F84820154B03221A77144B1B7F062B7E
:101F400000F2018101A252F823F000BF47210008EE
:101F5000691F000823200008DB1F00083920000843
:101F600095200008A9200008084B1A69044B1B683B
:101F70009A4213D8054B02221A77EAE0002C01405E
:101F8000C43D0020C03C0020A6220020A402002066
:101F9000A4E10008C4E10008A42200206D4BB3F8BE
:101FA000EE3740F2E632934200F2C480694BB3F858
:101FB000EE37684A103332F81320674BDA62664B0B
:101FC000DB6A654A5B085363624BB3F8EE37043350
:101FD0009AB2604BA3F8EE27ACE05E4BB3F8EE3755
:101FE000032B07D85B4B0022A3F8EE270020FFF756
:101FF0003FFAAEE0574BB3F8EE37043B9AB2554B7D
:10200000A3F8EE27534BB3F8EE37524A103332F8A9
:102010001320514BDA62504BDB6A4F4A5B08536323
:1020200091E04C4B5A694D4B1B689A4200F28480F8
:10203000484B03221A777FE0464BB3F8EE3740F265
:10204000E632934215D8434BB3F8EE37414A10338A
:1020500032F81320404BDA623F4BDB6A3E4A5B08A2
:1020600053633C4BB3F8EE3704339AB2394BA3F8C1
:10207000EE27384BD3F8F037002B5FDD354BD3F824
:10208000F0371A46354B1B689A4257D2314B032220
:102090001A7753E02F4B9A69304B1B689A424FD8FE
:1020A0000020FFF7E5F94BE02A4BB3F8EE3740F29A
:1020B000E632934215D8274BB3F8EE37254A103352
:1020C00032F81320244BDA62234BDB6A224A5B0886
:1020D0005363204BB3F8EE3704339AB21D4BA3F889
:1020E000EE271C4B93F8F437002B0ED0194BD3F886
:1020F000F8271A4B1B689A4224D8164B03221A77EA
:10210000144B002283F8F4271CE0124BD3F8F0376D
:10211000002B17DD0F4BD3F8F0371A460F4B1B6817
:102120009A420FD20B4B012283F8FC27094B032262
:102130001A7707E000BF06E000BF04E000BF02E03E
:1021400000BF00E000BF044B1B69034A23F00203F9
:10215000136180BDA4020020002C0140C43D00207A
:1021600080B500AF4FF080431B6903F00103012BE2
:1021700040F0CC80664B1B680133654A1360654BA9
:1021800093F81C38062B00F2B98001A252F823F014
:10219000FD220008AD2100085B2200080B22000888
:1021A00073220008D9220008FD220008594BD3F8F9
:1021B0001028574B1B689A4204D8564B022283F8CA
:1021C0001C28A3E0534BB3F8EE3F40F2E6329342B3
:1021D00000F28D804F4BB3F8EE3F4E4A03F5826319
:1021E00032F813204FF08043DA624FF08043DB6A0D
:1021F0004FF080425B085363464BB3F8EE3F0A331F
:102200009AB2444BA3F8EE2F71E0424BB3F8EE3F85
:10221000092B07D83F4B0022A3F8EE2F0120FFF730
:1022200027F973E03B4BB3F8EE3F0A3B9AB2394BC8
:10223000A3F8EE2F374BB3F8EE3F364A03F582632F
:1022400032F813204FF08043DA624FF08043DB6AAC
:102250004FF080425B08536350E02E4BD3F81428B4
:102260002B4B1B689A4244D82A4B032283F81C2824
:102270003FE0284BB3F8EE3F40F2E632934219D8E4
:10228000244BB3F8EE3F234A03F5826332F8132060
:102290004FF08043DA624FF08043DB6A4FF08042B8
:1022A0005B0853631B4BB3F8EE3F0A339AB2194BEA
:1022B000A3F8EE2F174BD3F8F03F002B1BDD154B87
:1022C000D3F8F03F1A46124B1B689A4213D2114BB7
:1022D000032283F81C280EE00E4BD3F818280C4B71
:1022E0001B689A4209D80120FFF7C2F805E000BF39
:1022F00004E000BF02E000BF00E000BF4FF08043F9
:102300001B694FF0804223F00103136180BD00BFC1
:10231000283E0020A402002080B500AF9C4B1B6922
:1023200003F00103012B40F032819A4B1B6801330B
:10233000984A1360984B03F580531B7F062B00F2DD
:10234000208101A252F823F08325000865230008AC
:102350002F240008D12300084D2400089D240008E4
:10236000B52400088C4B03F580531A69894B1B6810
:102370009A4205D8884B03F5805302221A7706E16A
:10238000854B03F58053B3F8EE3740F2E6329342C3
:1023900000F2EE80804B03F58053B3F8EE377E4AAF
:1023A00003F5016332F81320794BDA62784BDB6A6C
:1023B000774A5B08D363784B03F58053B3F8EE3765
:1023C0000A339AB2744B03F58053A3F8EE27CFE09B
:1023D000714B03F58053B3F8EE37092B09D86E4BD8
:1023E00003F580530022A3F8EE270220FFF740F800
:1023F000CDE0694B03F58053B3F8EE370A3B9AB250
:10240000654B03F58053A3F8EE27634B03F5805328
:10241000B3F8EE37604A03F5016332F813205C4BE2
:10242000DA625B4BDB6A5A4A5B08D363A9E05A4B1A
:1024300003F580535A69574B1B689A4200F29A8001
:10244000554B03F5805303221A7793E0524B03F563
:102450008053B3F8EE3740F2E632934200F28C80BC
:102460004D4B03F58053B3F8EE374B4A03F5016348
:1024700032F81320464BDA62454BDB6A444A5B086C
:10248000D363454B03F58053B3F8EE370A339AB262
:10249000414B03F58053A3F8EE276DE03E4B03F567
:1024A00080539A693B4B1B689A4267D80220FEF71B
:1024B000DFFF63E0384B03F58053B3F8EE3740F2AB
:1024C000E63293421CD8344B03F58053B3F8EE3711
:1024D000314A03F5016332F813202D4BDA622C4B9D
:1024E000DB6A2B4A5B08D3632B4B03F58053B3F8AD
:1024F000EE370A339AB2284B03F58053A3F8EE2740
:10250000254B03F5805393F8F437002B13D0224B5F
:1025100003F58053D3F8F8271E4B1B689A420AD85C
:102520001D4B03F5805303221A771B4B03F5805391
:10253000002283F8F427184B03F58053D3F8F037C3
:10254000002B1DDD144B03F58053D3F8F0371A46EA
:10255000104B1B689A4213D20F4B03F58053012294
:1025600083F8FC270C4B03F5805303221A7707E00E
:1025700000BF06E000BF04E000BF02E000BF00E0D3
:1025800000BF034B1B69024A23F00103136180BDA6
:10259000000400406C3E0020A402002080B500AF83
:1025A0007E4B1B6903F00103012B40F0F6807C4B4E
:1025B0001B6801337A4A13607A4B93F84A30DBB2D6
:1025C000012B19D1062008F095FA0346002B13D1F0
:1025D000754B1B780133DAB2734B1A70724B1B7850
:1025E000042B09D9704B00221A706E4B002283F81D
:1025F0004A200320FEF73CFF6C4B03F5805393F811
:102600001C38062B00F2C38001A252F823F000BF51
:102610008F2700082D260008FB2600089D260008AD
:102620001B270008672700088F2700085F4B03F56A
:102630008053D3F810285A4B1B689A4206D85B4B3C
:1026400003F58053022283F81C28A6E0574B03F5BC
:102650008053B3F8EE3F40F2E632934200F29080AE
:10266000524B03F58053B3F8EE3F504A03F54163F4
:1026700032F81320494BDA62484BDB6A474A5B0861
:1026800053634A4B03F58053B3F8EE3F0A339AB2D3
:10269000464B03F58053A3F8EE2F71E0434B03F54F
:1026A0008053B3F8EE3F092B09D8404B03F5805314
:1026B0000022A3F8EE2F0320FEF7DAFE6DE03B4B7D
:1026C00003F58053B3F8EE3F0A3B9AB2374B03F55C
:1026D0008053A3F8EE2F354B03F58053B3F8EE3F4C
:1026E000324A03F5416332F813202C4BDA622B4B4C
:1026F000DB6A2A4A5B08536349E02C4B03F580539D
:10270000D3F81428264B1B689A423BD8274B03F575
:102710008053032283F81C2834E0244B03F58053B4
:10272000B3F8EE3FB3F57A7F2ED2204B03F58053FA
:10273000B3F8EE3F1D4A03F5416332F81320174BFF
:10274000DA62164BDB6A154A5B085363174B03F5D5
:102750008053B3F8EE3F0A339AB2144B03F580531B
:10276000A3F8EE2F10E0114B03F58053D3F818288F
:102770000B4B1B689A4209D80320FEF779FE05E04F
:1027800000BF04E000BF02E000BF00E000BF034B59
:102790001B69024A23F00103136180BD0008004059
:1027A000B03E0020C03C0020A5220020A402002052
:1027B00080B483B000AF78607B6800221A707B68B9
:1027C00000225A707B6801229A7000BF0C37BD4608
:1027D00080BC704784B080B584B000AF786007F1EA
:1027E0001C0080E80E000123FB7372B600BF7B68FB
:1027F0009B78002B20D07B685B781A46652302FB10
:1028000003F37A6813440333184607F11C03652267
:1028100019460BF039F87B685B780133DAB27B68D4
:102820005A707B685B7803F01F03DAB27B685A70DA
:102830007B6800229A7026E07B685A787B681B7858
:102840009A4203D162B600BF00231FE07B685B7829
:102850001A46652302FB03F37A68134403331846D0
:1028600007F11C03652219460BF00EF87B685B78B4
:102870000133DAB27B685A707B685B7803F01F0320
:10288000DAB27B685A7062B600BFFB7B184610371D
:10289000BD46BDE8804004B0704780B584B000AF4D
:1028A000786039600123FB7372B600BF7B689B7848
:1028B000002B03D062B600BF002326E07B681B78A4
:1028C0001A46652302FB03F37A6813440333652237
:1028D000194638680AF0D8FF7B681B780133DAB2F2
:1028E0007B681A707B681B7803F01F03DAB27B6881
:1028F0001A707B681A787B685B789A4202D17B6891
:1029000001229A7062B600BFFB7B18461037BD46A5
:1029100080BD000080B582B000AFA64B1B78002BB5
:1029200000F03685A34B00221A700821A24807F058
:102930007DFDA14B9B781B021AB29F4BDB781BB22B
:1029400013431BB2FB809C4B1B791B021AB29A4BA0
:102950005B791BB213431BB2BB80974B5B78032B95
:1029600000F05583062B40F01385FB8847F61812BC
:1029700093420ED1BB88012B05D1904B012283F8E5
:10298000242000F002BD8D4B002283F8242000F0AB
:10299000FCBCFB8847F61912934200F0F684FB88D2
:1029A00047F61A12934210D1844BDB7DDBB2002B29
:1029B00005D1824B012283F8342000F0E6BC1421BB
:1029C0007F4805F0E3FA00F0E0BCFB8847F61B12F5
:1029D000934228D1794BDB7DDBB2002B12D1BB882F
:1029E000012B05D1754B012283F8392000F0CDBCB5
:1029F000BB88022B40F0C984704B012283F83D2034
:102A000000F0C3BC6D4B5B7DDBB2002B05D12321F5
:102A10006C4805F081FA00F0B8BC23216A4805F043
:102A20007BFA00F0B2BCFB8847F61C12934228D117
:102A3000624BDB7DDBB2002B12D1BB88012B05D1B1
:102A40005E4B012283F8372000F09FBCBB88022B2D
:102A500040F09B84594B012283F83B2000F095BC49
:102A6000564B5B7DDBB2002B05D12321554805F089
:102A700053FA00F08ABC2321534805F04DFA00F0C8
:102A800084BCFB8847F61D12934217D14B4BDB7D6C
:102A9000DBB2002B40F07984484B9B7DDBB2002BEE
:102AA00000F07384454B1B7DDBB2012B40F06D843D
:102AB000424B022283F8222000F067BCFB8847F6D5
:102AC0001E1293423BD1414ABB8813803F4B1B8867
:102AD000B3F5FA7F05D33D4B1B8847F23052934242
:102AE00009D93B4B022283F8E5200821394807F039
:102AF0009DFC00F04DBC354B1B88194645F2130078
:102B000002F0DAFA314B1B881946362002F0B4FF86
:102B10002E4B1B881B0A9BB2DBB22C4A1288D2B206
:102B2000194645F2130006F049FC294B012283F8AF
:102B3000E5200821274807F079FC00F026BCFB8837
:102B400047F61F12934249D1204ABB8813801F4B7E
:102B50001B8842F20F72934209D91D4B022283F85F
:102B6000FD2008211C4807F061FC00F011BC174B48
:102B70001B88194645F2140002F09EFA134B1B887D
:102B80001946382002F078FF104B1B881B0A9BB2B5
:102B9000DBB20E4A1288D2B2194645F2140006F092
:102BA0000DFC0B4B012283F8FD2008210A4807F099
:102BB0003DFCEAE3EF3B0020F03B0020C03C00205E
:102BC000E4E1000804E200081CE20008043C0020E4
:102BD00008010020E801002000020020FB8847F6E1
:102BE000201293423CD1BB88012B18D10122002135
:102BF00047F2996006F0E2FB0022002147F29A605A
:102C000006F0DCFBA74B012283F83320012144208E
:102C100004F05EFF0821A44807F008FCB5E3BB8878
:102C2000022B18D10022002147F2996006F0C6FB62
:102C30000122002147F29A6006F0C0FB994B022264
:102C400083F833200221442004F042FF08219648F3
:102C500007F0ECFB99E30821944807F0E7FB94E3C5
:102C6000FB8847F62112934200F08F83FB8847F6DA
:102C70002212934200F08983FB8847F62312934285
:102C800005D1BB88DBB2184604F06AFD7DE3FB8802
:102C900047F62412934238D1854ABB881380844B6F
:102CA0001B88632B05D9824B1B8844F62062934214
:102CB00008D9804B022283F8C52008217E4807F0FE
:102CC000B5FBA3E17A4B1B8819464FF4A04002F0F4
:102CD000F3F9774B1B881946102002F0CDFE744B98
:102CE0001B881B0A9BB2DBB2714A1288D2B219460A
:102CF0004FF4A04006F062FB6E4B012283F8C52022
:102D000008216D4807F092FB3FE3FB8847F6251248
:102D1000934239D1664ABB881380654B1B88B3F553
:102D2000FA7F05D3624B1B8847F23052934208D991
:102D3000604B022283F8CD200821604807F076FB23
:102D400064E15B4B1B88194645F2010002F0B4F9BF
:102D5000574B1B881946122002F08EFE544B1B88DD
:102D60001B0A9BB2DBB2524A1288D2B2194645F214
:102D7000010006F023FB4F4B012283F8CD200821F0
:102D80004E4807F053FB00E3FB8847F626129342B8
:102D900034D1474ABB881380454B1B8847F23052D9
:102DA000934208D9434B022283F8CD20082143489F
:102DB00007F03CFBE9E23E4B1B88194645F2120046
:102DC00002F07AF93A4B1B881946342002F054FE7F
:102DD000374B1B881B0A9BB2DBB2354A1288D2B232
:102DE000194645F2120006F0E9FA324B012283F847
:102DF000CD200821314807F019FBC6E2FB8847F6D1
:102E00002712934238D12A4ABB881380284B1B884B
:102E1000632B05D9264B1B8842F21072934208D9C6
:102E2000244B022283F8DD200821254807F0FEFA12
:102E3000ECE01F4B1B88194645F2080002F03CF9F4
:102E40001B4B1B881946202002F016FE184B1B88CE
:102E50001B0A9BB2DBB2164A1288D2B2194645F25F
:102E6000080006F0ABFA134B012283F8DD2008219D
:102E7000134807F0DBFA88E2FB8847F628129342F2
:102E800045D10B4ABB881380094B1B88B3F57A7F69
:102E90001AD9084B022283F8D5200821094807F0E7
:102EA000C5FA72E2C03C00208001002078010020B9
:102EB000043C002008010020C8010020D0010020AF
:102EC000E0010020D8010020A14B1B88194645F2E3
:102ED000090002F0F1F89E4B1B881946222002F0EF
:102EE000CBFD9B4B1B881B0A9BB2DBB2984A128816
:102EF000D2B2194645F2090006F060FA954B01225C
:102F000083F8D5200821944807F090FA3DE2FB8829
:102F100047F62912934239D18D4ABB8813808C4BD6
:102F20001B88B3F5FA7F05D3894B1B8843F698229B
:102F3000934208D9874B022283F8ED200821874865
:102F400007F074FA62E0824B1B88194645F20600CE
:102F500002F0B2F87E4B1B8819461C2002F08CFD53
:102F60007B4B1B881B0A9BB2DBB2794A1288D2B218
:102F7000194645F2060006F021FA764B012283F845
:102F8000ED200821754807F051FAFEE1FB8847F66D
:102F90002A12934240F0F9816D4ABB8813806C4B32
:102FA0001B88B3F5FA7F05D3694B1B884CF250326E
:102FB000934208D9674B022283F8F520082168481C
:102FC00007F034FA22E0624B1B88194645F20700ED
:102FD00002F072F85E4B1B8819461E2002F04CFD71
:102FE0005B4B1B881B0A9BB2DBB2594A1288D2B2D8
:102FF000194645F2070006F0E1F9564B012283F825
:10300000F5200821564807F011FABEE1BDE1FB8822
:10301000B3F5FA4F0ED1534B9B7DDBB2002B04D19D
:103020000821514807F002FAB1E10821494807F0A8
:10303000FDF9ACE1FB8847F60152934200F0A7810D
:10304000FB8847F6025293420ED1464B9B7DDBB282
:10305000012B04D10821454807F0E8F997E1082140
:10306000434807F0E3F992E1FB8847F603529342A5
:1030700000F08D81FB8847F6045293420FD1394B03
:1030800093F83A30DBB2012B04D10821394807F01C
:10309000CDF97CE10821384807F0C8F977E1FB88D1
:1030A00047F6055293420FD12E4B93F83830DBB2DE
:1030B000012B04D10821314807F0B8F967E1082154
:1030C0002F4807F0B3F962E1FB8847F606529342B6
:1030D00000F05D81FB8847F60752934200F057816C
:1030E000FB8847F60852934200F05181FB8847F66F
:1030F0000952934200F04B81FB8847F60A529342F3
:103100000BD1184B93F84230DAB2124B83F8AD2052
:1031100008211C4807F08AF939E1FB8847F60B5271
:10312000934235D10F4B1B7DDBB2012B04D108211B
:10313000154807F07BF92AE10A4B1B7DDBB2022B15
:1031400040F025810821114807F070F91FE100BF08
:10315000043C002008010020D8010020F0010020DC
:10316000F8010020C03C00201001002030010020A8
:1031700028010020500100204801002060010020AB
:1031800058010020B0010020C0010020B80100203B
:10319000FB8847F60C52934216D14FF4A04001F041
:1031A0002FFF03467B807B881B0A9BB2DAB27A4BE7
:1031B00083F8C4207B88DAB2774B83F8C5200821D6
:1031C000764807F033F9E2E0FB8847F60D52934268
:1031D00033D1734B93F83330DBB2012B16D145F268
:1031E000010001F00DFF03467B807B881B0A9BB228
:1031F000DAB2694B83F8CC207B88DAB2664B83F86D
:10320000CD200821674807F011F9C0E045F212000F
:1032100001F0F6FE03467B807B881B0A9BB2DAB284
:103220005D4B83F8CC207B88DAB25B4B83F8CD20F2
:1032300008215C4807F0FAF8A9E0FB8847F60E522F
:10324000934216D145F2090001F0DAFE03467B8075
:103250007B881B0A9BB2DAB24F4B83F8D4207B8861
:10326000DAB24D4B83F8D52008214F4807F0DEF83D
:103270008DE0FB8847F60F52934216D145F20800C5
:1032800001F0BEFE03467B807B881B0A9BB2DAB24C
:10329000414B83F8DC207B88DAB23F4B83F8DD209A
:1032A0000821424807F0C2F871E0FB8847F6105247
:1032B000934216D145F2130001F0A2FE03467B8033
:1032C0007B881B0A9BB2DAB2334B83F8E4207B88FD
:1032D000DAB2314B83F8E5200821354807F0A6F82B
:1032E00055E0FB8847F61152934216D145F206008D
:1032F00001F086FE03467B807B881B0A9BB2DAB214
:10330000254B83F8EC207B88DAB2234B83F8ED2041
:103310000821284807F08AF839E0FB8847F612525E
:10332000934216D145F2070001F06AFE03467B8006
:103330007B881B0A9BB2DAB2174B83F8F4207B8898
:10334000DAB2154B83F8F52008211B4807F06EF818
:103350001DE0FB8847F61352934218D145F2140042
:1033600001F04EFE03467B807B881B0A9BB2DAB2DB
:10337000094B83F8FC207B88DAB2074B83F8FD20E9
:1033800008210E4807F052F801E000BF00E000BF3E
:103390000837BD4680BD00BF08010020C8010020DD
:1033A000C03C0020D0010020D8010020E001002016
:1033B000E8010020F0010020F801002000020020B8
:1033C00080B483B000AF7860034B1B7DDBB2002B71
:1033D0000C37BD4680BC7047C03C002080B584B02F
:1033E00000AF78607B681B78012B02D0042B2DD0B6
:1033F00031E01A4B1B7DDBB2012B13D00023FB7392
:1034000006E0FB7B1846FEF733F8FB7B0133FB73CA
:10341000FB7B032BF5D9002006F0B0F8002003F069
:103420000DFF18E00D4B5B7DDBB2002B04D120219A
:103430000B4804F071FD0DE0084B5B7DDBB2012B06
:1034400008D12021074804F067FD03E0002003F0C5
:1034500041FE00E000BF1037BD4680BDC03C0020EB
:1034600040E2000854E2000880B584B000AF786004
:103470004FF4E04001F0C4FD0346FB60FB681B0411
:10348000FB6047F2010001F0BBFD03461A46FB68F2
:103490001344FB60834B1B78DBB2002B14D1814BB0
:1034A0005B7DDBB2002B04D10C217F4804F034FD9E
:1034B000F1E07C4B5B7DDBB2012B40F0EC80132113
:1034C0007A4804F029FDE6E0764B5B78DBB2002B0E
:1034D00014D1744B5B7DDBB2002B04D10C217448FA
:1034E00004F01AFDD9E06F4B5B7DDBB2012B40F09D
:1034F000D48016216F4804F00FFDCEE0694B1B7895
:10350000DBB2012B02D0022B47D0BDE0F9680020CE
:1035100001F06AFC0346002B25D0624B1B7DDBB219
:10352000022B03D0202004F0EFFB02E0002004F087
:10353000EBFB0622604947F2055004F02DFC062201
:103540005D494FF4EA4004F027FC564B1B78DBB290
:103550000A33DAB2534B1A700822584947F2106006
:1035600004F01AFC8DE00622534947F2055004F09E
:1035700013FC4C4B5B7DDBB2002B04D1082150487F
:1035800004F0CAFC7DE0474B5B7DDBB2012B78D1B8
:103590000F214C4804F0C0FC73E0F968012001F0F1
:1035A00023FC0346002B25D03E4B1B7DDBB2022BB8
:1035B00003D0202004F0A8FB02E0002004F0A4FBCC
:1035C00006223D4947F2055004F0E6FB06223A493F
:1035D0004FF4EA4004F0E0FB324B1B78DBB20A33D5
:1035E000DAB2304B1A700822374947F2106004F003
:1035F000D3FB48E0F968022001F0F6FB0346002BFC
:1036000025D0284B1B7DDBB2022B03D0202004F0F9
:103610007BFB02E0002004F077FB0622264947F2FC
:10362000055004F0B9FB062223494FF4EA4004F0A8
:10363000B3FB1C4B1B78DBB21433DAB2194B1A7094
:103640000822224947F2106004F0A6FB1BE0062284
:10365000194947F2055004F09FFB124B5B7DDBB22A
:10366000002B04D10821164804F056FC0BE00D4B4A
:103670005B7DDBB2012B06D10F21124804F04CFC1C
:1036800001E000BF00E000BF064B00225A70104B63
:1036900000225A7002E000BF00E000BF1037BD46B4
:1036A00080BD00BFC03C002078E2000888E200082E
:1036B0009CE20008ACE20008C4E20008CCE200088A
:1036C000D8E20008E4E20008F4E2000800E30008A1
:1036D000403C002080B582B000AF78600E4B5B7D2F
:1036E000DBB2002B04D10D4B1B88184604F00CFBF9
:1036F000094B5B7DDBB2012B06D1084B1B88323BAB
:103700009BB2184604F000FB054B00229A7000BFE4
:103710000837BD4680BD00BFC03C0020683D00208A
:10372000403C002080B582B000AF7860134B00228F
:10373000DA707B681B78012B02D0022B0AD013E0D1
:1037400006220F494FF4EA4004F026FB0D4B0122FC
:103750001A7009E006220C494FF4EA4004F01CFB01
:10376000084B02221A7000BF0622084947F2055092
:1037700004F012FB00BF0837BD4680BD403C00206E
:103780000CE30008C03C002014E30008C4E2000879
:1037900080B582B000AF7860244B00225A710622B7
:1037A00023494FF4EA4004F0F7FA0622204947F291
:1037B000055004F0F1FA1F4B00221A701D4B5B7D7F
:1037C000DBB2002B04D109211B4804F0A5FB08E063
:1037D000184B5B7DDBB2012B03D10E21174804F09F
:1037E0009BFB4FF4FA7006F034FF124B5B7DDBB2AB
:1037F000002B04D10A21124804F08EFB08E00D4B87
:103800005B7DDBB2012B03D10B210E4804F084FB5E
:10381000022006F01EFF08220B4947F2106004F058
:103820001BFB00BF0837BD4680BD00BF403C0020E9
:10383000C4E20008C03C00201CE3000828E30008A4
:1038400038E3000844E3000850E3000880B588B07E
:1038500000AF7860894B00229A71894B1B78DBB2EC
:10386000002B14D1864B5B7DDBB2002B04D10C21E5
:10387000844804F051FBCDE1814B5B7DDBB2012B31
:1038800040F0C8811321804804F046FBC2E17C4B24
:103890005B78DBB2002B14D1794B5B7DDBB2002B64
:1038A00004D10E21794804F037FBB5E1744B5B7D00
:1038B000DBB2012B40F0B0811A21754804F02CFBDB
:1038C000AAE16F4B5B78DBB2012B14D86C4B5B7DAC
:1038D000DBB2002B04D10E216E4804F01DFB9DE1EC
:1038E000674B5B7DDBB2012B40F098811A216A485F
:1038F00004F012FB92E1624B5B78DBB2022B14D82E
:103900005F4B5B7DDBB2002B04D11221634804F0D6
:1039100003FB85E15A4B5B7DDBB2012B40F08081DC
:1039200027215F4804F0F8FA7AE14FF4E04001F013
:1039300067FB0346FB61FB691B04FB6147F2010067
:1039400001F05EFB03461A46FB691344FB614C4BD6
:103950001B78DBB20A2B06D9494B1B78DBB20A3B3A
:10396000DAB2474B1A70464B1B78DBB2012B40F0A2
:10397000A380F969002001F037FA0346002B00F01C
:103980009B8047F2020001F03BFB0346BB61BB6931
:103990001B04BB6147F2030001F032FB03461A46E9
:1039A000BB691344BB6147F2040001F029FB0346E5
:1039B0007B617B691B047B6147F2050001F020FB02
:1039C00003461A467B6913447B61BA697B699A4254
:1039D0002DD1B969002001F075FC002002F00CF82F
:1039E0000622304947F2055004F0D6F906222D4947
:1039F00047F2205004F0D0F906222A4947F223501A
:103A000004F0CAF91E4B5B7DDBB2002B04D10A2106
:103A1000254804F081FA05E1194B5B7DDBB2012BEF
:103A200040F000811A21214804F076FAFAE00622DB
:103A30001C4947F2055004F0AFF90622194947F234
:103A4000205004F0A9F90622164947F2235004F049
:103A5000A3F90B4B5B7DDBB2002B04D10A21144888
:103A600004F05AFADEE0064B5B7DDBB2012B40F03E
:103A7000D9801F210F4804F04FFAD3E0403C0020CA
:103A8000C03C002078E2000888E200085CE30008FF
:103A90006CE3000888E3000898E30008B4E300083A
:103AA000C8E30008C4E20008F0E3000800E40008EE
:103AB0001CE4000828E400085D4B1B78DBB2022BF5
:103AC00040F08280F969012001F08EF90346002B55
:103AD0007AD047F2020001F093FA03463B613B695A
:103AE0001B043B6147F2030001F08AFA03461A46C1
:103AF0003B6913443B6147F2040001F081FA03463D
:103B0000FB60FB681B04FB6047F2050001F078FADC
:103B100003461A46FB681344FB603A69FB689A4205
:103B20002CD13969012001F0CDFB012001F064FFA7
:103B30000622404947F2055004F02EF906223D497D
:103B400047F2205004F028F906223A4947F2235060
:103B500004F022F9364B5B7DDBB2002B04D10A2145
:103B6000354804F0D9F95FE0314B5B7DDBB2012BC6
:103B70005AD11721314804F0CFF955E006222D49DA
:103B800047F2055004F008F906222A4947F220506E
:103B900004F002F90622274947F2235004F0FCF80A
:103BA000234B5B7DDBB2002B04D10A21244804F0B7
:103BB000B3F939E01E4B5B7DDBB2012B34D11F2101
:103BC000204804F0A9F92FE006221A4947F20550CF
:103BD00004F0E2F80622174947F2205004F0DCF81E
:103BE0000622144947F2235004F0D6F8104B5B7DAF
:103BF000DBB2002B04D10821134804F08DF914E046
:103C00000B4B5B7DDBB2012B0FD10F210F4804F072
:103C100083F90AE000BF08E000BF06E000BF04E04F
:103C200000BF02E000BF00E000BF2037BD4680BDFE
:103C3000C03C0020C4E20008F0E3000848E40008AB
:103C40001CE4000828E40008D8E20008E4E20008C8
:103C500080B582B000AF78606C4B00221A717B682F
:103C60001B78013B072B00F2CE8001A252F823F013
:103C7000913C0008C33C0008F53C00083D3D0008AD
:103C8000533D0008693D00089B3D0008C73D000802
:103C9000002001F03DF95E4B002283F844205C4B8C
:103CA0001B78DBB2092B04D9594B1B7DDBB2012BEE
:103CB00003D1202004F028F8A5E0002004F024F827
:103CC000A1E0002001F024F9514B012283F84420A7
:103CD0004F4B1B78DBB2092B04D94D4B1B7DDBB25C
:103CE000012B03D11E2004F00FF88CE0012004F01A
:103CF0000BF888E0464B1B7DDBB2012B13D1444B04
:103D00005B7DDBB2002B04D12021424804F004F992
:103D100078E03F4B5B7DDBB2012B73D120213E4825
:103D200004F0FAF86EE03A4B022283F844200020B7
:103D300001F0EEF8022003F0E7FF64E0344B0322C9
:103D400083F84420012001F0E3F8032003F0DCFFB6
:103D500059E02F4B042283F84420002001F0D8F8CA
:103D6000042003F0D1FF4EE0002001F0D1F8284BF1
:103D7000052283F84420264B1B78DBB20B2B04D999
:103D8000234B1B7DDBB2012B03D11F2003F0BCFFB3
:103D900039E0052003F0B8FF35E0002001F0B8F865
:103DA00006221E4947F2055003F0F6FF06221B4982
:103DB0004FF4EA4003F0F0FF154B00225A70072041
:103DC00003F0A2FF1FE0062214494FF4EA4003F07B
:103DD000E3FF0622114947F2055003F0DDFF0622FA
:103DE0000E4947F2205003F0D7FF06220B4947F255
:103DF000235003F0D1FF064B00225A70082003F035
:103E000083FF00E000BF0837BD4680BD403C002076
:103E1000C03C002040E2000854E20008C4E2000870
:103E200080B582B000AF78607B681B78032B65D0CB
:103E3000032B00F3B380012B02D0022B3CD0ADE06A
:103E4000584B1B7DDBB2032B19D1564B9B7DDBB24C
:103E5000012B14D1534B5B7DDBB2002B04D110211D
:103E6000514804F059F892E04E4B5B7DDBB2012BD8
:103E700040F08D8016214D4804F04EF887E0494B04
:103E8000DB7DDBB2002B13D0464B5B7DDBB2002B1E
:103E900004D12321464804F03FF87AE0414B5B7D92
:103EA000DBB2012B75D12321424804F035F870E0D4
:103EB000012003F055FC71E03A4B1B7DDBB2032B74
:103EC00018D1384B9B7DDBB2012B13D1354B5B7D79
:103ED000DBB2002B04D11021334804F01DF85AE066
:103EE000304B5B7DDBB2012B55D116212F4804F0FE
:103EF00013F850E0002003F033FC4FE0294B9B7D8A
:103F0000DBB2012B13D1274B5B7DDBB2002B04D13D
:103F10001321294804F000F83FE0224B5B7DDBB21F
:103F2000012B3AD11321254803F0F6FF35E001209B
:103F300003F028FA022003F025FA042003F022FA05
:103F4000052003F01FFA174B5B7DDBB2002B04D179
:103F50000F211B4804F000F808E0124B5B7DDBB238
:103F6000012B03D11521174803F0F6FF0D4B032257
:103F70001A750C4B1B7DDBB21946462003F0A8FDD9
:103F8000084B1B7DDBB2184605F0ACFA06E000BF1B
:103F900004E000BF02E000BF00E000BF0837BD46FC
:103FA00080BD00BFC03C002064E4000878E4000845
:103FB00090E40008A8E40008CCE40008D8E4000875
:103FC000ECE40008FCE4000880B582B000AF786043
:103FD000054B002283F823200020FDF767FA00BF7D
:103FE0000837BD4680BD00BF403C002080B582B090
:103FF00000AF7860054B002283F824200120FDF7F4
:1040000055FA00BF0837BD4680BD00BF403C0020C8
:1040100080B582B000AF7860054B002283F8252080
:104020000220FDF743FA00BF0837BD4680BD00BF40
:10403000403C002080B582B000AF7860054B002284
:1040400083F826200320FDF731FA00BF0837BD466C
:1040500080BD00BF403C002080B582B000AF7860DA
:10406000074B00229A74074B93F82F30DBB21946A6
:104070000020FDF781FD00BF0837BD4680BD00BFB1
:10408000403C0020C03C002080B582B000AF78608A
:10409000094B0022DA74094B93F82F30DBB2002B66
:1040A0000CBF01230023DBB219460020FDF764FD9D
:1040B00000BF0837BD4680BD403C0020C03C00200A
:1040C00080B582B000AF7860074B00221A75074BAD
:1040D00093F83030DBB219460120FDF74DFD00BFEB
:1040E0000837BD4680BD00BF403C0020C03C0020DA
:1040F00080B582B000AF7860094B00225A75094B39
:1041000093F83030DBB2002B0CBF01230023DBB26D
:1041100019460120FDF730FD00BF0837BD4680BDC0
:10412000403C0020C03C002080B582B000AF7860E9
:10413000074B00229A75074B93F83130DBB21946D2
:104140000220FDF719FD00BF0837BD4680BD00BF46
:10415000403C0020C03C002080B582B000AF7860B9
:10416000094B0022DA75094B93F83130DBB2002B92
:104170000CBF01230023DBB219460220FDF7FCFC33
:1041800000BF0837BD4680BD403C0020C03C002039
:1041900080B582B000AF7860074B00221A76074BDB
:1041A00093F83230DBB219460320FDF7E5FC00BF7F
:1041B0000837BD4680BD00BF403C0020C03C002009
:1041C00080B582B000AF7860094B00225A76094B67
:1041D00093F83230DBB2002B0CBF01230023DBB29B
:1041E00019460320FDF7C8FC00BF0837BD4680BD57
:1041F000403C0020C03C002080B582B000AF786019
:10420000254B00229A76254B1B7DDBB2012B0ED16C
:10421000224B5B7DDBB2002B04D12021204803F030
:104220007BFE35E020211E4803F076FE30E01B4B7C
:104230001B7DDBB2032B13D1184B9B7DDBB2012B13
:104240000ED1164B5B7DDBB2002B04D12621154825
:1042500003F062FE1CE02621124803F05DFE17E029
:104260000E4BDB7DDBB2002B04D10C4B012283F81B
:1042700034200DE0094B5B7DDBB2002B04D1232100
:10428000094803F049FE03E02321084803F044FEF7
:104290000837BD4680BD00BF403C0020C03C002028
:1042A00040E2000860E5000890E40008A8E4000887
:1042B00080B582B000AF78602C4B00229A722C4BF4
:1042C0001B7DDBB2032B0ED1294B5B7DDBB2002BB8
:1042D00004D12621274803F01FFE44E01E21264872
:1042E00003F01AFE3FE0224B1B7DDBB2012B0ED107
:1042F0001F4B5B7DDBB2002B04D120211F4803F054
:104300000BFE30E020211E4803F006FE2BE0184B88
:104310009B7DDBB2002B0ED1154B5B7DDBB2002BFE
:1043200004D11821174803F0F7FD1CE018211648A6
:1043300003F0F2FD17E00E4BDB7DDBB2002B04D166
:104340000B4B012283F839200DE0094B5B7DDBB27A
:10435000002B04D123210D4803F0DEFD03E02321CF
:104360000B4803F0D9FD0837BD4680BD403C002016
:10437000C03C002060E5000874E5000840E2000849
:1043800054E2000814E5000828E5000890E400085D
:10439000A8E4000880B582B000AF78602C4B002202
:1043A000DA722C4B1B7DDBB2032B0ED1294B5B7DCC
:1043B000DBB2002B04D12621274803F0ADFD44E0F9
:1043C0001E21264803F0A8FD3FE0224B1B7DDBB2F7
:1043D000012B0ED11F4B5B7DDBB2002B04D12021C2
:1043E0001F4803F099FD30E020211E4803F094FDA2
:1043F0002BE0184B9B7DDBB2002B0ED1154B5B7D68
:10440000DBB2002B04D11821174803F085FD1CE016
:104410001821164803F080FD17E00E4BDB7DDBB260
:10442000002B04D10B4B012283F837200DE0094B00
:104430005B7DDBB2002B04D123210D4803F06CFD22
:1044400003E023210B4803F067FD0837BD4680BD1C
:10445000403C0020C03C002060E5000874E50008F6
:1044600040E2000854E2000814E5000828E50008CE
:1044700090E40008A8E4000880B582B000AF78603E
:10448000254B00229A76254B9B7DDBB2002B0ED16B
:10449000224B5B7DDBB2002B04D11821204803F0B6
:1044A0003BFD35E018211F4803F036FD30E01B4B83
:1044B000DB7DDBB2002B0ED0184B5B7DDBB2002B1B
:1044C00004D12321184803F027FD21E023211748B8
:1044D00003F022FD1CE07B681B78012B02D0022B2D
:1044E00005D015E00D4B012283F8392010E00021A2
:1044F000032006F0CBFA0121042006F0C7FA0021C0
:10450000022005F07BF80121032005F077F800BFB9
:104510000837BD4680BD00BF403C0020C03C0020A5
:1045200014E5000828E5000890E40008A8E4000865
:1045300080B582B000AF7860254B0022DA76254B3B
:104540009B7DDBB2002B0ED1224B5B7DDBB2002BBF
:1045500004D11821204803F0DFFC35E018211F4862
:1045600003F0DAFC30E01B4BDB7DDBB2002B0ED01E
:10457000184B5B7DDBB2002B04D12321184803F0DC
:10458000CBFC21E02321174803F0C6FC1CE07B682C
:104590001B78012B02D0022B05D015E00D4B012218
:1045A00083F8372010E00121032006F06FFA002184
:1045B000042006F06BFA0121022005F01FF800210B
:1045C000032005F01BF800BF0837BD4680BD00BFC3
:1045D000403C0020C03C002014E5000828E500080D
:1045E00090E40008A8E4000880B584B000AF7860CB
:1045F000264B00221A777B681B78012B02D0022BF6
:104600001CD03FE0224B03F5805393F81C38002B5D
:1046100037D1204BDB791B021F4AD2791343FB6051
:104620001E4B012283F84A201C4B93F83130DBB239
:10463000FA6819460320FCF70BFE22E0184B1B78A2
:10464000002B06D0164B00221A700320FCF710FF37
:104650000EE0134B01221A70104B002283F84A20FF
:104660000E4B93F83130DBB219460320FDF784FA84
:104670000B4B1B781A46002147F2906004F09EFE17
:1046800000E000BF00BF1037BD4680BD403C0020A9
:10469000A4020020243C0020083C0020C03C002054
:1046A000063C002080B582B000AF7860484B002205
:1046B0005A777B681B78013B042B00F2858001A2AE
:1046C00052F823F0D9460008094700083947000886
:1046D0006947000899470008012006F02DFA0346B3
:1046E000012B08D10021012006F0D0F90021002083
:1046F00004F084FF68E00121012006F0C7F90121E0
:10470000002004F07BFF5FE0022006F015FA03466C
:10471000012B08D10021022006F0B8F90021012068
:1047200004F06CFF50E00121022006F0AFF90121F6
:10473000012004F063FF47E0032006F0FDF9034683
:10474000012B08D10021032006F0A0F9002102204E
:1047500004F054FF38E00121032006F097F901210D
:10476000022004F04BFF2FE0042006F0E5F9034699
:10477000012B08D10021042006F088F90021032034
:1047800004F03CFF20E00121042006F07FF9012124
:10479000032004F033FF17E0052006F0CDF90346AF
:1047A000012B08D10021052006F070F9002104201A
:1047B00004F024FF07E00121052006F067F901213C
:1047C000042004F01BFF00BF00BF0837BD4680BDBA
:1047D000403C002080B582B000AF78601C4B93F85D
:1047E0002C30012B02D0022B15D029E00122002110
:1047F00047F2996004F0E2FD0022002147F29A603E
:1048000004F0DCFD134B012283F833200121442006
:1048100003F05EF914E00022002147F2996004F0F1
:10482000CDFD0122002147F29A6004F0C7FD094B3B
:10483000022283F833200221442003F049F900BF0B
:10484000034B002283F82C2000BF0837BD4680BDF3
:10485000403C0020C03C002080B582B000AF7860B2
:104860001A4B5B7DDBB2002B0DD1184B01225A7520
:104870000121482003F02CF92221154803F06CFB9C
:1048800004F0DCF911E0114B5B7DDBB2012B0CD1A4
:104890000E4B00225A750021482003F019F90F2110
:1048A0000C4803F059FB04F0C9F9084B1B7DDBB23F
:1048B000022B03D0202003F027FA02E0002003F0AF
:1048C00023FA00BF0837BD4680BD00BFC03C0020B2
:1048D00094E50008B8E5000880B582B000AF7860C4
:1048E0002A4B002283F82E201422294947F208502F
:1048F00003F052FA274B5B7DDBB2002B06D113226B
:10490000254947F2085003F047FA0AE0214B5B7D46
:10491000DBB2012B05D11F22204947F2085003F0DA
:104920003BFA1F4B0C221A800C2003F0EDF9194BB7
:104930001B78DBB20B2B02D101F0F4F801E000F0A0
:1049400061FF144B00221A702E22114947F20850C1
:1049500003F022FA0F4B5B7DDBB2002B06D118224D
:10496000104947F2085003F017FA0AE0094B5B7D43
:10497000DBB2012B05D11D220B4947F2085003F091
:104980000BFA00BF0837BD4680BD00BF403C002089
:10499000C8E50008C03C0020E0E50008F4E5000898
:1049A000683D002014E600082CE6000880B582B0BF
:1049B00000AF78607B681B78013B162B00F20D82FC
:1049C00001A252F823F000BF254A0008FD4A000862
:1049D000454B00088D4B0008D54B00081D4C0008C6
:1049E000654C0008DB4D0008F54C0008494D0008F7
:1049F000DB4D0008DB4D0008DB4D0008DB4D0008F7
:104A0000DB4D0008DB4D0008DB4D0008DB4D0008E6
:104A1000DB4D0008AD4C0008DB4D0008DB4D000805
:104A2000914D0008C54B93F82730DBB2002B32D0F4
:104A3000C24B002283F827200022002147F62010D5
:104A400004F0BCFC0021702003F042F8BB4B5B7DFE
:104A5000DBB2002B0CD11622B94947F6700003F0E7
:104A6000FBF91622B6494FF4F14003F0F5F9B3E132
:104A7000B24B5B7DDBB2012B40F0AE811622B14917
:104A800047F6700003F0E8F91622AE494FF4F14002
:104A900003F0E2F9A0E1A94B012283F827200122CB
:104AA000002147F6201004F089FC0121702003F05A
:104AB0000FF8A24B5B7DDBB2002B0CD11622A04974
:104AC00047F6700003F0C8F916229D494FF4F140F3
:104AD00003F0C2F980E1994B5B7DDBB2012B40F022
:104AE0007B811622974947F6700003F0B5F916222C
:104AF00094494FF4F14003F0AFF96DE18F4B93F817
:104B00002830DBB2002B0ED08C4B002283F82820FB
:104B10000022002147F6211004F050FC00217120F2
:104B200002F0D6FF59E1854B012283F828200122AB
:104B3000002147F6211004F041FC0121712002F010
:104B4000C7FF4AE17D4B93F82A30DBB2002B0ED031
:104B50007A4B002283F82A200022002147F62210F7
:104B600004F02CFC0021722002F0B2FF35E1734BFF
:104B7000012283F82A200122002147F6221004F0A6
:104B80001DFC0121722002F0A3FF26E16B4B93F87C
:104B90002E30DBB2002B0ED0684B002283F82E2083
:104BA0000022002147F6231004F008FC00217320A6
:104BB00002F08EFF11E1614B012283F82E200122C9
:104BC000002147F6231004F0F9FB0121732002F0C5
:104BD0007FFF02E1594B93F82B30DBB2002B0ED054
:104BE000564B002283F82B200022002147F6241088
:104BF00004F0E4FB0021742002F06AFFEDE04F4B6B
:104C0000012283F82B200122002147F6241004F012
:104C1000D5FB0121742002F05BFFDEE0474B93F8E7
:104C20002C30DBB2002B0ED0444B002283F82C201A
:104C30000022002147F6251004F0C0FB002175205A
:104C400002F046FFC9E03D4B012283F82C200122EF
:104C5000002147F6251004F0B1FB0121752002F078
:104C600037FFBAE0354B93F82D30DBB2002B0ED076
:104C7000324B002283F82D200022002147F6261017
:104C800004F09CFB0021762002F022FFA5E02B4BD4
:104C9000012283F82D200122002147F6261004F07E
:104CA0008DFB0121762002F013FF96E0234B93F851
:104CB0002F30DBB2002B0ED0204B002283F82F20A8
:104CC0000022002147F6401004F078FB00218020EC
:104CD00002F0FEFE81E0194B012283F82F20012211
:104CE000002147F6401004F069FB0121802002F00A
:104CF000EFFE72E0114B93F83030DBB2002B0ED098
:104D00000E4B002283F830200022002147F62810A5
:104D100004F054FB0021812002F0DAFE5DE0074B35
:104D2000012283F830200122002147F6281004F0E8
:104D300045FB0121812002F0CBFE4EE0C03C00206B
:104D40004CE6000854E60008264B93F83130DBB2FD
:104D5000002B0ED0234B002283F8312000220021AB
:104D600047F6291004F02AFB0021822002F0B0FE51
:104D700033E01C4B012283F831200122002147F649
:104D8000291004F01BFB0121822002F0A1FE24E087
:104D9000144B93F83230DBB2002B0ED0114B0022B3
:104DA00083F832200022002147F6431004F006FB6E
:104DB0000021832002F08CFE0FE00A4B012283F8D1
:104DC00032200122002147F6431004F0F7FA0121B6
:104DD000832002F07DFE00E000BF00BF0837BD4623
:104DE00080BD00BFC03C002080B485B000AF03464A
:104DF0003960FB710123FB73FB79022B56D0022B28
:104E00007CDC002B02D0012B28D077E00623BB737B
:104E100020E039683C4BA3FB0123DA0813469B00D2
:104E200013445B00CA1A02F13003BA7B013A3749D6
:104E30000A449278D2B2934203D00023FB7300BF9E
:104E40005CE03B68304AA2FB0323DB083B60BB7B92
:104E5000013BBB73BB7B002BDBD14FE00623BB7355
:104E600020E03968284BA3FB0123DA0813469B0096
:104E700013445B00CA1A02F13003BA7B013A23499A
:104E80000A44127AD2B2934203D00023FB7300BFCC
:104E900034E03B681C4AA2FB0323DB083B60BB7B7E
:104EA000013BBB73BB7B002BDBD127E00623BB732D
:104EB00020E03968144BA3FB0123DA0813469B005A
:104EC00013445B00CA1A02F13003BA7B013A0F495E
:104ED0000A44927BD2B2934203D00023FB7300BFFB
:104EE0000BE03B68084AA2FB0323DB083B60BB7B6B
:104EF000013BBB73BB7B002BDBD100BFFB7B1846A8
:104F00001437BD4680BC7047CDCCCCCCC03C002013
:104F100080B483B000AF0346FB71FB79002B08D04F
:104F2000012B0DD1094B1B68084A43F001031360A4
:104F300006E0064B1B68054A23F00103136000BF1F
:104F400000BF0C37BD4680BC704700BF000C00405E
:104F500080B584B000AF78600123FB7313E0FB7B66
:104F6000184605F0C7FD0346BB73FB7B9BB203F5F8
:104F7000EB437F339BB2BA7B0021184604F01EFA44
:104F8000FB7B0133FB73FB7B0C2BE8D90023FB730A
:104F900013E0FB7B184605F063FC0346BB73FB7B09
:104FA0009BB203F5EC430C339BB2BA7B002118464D
:104FB00004F004FAFB7B0133FB73FB7B032BE8D982
:104FC0000423FB7313E0FB7B184605F049FC034602
:104FD000BB73FB7B9BB203F5F0431E339BB2BA7BE2
:104FE0000021184604F0EAF9FB7B0133FB73FB7BDD
:104FF000072BE8D900BF00BF1037BD4680BD0000B9
:1050000080B485B000AF0346FB80FB88B3F5A04FAA
:1050100040D3FB8845F69912934210D8FB88A3F53C
:10502000A043FB80FB881E4AD35C1B021AB2FB889C
:105030001C49CB5C1BB213431BB2FB812AE0FB88EB
:1050400046F69912934210D8FB88A3F5C043FB8023
:10505000FB88154AD35C1B021AB2FB881349CB5C50
:105060001BB213431BB2FB8114E0FB8847F6991275
:1050700093420FD8FB88A3F5E043FB80FB880C4AE2
:10508000D35C1B021AB2FB880A49CB5C1BB21343E8
:105090001BB2FB81FB8918461437BD4680BC7047A4
:1050A000243C0020083C0020783C0020403C0020AC
:1050B000B83C0020B03C002080B483B000AF034671
:1050C0000A46FB801346BB80FB88B3F5A04F40D354
:1050D000FB8845F69912934210D8FB88A3F5A043AC
:1050E000FB80BB881B0A9AB2FB88D1B21B4AD15401
:1050F000FB88BA88D1B21A4AD1542AE0FB8846F616
:105100009912934210D8FB88A3F5C043FB80BB885B
:105110001B0A9AB2FB88D1B2124AD154FB88BA88D2
:10512000D1B2114AD15414E0FB8847F69912934248
:105130000FD8FB88A3F5E043FB80BB881B0A9AB21B
:10514000FB88D1B2094AD154FB88BA88D1B2084A47
:10515000D15400BF0C37BD4680BC7047243C0020B2
:10516000083C0020783C0020403C0020B83C002057
:10517000B03C002080B582B000AF0346FB800B46F8
:105180007B7113463B71FB88B3F5A04F39D3FB8885
:1051900045F69912934211D8FB88A3F5A043FB80F2
:1051A000FB881A497A79CA54FB8819493A79CA5452
:1051B000FB88DBB21846FCF71DFA22E0FB8846F6B6
:1051C000991293420CD8FB88A3F5C043FB80FB885F
:1051D00010497A79CA54FB880F493A79CA5410E0C9
:1051E000FB8847F6991293420BD8FB88A3F5E0435E
:1051F000FB80FB8809497A79CA54FB8808493A79C7
:10520000CA5400BF0837BD4680BD00BF243C002003
:10521000083C0020783C0020403C0020B83C0020A6
:10522000B03C002080B485B000AF03463960FB710C
:10523000FB79022B2CD0022B3DDC002B02D0012B62
:1052400013D038E00023FB730BE0FB7B3A681A4471
:10525000FB7B11781A4A13440A469A70FB7B013390
:10526000FB73FB7B052BF0D925E00023FB730BE0E0
:10527000FB7B3A681A44FB7B1178114A13440A46B7
:105280001A72FB7B0133FB73FB7B052BF0D912E019
:105290000023FB730BE0FB7B3A681A44FB7B11781D
:1052A000074A13440A469A73FB7B0133FB73FB7B6B
:1052B000052BF0D900BF00BF1437BD4680BC704736
:1052C000C03C002080B485B000AF03463960FB715C
:1052D000FB79002B02D0012B23D045E00623FB7382
:1052E0001BE03968234BA3FB0123DA0813469B001C
:1052F00013445B00CA1AD2B2FB7B013B3032D1B2FD
:105300001D4A13440A469A703B681A4AA2FB0323BB
:10531000DB083B60FB7B013BFB73FB7B002BE0D19D
:1053200022E00623FB731BE03968124BA3FB012329
:10533000DA0813469B0013445B00CA1AD2B2FB7B07
:10534000013B3032D1B20C4A13440A461A723B6810
:10535000084AA2FB0323DB083B60FB7B013BFB739A
:10536000FB7B002BE0D100BF00BF1437BD4680BCE3
:10537000704700BFCDCCCCCCC03C002080B582B003
:1053800000AF5A21002002F0A3FB002002F070FBC6
:1053900003465A2B02D10123FB7101E00023FB716C
:1053A000FB7918460837BD4680BD80B582B000AF96
:1053B000012002F05DFB0346372B02D10123FB7174
:1053C00001E00023FB71FB7918460837BD4680BD1C
:1053D00090B583B000AF4FF4A043FB8010237B71E6
:1053E0008649002000F0ACFA8549012000F0A8FAB7
:1053F0001AE07B799BB201339BB2184602F038FB6E
:1054000003461C467B799BB2184602F031FB0346EB
:105410001A46FB8821461846FFF7ACFEFB8801338D
:10542000FB807B7902337B717B79382BE1D90023B8
:105430003B7144E03B799BB29B009BB251339BB2E2
:10544000184602F015FB03461B021CB23B799BB2C7
:105450009B009BB250339BB2184602F009FB0346F7
:105460001BB223431AB23B7991B2664ADB02134462
:1054700004330A461A803B799BB29B009BB253339C
:105480009BB2184602F0F4FA03461B021CB23B79A9
:105490009BB29B009BB252339BB2184602F0E8FAD3
:1054A00003461BB223431AB23B7991B2554ADB0241
:1054B000134406330A461A803B7901333B713B792A
:1054C000032BB7D9442002F0D3FA03461A464E4BB9
:1054D00083F83320452002F0CBFA03461A464A4BA4
:1054E0009A76462002F0C4FA03461A46464B1A75CD
:1054F000482002F0BDFA03461A46434B5A75424B08
:105500005B7DDBB2002B04D13F4B5B7DDBB2012B1B
:1055100009D03D4B00225A753B4B5B7DDBB21946EF
:10552000482002F0D5FA702002F0A2FA03461A468B
:10553000354B83F82720712002F09AFA03461A4669
:10554000314B83F82820722002F092FA03461A4663
:105550002D4B83F82A20732002F08AFA03461A465C
:10556000294B83F82E20742002F082FA03461A4653
:10557000254B83F82B20752002F07AFA03461A4651
:10558000214B83F82C20762002F072FA03461A464B
:105590001D4B83F82D20802002F06AFA03461A463C
:1055A000194B83F82F20812002F062FA03461A4635
:1055B000154B83F83020822002F05AFA03461A462F
:1055C000114B83F83120832002F052FA03461A4629
:1055D0000D4B83F83220352002F04AFA03461C4670
:1055E000342002F045FA03461A46214645F21200DD
:1055F000FFF7C0FD00BF0C37BD4690BDC23C002088
:10560000C83C0020A4020020C03C002080B582B02D
:1056100000AF1023FB710023BB711AE0FB799AB233
:10562000BB797449CB5C1946104602F051FAFB79FC
:105630000133FB71FB799AB2BB796F49CB5C194698
:10564000104602F045FAFB790133FB71BB79013357
:10565000BB71BB79182BE1D90023BB714AE0BB7940
:105660009BB29B009BB250339AB2BB796349DB0279
:105670000B4404331B88DBB21946104602F028FAAB
:10568000BB799BB29B009BB251339AB2BB795B4909
:10569000DB020B4404331B881B0A9BB2DBB21946A6
:1056A000104602F015FABB799BB29B009BB25233B5
:1056B0009AB2BB795149DB020B4406331B88DBB23B
:1056C0001946104602F004FABB799BB29B009BB2CC
:1056D00053339AB2BB794949DB020B4406331B882A
:1056E0001B0A9BB2DBB21946104602F0F1F9BB79F6
:1056F0000133BB71BB79032BB1D93E4B1B7B1946E0
:10570000432002F0E5F93E4B5B7DDBB219464820B1
:1057100002F0DEF93A4B93F83330DBB219464420FD
:1057200002F0D6F9364B9B7EDBB21946452002F0DB
:10573000CFF9334B93F82730DBB21946702002F0D3
:10574000C7F92F4B93F82830DBB21946712002F0CD
:10575000BFF92B4B93F82A30DBB21946722002F0C6
:10576000B7F9274B93F82E30DBB21946732002F0BD
:10577000AFF9234B93F82D30DBB21946742002F0B9
:10578000A7F91F4B93F82C30DBB21946752002F0B5
:105790009FF91B4B93F82D30DBB21946762002F0AF
:1057A00097F9174B93F82F30DBB21946802002F09F
:1057B0008FF9134B93F83030DBB21946812002F099
:1057C00087F90F4B93F83130DBB21946822002F093
:1057D0007FF90B4B93F83230DBB21946832002F08D
:1057E00077F93721012002F073F900BF0837BD4671
:1057F00080BD00BF083C0020243C0020A402002003
:10580000C03C002080B582B000AF0023FB710FE0E8
:10581000FB799BB203F5A0439AB2FB79334931F887
:10582000133019461046FFF747FCFB790133FB7133
:10583000FB79182BECD92E4B01221A702D4B02222A
:105840001A752C4B01229A762A4B01225A76294B43
:10585000012283F83320274B00225A75254B002262
:1058600083F82720234B002283F82820214B002295
:1058700083F829201F4B012283F82A201D4B012287
:1058800083F82E201B4B002283F82B20194B00227B
:1058900083F82C20174B002283F82D20154B002273
:1058A00083F82F20134B002283F83020114B002265
:1058B00083F831200F4B002283F832200E4900205C
:1058C000FFF7B0FC0D490120FFF7ACFC0A490020AE
:1058D00000F064F80949012000F060F800F0EEF8EB
:1058E000FFF794FE00BF0837BD4680BDF8040108ED
:1058F000A7220020C03C00205CE6000864E6000807
:1059000080B500AF0D490220FFF78CFC02F0AAF829
:10591000FFF734FD0346002B02D1FFF773FF09E0C8
:10592000FFF743FD0346002B02D1FFF76BFF01E0B9
:10593000FFF74EFD00F0C2F800BF80BD6CE6000826
:1059400090B585B000AF03463960FB71FB79002B41
:1059500002D0012B03D005E00223BB7302E0082331
:10596000BB7300BF0023FB7310E0BB7B9AB2FB7BD1
:105970009BB2134499B2FB7B3A68D418084602F0F4
:1059800077F803462370FB7B0133FB73FB7B052B0E
:10599000EBD900BF00BF1437BD4690BD80B584B0C1
:1059A00000AF03463960FB71FB79002B02D0012B5D
:1059B00003D005E00223BB7302E00823BB7300BFE2
:1059C0000023FB730FE0BB7B9AB2FB7B9BB21344BB
:1059D00098B2FB7B3A6813441B78194602F078F8BA
:1059E000FB7B0133FB73FB7B052BECD900BF00BFB6
:1059F0001037BD4680BD000080B584B000AF0346BF
:105A0000FB71FB79002B02D0012B17D02DE0002376
:105A1000FB730FE0FB7B9BB202339AB2FB7B154911
:105A20000B449B78DBB21946104602F051F8FB7B21
:105A30000133FB73FB7B052BECD916E00023FB73D2
:105A40000FE0FB7B9BB208339AB2FB7B09490B4406
:105A50001B7ADBB21946104602F03AF8FB7B0133A1
:105A6000FB73FB7B052BECD900BF00BF1037BD4695
:105A700080BD00BFC03C002080B584B000AF0346AD
:105A80000A46FB711346BB80BB88FB73FB799BB254
:105A9000FA7B1146184602F01BF8BB881B0A9BB222
:105AA000FB73FB799BB201339BB2FA7B114618461C
:105AB00002F00EF800BF1037BD4680BD80B400AFC5
:105AC000174B4FF496729A80154B4FF47A72DA8026
:105AD000134B4FF4FA72A3F80428114B4FF47A7267
:105AE000A3F806280E4B03F580536422A3F804287C
:105AF0000B4B03F580534FF4FA72A3F80628084BBA
:105B000003F580534FF4FA729A80054B03F58053E6
:105B10004FF47A72DA8000BFBD4680BC704700BF88
:105B2000A402002080B582B000AF1023BB71002317
:105B3000FB710EE0FB79284A32F81320BB7911463D
:105B40001846FFF799FFBB790233BB71FB7901332C
:105B5000FB71FB79072BEDD93423BB710023FB715B
:105B60000FE0FB7912331C4A32F81320BB7911463F
:105B70001846FFF781FFBB790233BB71FB79013314
:105B8000FB71FB79182BECD914490020FFF74AFB75
:105B900012490020FFF702FF0121442001F098FF85
:105BA0000121452001F094FF0D4B02221A750C4B88
:105BB00001229A760A4B1B7DDBB21946462001F082
:105BC00087FF074B9B7EDBB21946452001F080FF23
:105BD00000BF0837BD4680BDF80401085CE6000838
:105BE000C03C002080B582B000AF78605A4B93F87B
:105BF0002C30DBB2002B1AD0042004F07BFF0346CC
:105C0000012B14D1544B5B7DDBB2002B04D112214C
:105C1000524802F081F998E04F4B5B7DDBB2012BDB
:105C200040F093801C214E4802F076F98DE04A4BFB
:105C30001B7DDBB2012B13D1474B5B7DDBB2002B0D
:105C400004D12021474802F067F980E0424B5B7D98
:105C5000DBB2012B7BD12021434802F05DF976E0D5
:105C60007B681B781A46414B9B5C002B36D07B68C7
:105C70001B78082B06D87B681B780021184604F097
:105C800005FF07E07B681B78093BDBB20021184663
:105C900004F0B2FD7B681B781A46344B00219954FE
:105CA0007B681B780C2B0CD87B681B789BB203F5A8
:105CB000EC435F339BB200220021184603F07EFBC9
:105CC00046E07B681B789BB203F5F14343339BB2FC
:105CD00000220021184603F071FB39E07B681B7835
:105CE000082B06D87B681B780121184604F0CEFEED
:105CF00007E07B681B78093BDBB20121184604F002
:105D00007BFD7B681B781A46184B012199547B68F0
:105D10001B780C2B0CD87B681B789BB203F5EC43EB
:105D20005F339BB201220021184603F047FB0FE0CE
:105D30007B681B789BB203F5F14343339BB201228E
:105D40000021184603F03AFB02E000BF00E000BF6C
:105D50000837BD4680BD00BFC03C002074E6000887
:105D600088E60008A8E60008BCE60008D800002085
:105D700080B582B000AF78600D4BDB7DDBB2002BCD
:105D800004D10B4B012283F835200DE0084B5B7DDD
:105D9000DBB2002B04D12321064802F0BDF803E05A
:105DA0002321054802F0B8F800BF0837BD4680BD82
:105DB000C03C0020E0E60008F8E60008B0B588B076
:105DC00000AF78609A4B1B880F2B00F2838101A2F1
:105DD00052F823F0155E00083F5E00084D5E000893
:105DE000635E0008875E0008A95E0008C55E0008C3
:105DF000F75E0008315F0008775F0008995F0008D0
:105E0000AF5F0008E75F00081B60000871600008D2
:105E1000C3600008874B5B7DDBB2002B04D12421DB
:105E2000854802F099F803E01B21844802F094F8B9
:105E30007F4B1B8801339AB27D4B1A804AE17C4B21
:105E40001B8801339AB27A4B1A8043E14FF4FA70FF
:105E500004F0FFFB764B1B8801339AB2744B1A8017
:105E600038E1744B5B7DDBB2002B04D10D2174480B
:105E700002F072F803E01B21724802F06DF86C4BDF
:105E800005221A8026E16B4B93F83D30DBB2002BE4
:105E900003D0002000F040FE1CE1654B1B8801335D
:105EA0009AB2634B1A8015E10021002001F01AFB21
:105EB000002001F065FB5E4B1B8801339AB25C4BFE
:105EC0001A8007E1012004F0C4FB5F4B1B880133FB
:105ED0009AB25D4B1A805C4B1B88B3F57A7FC0F099
:105EE000F480594B00221A80514B1B8801339AB21F
:105EF0004F4B1A80EEE0012001F042FB4D4B5B7DE1
:105F0000DBB2002B04D12021504802F025F808E034
:105F1000484B5B7DDBB2012B03D112214C4802F0D0
:105F20001BF8434B1B8801339AB2414B1A80D1E0D6
:105F3000404B5B7DDBB2002B04D10D21454802F0C4
:105F40000BF803E01921444802F006F80021002074
:105F500001F05AFB012004F0CDFD0346002B06D0D2
:105F6000032004F0C7FD0346002B40F0B080304B07
:105F70000A221A80ABE02F4B93F83B30DBB2002BA8
:105F800003D0002000F0AEFCA4E0294B1B880133B5
:105F90009AB2274B1A809DE00021012001F0A2FA5D
:105FA000234B1B8801339AB2214B1A8092E00120C7
:105FB00004F04FFB294B1B680133284A1360274B21
:105FC0001B68274A127D12022649097D0A43934223
:105FD0007FD3224B00221A60154B1B8801339AB2E3
:105FE000134B1A8075E0134B5B7DDBB2002B04D1A1
:105FF0000B211D4801F0B0FF08E00E4B5B7DDBB2CA
:10600000012B03D11521194801F0A6FF084B1B886D
:1060100001339AB2064B1A805CE00121012001F0A5
:10602000F3FA034B1B8801339AB2014B1A8051E0FB
:10603000283D0020C03C00201CE7000844E7000881
:1060400060E7000870E700083A3D00208CE7000890
:1060500098E70008ACE70008BCE700083C3D0020DA
:10606000243C0020083C0020D8E70008E4E70008B2
:106070001A4BD3E90023541C43F10005174BC3E925
:106080000045164BD3E9002307F10800144907F037
:1060900011FC0346FB83082212494FF4004001F033
:1060A0007BFEFB8BDAB207F1080319464FF4004080
:1060B00001F072FE0C4B1B8801339AB20A4B1A8016
:1060C00008E0094B00221A8004E000BF02E000BF94
:1060D00000E000BF2037BD46B0BD00BF183D002026
:1060E000FCE7000800E80008283D002080B582B0E9
:1060F00000AF7860A44B1B88322B00F2428101A2D2
:1061000052F823F0D161000883630008836300081C
:1061100083630008836300088363000883630008C7
:1061200083630008836300088363000847620008F4
:1061300083630008836300088363000883630008A7
:106140008363000883630008836300088363000897
:106150008363000897620008836300088363000874
:106160008363000883630008836300088363000877
:10617000836300088363000883630008A762000844
:106180008363000883630008836300088363000857
:106190008363000883630008836300088363000847
:1061A000836300088363000883630008AF6200080C
:1061B000C5620008836300088363000883630008E6
:1061C000836300088363000883630008FD6200089E
:1061D0006E4B93F83430DBB2002B04D06B4BDB7D7D
:1061E000DBB2002B0AD0694B1B7DDBB2022B40F0E7
:1061F000C580664B002283F83420BFE0FBF786F8A9
:106200000121002003F072FE604B012283F8282058
:106210005E4B93F82830DBB2002B03D00121032022
:1062200003F064FE002003F0A9F9584B0122DA754F
:10623000564B00225A77554B002283F83E20524B92
:106240000A221A809DE0514B5B7DDBB2002B04D10A
:106250000D214F4801F080FE03E019214D4801F067
:106260007BFE012001F08EF8022001F08BF8032064
:1062700001F088F8042001F085F8474B00221A70DD
:10628000424B012283F84C20322004F0E2F93E4BCD
:1062900014221A8075E00021012001F023F93A4B05
:1062A0001E221A806DE0384B2A221A8069E00121F3
:1062B000012001F0A9F90346002B61D0324B2B22BB
:1062C0001A805EE0052004F015FC0346002B11D176
:1062D0002E4B5B7DDBB2002B04D114212F4801F043
:1062E0003BFE03E011212E4801F036FE002001F0B4
:1062F000E7FA46E0244B32221A8042E0234B5B7DD2
:10630000DBB2002B04D10B21264801F025FE03E06F
:106310001B21254801F020FE012000F0D7FF1B4B78
:1063200093F82830DBB2002B02D0002000F044FEAE
:10633000012003F023F9154B002283F834201B4B76
:1063400000221A70144B00221A70104B002283F89E
:106350003E200E4B002283F83C200C4B0022DA75C5
:106360000A4B01229A75094B002283F84220022031
:1063700000F0ACFF044B00221A8002E000BF00E0F6
:1063800000BF0837BD4680BD2A3D0020C03C00202C
:106390000CE800081CE80008383D002038E8000838
:1063A00050E8000864E8000874E80008393D00205F
:1063B00080B582B000AF7860A94B1B88002B4DD010
:1063C000002BC0F24981322B00F34681142BC0F21E
:1063D0004381143B1E2B00F23F8101A252F823F0AF
:1063E00095640008A564000859660008596600080D
:1063F0005966000859660008596600085966000881
:106400005966000859660008AD640008596600081E
:106410005966000859660008596600085966000860
:106420005966000859660008596600085966000850
:10643000B5640008596600085966000859660008E6
:106440005966000859660008596600085966000830
:1064500059660008596600083D650008814B93F8AD
:106460003930DBB2002B04D17E4B002283F8392077
:10647000F2E07C4B002283F83A207A4B0322DA7553
:10648000032000F07FFF042000F07CFF744B1422F7
:106490001A80E1E00021002001F024F8704B152261
:1064A0001A80D9E06E4B1E221A80D5E06C4B282250
:1064B0001A80D1E06B4B1B7DDBB2012B28D1002071
:1064C00004F0CEF90346002B1ED1022004F0C1F8DF
:1064D000002004F0C5F90346002B40F0B880614B62
:1064E0005B7DDBB2002B04D10C215F4801F034FD51
:1064F000AFE05C4B5B7DDBB2012B40F0AA80152145
:106500005A4801F029FDA4E0554B32221A809EE042
:10651000012004F09EF8564B1B8801339AB2544B6D
:106520001A80534B1B88B3F5FA6FC0F09480504B20
:1065300000221A804A4B32221A8088E0052004F09B
:10654000D9FA0346002B54D0052004F082F8052028
:1065500004F0D0FA0346002B6ED0424B5B7DDBB2D9
:10656000002B04D12021434801F0F6FC08E03D4B0C
:106570005B7DDBB2012B03D13C213F4801F0ECFCF9
:10658000012000F0FFFE022000F0FCFE032000F0DE
:10659000F9FE042000F0F6FE324B012283F842207F
:1065A0000121012004F072FA0121002003F026F8F5
:1065B000324B00221A802A4B00221A80304B0022D4
:1065C0001A80284B002283F83420264B0022DA75EB
:1065D000244B002283F83D20224B002283F83C20EC
:1065E000204B002283F839201E4B002283F83820EC
:1065F00032E01C4B5B7DDBB2002B04D12021214813
:1066000001F0AAFC08E0174B5B7DDBB2012B03D144
:1066100012211D4801F0A0FC124B93F84230DBB26E
:10662000022B02D0042000F051FE022000F0AAFE4E
:106630000C4B012283F83A20094B00221A80094BA7
:106640000022DA75074B002283F8392004E000BFEE
:1066500002E000BF00E000BF0837BD4680BD00BFBC
:10666000323D0020C03C0020A0E90008B0E900084D
:10667000403D0020C8E90008ECE900082A3D002060
:10668000363D00208CE7000898E7000880B582B00E
:1066900000AF78608B4B1B882A2B00F20F8101A280
:1066A00052F823F051670008BD680008BD68000873
:1066B000BD680008BD680008BD680008BD68000826
:1066C000BD680008BD680008BD680008DD670008F7
:1066D000F367000815680008BD680008BD68000879
:1066E000BD680008BD680008BD680008BD680008F6
:1066F000BD6800081D680008BD680008BD68000886
:10670000BD680008BD680008BD680008BD680008D5
:10671000BD680008BD680008BD680008256800085D
:10672000BD680008BD680008BD680008BD680008B5
:10673000BD680008BD680008BD680008BD680008A5
:10674000BD6800082D680008736800088F6800089D
:106750005D4B93F83730DBB2002B04D15A4B00224B
:1067600083F83720AAE0052004F0C4F90346002B83
:1067700023D0022003F06DFF052004F0BBF903468F
:10678000002B1AD0504B5B7DDBB2002B04D11421BF
:106790004E4801F0E1FB08E04B4B5B7DDBB2012B87
:1067A00003D11C214A4801F0D7FB474B002283F854
:1067B0003720002001F084F880E0434B002283F86A
:1067C0003820414B0222DA75032000F0DBFD042063
:1067D00000F0D8FD3B4B0A221A806FE00021002018
:1067E00000F012FF3B4B00221A60364B0B221A803E
:1067F00064E0032004F07EF90346002B59D1002108
:10680000012000F06FFE032000F060FD2D4B0C22F4
:106810001A804EE02B4B14221A804FE0294B1E2287
:106820001A804BE0274B28221A8047E0052004F00D
:1068300061F90346012B18D1012003F00AFF264B12
:106840001B680133244A1360234B1B68234A127DC3
:1068500012022349097D0A4393422CD31E4B002286
:106860001A60184B29221A8025E01B4B00221A605F
:1068700021E0032000F086FD0121012000F0C4FE8C
:106880000346002B19D00F4B2A221A8016E0022053
:1068900000F01CFD0B4B00221A800B4B002283F8EA
:1068A0003720094B0022DA75074B002283F83F207E
:1068B00004E000BF02E000BF00E000BF0837BD46B3
:1068C00080BD00BF303D0020C03C00202CEA000805
:1068D00044EA0008443D0020483D0020243C0020BC
:1068E000083C002080B584B000AF78607F4B1B88E7
:1068F000032B00F2F78001A252F823F00D69000883
:1069000075690008656A00087B6A0008784B93F88F
:106910003B30DBB2002B04D1754B002283F83B20C7
:10692000E0E0734B93F83C30DBB2002B17D0704B98
:106930005B7DDBB2002B04D109216E4801F00CFB1A
:1069400008E06B4B5B7DDBB2012B03D125216A484C
:1069500001F002FB664B002283F83B20C2E0644B4F
:10696000002283F83C20614B1B8801339AB25F4BB5
:106970001A80B7E05E4B5B7DDBB2002B04D10921AE
:106980005E4801F0E9FA08E0594B5B7DDBB2012B70
:1069900003D11C215A4801F0DFFA554B93F83330EC
:1069A000DBB2012B16D1574B5B781B021AB2564B48
:1069B0005B781BB213431BB29AB2524BDB7C1B02B7
:1069C00019B2514BDB7C1BB20B431BB29BB2D31AE7
:1069D000FB811BE0464B93F83330DBB2022B15D121
:1069E000484B9B7C1B021AB2474B9B7C1BB2134348
:1069F0001BB29AB2434BDB7C1B0219B2424BDB7CCD
:106A00001BB20B431BB29BB2D31AFB81012004F0D3
:106A100071F80346002B09D0354B93F82F30DBB2C9
:106A2000FA8919460020FAF713FC14E0354BDB7C99
:106A30001B021AB2344BDB7C1BB213431BB2BB816B
:106A40002B4B93F82F30D9B2FA89BB8913441A46DD
:106A50000020FAF7FDFB254B1B8801339AB2234B2C
:106A60001A803FE0294B1B7F002B3AD11F4B1B881C
:106A700001339AB21D4B1A8033E01D4B5B7DDBB2B4
:106A8000002B04D10B21224801F066FA08E0184BD4
:106A90005B7DDBB2012B03D120211E4801F05CFAA3
:106AA000134B93F83330DBB2012B04D1104B01228E
:106AB00083F83C2009E00E4B93F83330DBB2022B15
:106AC00003D10B4B022283F83C20094B002283F8B0
:106AD0003B20074B002283F83E20044B00221A8003
:106AE00000E000BF1037BD4680BD00BF343D002030
:106AF000C03C002064EA000878EA0008A0EA000828
:106B0000ACEA0008243C0020083C0020A40200203D
:106B1000CCEA0008D8EA0008B0B588B000AF7860C9
:106B2000A94B1B88072B00F2338201A252F823F0F5
:106B3000516B0008B96B0008F56B00083F6C00084A
:106B40008B6D0008A36D0008216E0008136F00080C
:106B50009E4B93F83D30DBB2002B04D19B4B0022BF
:106B600083F83D2014E2994B93F83E30DBB2002BC2
:106B700017D0964B5B7DDBB2002B04D109219448E2
:106B800001F0EAF908E0914B5B7DDBB2012B03D108
:106B90001721904801F0E0F98C4B002283F83D204A
:106BA000F6E18A4B002283F83E20874B1B88013395
:106BB0009AB2854B1A80EBE1844B5B7DDBB2002BF4
:106BC00004D10921844801F0C7F908E07F4B5B7DBF
:106BD000DBB2012B03D11A21804801F0BDF901215C
:106BE000002000F011FD784B1B8801339AB2764BE0
:106BF0001A80CDE1754B93F83F30DBB2012B17D1F2
:106C0000012003F026FD764B1B8801339AB2744BAA
:106C10001A80734B1B88632B40F2B581704B0022A6
:106C20001A80694B1B8801339AB2674B1A80AFE117
:106C3000654B1B8801339AB2634B1A80A8E1634B02
:106C400093F83F30DBB2012B40F098800021012007
:106C500003F01CFF0021002002F0D0FC012003F013
:106C6000F8FC5F4B1B8801339AB25D4B1A805C4B7A
:106C70001B88452B40F28981594B00221A80042041
:106C800003F038FF0346002B34D1052003F0E1FC6C
:106C9000042003F02FFF0346002B6FD14B4B5B7D8D
:106CA000DBB2002B04D120214E4801F055F908E059
:106CB000464B5B7DDBB2012B03D12F214A4801F00B
:106CC0004BF9012000F05EFB022000F05BFB03208B
:106CD00000F058FB042000F055FB3C4B022283F8E7
:106CE00042200121012003F0D1FE0121002002F009
:106CF00085FC43E0032000F0E9FA344B5B7DDBB216
:106D0000002B04D10B21394801F026F908E02F4B64
:106D10005B7DDBB2012B03D11521354801F01CF955
:106D20002A4B012283F83820324BD3E90023541C2C
:106D300043F100052F4BC3E900452E4BD3E9002357
:106D400007F108002C4906F0B5FD0346FB83082235
:106D50002A494FF4004001F01FF8FB8BDAB207F12B
:106D6000080319464FF4004001F016F801210120F4
:106D700003F08CFE0121002002F040FC124B1B8826
:106D800001339AB2104B1A8002E11D4B1B7F002B7E
:106D900040F0FD800C4B1B8801339AB20A4B1A80DD
:106DA000F5E00A4B1B7DDBB2032B05D0074B93F8B4
:106DB0003F30DBB2012B25D1034B1B8801339AB244
:106DC000014B1A80E4E000BF363D0020C03C0020AB
:106DD000FCEA000810EB000834EB000840EB000868
:106DE0004C3D00205CEB00087CEB0008D8E7000875
:106DF000E4E70008203D0020FCE7000800E8000868
:106E0000A40200200021002000F06CFB642003F0AD
:106E100020FC614B1B8801339AB25F4B1A80B7E0AC
:106E20005E4B1B7DDBB2032B05D05C4B93F83F30F0
:106E3000DBB2012B06D1584B1B8801339AB2564B5B
:106E40001A80A5E0042003F055FE0346002B50D124
:106E5000052003F0FEFB042003F04CFE0346002B4C
:106E600047D14E4B5B7DDBB2002B04D120214C4837
:106E700001F072F808E0494B5B7DDBB2012B03D1D6
:106E80003A21484801F068F8012000F07BFA02201E
:106E900000F078FA032000F075FA042000F072FA8E
:106EA0003E4B072283F842200121012003F0EEFD32
:106EB0000121002002F0A2FB3B4B00221A80364B3E
:106EC00000221A80354B002283F83420374B0022F1
:106ED0001A80324B0022DA75304B002283F83D20B5
:106EE0002E4B002283F83C202C4B002283F83920C3
:106EF0004EE02A4BDB7DDBB2012B03D100210120C8
:106F000000F0F0FA244B1B8801339AB2224B1A800E
:106F10003EE0224B93F83F30DBB2012B12D01F4BE7
:106F20005B7DDBB2002B04D10B21214801F014F86A
:106F300008E01A4B5B7DDBB2012B03D11E211D48FB
:106F400001F00AF80121012003F0A0FD0121002039
:106F500002F054FB114B93F84230DBB2022B02D00B
:106F6000022000F0B3F90D4B012283F83E200B4BB9
:106F7000002283F83D20094B002283F83C20064B79
:106F800000221A8004E000BF02E000BF00E000BF62
:106F90002037BD46B0BD00BF363D0020C03C0020BC
:106FA000ACEB0008D0EB0008323D00202A3D002069
:106FB0000CEC000818EC000880B584B000AF7860D5
:106FC0003B4B03F5805393F81C38002B6BD1394BA6
:106FD00093F82830DBB2002B66D0062003F08AFD40
:106FE0000346012B38D1344B1B78002B34D1324B64
:106FF00001221A702F4B012283F84A202F4BDB7994
:107000001B022F4AD2791343FB602A4B93F831308D
:10701000DBB2FA6819460320FAF71AF9294B1B78F4
:107020000133DAB2274B1A70264B1B78042B13D985
:10703000244B00221A701F4B5B7DDBB2002B04D166
:107040002421214800F088FF03E01B211F4800F0A5
:1070500083FF002000F034FC062003F04BFD0346C4
:10706000002B05D1174B00221A70134B00221A7007
:10707000062003F03FFD0346012B15D1144B1B885E
:1070800001339AB2124B1A80114B1B88642B03D820
:10709000012003F0DEFA07E00D4B00221A80064BB8
:1070A00000221A7000E000BF1037BD4680BD00BF4F
:1070B000A4020020C03C0020383D0020243C0020D9
:1070C000083C0020393D002038EC000850EC000856
:1070D0004E3D002080B582B000AF7860FAF73CF9F1
:1070E000FAF714F9022002F049FA1A4B5B7DDBB281
:1070F000002B04D11021184800F048FF03E01121B3
:10710000164800F043FFFAF701F900210020FAF7D2
:10711000EBF800210120FAF7E7F800210220FAF746
:10712000E3F800210320FAF7DFF8002002F026FA46
:10713000012000F027F9022000F024F9032000F0DC
:1071400021F9042000F01EF900F0E6FB00BF08372B
:10715000BD4680BDC03C0020B8EC0008CCEC000867
:1071600080B582B000AF78602E4B93F82430DBB24C
:10717000002B53D008212C4803F058F9FAF7C6F831
:10718000002002F0FBF9274B93F82430DBB2012BEF
:1071900013D1244B5B7DDBB2002B04D11C2123488F
:1071A00000F0F4FE2BE01F4B5B7DDBB2012B26D100
:1071B00029211F4800F0EAFE21E01A4B93F82C30F9
:1071C000DBB2002B1BD0042003F094FC0346012B00
:1071D00015D1184B01221A70124B5B7DDBB2002BCC
:1071E00004D11821144800F0D1FE08E00D4B5B7D5E
:1071F000DBB2012B03D129210D4800F0C7FE01208D
:1072000000F0C0F8022000F0BDF8032000F0BAF84A
:10721000042000F0B7F800F07FFB00E000BF083763
:10722000BD4680BDC03C002010010020E0EC0008FD
:1072300000ED0008503D00202CED000880B582B024
:1072400000AF7860FAF762F81C4B5B7DDBB2002B75
:1072500004D110211A4800F099FE03E00F211948CB
:1072600000F07AFE0821184803F0E0F8FAF74EF82B
:10727000002002F083F90121062003F007FC012120
:10728000052002F0BBF90121072003F0FFFB0121DB
:10729000062002F0B3F9012000F074F8022000F09B
:1072A00071F8032000F06EF8042000F06BF800F095
:1072B00033FB00BF0837BD4680BD00BFC03C002087
:1072C0004CED00085CED00081001002080B582B094
:1072D00000AF0346FB71264B1B7DDBB2012B43D174
:1072E000FB79013B032B40D801A252F823F000BFE9
:1072F000017300081B730008357300084F73000802
:107300000021002003F078FA0021082002F076F92D
:107310000821184803F08AF827E00021012003F033
:107320006BFA0021092002F069F90821124803F0E4
:107330007DF81AE00021022003F05EFA00210A2005
:1073400002F05CF908210D4803F070F80DE000210F
:10735000032003F051FA00210B2002F04FF908211D
:10736000074803F063F800E000BF0837BD4680BD62
:10737000C03C002030010020A0010020600100205E
:107380005001002080B582B000AF0346FB71364B40
:107390001B7DDBB2012B5BD1FB79013B032B60D85A
:1073A00001A252F823F000BFB9730008DF73000890
:1073B000057400082B740008002003F071FA0346DE
:1073C000002B47D10121002003F016FA01210820EB
:1073D00002F014F90821254803F028F83AE00120CA
:1073E00003F05EFA0346002B36D10121012003F0A1
:1073F00003FA0121092002F001F908211C4803F0D9
:1074000015F829E0022003F04BFA0346002B25D1A2
:107410000121022003F0F0F901210A2002F0EEF828
:107420000821144803F002F818E0032003F038FAAA
:107430000346002B14D10121032003F0DDF90121C3
:107440000B2002F0DBF808210B4802F0EFFF07E009
:1074500000BF06E000BF04E000BF02E000BF00E0A4
:1074600000BF0837BD4680BDC03C00202801002079
:1074700098010020580100204801002080B584B008
:1074800000AF0346FB710B46BB711346BB80002364
:10749000FB81322003F0DDF81AE0012003F0D9F877
:1074A000FB79184603F026FB03467B737A7BBB7996
:1074B0009A4201D1012310E0FA89BB889A4204D391
:1074C000002000F0FDF9002307E0FB890133FB8178
:1074D000FA89BB889A42E0D9002318461037BD4686
:1074E00080BD000080B582B000AF03460A46FB7144
:1074F0001346BB71FB79012B19D11C4B5B7DDBB2B1
:10750000002B04D109211A4800F026FD03E01121C7
:10751000184800F021FD0121012003F0B7FA0121F4
:10752000002002F06BF8142003F093F818E00F4BE2
:107530005B7DDBB2002B04D114210F4800F00CFD61
:1075400003E010210D4800F007FD0021012003F0A9
:107550009DFA0021002002F051F8142003F079F880
:10756000012318460837BD4680BD00BFC03C00203F
:107570006CED000878ED00088CED000898ED00082F
:1075800080B582B000AF0346FB71FB79012B16D1A9
:10759000184B5B7DDBB2002B04D10921164800F0AB
:1075A000DBFC03E00D21154800F0D6FC0121022090
:1075B00003F06CFA0121012002F020F815E00D4BD8
:1075C0005B7DDBB2002B04D109210D4800F0C4FC27
:1075D00003E00D210B4800F0BFFC0021022003F066
:1075E00055FA0021012002F009F800BF0837BD4616
:1075F00080BD00BFC03C0020ACED0008B8ED000825
:10760000C8ED0008D4ED000880B582B000AF034695
:107610000A46FB711346BB71FB79012B44D1474BE2
:107620005B7DDBB2002B04D10821454800F094FCBF
:1076300003E01221434800F08FFC0021032003F0F7
:1076400025FA0121042003F021FA0021022001F093
:10765000D5FF0121032001F0D1FFBB79002B1FD002
:107660004FF4FA6200210220FFF708FF0346002BC7
:107670005ED1324B5B7DDBB2002B04D11621324848
:1076800000F06AFC03E01E21304800F065FC2B4B43
:10769000062283F84220002000F012F9002348E07F
:1076A000142002F0D6FF43E0244B5B7DDBB2002BBD
:1076B00004D10821264800F04FFC03E00F212548A3
:1076C00000F04AFC0121032003F0E0F9002104202E
:1076D00003F0DCF90121022001F090FF00210320DA
:1076E00001F08CFFBB79002B1FD04FF4FA62002110
:1076F0000320FFF7C3FE0346002B19D10F4B5B7D20
:10770000DBB2002B04D11621134800F025FC03E066
:107710001B21124800F020FC084B062283F842206F
:10772000002000F0CDF8002303E0142002F091FFC8
:10773000012318460837BD4680BD00BFC03C00206D
:10774000E4ED0008F0ED000804EE00081CEE00086F
:107750003CEE000848EE000858EE000870EE000805
:1077600080B582B000AF0346FB71FB79012B54D189
:10777000202000F0C9FA494B01221A75474B1B7DA6
:10778000DBB21946462000F0A3F9444B1B7DDBB267
:10779000184601F0A7FE414B9B7DDBB2012B12D1B5
:1077A0000120FFF793FD042003F0A4F90346002B0A
:1077B0001DD13A4B93F83A30DBB2012B17D104209C
:1077C000FFF784FD13E0354B00229A75002001F08D
:1077D000D5FE324B5B7DDBB2002B04D11721304844
:1077E00000F0BAFB03E01D212E4800F0B5FB20207D
:1077F00000F08AFA08212C4802F018FE274B5B7D26
:10780000DBB2002B04D10F21284800F0A5FB41E09A
:107810001621274800F0A0FB3CE0FB79002B39D172
:107820001E4B1B78DBB2092B03D8202000F06CFA2A
:1078300002E0002000F068FA0120FFF7A3FD02201B
:10784000FFF7A0FD0320FFF79DFD0420FFF79AFD41
:107850000821184802F0EAFD104B5B7DDBB2002BDB
:1078600004D10F21144800F077FB03E015211348E1
:1078700000F072FB094B02221A75084B1B7DDBB22C
:107880001946462000F024F9044B1B7DDBB2184654
:1078900001F028FE00BF0837BD4680BDC03C002077
:1078A0008CEE0008A4EE0008B8010020C4EE000829
:1078B000D4EE0008C0010020ECEE0008FCEE000849
:1078C00080B582B000AF78600120FFF75BFD022039
:1078D000FFF758FD0320FFF755FD0420FFF752FD89
:1078E0000121012003F0D2F80121002001F086FEE1
:1078F0000121022003F0CAF80121012001F07EFEDF
:10790000F9F704FD002001F039FE00F005F800BF92
:107910000837BD4680BD000080B400AF314B002267
:107920001A76304B0022DA752E4B002283F839206C
:107930002C4B002283F83A202A4B002283F8372070
:10794000284B002283F83820264B002283F83B2066
:10795000244B002283F83C20224B002283F83D2058
:10796000204B002283F83E201E4B002283F8342057
:107970001C4B00229A751B4B002283F83520194BB3
:10798000002283F83620174B012283F84320154B41
:10799000012283F84C20134B002283F82420124B41
:1079A00000221A80114B00221A80114B00221A80EB
:1079B000104B00221A800F4B00221A800E4B00221F
:1079C0001A800E4B00221A800D4B00221A800D4B9C
:1079D00000221A800C4B00221A7000BFBD4680BCEA
:1079E000704700BFC03C0020283D00202A3D0020F9
:1079F0002C3D00202E3D0020303D0020323D002057
:107A0000343D0020363D0020383D002080B500AFD9
:107A1000114B93F82C30DBB2002B1AD0042003F06A
:107A200069F80346012B14D10B4B5B7DDBB2002BB5
:107A300004D11221094800F06FFA08E0064B5B7D83
:107A4000DBB2012B03D11C21054800F065FA0123AC
:107A500000E00023184680BDC03C002074E600080A
:107A600088E6000880B500AF01F0DAFF00BF80BDF6
:107A700080B584B000AF0346FB800023FB7302F0A7
:107A800009F8FB881B0A9BB2DBB25B00DBB2603BF0
:107A9000DBB2184602F0D0F802F048F8FB88DBB2FF
:107AA000184602F0C9F802F041F801F0F3FFA120F6
:107AB00002F0C2F802F03AF8002002F003F903469F
:107AC000FB7302F00DF8FB7B18461037BD4680BDF6
:107AD00080B582B000AF03460A46FB8013467B7137
:107AE00001F0D8FFFB881B0A9BB2DBB25B00DBB264
:107AF000603BDBB2184602F09FF802F017F8FB88F3
:107B0000DBB2184602F098F802F010F87B791846BC
:107B100002F092F802F00AF801F0E2FF0A2002F007
:107B200098FD00BF0837BD4680BD000080B582B01B
:107B300000AF3B4600221A605A600D4B0D4A1A6096
:107B40000B4803F006FC00233B6000237B603B46B0
:107B500000221946064803F068FC3B4610221946ED
:107B6000034803F062FC00BF0837BD4680BD00BF7C
:107B7000543D00200074004080B588B000AF7860AC
:107B800007F1100300221A605A609A60DA607B687D
:107B90001B68144A934221D1134BDB69124A43F00C
:107BA0000053D361104BDB6903F00053FB60FB68AB
:107BB0000D4B9B690C4A43F0040393610A4B9B698C
:107BC00003F00403BB60BB6830233B6103237B618C
:107BD00007F110031946054803F092FC00BF203757
:107BE000BD4680BD00740040001002400008014006
:107BF00080B584B000AF03463960FB713B68FB6021
:107C00004FF08B41F868F8F7DFFF03461846F8F7A6
:107C100013FC19A3D3E90023F8F790FD02460B46A5
:107C200010461946F8F772FE0346FB60FB79012BFC
:107C300002D0032B0ED01BE0F868F9F78BF903464E
:107C4000002200210E4803F036FC00210C4803F00E
:107C5000A2FB0DE0F868F9F77DF903460022102138
:107C6000074803F028FC1021054803F094FB00BFEF
:107C700000BF1037BD4680BD6666666666660A4010
:107C8000543D002080B59CB000AF786007E097F8C5
:107C90006C2007F108031146184602F08DFC07F12D
:107CA000080319460548FAF7F8FD0346002BEED104
:107CB00000BF00BF7037BD4680BD00BFA8220020B6
:107CC00080B5B4B018AF78600B46FB70FA7807F156
:107CD00008037968184605F0D7FDFB7887F86C3003
:107CE000684607F114035922194605F0CDFD07F146
:107CF00008030ECB0348FAF76DFD00BF7037BD4691
:107D000080BD00BFA822002080B582B000AF03462E
:107D1000FB800D4B5B7DDBB2012B02D1FB88323344
:107D2000FB80FB881B0A9BB2DAB2084B1A72FB88F5
:107D3000DAB2064B5A720A210448FFF7C1FF00BFAE
:107D40000837BD4680BD00BFC03C0020EC000020CD
:107D500080B582B000AF0346FB800D4B5B7DDBB28C
:107D6000012B02D1FB883233FB80FB881B0A9BB2BC
:107D7000DAB2084B1A72FB88DAB2064B5A720A2141
:107D8000044802F019FC00BF0837BD4680BD00BFA3
:107D9000C03C0020EC00002080B59CB000AF034642
:107DA0003960FB8013467B71032387F86F3097F8A7
:107DB0006F305A1C87F86F2070333B44822203F8DF
:107DC000682CFB881B0A9AB297F86F30591C87F809
:107DD0006F10D2B270333B4403F8682C97F86F30C1
:107DE0005A1C87F86F20FA88D2B270333B4403F8EC
:107DF000682C002387F86E3014E097F86F305A1C17
:107E000087F86F2019463B681A7801F170033B44EC
:107E100003F8682C3B6801333B6097F86E30013300
:107E200087F86E3097F86E207B799A42E5D35A2313
:107E30003B72A5237B7297F86F30033BDBB2BB72BA
:107E400097F86F2007F1080311461846FFF738FF2F
:107E500000BF7037BD4680BD80B58EB000AF034611
:107E60003960FB8013467B71032387F8373097F81E
:107E700037305A1C87F8372038333B44822203F8C6
:107E80002C2CFB881B0A9AB297F83730591C87F8BC
:107E90003710D2B238333B4403F82C2C97F83730E4
:107EA0005A1C87F83720FA88D2B238333B4403F89B
:107EB0002C2C002387F8363014E097F837305A1C02
:107EC00087F8372019463B681A7801F138033B449C
:107ED00003F82C2C3B6801333B6097F836300133B4
:107EE00087F8363097F836207B799A42E5D35A23C3
:107EF0003B73A5237B7397F83730033BDBB2BB732F
:107F000097F8372007F10C031146184602F054FB8E
:107F100000BF3837BD4680BD80B582B000AF786005
:107F20000B46FB702E220A4947F20850FFF734FF38
:107F3000FB781A46796847F20850FFF72DFF0721B2
:107F40000448FFF7BDFE00BF0837BD4680BD00BF37
:107F500054EF0008F800002080B582B000AF7860D0
:107F60000B46FB70402208494FF4F040FFF714FF26
:107F7000FB781A4679684FF4F040FFF70DFF00BF19
:107F80000837BD4680BD00BF80EF000880B582B0D5
:107F900000AF78600B46FB70402208494FF4F04078
:107FA000FFF75AFFFB781A4679684FF4F040FFF765
:107FB00053FF00BF0837BD4680BD00BF80EF0008FB
:107FC00080B596B000AF7860012387F857307B68A2
:107FD00004331B781B021AB27B6805331B781BB273
:107FE00013431BB2A7F854307B6807331B781B027E
:107FF0001AB27B6808331B781BB213431BB2A7F875
:108000005230B7F85430A3F5A043132B00F2F1859A
:1080100001A252F823F000BF69800008F582000831
:10802000AD810008AF840008AD810008AF8400086E
:10803000AD810008AF840008378600084987000832
:10804000C5870008218A0008B9880008218A00082D
:10805000B9880008218A0008B9880008218A000828
:10806000F5820008F5820008B7F8523044F6206225
:1080700093424BD942F24E03A7F8503007F150011A
:10808000B7F8543002221846FFF786FEC14B5B7DDD
:10809000DBB2002B04D11621BF48FFF73DFF08E0FB
:1080A000BC4B5B7DDBB2012B03D12821BB48FFF722
:1080B00033FF44F62063A7F85230B7F85430B3F5D5
:1080C000A04F0CD1B64B4E221A70B64B20221A701C
:1080D000B7F8523019461020FDF7CEFC11E0B7F882
:1080E000543045F2130293420BD1AD4B4E225A73DA
:1080F000AC4B20225A73B7F8523019463620FDF7A0
:10810000BBFC002387F8573000F077BDB7F852303A
:10811000632B00F272854FF4C843A7F84C3007F187
:108120004C01B7F8543002221846FFF735FE994B40
:108130005B7DDBB2002B04D116219748FFF7ECFEE4
:1081400008E0944B5B7DDBB2012B03D128219348DF
:10815000FFF7E2FE6423A7F85230B7F85430B3F5C6
:10816000A04F0CD18E4B00221A708E4B64221A70D5
:10817000B7F8523019461020FDF77EFC11E0B7F831
:10818000543045F2130293420BD1854B00225A73AF
:10819000844B64225A73B7F8523019463620FDF7E3
:1081A0006BFC002387F8573000F027BDB7F852303A
:1081B00043F6982293424CD949F63A03A7F848303F
:1081C00007F14801B7F8543002221846FFF7E4FDE2
:1081D000704B5B7DDBB2002B04D116217248FFF798
:1081E0009BFE08E06B4B5B7DDBB2012B03D12821AA
:1081F0006E48FFF791FE43F69823A7F85230B7F880
:10820000543045F2020293420CD1654B3A229A70E7
:10821000644B98229A70B7F8523019461420FDF733
:108220002BFC11E0B7F8543045F2060293420BD113
:108230005B4B3A229A715B4B98229A71B7F8523095
:1082400019461C20FDF718FC002387F8573000F072
:10825000D6BCB7F85230632B00F2D1844FF4C84338
:10826000A7F8443007F14401B7F854300222184609
:10827000FFF792FD474B5B7DDBB2002B04D116214B
:108280004948FFF749FE08E0424B5B7DDBB2012B1A
:1082900003D128214548FFF73FFE6423A7F8523059
:1082A000B7F8543045F2020293420CD13C4B002205
:1082B0009A703C4B64229A70B7F8523019461420D9
:1082C000FDF7DAFB11E0B7F8543045F206029342AD
:1082D0000BD1334B00229A71324B64229A71B7F85A
:1082E000523019461C20FDF7C7FB002387F8573092
:1082F00000F085BCB7F852304CF25032934272D93C
:1083000045F2C303A7F8403007F14001B7F85430F5
:1083100002221846FFF740FD1E4B5B7DDBB2002BAF
:1083200004D116212248FFF7F7FD08E0194B5B7DC9
:10833000DBB2012B03D128211E48FFF7EDFD4CF2E3
:108340005033A7F85230B7F8543045F20102934247
:108350000CD1134BC3225A70124B50225A70B7F8EB
:10836000523019461220FDF787FB37E0B7F854303A
:1083700045F2120293421FD1094BC3229A74094B52
:1083800050229A74B7F8523019463420FDF774FB26
:1083900024E000BFC03C0020B4EF0008CCEF000890
:1083A000243C0020083C0020F8EF000810F00008F2
:1083B0003CF0000854F00008B7F8543045F21302BE
:1083C00093420BD1BB4BC3225A73BB4B50225A73FF
:1083D000B7F8523019463620FDF74EFB002387F8D8
:1083E000573000F00EBCB7F85230B3F5FA7F80F08A
:1083F00008844FF20143BB8707F13C01B7F85430C2
:1084000002221846FFF7C8FCAC4B5B7DDBB2002BA9
:1084100004D11621AA48FFF77FFD08E0A74B5B7D3A
:10842000DBB2012B03D12821A648FFF775FD4FF4DD
:10843000FA73A7F85230B7F8543045F2010293426C
:108440000CD19C4B01225A709B4BF4225A70B7F806
:10845000523019461220FDF70FFB24E0B7F85430D4
:1084600045F2120293420CD1924B01229A74924B24
:10847000F4229A74B7F8523019463420FDF7FCFA0A
:1084800011E0B7F8543045F2130293420BD1894BF7
:1084900001225A73884BF4225A73B7F852301946A6
:1084A0003620FDF7E9FA002387F85730A9E3B7F83B
:1084B00052304CF2503293425BD945F2C3033B87B2
:1084C00007F13801B7F8543002221846FFF764FC70
:1084D0007A4B5B7DDBB2002B04D116217848FFF785
:1084E0001BFD08E0754B5B7DDBB2012B03D128211E
:1084F0007448FFF711FD4CF25033A7F85230B7F82B
:10850000543045F2030293420BD16A4BC322DA7016
:10851000694B5022DA70B7F8523019461620FDF731
:10852000ABFAB7F8543045F2050293420BD1614BD8
:10853000C3225A71604B50225A71B7F85230194613
:108540001A20FDF799FAB7F8543045F20702934222
:108550000BD1584BC322DA71574B5022DA71B7F85E
:10856000523019461E20FDF787FA002387F857304E
:1085700049E3B7F85230B3F5FA7F80F044834FF205
:108580000143BB8607F13401B7F854300222184684
:10859000FFF702FC494B5B7DDBB2002B04D11621B7
:1085A0004748FFF7B9FC08E0444B5B7DDBB2012B89
:1085B00003D128214348FFF7AFFC4CF25033A7F812
:1085C0005230B7F8543045F2030293420BD1394B85
:1085D0000122DA70384BF422DA70B7F852301946BB
:1085E0001620FDF749FAB7F8543045F205029342D8
:1085F0000BD1304B01225A712F4BF4225A71B7F82C
:10860000523019461A20FDF737FAB7F8543045F2C0
:10861000070293420BD1274B0122DA71264BF42239
:10862000DA71B7F8523019461E20FDF725FA0023FB
:1086300087F85730E7E2B7F8523042F210729342AF
:1086400046D941F227033B8607F13001B7F8543091
:1086500002221846FFF7A0FB184B5B7DDBB2002B14
:1086600004D116211848FFF757FC08E0134B5B7D37
:10867000DBB2012B03D128211448FFF74DFC42F255
:108680001073A7F85230B7F8543045F208029342FD
:108690000BD1084B27221A72074B10221A72B7F817
:1086A000523019462020FDF7E7F9002387F85730AC
:1086B000ABE200BF243C0020083C0020C03C00206E
:1086C0003CF0000854F0000880F0000898F0000822
:1086D000B7F85230632B00F298824FF4C843BB8541
:1086E00007F12C01B7F8543002221846FFF754FB6B
:1086F000C04B5B7DDBB2002B04D11621BE48FFF7D7
:108700000BFC08E0BB4B5B7DDBB2012B03D12821C6
:10871000BA48FFF701FC6423A7F85230B7F8543089
:1087200045F2080293420BD1B54B00221A72B54BA9
:1087300064221A72B7F8523019462020FDF79CF9CE
:10874000002387F8573060E2B7F85230B3F57A7FEC
:1087500040F25D824EF603033B8507F12801B7F82E
:10876000543002221846FFF717FBA24B5B7DDBB2A9
:10877000002B04D11621A448FFF7CEFB08E09D4B47
:108780005B7DDBB2012B03D12721A048FFF7C4FB9F
:108790004FF47A73A7F85230B7F8543045F2080214
:1087A00093420BD1964B03225A72964BE8225A728F
:1087B000B7F8523019462220FDF75EF9002387F8FA
:1087C000573024E2B7F85230B3F57A7F37D94EF2FA
:1087D00003733B8407F12001B7F854300222184696
:1087E000FFF7DAFA834B5B7DDBB2002B04D1162155
:1087F0008748FFF791FB08E07E4B5B7DDBB2012BE6
:1088000003D128218348FFF787FB40F2E733A7F81D
:108810005230B7F8543045F20A0293420BD1784BEC
:1088200003229A72774BE7229A72B7F852301946B0
:108830002420FDF721F9002387F85730E9E1B7F844
:108840005230002B40F0E5814FF48073BB8307F179
:108850001C01B7F8543002221846FFF79DFA654B09
:108860005B7DDBB2002B04D116216948FFF754FB76
:1088700008E0604B5B7DDBB2012B03D1282165480A
:10888000FFF74AFB4FF47A73A7F85230B7F8543029
:1088900045F20A0293420BD1594B00229A72594B6E
:1088A00001229A72B7F8523019462420FDF7E4F8F5
:1088B000002387F85730ACE1B7F85230FA2B49D98A
:1088C0004FF47A433B8307F11801B7F85430022282
:1088D0001846FFF761FA474B5B7DDBB2002B04D1F2
:1088E00017214D48FFF718FB08E0424B5B7DDBB2D8
:1088F000012B03D12A214948FFF70EFBFA23A7F8E1
:108900005230B7F8543045F20C0293420CD13C4B34
:1089100000229A723B4BFA229A72B7F852301946EB
:108920002820FDF7A9F811E0B7F8543045F21002FD
:1089300093420BD1324B00221A74324BFA221A7432
:10894000B7F8523019463020FDF796F8002387F823
:10895000573060E1B7F85230092B00F25C814FF4D8
:108960002063BB8207F11401B7F854300222184685
:10897000FFF712FA1F4B5B7DDBB2002B04D11721EE
:108980002548FFF7C9FA08E01A4B5B7DDBB2012BE3
:1089900003D12A212148FFF7BFFA0A23A7F8523052
:1089A000B7F8543045F20C0293420CD1144B00221C
:1089B0009A72144B0A229A72B7F85230194628203C
:1089C000FDF75AF811E0B7F8543045F2100293421F
:1089D0000BD10B4B00221A740A4BFA221A74B7F807
:1089E000523019463020FDF747F8002387F85730FA
:1089F00011E100BFC03C002080F0000898F00008A2
:108A0000243C0020083C0020C4F00008DCF00008F2
:108A100004F100081CF1000848F1000864F10008A6
:108A2000B7F85230042B6FD94FF480633B8207F1C3
:108A30001001B7F8543002221846FFF7ADF97A4B0F
:108A40005B7DDBB2002B04D115217848FFF764FA77
:108A500008E0754B5B7DDBB2012B03D12621744806
:108A6000FFF75AFA0423A7F85230B7F8543045F20A
:108A70000B0293420CD16F4B0022DA726E4B042230
:108A8000DA72B7F8523019462620FCF7F5FF37E0C6
:108A9000B7F8543045F20D0293420CD1654B0022D9
:108AA0005A73654B04225A73B7F8523019462A207C
:108AB000FCF7E2FF24E0B7F8543045F20F0293428E
:108AC0000CD15C4B0022DA735B4B0422DA73B7F8EB
:108AD000523019462E20FCF7CFFF11E0B7F8543082
:108AE00045F2110293420BD1524B00225A74524B61
:108AF00004225A74B7F8523019463220FCF7BCFFF2
:108B0000002387F8573088E0B7F85230002B40F048
:108B100084804FF48073BB8107F10C01B7F85430A7
:108B200002221846FFF738F93F4B5B7DDBB2002B82
:108B300004D115213D48FFF7EFF908E03A4B5B7D82
:108B4000DBB2012B03D126213948FFF7E5F90123D8
:108B5000A7F85230B7F8543045F20B0293420CD1CB
:108B6000344B0022DA72344B0122DA72B7F85230F9
:108B700019462620FCF780FF37E0B7F8543045F25D
:108B80000D0293420CD12B4B00225A732A4B012227
:108B90005A73B7F8523019462A20FCF76DFF24E0CB
:108BA000B7F8543045F20F0293420CD1214B00220A
:108BB000DA73214B0122DA73B7F8523019462E20AE
:108BC000FCF75AFF11E0B7F8543045F21102934216
:108BD0000BD1184B00225A74174B01225A74B7F864
:108BE000523019463220FCF747FF002387F85730F0
:108BF00013E0012387F8573010E000BF0EE000BFFC
:108C00000CE000BF0AE000BF08E000BF06E000BFC4
:108C100004E000BF02E000BF00E000BF97F857305B
:108C200018465837BD4680BDC03C002090F1000872
:108C3000A8F10008243C0020083C002080B582B048
:108C400000AF0023FB7110E0FB799BB203F5A0435A
:108C500098B2FB79934AD15CFB79934AD35C1A466C
:108C600000F0F6FBFB790133FB71FB79182BEBD994
:108C70008E4B1B78DBB20B2B06D108228C4947F2B6
:108C80001060FFF789F816E0884B1B78DBB20C2BDD
:108C900006D10822874947F21060FFF77DF80AE005
:108CA000824B1B78DBB2162B05D10822824947F292
:108CB0001060FFF771F87D4B5B7DDBB2002B40F05D
:108CC00025810E227D4947F21560FFF7C5F80C2279
:108CD0007B4947F21D60FFF7BFF80C22794947F244
:108CE0002560FFF7B9F80D22774947F22D60FFF7AD
:108CF000B3F80E22724947F23560FFF7ADF80B2248
:108D00006F4947F23D60FFF7A7F812226C4947F21E
:108D10004560FFF7A1F81222694947F24D60FFF75D
:108D20009BF80E22694947F26E60FFF795F80E2214
:108D3000674947F27660FFF78FF80E22654947F2E0
:108D40007E60FFF789F80E22634947F28660FFF7DD
:108D500083F805225A4947F6B000FFF77DF805224F
:108D6000574947F6B800FFF777F80522544947F608
:108D7000C000FFF771F80522514947F6C800FFF718
:108D80006BF80C22554947F63000FFF765F81022C2
:108D9000534947F64000FFF75FF81522514947F65F
:108DA0005000FFF759F80B224F4947F66000FFF7D4
:108DB00053F81622424947F67000FFF74DF8162285
:108DC0003F494FF4F140FFF747F816223C4947F678
:108DD0009000FFF741F80822394947F6A000FFF755
:108DE0003BF81C2241494FF4EE40FFF735F80E22C4
:108DF000334947F24070FFF72FF812223C4947F2FF
:108E00005070FFF729F812223A4947F26070FFF7D5
:108E100023F80E22384947F27070FFF71DF812222E
:108E200036494FF4EF40FFF717F81222344947F262
:108E30009070FFF711F81822214947F2A070FFF750
:108E40000BF818221E4947F2B070FFF705F81422FC
:108E50001B4947F2C070FEF7FFFF1422184947F282
:108E6000D070FEF7F9FF1622154947F2E070FEF7C1
:108E7000F3FF1622124947F2F070FEF7EDFF0B4B9D
:108E80001B78DBB20A2B05D808221E4947F2106076
:108E9000FEF7E2FF07221C494FF4E440FEF7DCFF37
:108EA00029E100BF243C0020083C0020C03C0020F9
:108EB000D8F10008E4F10008F0F10008FCF1000826
:108EC00004F200080CF2000818F2000824F200086E
:108ED00034F2000844F2000854F2000864F200087A
:108EE00074F2000880F200088CF2000898F2000882
:108EF000ACF20008BCF20008CCF20008D8F200087E
:108F0000E8F20008F8F2000804F30008CF4B5B7D9C
:108F1000DBB2012B40F0EF800E22CD4947F2156005
:108F2000FEF79AFF0C22CB4947F21D60FEF794FF33
:108F30000C22C94947F22560FEF78EFF0D22C74972
:108F400047F22D60FEF788FF0E22C24947F23560D6
:108F5000FEF782FF0B22BF4947F23D60FEF77CFF20
:108F60001222BC4947F24560FEF776FF1222B9494A
:108F700047F24D60FEF770FF0E22B94947F26E606E
:108F8000FEF76AFF0E22B74947F27660FEF764FFEC
:108F90000E22B54947F27E60FEF75EFF0E22B3490E
:108FA00047F28660FEF758FF0522AA4947F6B0004F
:108FB000FEF752FF0522A74947F6B800FEF74CFF1F
:108FC0000522A44947F6C000FEF746FF0522A14945
:108FD00047F6C800FEF740FF0C22A54947F63000CF
:108FE000FEF73AFF1022A34947F64000FEF734FF90
:108FF0001522A14947F65000FEF72EFF0B229F498C
:1090000047F66000FEF728FF1622924947F67000E7
:10901000FEF722FF16228F494FF4F140FEF71CFFA6
:1090200016228C4947F69000FEF716FF0822894960
:1090300047F6A000FEF710FF1C2291494FF4EE40C6
:10904000FEF70AFF0E22834947F24070FEF704FF45
:109050001222814947F25070FEF7FEFE10227F492E
:1090600047F26070FEF7F8FE0E22864947F27070F4
:10907000FEF7F2FE122284494FF4EF40FEF7ECFEB9
:109080001222824947F29070FEF7E6FE18227149DB
:1090900047F2A070FEF7E0FE18226E4947F2B0706A
:1090A000FEF7DAFE14226B4947F2C070FEF7D4FED9
:1090B0001422684947F2D070FEF7CEFE162274499A
:1090C00047F2E070FEF7C8FE1622624947F2F070E0
:1090D000FEF7C2FE5D4B1B78DBB20A2B05D80822D7
:1090E0006C4947F21060FEF7B7FE07226A494FF459
:1090F000E440FEF7B1FE0E22684947F21070FEF719
:10910000ABFE1022664947F22070FEF7A5FE0F2243
:10911000644947F23070FEF79FFE402262494FF4E7
:10912000F040FEF799FE01220021002000F090F9A6
:10913000464B9B7DDBB2012B0CD10022002147F274
:10914000986000F085F90122002147F2976000F055
:109150007FF90BE00122002147F2986000F078F9D6
:109160000022002147F2976000F072F9374B93F824
:109170003330DBB2012B0CD10122002147F2996080
:1091800000F066F90022002147F29A6000F060F9D1
:109190000BE00022002147F2996000F059F901220A
:1091A000002147F29A6000F053F9284B9B7EDBB216
:1091B000012B0CD10122002147F29B6000F048F9FD
:1091C0000022002147F29C6000F042F90BE00022EF
:1091D000002147F29B6000F03BF90122002147F299
:1091E0009C6000F035F9194B1B7DDBB2032B5DD081
:1091F000032B6EDC012B02D0022B13D069E001227D
:10920000002147F2946000F023F90022002147F288
:10921000956000F01DF90022002147F2966000F0F1
:1092200017F956E00022002147F2946000F010F98F
:109230000122002147F2956000F00AF90022002186
:1092400047F2966000F004F943E000BFC03C002004
:109250000CF3000814F300081CF3000830F30008B6
:1092600044F3000854F3000864F3000874F30008A2
:1092700084F3000894F30008A8F30008C0F3000882
:10928000CCF30008ECF30008FCF3000810F400082D
:1092900004F2000820F400082CF4000834F400085C
:1092A00044F4000858F4000880EF00080022002170
:1092B00047F2946000F0CCF80022002147F295605C
:1092C00000F0C6F80122002147F2966000F0C0F8D5
:1092D00000BF394B93F82730DBB21A46002147F61E
:1092E000201000F0B5F8344B93F82830DBB21A4662
:1092F000002147F6211000F0ABF82F4B93F82A30ED
:10930000DBB21A46002147F6221000F0A1F82A4BE2
:1093100093F82E30DBB21A46002147F6231000F0F6
:1093200097F8254B93F82B30DBB21A46002147F60D
:10933000241000F08DF8204B93F82C30DBB21A4645
:10934000002147F6251000F083F81B4B93F82D30D1
:10935000DBB21A46002147F6261000F079F8164BCA
:1093600093F82F30DBB21A46002147F6271000F0A1
:109370006FF8114B93F83030DBB21A46002147F6F4
:10938000281000F065F80C4B93F83130DBB21A4628
:10939000002147F6291000F05BF8074B93F83230B4
:1093A000DBB21A46002147F62A1000F051F800BF40
:1093B0000837BD4680BD00BFC03C002080B586B0E8
:1093C00000AF0346FB800B467B7113463B710323C2
:1093D000FB75FB7D5A1CFA7518333B44822203F857
:1093E0000C2CFB881B0A9AB2FB7D591CF975D2B272
:1093F00018333B4403F80C2CFB7D5A1CFA75FA8891
:10940000D2B218333B4403F80C2CFB7D5A1CFA757E
:1094100018333B447A7903F80C2CFB7D5A1CFA75FF
:1094200018333B443A7903F80C2C5A233B73A52399
:109430007B73FB7D033BDBB2BB73FA7D07F10C034F
:1094400011461846FEF73CFC00BF1837BD4680BDEC
:1094500080B586B000AF0346FB800B467B71134698
:109460003B710323FB75FB7D5A1CFA7518333B4493
:10947000822203F80C2CFB881B0A9AB2FB7D591C34
:10948000F975D2B218333B4403F80C2CFB7D5A1CFF
:10949000FA75FA88D2B218333B4403F80C2CFB7DE2
:1094A0005A1CFA7518333B447A7903F80C2CFB7D6F
:1094B0005A1CFA7518333B443A7903F80C2C5A239A
:1094C0003B73A5237B73FB7D033BDBB2BB73FA7D50
:1094D00007F10C031146184601F06EF800BF18376B
:1094E000BD4680BD80B582B000AF0346FB71FB79FD
:1094F000032B2CD0032B3DDC012B02D0022B13D0ED
:1095000038E00122002147F29460FFF757FF002264
:10951000002147F29560FFF751FF0022002147F23A
:109520009660FFF74BFF25E00022002147F2946090
:10953000FFF744FF0122002147F29560FFF73EFF4D
:109540000022002147F29660FFF738FF12E0002268
:10955000002147F29460FFF731FF0022002147F21B
:109560009560FFF72BFF0122002147F29660FFF77D
:1095700025FF00BF00BF0837BD4680BD80B582B063
:1095800000AF0346FB71FB79022B23D0022B2EDCAC
:10959000002B02D0012B10D029E00122002147F23C
:1095A0009860FFF70BFF0022002147F29760FFF75A
:1095B00005FF114B00229A7519E00022002147F2A5
:1095C0009860FFF7FBFE0122002147F29760FFF74A
:1095D000F5FE0CE00022002147F29860FFF7EEFE56
:1095E0000022002147F29760FFF7E8FE00BF00BFAE
:1095F0000837BD4680BD00BFC03C002080B584B0A8
:1096000000AF03460A46FB711346BB71FB790B2B77
:109610000ED847F26063FB81FB799AB2FB89134451
:10962000FB81BA79FB8900211846FFF7C7FE0FE0DE
:1096300047F6D003FB81FB799AB2FB8913449BB2B6
:109640000C3BFB81BA79FB8900211846FFF7B6FE77
:1096500000BF1037BD4680BD80B59CB000AF92E121
:10966000FB79832B40F08F813B7A1B021AB27B7A05
:109670001BB213431BB2A7F86C303B1D1846FEF714
:109680009FFC0346002B00D17DE1002387F86F305B
:1096900027E097F86F305B00073370333B4413F8D3
:1096A0006C3C1B021AB297F86F305B0008337033C2
:1096B0003B4413F86C3C1BB213431BB29BB27B8040
:1096C00097F86F309AB2B7F86C3013449BB27A882F
:1096D00011461846FBF7F0FC97F86F30013387F816
:1096E0006F30BB7A97F86F209A42D2D3B7F86C30BC
:1096F00045F6FF7293428CBF01230023DAB2B7F81C
:109700006C3046F6FF718B4294BF01230023DBB21D
:109710001340DBB2002B09D0B7F86C30A3F5C0437F
:10972000A04A52F82330BA1C104698479E4B00229C
:109730001A60B7F86C3045F69912934210D8B7F812
:109740006C30B3F5A04F0BD3B7F86C30DBB25B00D5
:10975000DBB21033DBB27A8811461846FCF78CF97D
:10976000B7F86C3047F61212934200F30B81B3F551
:10977000F24F21DA47F29262934200F3038147F2FB
:109780008E62934246DA47F20402934200F09180DF
:1097900047F20402934200F3F58047F2020293423B
:1097A0007DD047F20202934200F3EC80142B45D0A7
:1097B000B3F5E04F69D0E5E0A3F5F243122B00F2D8
:1097C000E18001A252F823F02B9900083599000896
:1097D00085990008859900088599000885990008F1
:1097E00085990008859900088599000885990008E1
:1097F00085990008859900088599000885990008D1
:1098000085990008859900083F9900084799000844
:109810007B990008A3F5ED430E3B042B00F2B280C8
:1098200001A252F823F000BFC7980008D79800089B
:10983000859900081D99000823990008FB7A1B02EE
:109840001AB23B7B1BB213431BB29AB2574B1A801E
:10985000564B1B880C2B03D0544B1B883E2B10D12E
:10986000534B1B78DBB2092B04D9514B1B7DDBB268
:10987000012B03D14D4B20221A8002E04B4B0022DA
:109880001A800C20FEF740FA7CE00622494947F294
:109890000550FEF781FA464B01225A7072E006220B
:1098A000444947F22050FEF777FA414B02225A70A2
:1098B00068E006223F4947F22350FEF76DFA3C4B21
:1098C00003225A705EE0FEF7A1F80346012B64D034
:1098D000F8F7C2F856E00020F7F7CAFD0020F7F7C6
:1098E00065FD03461A46344B1B8813449AB2324B2B
:1098F0001A80314B1B88194645F21200FBF7DCFB3E
:109900002D4B1B881B0A9BB2DBB22B4A1288D2B2AA
:10991000194645F21200FFF751FD33E0F8F79CF8C5
:1099200030E00020F7F7A4FD2CE0214B012283F862
:10993000412027E01E4B002283F8412022E01F4BEC
:1099400001221A701EE01D4B01221A701C4BD3E934
:10995000002340F6B8318A4273F1000311D318494D
:109960004FF000024FF00003C1E90023134B002227
:109970001A700D20FEF7C8F903E0104B00221A7090
:1099800000E000BF00BF3B1D19460E48F8F785FFF9
:109990000346002B7FF464AE00E000BF7037BD4685
:1099A00080BD00BF000000206C3D0020683D00200D
:1099B000C03C0020D0F100086A3D0020703D00202E
:1099C000783D00204C2F002080B584B000AF0123EB
:1099D0007B600323FB604FF480533B603B4619469A
:1099E000034801F08DFD00BF1037BD4680BD00BFAC
:1099F0000008014080B584B000AF00237B600123E4
:109A0000BB604FF480533B603B461946034801F06E
:109A100077FD00BF1037BD4680BD00BF0008014084
:109A200080B586B000AF194B9B69184A43F0040318
:109A30009361164B9B6903F004037B607B680123F1
:109A4000FB6003237B614FF48053BB6007F1080385
:109A500019460F4801F054FD4FF40063BB6007F155
:109A6000080319460A4801F04BFD01224FF48051CA
:109A7000074801F0F4FE01224FF40061044801F0B0
:109A8000EEFE00BF1837BD4680BD00BF001002408B
:109A90000008014080B500AFFFF796FF01224FF4A8
:109AA00080510E4801F0DBFE01224FF400610B48AB
:109AB00001F0D5FE042000F0B1FD00224FF48051EA
:109AC000064801F0CCFE042000F0A8FD00224FF46F
:109AD0000061024801F0C3FE00BF80BD00080140E4
:109AE00080B500AFFFF770FF00224FF400610E4811
:109AF00001F0B5FE00224FF480510B4801F0AFFE9B
:109B0000042000F08BFD01224FF40061064801F0B3
:109B1000A6FE01224FF48051034801F0A0FE04206C
:109B200000F07CFD00BF80BD0008014080B582B020
:109B300000AF0023FB71FFF75DFF01224FF480515E
:109B4000164801F08CFE012000F068FD01224FF460
:109B50000061124801F083FE012000F05FFD09E082
:109B6000FB790133FB71FB79FA2B03D9FFF7B8FFBF
:109B700001230EE04FF48051084801F059FE0346DE
:109B8000002BEDD100224FF40061044801F067FE84
:109B9000002318460837BD4680BD00BF00080140BD
:109BA00080B500AF00224FF400610F4801F057FE6E
:109BB000FFF70AFF00224FF480510B4801F04FFEDF
:109BC000022000F02BFD01224FF40061064801F055
:109BD00046FE022000F022FD00224FF40061024800
:109BE00001F03DFE00BF80BD0008014080B500AF20
:109BF00000224FF400610F4801F031FEFFF7E4FE50
:109C000001224FF480510B4801F029FE022000F0A0
:109C100005FD01224FF40061064801F020FE0220FC
:109C200000F0FCFC00224FF40061024801F017FE36
:109C300000BF80BD0008014080B584B000AF03467E
:109C4000FB71FFF7C1FE00224FF400611C4801F0D8
:109C500006FE0023FB732BE097F90730002B06DA92
:109C600001224FF48051164801F0F9FD05E0002271
:109C70004FF48051124801F0F2FDFB795B00FB715B
:109C8000022000F0CBFC01224FF400610C4801F0EF
:109C9000E6FD022000F0C2FC00224FF400610848FB
:109CA00001F0DDFD022000F0B9FCFB7B0133FB730A
:109CB000FB7B072BD0D900BF00BF1037BD4680BD4E
:109CC0000008014080B584B000AF0346FB7100235B
:109CD000BB73FFF78FFE0023FB7322E000224FF4DB
:109CE0000061184801F0BBFD022000F097FC012242
:109CF0004FF40061134801F0B2FDBB7B5B00BB7306
:109D00004FF480510F4801F093FD0346002B02D021
:109D1000BB7B0133BB73012000F080FCFB7B013374
:109D2000FB73FB7B072BD9D9FB79002B02D1FFF703
:109D30005DFF01E0FFF734FFBB7B18461037BD46DF
:109D400080BD00BF0008014080B586B000AF124B57
:109D50009B69114A43F0100393610F4B9B6903F019
:109D600010037B607B680123FB604FF48043BB6082
:109D700000233B6103237B6107F108031946074871
:109D800001F0BEFB054BDB68044A23F48043D3603B
:109D900000BF1837BD4680BD0010024000100140D2
:109DA00080B582B000AF78600D4B1B78002B09D0D6
:109DB0000B4B00221A7000224FF48041094801F039
:109DC0004EFD08E0064B01221A7001224FF480413B
:109DD000044801F044FD00BF0837BD4680BD00BF08
:109DE000803D00200010014080B586B000AF3A4BA6
:109DF0009B69394A43F4FE7393610123BB600023DE
:109E0000FB6003233B610023FB7522E0FB7D334AAB
:109E10005B01134404331B887B60FB7D2F4A5B018D
:109E200013441B683A1D1146184601F069FBFB7D7F
:109E30002A4A5B0113441868FB7D284A5B011344DE
:109E400004331B880022194601F009FDFB7D013314
:109E5000FB75FB7D032BD9D90023FB7514E0FB7D3B
:109E60001E4A5B0113440C331B887B60FB7D1B4A3D
:109E70005B01134408331B683A1D1146184601F074
:109E80003FFBFB7D0133FB75FB7D032BE7D94023B3
:109E90007B60134A3B1D1946104601F031FB082335
:109EA0007B60104A3B1D1946104601F029FB4FF418
:109EB00080537B600C4A3B1D1946104601F020FB85
:109EC00010237B60074A3B1D1946104601F018FB22
:109ED00000BF1837BD4680BD0010024024050108B0
:109EE00000140140001801400010014080B582B00C
:109EF00000AF03460A46FB711346BB71BB79002BCA
:109F00000FD0FB79104A5B0113441868FB790E4AA5
:109F10005B01134404331B880122194601F09FFCA6
:109F20000EE0FB79084A5B0113441868FB79064A86
:109F30005B01134404331B880022194601F08FFC97
:109F400000BF0837BD4680BD2405010880B582B03A
:109F500000AF03460A46FB711346BB71BB79013B58
:109F6000BB71BB79032B00F28F8001A252F823F062
:109F7000819F0008C39F000805A0000847A00008B3
:109F8000FB79544A5B01134410331868FB79514A3A
:109F90005B01134414331B880022194601F05FFC57
:109FA000FB794C4A5B01134418331868FB79494A22
:109FB0005B0113441C331B880022194601F04FFC3F
:109FC00083E0FB79434A5B01134410331868FB7943
:109FD000404A5B01134414331B880122194601F0E7
:109FE0003EFCFB793B4A5B01134418331868FB794C
:109FF000384A5B0113441C331B880022194601F0C8
:10A000002EFC62E0FB79334A5B011344103318687D
:10A01000FB79304A5B01134414331B880022194634
:10A0200001F01DFCFB792B4A5B01134418331868BF
:10A03000FB79284A5B0113441C331B880122194613
:10A0400001F00DFC41E0FB79224A5B01134410331F
:10A050001868FB791F4A5B01134414331B880122E3
:10A06000194601F0FCFBFB791A4A5B0113441833D3
:10A070001868FB79174A5B0113441C331B880122C3
:10A08000194601F0ECFB20E0FB79124A5B01134416
:10A0900010331868FB790F4A5B01134414331B8893
:10A0A0000122194601F0DBFBFB790A4A5B011344EC
:10A0B00018331868FB79074A5B0113441C331B886B
:10A0C0000122194601F0CBFB00BF00BF0837BD4697
:10A0D00080BD00BF2405010880B582B000AF0346F3
:10A0E0000A46FB711346BB71FB79094A5B011344B5
:10A0F00008331868FB79064A5B0113440C331B884C
:10A10000BA79194601F0ABFB00BF0837BD4680BDE8
:10A110002405010880B586B000AF164B9B69154A2F
:10A1200043F008039361134B9B6903F008033B6002
:10A130003B680023BB600123FB600023FB7511E03B
:10A14000FB7D0D4ADB0013449B887B60FB7D0A4A44
:10A1500052F833303A1D1146184601F0D1F9FB7D13
:10A160000133FB75FB7D012BEAD900BF00BF183717
:10A17000BD4680BD00100240A405010880B594B022
:10A1800000AF07F1400300221A605A609A60DA605B
:10A1900007F1380300221A605A6007F11C030022FD
:10A1A0001A605A609A60DA601A615A619A613B4695
:10A1B00000221A605A609A60DA601A615A619A61E4
:10A1C0002E4B2F4A1A602D4B40F267125A602B4BD0
:10A1D00000229A60294B42F20F72DA60274B00226C
:10A1E0001A61264B00225A61244B80229A6123482F
:10A1F00001F06EFF4FF480533B6407F140031946B2
:10A200001E4802F01FF91D4801F096FF0023BB63B2
:10A210000023FB6307F138031946184802F05FFD7D
:10A220006023FB6141F287333B6200237B620023A2
:10A23000BB620023FB6200233B6300237B6307F1C7
:10A240001C03002219460D4802F036F800233B603B
:10A2500000237B600023BB600023FB6000233B6185
:10A260004FF400537B610023BB613B461946034812
:10A2700002F0DDFC00BF5037BD4680BD843D0020AC
:10A28000002C014080B586B000AF07F10803002222
:10A290001A605A609A60DA601F4B9B691E4A43F04D
:10A2A000040393611C4B9B6903F004037B607B6890
:10A2B000194B9B69184A43F400639361164B9B69E1
:10A2C00003F400633B603B68FFF758FF134B1B69C7
:10A2D000124A23F002031361104BDB680F4A43F06C
:10A2E0000203D360002201211B2000F0FCFF1B2091
:10A2F00001F015F84FF48073BB600223FB6002236A
:10A300007B6107F108031946054801F0F9F800BF21
:10A310001837BD4680BD00BF00100240002C014030
:10A320000008014080B500AF044B00221A600021F4
:10A33000034801F035FF00BF80BD00BFC43D0020D1
:10A34000843D002080B500AF0021024801F05CFF91
:10A3500000BF80BD843D002080B596B000AF304B7B
:10A360009B692F4A43F4804393612D4B9B6903F40F
:10A3700080437B607B682A4B9B69294A43F0040336
:10A380009361274B9B6903F004033B603B68022306
:10A39000FB604FF40073BB6001233B6103237B61CF
:10A3A00007F1080319461F4801F0AAF80023FB60D3
:10A3B0004FF48063BB6007F108031946194801F0A8
:10A3C0009FF8194BBB614FF4E133FB6100233B6203
:10A3D00000237B620023BB620C23FB6200233B63F0
:10A3E00000237B63104B1B680F4A23F0200313608C
:10A3F000BB69DA68BB6942F02002DA60252000F010
:10A400008EFF03220121252000F06DFF07F11803C4
:10A41000184602F0A8FC00BF5837BD4680BD00BFFB
:10A4200000100240000801400038014080B483B0B1
:10A4300000AF78600B46FB7010E07B681A780C4B1D
:10A440005A607B6801337B6000BF094B1B6803F0D7
:10A450008003802BF9D1FB78013BFB70FB78002B4C
:10A46000EBD100BF00BF0C37BD4680BC704700BFBA
:10A470000038014080B582B000AF154B5B69144ACB
:10A4800043F001035361124B5B6903F001037B60EE
:10A490007B6800220121112000F025FF112000F02F
:10A4A0003EFF0C4B5B690B4A43F0800353610A4B40
:10A4B0000A4A9A60084B0A4ADA60074B1B68064A48
:10A4C00043F09003136000BF0837BD4680BD00BF56
:10A4D000001002400044004080000240044400405C
:10A4E000C83D002080B596B000AF304BDB692F4AE5
:10A4F00043F40033D3612D4BDB6903F400337B60FD
:10A500007B682A4B9B69294A43F004039361274BDC
:10A510009B6903F004033B603B680223FB60042358
:10A52000BB6001233B6103237B6107F108031946EC
:10A530001F4800F0E5FF0023FB600823BB6007F124
:10A54000080319461A4800F0DBFF1A4BBB614FF4B1
:10A55000E133FB6100233B6200237B620023BB628B
:10A560000C23FB6200233B6300237B63114B1B68BE
:10A57000104A23F020031360BB69DA68BB6942F01C
:10A580002002DA60262000F0CAFE032201212620E4
:10A5900000F0A9FE07F11803184602F0E4FBFFF7EC
:10A5A00069FF00BF5837BD4680BD00BF00100240A4
:10A5B000000801400044004080B483B000AF7860E0
:10A5C0000B46FB7010E07B681A780C4B5A607B6876
:10A5D00001337B6000BF094B1B6803F08003802BB5
:10A5E000F9D1FB78013BFB70FB78002BEBD100BF6E
:10A5F00000BF0C37BD4680BC704700BF0044004020
:10A6000080B400AF044B5B68034A43F0807353602F
:10A6100000BFBD4680BC70470000024080B485B0DA
:10A6200000AF0346FB800BE03223FB7302E0FB7BB1
:10A63000013BFB73FB7B002BF9D1FB88013BFB80CB
:10A64000FB88002BF0D100BF00BF1437BD4680BC93
:10A65000704780B582B000AF0346FB8005E0642000
:10A66000FFF7DCFFFB88013BFB80FB88002BF6D16A
:10A6700000BF00BF0837BD4680BD000080B58CB06C
:10A6800000AF5A4B9B69594A43F004039361574BFF
:10A690009B6903F00403BB61BB69544B9B69534A3C
:10A6A00043F008039361514B9B6903F008037B61FE
:10A6B0007B694E4B9B694D4A43F0100393614B4BB2
:10A6C0009B6903F010033B613B69484B9B69474A18
:10A6D00043F020039361454B9B6903F02003FB602B
:10A6E000FB68424B9B69414A43F0400393613F4BF7
:10A6F0009B6903F04003BB60BB683C4B9B693B4AD2
:10A7000043F001039361394B9B6903F001037B60C4
:10A710007B68374B5B68364A43F00073536008230D
:10A7200087F82F3013E097F82F30324A52F8330071
:10A7300097F82F302F4ADB0013449B8801221946DB
:10A7400001F08DF897F82F30013387F82F3097F804
:10A750002F300F2BE7D901233B620323BB62082371
:10A7600087F82F3016E097F82F30224ADB00134489
:10A770009B88FB6197F82F301E4A52F8333007F15F
:10A780001C021146184600F0BBFE97F82F3001332B
:10A7900087F82F3097F82F300F2BE4D900233B6236
:10A7A00001237B62002387F82F3016E097F82F30C3
:10A7B000104ADB0013449B88FB6197F82F300D4A49
:10A7C00052F8333007F11C021146184600F098FE8B
:10A7D00097F82F30013387F82F3097F82F30072B59
:10A7E000E4D900BF00BF3037BD4680BD0010024035
:10A7F00000000140B405010880B582B000AF0346F7
:10A800000A46FB711346BB71BB79002B11D0012B9B
:10A810001FD1FB790833114A52F83300FB79083312
:10A820000E4ADB0013449B880122194601F017F8F9
:10A830000FE0FB790833094A52F83300FB790833FB
:10A84000064ADB0013449B880022194601F007F8F2
:10A8500000BF00BF0837BD4680BD00BFB40501087A
:10A8600080B584B000AF0346FB710123FB73FB7915
:10A870000A4A52F83320FB790849DB000B449B88D5
:10A880001946104600F0D4FF0346002B01D10023E7
:10A89000FB73FB7B18461037BD4680BDB40501082D
:10A8A00080B584B000AF0346FB710123FB73FB79D5
:10A8B0000833144A52F83320FB7908331149DB007E
:10A8C0000B449B881946104600F0B2FF0346002B4C
:10A8D00013D1FB7908330B4A52F83320FB79083344
:10A8E0000849DB000B449B881946104600F0A0FF86
:10A8F0000346002B01D10023FB73FB7B1846103766
:10A90000BD4680BDB405010880B58CB000AF5D4B7D
:10A910009B695C4A43F0040393615A4B9B6903F0C3
:10A920000403BB61BB69574B9B69564A43F008035C
:10A930009361544B9B6903F008037B617B69514B26
:10A940009B69504A43F0100393614E4B9B6903F09F
:10A9500010033B613B694B4B9B694A4A43F0200320
:10A960009361484B9B6903F02003FB60FB68454BF8
:10A970009B69444A43F040039361424B9B6903F057
:10A980004003BB60BB683F4B9B693E4A43F080037A
:10A9900093613C4B9B6903F080037B607B68394B80
:10A9A0009B69384A43F480739361364B9B6903F487
:10A9B00080733B603B680C2387F82F3013E097F8D7
:10A9C0002F30314A52F8330097F82F302E4ADB00EF
:10A9D00013449B880122194600F041FF97F82F305D
:10A9E000013387F82F3097F82F30132BE7D9012345
:10A9F0003B620323BB620C2387F82F3016E097F8E5
:10AA00002F30214ADB0013449B88FB6197F82F30DD
:10AA10001D4A52F8333007F11C021146184600F067
:10AA20006FFD97F82F30013387F82F3097F82F30CC
:10AA3000132BE4D900233B6201237B62002387F8B8
:10AA40002F3016E097F82F300F4ADB0013449B8815
:10AA5000FB6197F82F300C4A52F8333007F11C0293
:10AA60001146184600F04CFD97F82F30013387F857
:10AA70002F3097F82F300B2BE4D900BF00BF3037B1
:10AA8000BD4680BD001002403406010880B582B08A
:10AA900000AF03460A46FB711346BB71BB79002B1E
:10AAA00002D0012B10D01FE0FB790B33104A52F873
:10AAB0003300FB790B330E4ADB0013449B880022E2
:10AAC000194600F0CCFE0FE0FB790B33084A52F830
:10AAD0003300FB790B33064ADB0013449B880122C9
:10AAE000194600F0BCFE00BF00BF0837BD4680BD60
:10AAF0003406010880B584B000AF0346FB71012322
:10AB0000FB73FB79013B0B4A52F83320FB79013B85
:10AB10000849DB000B449B881946104600F088FE6C
:10AB20000346002B01D10023FB73FB7B1846103733
:10AB3000BD4680BD3406010880B584B000AF034631
:10AB4000FB710123FB73FB790B33144A52F833205A
:10AB5000FB790B331149DB000B449B8819461046E7
:10AB600000F066FE0346002B13D1FB790B330B4A32
:10AB700052F83320FB790B330849DB000B449B88E8
:10AB80001946104600F054FE0346002B01D1002365
:10AB9000FB73FB7B18461037BD4680BD34060108A9
:10ABA00080B58EB000AF07F1280300221A605A600A
:10ABB0009A60DA6007F1200300221A605A603B1D98
:10ABC00000221A605A609A60DA601A615A619A61CA
:10ABD0001F4B4FF080421A601D4B40F267125A60C3
:10ABE0001B4B00229A601A4B42F20F72DA60184B2C
:10ABF00000221A61164B80229A61154801F068FA0A
:10AC00004FF48053BB6207F128031946104801F046
:10AC100019FC0F4801F090FA00233B6200237B628D
:10AC200007F1200319460A4802F059F860237B60B7
:10AC30000923BB600023FB6000237B613B1D0022D6
:10AC40001946034801F038FB00BF3837BD4680BDC8
:10AC5000E83D002080B586B000AF07F10803002270
:10AC60001A605A609A60DA60204B9B691F4A43F071
:10AC7000040393611D4B9B6903F004037B607B68B5
:10AC80001A4BDB69194A43F00103D361174BDB69A7
:10AC900003F001033B603B680123BB600223FB60C0
:10ACA00002237B6107F108031946114800F028FCD4
:10ACB000FFF776FF4FF080431B694FF0804223F08F
:10ACC000010313614FF08043DB684FF0804243F093
:10ACD0000103D360002202211C2000F004FB1C2091
:10ACE00000F01DFB00BF1837BD4680BD00100240BC
:10ACF0000008014080B500AF044B00221A6000211B
:10AD0000034801F04DFA00BF80BD00BF283E00207F
:10AD1000E83D002080B500AF0021024801F074FA40
:10AD200000BF80BDE83D002080B58AB000AF07F1CC
:10AD3000200300221A605A603B1D00221A605A60EC
:10AD40009A60DA601A615A619A611A4B1A4A1A605B
:10AD5000184B40F267125A60164B00229A60154B4E
:10AD600040F2E732DA60134B00221A61114B802265
:10AD70009A61104801F0E0F900233B6200237B62F6
:10AD800007F1200319460B4801F0A9FF60237B60FF
:10AD900040F2F313BB600023FB6000237B613B1D8B
:10ADA00008221946034801F087FA00BF2837BD463C
:10ADB00080BD00BF2C3E00200004004080B586B05E
:10ADC00000AF07F1080300221A605A609A60DA6047
:10ADD0001E4BDB691D4A43F00203D3611B4BDB6949
:10ADE00003F002037B607B68184B9B69174A43F0B2
:10ADF00008039361154B9B6903F008033B603B68B4
:10AE00000123BB600223FB6002237B6107F108037F
:10AE100019460F4800F074FBFFF786FF0D4B1B69C6
:10AE20000C4A23F0010313610A4BDB68094A43F023
:10AE30000103D360012202211D2000F054FA1D20DD
:10AE400000F06DFA00BF1837BD4680BD001002400B
:10AE5000000C01400004004080B500AF044B00220C
:10AE60001A600821034801F09BF900BF80BD00BFB4
:10AE70006C3E00202C3E002080B500AF0821024827
:10AE800001F0C2F900BF80BD2C3E002080B58AB021
:10AE900000AF07F1200300221A605A603B1D002218
:10AEA0001A605A609A60DA601A615A619A611A4BA4
:10AEB0001A4A1A60184B40F267125A60164B002269
:10AEC0009A60154B40F2E732DA60134B00221A61A8
:10AED000114B80229A61104801F02EF900233B6249
:10AEE00000237B6207F1200319460B4801F0F7FEAF
:10AEF00060237B6040F2E733BB600023FB600023EC
:10AF00007B613B1D00221946034801F0D5F900BFC3
:10AF10002837BD4680BD00BF703E002000080040BD
:10AF200080B586B000AF07F1080300221A605A60AE
:10AF30009A60DA601E4B9B691D4A43F008039361D7
:10AF40001B4B9B6903F008037B607B68184BDB6934
:10AF5000174A43F00403D361154BDB6903F0040384
:10AF60003B603B684023BB600223FB6002237B61A4
:10AF700007F1080319460F4800F0C2FAFFF786FFF1
:10AF80000D4B1B690C4A23F0010313610A4BDB686C
:10AF9000094A43F00103D360032202211E2000F07E
:10AFA000A2F91E2000F0BBF900BF1837BD4680BDD6
:10AFB00000100240000C01400008004080B500AFC6
:10AFC000044B00221A600021034801F0E9F800BF99
:10AFD00080BD00BFB03E0020703E002080B500AFB5
:10AFE0000021024801F010F900BF80BD703E002032
:10AFF00080B586B000AF07F1080300221A605A60DE
:10B000009A60DA603B4600221A605A60164B174A73
:10B010001A60154B41F61F425A60134B00229A608A
:10B02000114B41F28732DA600F4B00221A610E4B4E
:10B0300080229A610C4801F04BF84FF48053BB60BA
:10B0400007F108031946084801F0FCF900233B60AA
:10B0500000237B603B461946034801F040FE00BFD9
:10B060001837BD4680BD00BFB43E0020000C004034
:10B0700080B582B000AF134BDB69124A43F008037E
:10B08000D361104BDB6903F008037B607B68FFF73B
:10B09000AFFF0D4B1B690C4A23F0010313610A4BF0
:10B0A000DB68094A43F00103D36000220321322008
:10B0B00000F019F9322000F032F900BF0837BD4620
:10B0C00080BD00BF00100240000C004080B582B07F
:10B0D00000AF7860124B1A68124B1B7819464FF478
:10B0E0007A73B3FBF1F3B2FBF3F3184600F025F9E2
:10B0F0000346002B01D001230EE07B680F2B0AD8FA
:10B10000002279684FF0FF3000F0EDF8064A7B68C6
:10B110001360002300E0012318460837BD4680BDB8
:10B1200020020020040100200001002080B400AFB4
:10B13000024B1B681846BD4680BC7047F43E002099
:10B1400080B485B000AF78607B6803F00703FB60D4
:10B150000C4BDB68BB60BA684FF6FF031340BB6063
:10B16000FB681A02BB68134343F0BF6343F4003328
:10B17000BB60044ABB68D36000BF1437BD4680BCC7
:10B18000704700BF00ED00E080B400AF044BDB6807
:10B190001B0A03F007031846BD4680BC704700BF7A
:10B1A00000ED00E080B483B000AF0346FB71FB7993
:10B1B00003F01F02064997F907305B09012000FAE6
:10B1C00002F241F8232000BF0C37BD4680BC704717
:10B1D00000E100E080B483B000AF03463960FB714A
:10B1E00097F90730002B0BDA3B68DAB20C49FB7990
:10B1F00003F00F03043B1201D2B20B441A7609E0AC
:10B200003B68DAB2074997F907301201D2B20B4412
:10B2100083F8002300BF0C37BD4680BC704700BFD9
:10B2200000ED00E000E100E080B489B000AFF8601C
:10B23000B9607A60FB6803F00703FB61FB69C3F147
:10B240000703042B28BF0423BB61FB690433062BCF
:10B2500002D9FB69033B00E000237B614FF0FF3222
:10B26000BB6902FA03F3DA43BB681A407B699A4070
:10B270004FF0FF317B6901FA03F3D9437B680B4040
:10B28000134318462437BD4680BC704780B582B052
:10B2900000AF78607B68013BB3F1807F01D301236D
:10B2A0000FE00A4A7B68013B53600F214FF0FF30EB
:10B2B000FFF790FF054B00229A60044B07221A60AB
:10B2C000002318460837BD4680BD00BF10E000E0EF
:10B2D00080B582B000AF78607868FFF731FF00BFBB
:10B2E0000837BD4680BD80B586B000AF0346B96063
:10B2F0007A60FB7300237B61FFF746FF78617A6811
:10B30000B9687869FFF790FF024697F90F30114648
:10B310001846FFF75FFF00BF1837BD4680BD80B5F8
:10B3200082B000AF0346FB7197F907301846FFF76C
:10B3300039FF00BF0837BD4680BD80B582B000AF81
:10B3400078607868FFF7A2FF034618460837BD46C5
:10B3500080BD80B582B000AF78607B68002B01D1E2
:10B36000012314E07B681B79DBB2002B05D17B68DD
:10B3700000225A717868FCF7FFFB7B6802221A7181
:10B380007B6800221A617B6801221A71002318462B
:10B390000837BD4680BD80B483B000AF78603960A7
:10B3A0007B685B79012B01D1022339E07B680122A4
:10B3B0005A717B6802221A717B681B681968012226
:10B3C0003B689A407B681B680A431A603B68002B05
:10B3D0000FD17B681B681B6803F03C033C2B18D122
:10B3E0007B681B685A687B681B6842F001025A60E0
:10B3F0000FE07B681B681B6803F47013B3F5701FC4
:10B4000007D17B681B685A687B681B6842F00202A0
:10B410005A607B6801221A717B6800225A710023EE
:10B4200018460C37BD4680BC704780B487B000AF6B
:10B43000F860B9607A6000237B61FB685B79012B5F
:10B4400001D1022332E0FB6801225A71FB6802221B
:10B450001A71BB681A68BB685B6813437A69134347
:10B460007B61FB681B681A6840F6FE717B6801FA15
:10B4700003F3DB4302EA03017A697B689A40FB68C5
:10B480001B680A431A60FB681B681968C0227B6846
:10B4900002FA03F3DA43FB681B680A401A60FB6890
:10B4A00001221A71FB6800225A71002318461C37CA
:10B4B000BD4680BC704780B487B000AFF860B9600B
:10B4C0007A603B6000237B61FB681B687B61BB6823
:10B4D000002B05D17A697B68134408337B6104E053
:10B4E0007A697B68134414337B617B691A463B6835
:10B4F0001360002318461C37BD4680BC704700000F
:10B5000080B48BB000AF786039600023FB6100230A
:10B51000BB6100237B6100233B6200233B6100236E
:10B520007B6279E101227B6A02FA03F3FB613B68EB
:10B530001B68FA691340BB61BA69FB699A4240F023
:10B5400068813B685B68964A93425ED0944A934216
:10B5500075D8944A934258D0924A93426FD8924AEF
:10B56000934252D0904A934269D8904A93424CD029
:10B570008E4A934263D88E4A934246D08C4A934275
:10B580005DD8122B2AD8122B59D801A252F823F0D9
:10B590000BB60008E5B50008F7B5000839B6000895
:10B5A0003FB600083FB600083FB600083FB60008A7
:10B5B0003FB600083FB600083FB600083FB6000897
:10B5C0003FB600083FB600083FB600083FB6000887
:10B5D0003FB60008EDB5000801B60008754A934271
:10B5E00013D02CE03B68DB683B6229E03B68DB68FA
:10B5F00004333B6224E03B68DB6808333B621FE0B6
:10B600003B68DB680C333B621AE03B689B68002BAD
:10B6100002D104233B6213E03B689B68012B05D1F8
:10B6200008233B627B68FA691A6109E008233B62E0
:10B630007B68FA695A6103E000233B6200E000BFC7
:10B64000BB69FF2B01D87B6801E07B680433FB609A
:10B65000BB69FF2B02D87B6A9B0002E07B6A083B38
:10B660009B003B61FB681A680F213B6901FA03F3F9
:10B67000DB431A40396A3B6901FA03F31A43FB685A
:10B680001A603B685B6803F08053002B00F0C180B8
:10B69000494B9B69484A43F001039361464B9B69C0
:10B6A00003F00103BB60BB68444A7B6A9B0802331A
:10B6B00052F823307B617B6A03F003039B000F2267
:10B6C00002FA03F3DB437A6913407B617B683C4AEF
:10B6D00093421FD07B683B4A934219D07B683A4A19
:10B6E000934213D07B68394A93420DD07B68384A25
:10B6F000934207D07B68374A934201D105230AE081
:10B70000062308E0042306E0032304E0022302E00A
:10B71000012300E000237A6A02F0030292009340C2
:10B720007A6913437B6125497B6A9B0802337A69F6
:10B7300041F823203B685B6803F48033002B06D07C
:10B74000254B1A682449BB6913430B6006E0224B62
:10B750001A68BB69DB43204913400B603B685B6898
:10B7600003F40033002B06D01B4B5A681A49BB69FF
:10B7700013434B6006E0184B5A68BB69DB4316491C
:10B7800013404B603B685B6803F48013002B25D0AB
:10B79000114B9A681049BB6913438B6025E000BFC9
:10B7A00000003210000031100000221000002110B3
:10B7B00000001210000011100010024000000140B3
:10B7C00000080140000C014000100140001401403D
:10B7D00000180140001C014000040140134B9A680E
:10B7E000BB69DB43114913408B603B685B6803F422
:10B7F0000013002B06D00D4BDA680C49BB691343CC
:10B80000CB6006E0094BDA68BB69DB4307491340AC
:10B81000CB607B6A01337B627B6A0F2B7FF682AE43
:10B8200000BF00BF2C37BD4680BC704700040140FC
:10B8300080B485B000AF78600B467B807B689A68E7
:10B840007B881340002B02D00123FB7301E000230F
:10B85000FB73FB7B18461437BD4680BC704780B431
:10B8600083B000AF78600B467B8013467B707B789B
:10B87000002B03D07A887B681A6103E07B881A0466
:10B880007B681A6100BF0C37BD4680BC7047000062
:10B8900080B586B000AF786000233B617B681B6891
:10B8A00003F00103002B00F08780924B5B6803F0EC
:10B8B0000C03042B0CD08F4B5B6803F00C03082B9C
:10B8C00012D18C4B5B6803F48033B3F5803F0BD10E
:10B8D000884B1B6803F40033002B6CD07B685B68DB
:10B8E000002B68D101232DE27B685B68B3F5803FB4
:10B8F00006D1804B1B687F4A43F4803313602EE0EF
:10B900007B685B68002B0CD17A4B1B68794A23F467
:10B9100080331360774B1B68764A23F480231360CF
:10B920001DE07B685B68B3F5A02F0CD1714B1B68E1
:10B93000704A43F4802313606E4B1B686D4A43F4D6
:10B94000803313600BE06B4B1B686A4A23F480332F
:10B950001360684B1B68674A23F4802313607B687D
:10B960005B68002B13D0FFF7E1FB386108E0FFF7BD
:10B97000DDFB02463B69D31A642B01D90323E1E1C5
:10B980005C4B1B6803F40033002BF0D014E0FFF78E
:10B99000CDFB386108E0FFF7C9FB02463B69D31ACB
:10B9A000642B01D90323CDE1524B1B6803F4003310
:10B9B000002BF0D100E000BF7B681B6803F002039E
:10B9C000002B63D04B4B5B6803F00C03002B0BD0B8
:10B9D000484B5B6803F00C03082B1CD1454B5B689C
:10B9E00003F48033002B16D1424B1B6803F0020393
:10B9F000002B05D07B681B69012B01D00123A1E13D
:10BA00003C4B1B6823F0F8027B685B69DB0039491B
:10BA100013430B603AE07B681B69002B20D0364B48
:10BA200001221A60FFF782FB386108E0FFF77EFB16
:10BA300002463B69D31A022B01D9032382E12D4B25
:10BA40001B6803F00203002BF0D02A4B1B6823F085
:10BA5000F8027B685B69DB00264913430B6015E045
:10BA6000254B00221A60FFF761FB386108E0FFF701
:10BA70005DFB02463B69D31A022B01D9032361E126
:10BA80001C4B1B6803F00203002BF0D17B681B6882
:10BA900003F00803002B39D07B689B69002B19D079
:10BAA000164B01221A60FFF741FB386108E0FFF7EF
:10BAB0003DFB02463B69D31A022B01D9032341E126
:10BAC0000C4B5B6A03F00203002BF0D0012000F066
:10BAD000DFFA1BE0094B00221A60FFF727FB3861F1
:10BAE0000EE0FFF723FB02463B69D31A022B07D96E
:10BAF000032327E10010024000004242800442423A
:10BB0000924B5B6A03F00203002BEAD17B681B684F
:10BB100003F00403002B00F0A6800023FB758B4B81
:10BB2000DB6903F08053002B0DD1884BDB69874A1A
:10BB300043F08053D361854BDB6903F08053FB6096
:10BB4000FB680123FB75824B1B6803F48073002B99
:10BB500018D17F4B1B687E4A43F480731360FFF754
:10BB6000E5FA386108E0FFF7E1FA02463B69D31ACB
:10BB7000642B01D90323E5E0754B1B6803F4807344
:10BB8000002BF0D07B68DB68012B06D16F4B1B6A62
:10BB90006E4A43F0010313622DE07B68DB68002BE3
:10BBA0000CD16A4B1B6A694A23F001031362674B8D
:10BBB0001B6A664A23F0040313621CE07B68DB689F
:10BBC000052B0CD1614B1B6A604A43F004031362DE
:10BBD0005E4B1B6A5D4A43F0010313620BE05B4B53
:10BBE0001B6A5A4A23F001031362584B1B6A574AD7
:10BBF00023F0040313627B68DB68002B15D0FFF78A
:10BC000095FA38610AE0FFF791FA02463B69D31AC8
:10BC100041F28832934201D9032393E04B4B1B6AD4
:10BC200003F00203002BEED014E0FFF77FFA386137
:10BC30000AE0FFF77BFA02463B69D31A41F28832E9
:10BC4000934201D903237DE0404B1B6A03F00203BA
:10BC5000002BEED1FB7D012B05D13C4BDB693B4A30
:10BC600023F08053D3617B68DB69002B69D0374BAD
:10BC70005B6803F00C03082B61D07B68DB69022B47
:10BC800046D1344B00221A60FFF750FA386108E0C1
:10BC9000FFF74CFA02463B69D31A022B01D9032362
:10BCA00050E02A4B1B6803F00073002BF0D17B6837
:10BCB0001B6AB3F5803F08D1244B5B6823F4003244
:10BCC0007B689B68214913434B60204B5B6823F4DE
:10BCD00074127B68196A7B685B6A0B431B491343C8
:10BCE0004B601C4B01221A60FFF720FA386108E014
:10BCF000FFF71CFA02463B69D31A022B01D9032332
:10BD000020E0124B1B6803F00073002BF0D018E00A
:10BD1000104B00221A60FFF709FA386108E0FFF7BC
:10BD200005FA02463B69D31A022B01D9032309E025
:10BD3000064B1B6803F00073002BF0D101E00123D8
:10BD400000E0002318461837BD4680BD00100240B1
:10BD5000007000406000424280B584B000AF78605F
:10BD600039600023FB607E4B1B6803F007033A68D1
:10BD70009A4210D97A4B1B6823F0070278493B6836
:10BD800013430B60764B1B6803F007033A689A4233
:10BD900001D00123E0E07B681B6803F00203002B65
:10BDA00020D07B681B6803F00403002B05D06D4B8B
:10BDB0005B686C4A43F4E06353607B681B6803F084
:10BDC0000803002B05D0674B5B68664A43F4605359
:10BDD0005360644B5B6823F0F0027B689B686149A9
:10BDE00013434B607B681B6803F00103002B6AD090
:10BDF0007B685B68012B07D15A4B1B6803F4003347
:10BE0000002B15D10123A7E07B685B68022B07D1CB
:10BE1000544B1B6803F00073002B09D101239BE0F6
:10BE2000504B1B6803F00203002B01D1012393E068
:10BE30004C4B5B6823F003027B685B684949134302
:10BE40004B60FFF773F9F8607B685B68012B12D1D8
:10BE50000AE0FFF76BF90246FB68D31A41F2883219
:10BE6000934201D9032377E03E4B5B6803F00C0358
:10BE7000042BEED127E07B685B68022B1DD10AE022
:10BE8000FFF754F90246FB68D31A41F28832934215
:10BE900001D9032360E0334B5B6803F00C03082BEC
:10BEA000EED110E0FFF742F90246FB68D31A41F2E7
:10BEB0008832934201D903234EE02A4B5B6803F09A
:10BEC0000C03002BEED1264B1B6803F007033A68E6
:10BED0009A4210D2224B1B6823F0070220493B688C
:10BEE00013430B601E4B1B6803F007033A689A422A
:10BEF00001D0012330E07B681B6803F00403002BB2
:10BF000008D0184B5B6823F4E0627B68DB68154956
:10BF100013434B607B681B6803F00803002B09D0B8
:10BF2000104B5B6823F460527B681B69DB000D4992
:10BF300013434B6000F01CF802460A4B5B681B0978
:10BF400003F00F030849CB5C22FA03F3074A13609E
:10BF50000F20FFF7BBF8002318461037BD4680BD01
:10BF60000020024000100240D406010820020020F8
:10BF700090B48AB000AF294B3C1D0FCB84E80F0072
:10BF800040F201233B800023FB610023BB610023BF
:10BF90007B6200237B6100233B62214B5B68FB617A
:10BFA000FB6903F00C03042B02D0082B03D02BE019
:10BFB0001C4B3B622BE0FB699B0C03F00F03283307
:10BFC0003B4413F8243C7B61FB6903F48033002B72
:10BFD00012D0134B5B685B0C03F0010328333B4426
:10BFE00013F8283CBB617B690E4A03FB02F2BB6974
:10BFF000B2FBF3F37B6204E07B690B4A02FB03F3C1
:10C000007B627B6A3B6202E0064B3B6200BF3B6A9D
:10C0100018462837BD4690BC704700BF68F400083A
:10C020000010024000127A0000093D0080B400AF09
:10C03000024B1B681846BD4680BC7047200200209A
:10C0400080B500AFFFF7F2FF0246054B5B681B0AA5
:10C0500003F007030349CB5C22FA03F3184680BDC3
:10C0600000100240E406010880B500AFFFF7DEFFD4
:10C070000246054B5B68DB0A03F007030349CB5C10
:10C0800022FA03F3184680BD00100240E4060108BE
:10C0900080B485B000AF78600B4B1B680B4AA2FBE5
:10C0A00003235B0A7A6802FB03F3FB6000BF00BF57
:10C0B000FB685A1EFA60002BF8D100BF00BF14378E
:10C0C000BD4680BC704700BF20020020D34D6210E7
:10C0D00080B582B000AF78607B68002B01D101236E
:10C0E0001DE07B6893F83D30DBB2002B06D17B6806
:10C0F000002283F83C20786800F015F87B68022263
:10C1000083F83D207B681A687B6804331946104623
:10C1100000F084FA7B68012283F83D200023184652
:10C120000837BD4680BD80B483B000AF786000BFE3
:10C130000C37BD4680BC704780B582B000AF7860D8
:10C140007B68002B01D101231DE07B6893F83D3013
:10C15000DBB2002B06D17B68002283F83C20786894
:10C1600000F015F87B68022283F83D207B681A688E
:10C170007B6804331946104600F050FA7B680122B0
:10C1800083F83D20002318460837BD4680BD80B4A3
:10C1900083B000AF786000BF0C37BD4680BC7047ED
:10C1A00080B582B000AF786039607B681B6801227F
:10C1B0003968184600F019FD7B681B68104A9342E5
:10C1C00004D07B681B680F4A934201D1012300E031
:10C1D0000023002B07D07B681B685A6C7B681B68A8
:10C1E00042F400425A647B681B681A687B681B68CB
:10C1F00042F001021A60002318460837BD4680BD90
:10C20000002C01400034014080B582B000AF78605E
:10C2100039607B681B6800223968184600F0E5FC2D
:10C220007B681B68224A934204D07B681B68214AC2
:10C23000934201D1012300E00023002B17D07B683B
:10C240001B681A6A41F211131340002B0FD17B684F
:10C250001B681A6A40F244431340002B07D17B68E5
:10C260001B685A6C7B681B6822F400425A647B6826
:10C270001B681A6A41F211131340002B0FD17B681F
:10C280001B681A6A40F244431340002B07D17B68B5
:10C290001B681A687B681B6822F001021A607B68C1
:10C2A000012283F83D20002318460837BD4680BD93
:10C2B000002C01400034014080B584B000AFF8602C
:10C2C000B9607A60FB6893F83C30012B01D10223FE
:10C2D000B4E0FB68012283F83C20FB68022283F86B
:10C2E0003D207B680C2B00F29F8001A252F823F0C6
:10C2F00025C3000829C4000829C4000829C400086F
:10C3000065C3000829C4000829C4000829C400081E
:10C31000A7C3000829C4000829C4000829C40008CC
:10C32000E7C30008FB681B68B968184600F0F4F919
:10C33000FB681B689A69FB681B6842F008029A61F7
:10C34000FB681B689A69FB681B6822F004029A610B
:10C35000FB681B689969BB681A69FB681B680A431C
:10C360009A6162E0FB681B68B968184600F04AFAF7
:10C37000FB681B689A69FB681B6842F400629A615B
:10C38000FB681B689A69FB681B6822F480629A61EB
:10C39000FB681B689969BB681B691A02FB681B680C
:10C3A0000A439A6141E0FB681B68B968184600F0CF
:10C3B000A3FAFB681B68DA69FB681B6842F0080295
:10C3C000DA61FB681B68DA69FB681B6822F004020B
:10C3D000DA61FB681B68D969BB681A69FB681B686E
:10C3E0000A43DA6121E0FB681B68B968184600F06F
:10C3F000FDFAFB681B68DA69FB681B6842F400629F
:10C40000DA61FB681B68DA69FB681B6822F48062EA
:10C41000DA61FB681B68D969BB681B691A02FB6893
:10C420001B680A43DA6100E000BFFB68012283F861
:10C430003D20FB68002283F83C200023184610377B
:10C44000BD4680BD80B584B000AF78603960002300
:10C45000FB607B6893F83C30012B01D10223D8E0CC
:10C460007B68012283F83C207B68022283F83D2010
:10C470007B681B689B68FB60FB6823F07703FB60AD
:10C48000FB6823F47F43FB607B681B68FA689A6053
:10C490003B681B68B3F5005F52D0B3F5005F00F254
:10C4A000AE80B3F5805F27D0B3F5805F00F2A78040
:10C4B000702B2AD0702B00F2A280602B63D0602BEF
:10C4C00000F29D80502B4ED0502B00F29880402BD4
:10C4D00069D0402B00F29380302B00F08980302B04
:10C4E00000F28D80202B7CD0202B00F28880002B46
:10C4F00069D0102B6ED082E07B681B689A687B68DD
:10C500001B6822F007029A607AE07B6818683B6833
:10C5100099683B685A683B68DB6800F045FB7B68BC
:10C520001B689B68FB60FB6823F07703FB60FB687C
:10C5300043F07703FB607B681B68FA689A605FE0F2
:10C540007B6818683B6899683B685A683B68DB6899
:10C5500000F02AFB7B681B689A687B681B6842F4C2
:10C5600080429A604CE07B6818683B6859683B6879
:10C57000DB681A4600F094FA7B681B685021184665
:10C5800000F0F3FA3CE07B6818683B6859683B6848
:10C59000DB681A4600F0B6FA7B681B686021184613
:10C5A00000F0E3FA2CE07B6818683B6859683B6848
:10C5B000DB681A4600F074FA7B681B684021184655
:10C5C00000F0D3FA1CE07B681B680021184600F0DD
:10C5D000CCFA15E07B681B681021184600F0C5FAFC
:10C5E0000EE07B681B682021184600F0BEFA07E0C9
:10C5F0007B681B683021184600F0B7FA00E000BFE6
:10C600007B68012283F83D207B68002283F83C2070
:10C61000002318461037BD4680BD000080B485B0A9
:10C6200000AF786039600023FB607B681B68FB60AB
:10C630007B68344A934213D07B68334A93420FD0CD
:10C640007B68B3F1804F0BD07B68304A934207D0B0
:10C650007B682F4A934203D07B682E4A934208D1CD
:10C66000FB6823F07003FB603B685B68FA68134368
:10C67000FB607B68234A934213D07B68224A934233
:10C680000FD07B68B3F1804F0BD07B681F4A934279
:10C6900007D07B681E4A934203D07B681D4A9342B1
:10C6A00008D1FB6823F44073FB603B68DB68FA68E1
:10C6B0001343FB60FB6823F08003FB603B685B690E
:10C6C000FA681343FB607B68FA681A603B689A68F3
:10C6D0007B68DA623B681A687B689A627B68094A01
:10C6E000934203D07B68084A934203D13B681A699E
:10C6F0007B681A637B6801225A6100BF1437BD460C
:10C7000080BC7047002C0140003401400004004010
:10C7100000080040000C004080B487B000AF786093
:10C7200039600023FB6000237B6100233B617B6851
:10C730001B6A23F001027B681A627B681B6A7B61BB
:10C740007B685B683B617B689B69FB60FB6823F0EF
:10C750007003FB60FB6823F00303FB603B681B680E
:10C76000FA681343FB607B6923F002037B613B683B
:10C770009B687A6913437B617B68204A934203D0AC
:10C780007B681F4A93420CD17B6923F008037B61CD
:10C790003B68DB687A6913437B617B6923F00403A0
:10C7A0007B617B68154A934203D07B68144A9342AD
:10C7B00011D13B6923F480733B613B6923F400731F
:10C7C0003B613B685B693A6913433B613B689B692A
:10C7D0003A6913433B617B683A695A607B68FA683F
:10C7E0009A613B685A687B685A637B687A691A6207
:10C7F00000BF1C37BD4680BC704700BF002C014005
:10C800000034014080B487B000AF78603960002305
:10C81000FB6000237B6100233B617B681B6A23F084
:10C8200010027B681A627B681B6A7B617B685B68AD
:10C830003B617B689B69FB60FB6823F4E043FB6022
:10C84000FB6823F44073FB603B681B681B02FA68BB
:10C850001343FB607B6923F020037B613B689B688B
:10C860001B017A6913437B617B68214A934203D0A1
:10C870007B68204A93420DD17B6923F080037B6162
:10C880003B68DB681B017A6913437B617B6923F09A
:10C8900040037B617B68164A934203D07B68154A4C
:10C8A000934213D13B6923F480633B613B6923F4DA
:10C8B00000633B613B685B699B003A6913433B61E2
:10C8C0003B689B699B003A6913433B617B683A690B
:10C8D0005A607B68FA689A613B685A687B689A6319
:10C8E0007B687A691A6200BF1C37BD4680BC7047FE
:10C8F000002C01400034014080B487B000AF786064
:10C9000039600023FB6000237B6100233B617B686F
:10C910001B6A23F480727B681A627B681B6A7B61E6
:10C920007B685B683B617B68DB69FB60FB6823F0CD
:10C930007003FB60FB6823F00303FB603B681B682C
:10C94000FA681343FB607B6923F400737B613B68E7
:10C950009B681B027A6913437B617B68214A93427F
:10C9600003D07B68204A93420DD17B6923F4006396
:10C970007B613B68DB681B027A6913437B617B69DF
:10C9800023F480637B617B68164A934203D07B6803
:10C99000154A934213D13B6923F480533B613B69B1
:10C9A00023F400533B613B685B691B013A69134305
:10C9B0003B613B689B691B013A6913433B617B68A0
:10C9C0003A695A607B68FA68DA613B685A687B6842
:10C9D000DA637B687A691A6200BF1C37BD4680BC87
:10C9E000704700BF002C01400034014080B487B084
:10C9F00000AF7860396000233B610023FB600023B7
:10CA00007B617B681B6A23F480527B681A627B68B7
:10CA10001B6AFB607B685B687B617B68DB693B61F1
:10CA20003B6923F4E0433B613B6923F440733B6182
:10CA30003B681B681B023A6913433B61FB6823F4A4
:10CA40000053FB603B689B681B03FA681343FB6061
:10CA50007B68114A934203D07B68104A934209D104
:10CA60007B6923F480437B613B685B699B017A6946
:10CA700013437B617B687A695A607B683A69DA6143
:10CA80003B685A687B681A647B68FA681A6200BF60
:10CA90001C37BD4680BC7047002C0140003401406B
:10CAA00080B487B000AFF860B9607A6000237B6122
:10CAB00000233B61FB681B6A3B61FB681B6A23F038
:10CAC0000102FB681A62FB689B697B617B6923F04A
:10CAD000F0037B617B681B017A6913437B613B69CF
:10CAE00023F00A033B613A69BB6813433B61FB686F
:10CAF0007A699A61FB683A691A6200BF1C37BD46C1
:10CB000080BC704780B487B000AFF860B9607A60CD
:10CB100000237B6100233B61FB681B6A23F010024A
:10CB2000FB681A62FB689B697B61FB681B6A3B615F
:10CB30007B6923F470437B617B681B037A69134331
:10CB40007B613B6923F0A0033B61BB681B013A6931
:10CB500013433B61FB687A699A61FB683A691A6220
:10CB600000BF1C37BD4680BC704780B485B000AFA5
:10CB700078600B467B800023FB607B689B68FB60D2
:10CB8000FB6823F07003FB607B8843F007039BB2D4
:10CB90001A46FB681343FB607B68FA689A6000BF23
:10CBA0001437BD4680BC704780B487B000AFF860D2
:10CBB000B9607A603B6000237B61FB689B687B61A6
:10CBC0007B6923F47F437B613B681A027B681A43CD
:10CBD000BB6813437A6913437B61FB687A699A6087
:10CBE00000BF1C37BD4680BC704780B487B000AF23
:10CBF000F860B9607A6000237B610122BB6802FAA9
:10CC000003F37B61FB681A6A7B69DB431A40FB68AC
:10CC10001A62FB681A6A7968BB6801FA03F31A435F
:10CC2000FB681A6200BF1C37BD4680BC704780B4E9
:10CC300085B000AF786039600023FB607B6893F8B3
:10CC40003C30012B01D1022344E07B68012283F8B0
:10CC50003C20FB6823F0FF023B68DB681343FB606A
:10CC6000FB6823F440723B689B681343FB60FB68DE
:10CC700023F480623B685B681343FB60FB6823F42A
:10CC800000623B681B681343FB60FB6823F480521F
:10CC90003B681B691343FB60FB6823F400523B684D
:10CCA0005B691343FB60FB6823F480423B689B692C
:10CCB0001343FB60FB6823F400423B689B6913430A
:10CCC000FB607B681B68FA685A647B68002283F803
:10CCD0003C20002318461437BD4680BC704780B402
:10CCE00083B000AF786039607B6893F83C30012BEB
:10CCF00001D1022332E07B68012283F83C207B686B
:10CD0000022283F83D207B681B685A687B681B6899
:10CD100022F070025A607B681B6859683B681A6889
:10CD20007B681B680A435A607B681B689A687B684B
:10CD30001B6822F080029A607B681B6899683B68D8
:10CD40005A687B681B680A439A607B68012283F8F3
:10CD50003D207B68002283F83C20002318460C37D6
:10CD6000BD4680BC704780B582B000AF78607B68FC
:10CD7000002B01D101233FE07B6893F83930DBB20F
:10CD8000002B06D17B68002283F83820786800F0F9
:10CD900037F87B68242283F839207B681B68DA68BF
:10CDA0007B681B6822F40052DA60786800F032F881
:10CDB0007B681B681A697B681B6822F490421A61C1
:10CDC0007B681B685A697B681B6822F02A025A61DB
:10CDD0007B681B68DA687B681B6842F40052DA6083
:10CDE0007B680022DA637B68202283F839207B6825
:10CDF000202283F83A20002318460837BD4680BD1C
:10CE000080B483B000AF786000BF0C37BD4680BCF3
:10CE100070470000B0B584B000AF78600023FB60BD
:10CE20007B681B681B6923F440517B68DA687B6868
:10CE30001B680A431A617B689A687B681B691A43FE
:10CE40007B685B691343FA681343FB607B681B686C
:10CE5000DB6823F4B05323F00C037A681268F96896
:10CE60000B43D3607B681B685B6923F440717B686C
:10CE70009A697B681B680A435A617B681B686F4A22
:10CE800093426BD1FFF7F0F8024613469B00134420
:10CE90009A001A447B685B689B00B2FBF3F3684A14
:10CEA000A2FB03235B091C01FFF7DEF802461346D1
:10CEB0009B0013449A001A447B685B689B00B2FB9A
:10CEC000F3F5FFF7D1F8024613469B0013449A008E
:10CED0001A447B685B689B00B2FBF3F3584AA2FBE1
:10CEE00003235B09642202FB03F3EB1A1B013233B9
:10CEF000534AA2FB03235B0903F0F0031C44FFF732
:10CF0000B3F8024613469B0013449A001A447B6808
:10CF10005B689B00B2FBF3F5FFF7A6F802461346E9
:10CF20009B0013449A001A447B685B689B00B2FB29
:10CF3000F3F3434AA2FB03235B09642202FB03F3DE
:10CF4000EB1A1B0132333E4AA2FB03235B0903F0B9
:10CF50000F027B681B6822449A606AE0FFF770F852
:10CF6000024613469B0013449A001A447B685B6890
:10CF70009B00B2FBF3F3324AA2FB03235B091C01C3
:10CF8000FFF75EF8024613469B0013449A001A44CA
:10CF90007B685B689B00B2FBF3F5FFF751F8024634
:10CFA00013469B0013449A001A447B685B689B00FD
:10CFB000B2FBF3F3224AA2FB03235B09642202FBC8
:10CFC00003F3EB1A1B0132331D4AA2FB03235B0957
:10CFD00003F0F0031C44FFF733F8024613469B00AE
:10CFE00013449A001A447B685B689B00B2FBF3F51C
:10CFF000FFF726F8024613469B0013449A001A4492
:10D000007B685B689B00B2FBF3F30D4AA2FB032332
:10D010005B09642202FB03F3EB1A1B013233084A5B
:10D02000A2FB03235B0903F00F027B681B68224409
:10D030009A6000BF1037BD46B0BD00BF0038014048
:10D040001F85EB5190B599B018AF354B1B68344A2A
:10D0500023F020031360324B5968324B1B781A4679
:10D06000C9B2314B99542F4B1B780133DAB22D4B97
:10D070001A702C4B1B78012B07D12B4B1B785A2B8A
:10D0800044D0284B00221A7047E0264B1B78022B15
:10D090000BD1254B1B785A2B03D1234B5B78A52B47
:10D0A00034D0204B00221A7037E01E4B1B78022B25
:10D0B0002CD91C4B1B78033B1B4A9278934225D1F9
:10D0C000184B1A78184B83F86420164B00221A70FC
:10D0D000154BDB78832B0CD1134B1B79602B08D1BC
:10D0E000114B5B79002B04D1104B1B6810489847FB
:10D0F0000CE00D4C684604F10C035922194600F06F
:10D10000C3FB94E80E000B48F5F764FB054B1B7856
:10D110001E2B02D9034B00221A700437BD4690BD66
:10D12000004400405D3F0020F83E00200000002049
:10D13000003F00204C2F0020B0B500AF324B1B68E1
:10D140000133314A1360304B1B68B3F5FA7F05D9C0
:10D150002D4B00221A600020FCF722FE2B4B1B688F
:10D1600001332A4A1360294B1B68322B06D9274BFF
:10D1700000221A60264B012283F82620244B1B78BC
:10D18000DBB20A2B28D9234B1B680133214A1360D9
:10D19000204B1B68B3F57A7F1ED31E4B00221A600A
:10D1A0001D4B1B6801331C4A13601B4B1B68772BFC
:10D1B00012D9194B00221A60154B00221A70202038
:10D1C000FAF7A2FD0822154947F21060FAF7E4FDCC
:10D1D00011211348FAF7C0FE124B1B78002B09D01F
:10D1E000114BD3E90023541C43F100050E4BC3E956
:10D1F000004506E00C494FF000024FF00003C1E982
:10D20000002300BFB0BD00BF603F0020643F00208E
:10D21000C03C0020683F00206C3D002078F40008EE
:10D2200084F40008703D0020783D002080B500AFF8
:10D23000084B1B6903F00103002B08D00020F7F70F
:10D2400087FE044B1B69034A23F00103136100BFEF
:10D2500080BD00BF000C004080B400AF194B1B68BC
:10D26000184A23F020031360164B5968164B1B789D
:10D270001A46C9B2154B9954134B1B780133DAB2D5
:10D28000114B1A70114B1B78002B03D00E4B002250
:10D290001A7013E00C4B1B78013B0C4AD35CFF2B3C
:10D2A0000CD1094B1B78023B084AD35CFF2B05D1FC
:10D2B000054B00221A70064B01221A70BD4680BC35
:10D2C000704700BF003801406C3F0020F03B002059
:10D2D000EF3B002080B500AF00F046FA40F2DC5092
:10D2E000FDF7B7F90520FDF7F3FFF3F753FEF8F765
:10D2F00007FBFDF709FBFDF7C1F9FCF725FD1E480B
:10D30000F5F756FA1D48F5F753FAFDF7EBF8FDF778
:10D3100023F8FBF793FC2020FAF71AFDFDF7A8FE8F
:10D32000F4F71AF8082216494FF40040FAF734FDD2
:10D33000012214494FF40040FAF72EFD4022124911
:10D340004FF4F040FAF788FD104B0022DA750F4BCE
:10D3500000229A750D4B012283F84C2008210C48BD
:10D36000FDF764F8FCF778F90020FAF78BFC00F081
:10D3700011F8F5F7CFFAF5E74C2F0020A82200208E
:10D3800098F40008A4F40008A8F40008C03C0020A9
:10D390000801002080B500AF00F064F80020F9F724
:10D3A000DFFE2D4B93F82C300020F8F79FFE2A4B20
:10D3B0009B7DDBB2012B08D1274B93F84230DBB2C7
:10D3C000032B02D00020F9F7F7FD234B1B7DDBB2C6
:10D3D000032B33D0032B3DDC012B02D0022B26D0B4
:10D3E00038E01D4B9B7DDBB2012B30D10320FDF7D4
:10D3F00037FA0346012B06D10020F8F7D9FF0020A9
:10D40000F9F744F923E0144B5B7DDBB2002B04D128
:10D410001C211248FAF7A0FD19E00F4B5B7DDBB22F
:10D42000012B14D11B210E48FAF796FD0FE00020C6
:10D43000F8F7BEFF0020F9F729F90BE0064B9B7DBA
:10D44000DBB2012B05D10020F8F7B8FC01E000BFEA
:10D4500000E000BF00BF80BDC03C0020D4F4000845
:10D46000F4F4000880B500AF874B93F82C30DBB2A2
:10D47000002B22D00420FDF73DFB0346012B13D1E6
:10D48000824B1B78012B0FD10220FDF7E2F805201B
:10D49000FDF730FB0346012B06D17C4B00221A70AE
:10D4A000794B022283F824200520FDF723FB034655
:10D4B000002B02D1754B01221A700220FDF7D0F922
:10D4C0000346002B47D1724B1B78012B43D105201B
:10D4D000FDF7BFF80220FDF7C3F90346002B3AD150
:10D4E0006B4B00221A70684B93F82D30DBB2002B87
:10D4F00027D0654B1B7DDBB2012B22D0624B5B7DBD
:10D50000DBB2002B04D10F216248FAF725FD08E0B9
:10D510005D4B5B7DDBB2012B03D116215E48FAF730
:10D520001BFD594B01221A75574B1B7DDBB2194667
:10D530004620FAF7CDFA544B1B7DDBB21846FBF7B9
:10D54000D1FF514B1B7DDBB2012B40F095804E4B40
:10D55000012283F834200220FDF782F90346012BD3
:10D5600002D14B4B01221A70474B1B7DDBB2012BC2
:10D5700040F08480444B93F84230DBB2002B7DD1E5
:10D580000320FDF76DF90346002B13D1434B1B78A5
:10D59000012B0FD10520FDF75CF80320FDF760F9A2
:10D5A0000346002B06D13D4B00221A70364B012258
:10D5B00083F824200320FDF753F90346012B02D101
:10D5C000364B01221A70304BDB7DDBB2002B57D17A
:10D5D0002D4BDB7DDBB2002B54D12B4B9B7DDBB283
:10D5E000002B4FD00020FDF73BF90346002B16D14E
:10D5F0002B4B1B78012B12D10520FDF72AF80020B8
:10D60000FDF72EF90346002B09D10220F9F7BAFEE7
:10D61000234B00221A701C4B012283F83920002072
:10D62000FDF71EF90346012B02D11D4B01221A7092
:10D630000120FDF715F90346002B13D1194B1B7878
:10D64000012B0FD10520FDF704F80120FDF708F9A3
:10D650000346002B06D1134B00221A700A4B0122FD
:10D6600083F837200120FDF7FBF80346012B0AD190
:10D670000C4B01221A7006E000BF04E000BF02E07C
:10D6800000BF00E000BF80BDC03C002018020020A9
:10D690001902002010F5000820F500081A020020E9
:10D6A0001B0200201C02002080B584B000AF78600F
:10D6B000114B1B68002B02D10F4B104A1A600E4B06
:10D6C0001B68FB600C4B1A687B6813446A469342E4
:10D6D00007D900F0AFF803460C221A604FF0FF3371
:10D6E00006E0054B1A687B681344034A1360FB6825
:10D6F00018461037BD4680BD703F0020883F00208F
:10D7000080B400AF154B1B68144A43F0010313604B
:10D71000124B5A681149124B13404B600F4B1B6858
:10D720000E4A23F0847323F4803313600B4B1B6881
:10D730000A4A23F480231360084B5B68074A23F4EA
:10D74000FE035360054B4FF41F029A60054B4FF0E8
:10D7500000629A6000BFBD4680BC70470010024066
:10D760000000FFF800ED00E080B590B000AF07F1D9
:10D77000180328220021184600F094F83B1D0022CF
:10D780001A605A609A60DA601A610123BB614FF433
:10D790008033FB6100233B620123BB6202237B6376
:10D7A0004FF48033BB634FF4E013FB6307F11803BE
:10D7B0001846FEF76DF80F237B600223BB60002341
:10D7C000FB604FF480633B6100237B613B1D0221C2
:10D7D0001846FEF7C1FA00BF4037BD4680BD0000C5
:10D7E0000D4885460D480E490E4A002302E0D458E4
:10D7F000C4500433C4188C42F9D30B4A0B4C002399
:10D8000001E013600432A242FBD3FFF779FF00F07E
:10D8100017F8FFF75FFDFEE7000001200000002081
:10D82000880200202807010888020020843F002089
:10D83000FEE70000014B1868704700BF240200207B
:10D8400070B500260C4D0D4C641BA410A64209D1E6
:10D8500000F09CFC00260A4D0A4C641BA410A64252
:10D8600005D170BD55F8043B98470136EEE755F8F1
:10D87000043B98470136F2E720070108200701081A
:10D8800020070108240701080A44914200F1FF33F0
:10D8900000D1704710B511F8014B914203F8014FC8
:10D8A000F9D110BD03460244934200D1704703F8FA
:10D8B000011BF9E70EB46FF0004100B59CB01DAB41
:10D8C00002900690079104910848094953F8042BE7
:10D8D0000591006802A9019300F068F80022029BFC
:10D8E0001A701CB05DF804EB03B0704724020020EE
:10D8F0000802FFFF2DE9F0478E6882469E420C46E3
:10D9000090461F4638D88A8912F4906F32D0256825
:10D9100009690133A5EB010965694B4405EB450530
:10D9200005EBD5756D109D4238BF1D46530531D5A9
:10D93000294600F061FB064650B90C234FF0FF303A
:10D94000CAF80030A38943F04003A381BDE8F08703
:10D950004A462169FFF798FFA38923F4906343F0B7
:10D960008003A38126614E4426603E466561A5EB97
:10D970000905A560BE4200D93E46324641462068B0
:10D9800000F0B8FAA36800209B1BA360236833440F
:10D990002360DBE72A4600F0A3FB06460028E1D11E
:10D9A0005046216900F0C0FAC7E700002DE9F04FAA
:10D9B00098468B8907461B060D4614469DB00ED52A
:10D9C0000B6963B9402100F017FB2860286120B97A
:10D9D0000C233B604FF0FF30D1E040236B6100230C
:10D9E000099320238DF8293030234FF00109CDF819
:10D9F0000C80DFF8A4818DF82A3023469A4613F86C
:10DA0000012B0AB1252AF9D1BAEB040B0BD05B46E6
:10DA1000224629463846FFF76DFF013000F0AA8004
:10DA2000099A5A4409929AF80030002B00F0A2801B
:10DA300000234FF0FF32CDE905230AF1010A0493D8
:10DA400007938DF853301A935446052214F8011B9E
:10DA5000514800F041FA049AD8B9D00644BF2023B7
:10DA60008DF85330110744BF2B238DF853309AF8AB
:10DA700000302A2B15D0544600204FF00A0C079A8C
:10DA8000214611F8013B303B092B4ED9B0B107922A
:10DA900014E0A0EB080309FA03F31343A24604932E
:10DAA000D2E7039B191D1B680391002BBBBF5B4290
:10DAB00042F0020207930793B8BF049223782E2BFB
:10DAC0000CD163782A2B35D1039B02341A1D1B68B5
:10DAD0000392002BB8BF4FF0FF330593DFF8BCA0D3
:10DAE00003225046217800F0F7F940B14023A0EB23
:10DAF0000A0003FA00F0049B01340343049314F872
:10DB0000011B062226488DF8281000F0E5F90028B0
:10DB100038D0244B1BBB039B073323F00703083388
:10DB20000393099B3344099367E70C4601200CFBE0
:10DB30000232A5E700234FF00A0C19460134059381
:10DB4000204610F8012B303A092A03D9002BC5D002
:10DB50000591C3E7044601230CFB0121F0E703AB69
:10DB600000932A463846104B04A9AFF30080421CAC
:10DB70000646D6D1AB895B063FF52CAF09981DB0A0
:10DB8000BDE8F08F03AB00932A463846064B04A944
:10DB900000F07CF8EBE700BFEC060108F206010894
:10DBA000F606010800000000F5D800082DE9F0474E
:10DBB000164699468A680B6907469342B8BF1346D2
:10DBC000336091F843200C46DDF820800AB1013320
:10DBD00033602368990642BF336802333360256897
:10DBE00015F0060506D104F1190AE36832689B1A9C
:10DBF000AB4228DC94F84320131E226818BF01238F
:10DC000092062DD44946384604F14302C0470130FC
:10DC100020D02368E56803F00603042B18BF002515
:10DC200032684FF00006A36808BFAD1A226908BF2A
:10DC300025EAE5759342C4BF9B1AED181A34B54224
:10DC40001AD1002008E00123524649463846C04711
:10DC5000013003D14FF0FF30BDE8F0870135C4E754
:10DC60003020E11881F843005A1C94F845102244F2
:10DC7000023382F84310C5E701232246494638465D
:10DC8000C0470130E6D00136D9E700002DE9FF4753
:10DC90000F7E9146782F80460C469A460C9D01F1E6
:10DCA000430207D8622F0AD8002F00F0D980582FDE
:10DCB00000F0A48004F1420584F842703AE0A7F134
:10DCC0006303152BF6D801A151F823F025DD0008D8
:10DCD00039DD0008B5DC0008B5DC0008B5DC00085B
:10DCE000B5DC000839DD0008B5DC0008B5DC00084B
:10DCF000B5DC0008B5DC000847DE000869DD000877
:10DD000029DE0008B5DC0008B5DC000869DE000883
:10DD1000B5DC000869DD0008B5DC0008B5DC0008EA
:10DD200031DE00082B681A1D1B682A6004F14205C9
:10DD300084F842300123A4E020682968060601F136
:10DD400004030AD50E682B60002E03DA2D237642D9
:10DD500084F843300A235E4819E00E6810F0400F43
:10DD60002B6018BF36B2EFE72B682068191D2960B9
:10DD7000010601D51E6802E04606FBD51E886F2FFE
:10DD80000CBF08230A235248002184F84310656819
:10DD9000002DA8BF2168A560A4BF21F00401216067
:10DDA0000EB9002D4DD01546B6FBF3F103FB1167FC
:10DDB000C75D05F8017D3746BB420E46F4D9082BF6
:10DDC0000BD12368DE0708D5236961689942DEBF5D
:10DDD000302305F8013C05F1FF35521B22614B460B
:10DDE00021464046CDF800A003AAFFF7DFFE013030
:10DDF0004CD14FF0FF3004B0BDE8F087344881F8D3
:10DE000045702968236851F8046B29601D0614D5F4
:10DE1000DF0744BF43F0200323601EB9236823F0CB
:10DE2000200323601023AFE7236843F0200323601F
:10DE30007823284884F84530E3E7590648BFB6B24E
:10DE4000E6E71546BBE72B682668181D6169286060
:10DE500035061B6801D5196002E07006FBD51980F4
:10DE6000002315462361BAE72B6800211A1D2A609A
:10DE70001D686268284600F02FF808B1401B6060FA
:10DE800063682361002384F84330A8E72A464946A3
:10DE900040462369D0470130ABD023689B0713D499
:10DEA000E068039B9842B8BF1846A4E701233246B6
:10DEB00049464046D04701309BD00135E36803997D
:10DEC0005B1AAB42F2DCEBE7002504F11906F5E73B
:10DED000FD0601080E070108034610B5C9B2024449
:10DEE0009342184601D1002003E0047801338C42AC
:10DEF000F6D110BD884210B501EB020402D984426C
:10DF0000234607D8431EA14208D011F8012B03F87D
:10DF1000012FF8E7014602448A4200D110BD13F8F0
:10DF2000014D02F8014DF7E738B50546002940D00C
:10DF300051F8043C0C1F002BB8BFE41800F010F996
:10DF40001C4A136833B9636014602846BDE8384042
:10DF500000F00CB9A34208D9206821188B4201BFF8
:10DF600019685B6809182160EDE71A465B680BB118
:10DF7000A342FAD911685018A0420BD1206801447D
:10DF8000501883421160E0D118685B680144116049
:10DF90005360DAE702D90C232B60D6E720682118FA
:10DFA0008B4201BF19685B68091821606360546087
:10DFB000CBE738BD743F002070B50E4E0C4631687B
:10DFC000054611B900F0BCF830602146284600F043
:10DFD000B7F8431C0AD0C41C24F00304A04207D0A5
:10DFE000211A284600F0ACF8013001D14FF0FF347F
:10DFF000204670BD783F00202DE9F041CD1C25F072
:10E00000030508350C2D38BF0C25002D074601DB14
:10E01000A94205D90C2300263B603046BDE8F081BB
:10E020002E4E00F09DF833681C4634BB2946384616
:10E03000FFF7C2FF431C04464DD134682646002E2C
:10E0400040D123683146384604EB030800F078F8E5
:10E0500080453AD1216803356D1A25F0030508354E
:10E060000C2D38BF0C2538462946FFF7A5FF013097
:10E070002BD023682B4423600EE02268521B1ED451
:10E080000B2A16D96119A342256018BF596063682D
:10E0900008BF316062514B60384604F10B0600F056
:10E0A00065F826F00706231DF21AB6D09B1BA35075
:10E0B000B3E76268A3420CBF32605A60ECE72346C4
:10E0C0006468B2E734467668B9E70C2338463B60AB
:10E0D00000F04CF8A1E72560DEE700BF743F0020A8
:10E0E0002DE9F041804614460E4621B91146BDE89F
:10E0F000F041FFF781BF2AB9FFF716FF25462846F2
:10E10000BDE8F08100F038F88442074602D8B4EB4D
:10E11000500F12D821464046FFF76EFF05460028F3
:10E12000EDD0BC422246314628BF3A46FFF7ACFB51
:10E1300031464046FFF7F8FEE1E73546DFE70000ED
:10E1400038B50023054D044608462B60FFF7ACFAAE
:10E15000431C02D12B6803B1236038BD7C3F0020F3
:10E16000014800F011B800BF803F0020014800F0D6
:10E170000CB800BF803F002051F8043C181F002B52
:10E18000BCBF0B58C018704770477047F8B500BF48
:10E19000F8BC08BC9E467047F8B500BFF8BC08BC88
:04E1A0009E467047E0
:10E1A400B1A8BEAFD0C5CFA2A3BACCF9B1EAB5E746
:10E1B400BBFAB4A5B7A2D3D2CFDECEBBA3A10000D5
:10E1C400B1A8BEAFD0C5CFA2A3BACCF9B1EAB5E726
:10E1D400BBFAB4A5B7A2D7F3CFDECEBBA3A1000090
:10E1E400E8AFB7E7AD89E5BE85E5BD93E5898DE583
:10E1F4008AA8E4BD9CE7BB93E69D9FEFBC81000029
:10E20400C7EBB5C8B4FDB5B1C7B0B6AFD7F7BDE17C
:10E21400CAF8A3A1000000007761697420666F72D8
:10E22400207468652063757272656E74206163740E
:10E23400696F6E20746F20656E642100C1AABBFAF9
:10E24400C4A3CABDBDFBD6B9B2D9D7F7A3A10000F8
:10E254004F6E6C696E65206D6F64652070726F68B7
:10E264006962697473206F7065726174696F6E217D
:10E2740000000000C7EBD1A1D4F1D3C3BBA7A3A175
:10E2840000000000506C656173652073656C656304
:10E294007420757365722100C7EBCAE4C8EBC3DC54
:10E2A400C2EBA3A100000000506C6561736520659A
:10E2B4006E7465722070617373776F7264210000ED
:10E2C400202020202020000020202055736572206B
:10E2D40000000000C3DCC2EBB4EDCEF3000000008C
:10E2E40057726F6E672070617373776F7264210069
:10E2F400202056656E646F720000000053757065CF
:10E304007220202000000000557365722020000058
:10E3140056656E646F720000B5C7B3F6D6D02E2E64
:10E324002E0000004C6F6767696E67206F75742E4E
:10E334002E2E0000D2D1CDCBB3F6B5C7C2BC00009F
:10E344004C6F6767696E67206F757400D3C3BBA792
:10E35400B5C7C2BC00000000C7EBCAE4C8EBBEC925
:10E36400C3DCC2EBA3A10000506C6561736520653A
:10E374006E746572206F6C642070617373776F7252
:10E3840064210000C7EBCAE4C8EBD0C2C3DCC2EB13
:10E39400A3A10000506C6561736520656E7465729D
:10E3A400206E65772070617373776F72642100004B
:10E3B400C7EBCAE4C8EBC8B7C8CFD0C2C3DCC2EB52
:10E3C400A3A10000506C6561736520656E7465726D
:10E3D4002061206E65772070617373776F7264209B
:10E3E400746F20636F6E6669726D2100C3DCC2EBCB
:10E3F400D0DEB8C4CDEAB3C9000000005061737325
:10E40400776F7264206368616E676520636F6D70F7
:10E414006C657465642E0000C3DCC2EBB2BBD2BB76
:10E42400D6C200005468652070617373776F72649C
:10E43400732061726520696E636F6E7369737465AE
:10E444006E742E0050617373776F72642063686119
:10E454006E676520636F6D706C65746564000000A1
:10E46400BFD5C5DCC4A3CABDD4CBD0D0D6D0A3A15C
:10E47400000000004167696E67206D6F6465206964
:10E48400732072756E6E696E67210000C7EBB5C8A4
:10E49400B4FDB5B1C7B0B6AFD7F7BDE1CAF8A3A113
:10E4A400000000007761697420666F7220746865EB
:10E4B4002063757272656E7420616374696F6E2077
:10E4C400746F20656E642100CFC8CDA3D6B9C8CEC1
:10E4D400CEF1000053746F7020746865207461730A
:10E4E4006B20666972737400C7D0BBBBB5BDBFD562
:10E4F400C5DCC4A3CABD2E00537769746368207455
:10E504006F20616E696E67206D6F64652E00000078
:10E51400C7EBCFC8B3F5CABCBBAFB2D9D7F7A3A179
:10E5240000000000506C6561736520696E69746950
:10E53400616C697A65206669727374210000000059
:10E54400C7EBCFC8B8B4CEBB2E00000052657374BD
:10E5540020506C656173652E00000000BFD5C5DCDA
:10E56400C4A3CABDBDFBD6B9B2D9D7F7A3A10000D5
:10E574004167696E67206D6F646520696E686962C2
:10E58400697473206F7065726174696F6E21000025
:10E59400546865206C616E67756167652073656C8E
:10E5A400656374696F6E206973204368696E65736F
:10E5B400652E0000D3EFD1D4D1A1D4F1CEAAD6D008
:10E5C400CEC42E0020202020202020202020202007
:10E5D400202020202020202000000000D5FDD4DAB7
:10E5E400BBD6B8B4B3F6B3A7B2CECAFD2E2E2E0056
:10E5F400526573746F72696E6720666163746F72BB
:10E604007920706172616D65746572732E2E2E00AF
:10E61400BBD6B8B4CDEAB3C92C20C7EBB6CFB5E7A7
:10E62400D6D8C6F4A3A10000506C65617365207050
:10E634006F776572206F666620616E642072657301
:10E644007461727421000000B1B8D3C300000000EB
:10E65400537061726500000030303030303000009B
:10E664003635343332310000373239313833000033
:10E67400B5C8B4FDBDE2B3FDBCB1CDA3A3A1A3A1B4
:10E68400A3A10000506C656173652072656C6561BF
:10E6940073652074686520452D73746F7021212182
:10E6A40000000000C1AABBFAC4A3CABDBDFBD6B911
:10E6B400B2D9D7F7A3A100004F6E6C696E65206DC7
:10E6C4006F64652070726F686962697473206F701B
:10E6D40065726174696F6E2100000000C7EBB5C8F4
:10E6E400B4FDB5B1C7B0B6AFD7F7BDE1CAF8A3A1C1
:10E6F400000000007761697420666F722074686599
:10E704002063757272656E7420616374696F6E2024
:10E71400746F20656E642100CCE1CABED0C5CFA25F
:10E72400A3BABCB4BDABD4CBD0D0BFD5C5DCB6AFD7
:10E73400D7F7A3ACC7EBD7A2D2E2A3A10000000095
:10E74400546970733A4167696E67206D6F64652020
:10E7540069732072756E6E696E672100D6B4D0D06D
:10E76400C8A1B1EAB6AFD7F72E00000045786563BB
:10E77400757465207468652066656564696E6720D4
:10E78400616374696F6E2E00C8A1B1EACDEAB3C9A2
:10E794002E00000054616B696E6720636F6D706CAE
:10E7A4006574696F6E2E0000D6B4D0D0CCF9B1EA8E
:10E7B400B6AFD7F72E000000506572666F726D20F9
:10E7C4006C6162656C696E6720616374696F6E73F6
:10E7D4002E000000CCF9B1EACDEAB3C92E00000046
:10E7E4004C6162656C696E6720697320636F6D703C
:10E7F4006C6574652E000000256400002020202034
:10E804002020202000000000C7E5B3FDBDBBBBA550
:10E81400D0C5BAC52E000000436C65617220696ED4
:10E82400746572616374697665207369676E616C7F
:10E834002E000000B1A8BEAFA3BAC6BDCCA8BCECE4
:10E84400B2E2D3D0CEEFC1CFA3A100004D61746575
:10E854007269616C204465746563746564000000CA
:10E86400B3F5CABCBBAFCDEAB3C9A3A10000000095
:10E87400496E697469616C697A6174696F6E206943
:10E884007320636F6D706C6574652100B1DCBFAA81
:10E89400D4ADB5E32E2E2E2E2E2E00007475726E7E
:10E8A4007320617761792066726F6D2074686520CA
:10E8B4006F726967696E2E2E2E000000BCECB2E206
:10E8C400D4ADB5E32E2E2E2E2E2E00006465746575
:10E8D4006374696F6E206F726967696E2E2E2E00E5
:10E8E400B1A8BEAFD0C5CFA2A3BACEB4BCECB2E23D
:10E8F400B5BDD4ADB5E3D0C5BAC5A3A10000000031
:10E90400416C61726D206D6573736167653A204F68
:10E91400726967696E207369676E616C206E6F74CB
:10E92400206465746563746564210000B1A8BEAF9A
:10E93400D0C5CFA2A3BAB1DCBFAAD4ADB5E3CAA7F0
:10E94400B0DCA3A100000000416C61726D206D6514
:10E9540073736167653A6661696C656420746F20DE
:10E9640061766F696420746865206F726967696E87
:10E9740021000000BBD8D4ADB5E3CDEAB3C92E0065
:10E9840072657475726E20746F206F726967696E38
:10E9940020636F6D706C6574652E0000D5FDD4DA4C
:10E9A400B4F2D3A1D6D0A3A1000000005072696EC6
:10E9B40074696E6720696E2070726F677265737315
:10E9C40021000000B1A8BEAFD0C5CFA2A3BAC6BD76
:10E9D400CCA8BCECB2E2CEDEC1CFA3ACC7EBC8B7C7
:10E9E400C8CFA3A100000000416C61726D3A546865
:10E9F400652073756374696F6E20706C6174652033
:10EA04006973206E6F74206D6174657269616C69DD
:10EA14007A65642C20706C6561736520636F6E6623
:10EA240069726D2100000000B1A8BEAFD0C5CFA2AD
:10EA3400A3BAC7EBCFC8C8A1B1EAA3A100000000E4
:10EA4400506C656173652074616B65207468652022
:10EA54006C6162656C206669727374210000000049
:10EA6400B5B1C7B0CEBBD6C3CEAACCF9B1EACEBB42
:10EA74002E0000005468652063757272656E742000
:10EA8400706F736974696F6E206973207468652090
:10EA94006C6162656C696E672E000000C8A5CCF9D4
:10EAA400B1EACEBB2E000000476F20746F2074685B
:10EAB40065206C6162656C696E6720706F73697440
:10EAC400696F6E2E00000000B5BDB4EFCCF9B1EA59
:10EAD400CEBB2E0041727269766520617420746821
:10EAE40065206C6162656C696E6720706F73697410
:10EAF400696F6E2E00000000B5B1C7B0CEBBD6C39F
:10EB0400CEAAC8A1B1EACEBB2E000000546865208D
:10EB140063757272656E7420706F736974696F6E59
:10EB2400206973207468652074616B652E00000091
:10EB3400C8A5C8A1B1EACEBB2E000000476F20745F
:10EB44006F207468652054616B696E6720706F7301
:10EB54006974696F6E2E0000B1A8BEAFD0C5CFA294
:10EB6400A3BABCECB2E2CEB4CCF9C9CFA3ACC7EB28
:10EB7400C8B7C8CFA3A10000416C61726D3A546854
:10EB8400652074657374206973206E6F74206174DA
:10EB94007461636865642C20706C656173652063BF
:10EBA4006F6E6669726D2100B1A8BEAFD0C5CFA2E9
:10EBB400A3BACEFCC5CCBCECB2E2D3D0C1CFA3ACDB
:10EBC400C7EBC8B7C8CFA3A100000000416C6172B5
:10EBD4006D3A53756374696F6E20706C617465204F
:10EBE400646574656374696F6E206F66206D61740B
:10EBF400657269616C2C20706C6561736520636F4C
:10EC04006E6669726D210000B5BDB4EFC8A1B1EAAA
:10EC1400CEBB2E00417272697665206174207468DF
:10EC2400652054616B696E6720706F736974696FD6
:10EC34006E2E0000CCE1CABED0C5CFA2A3BACAD5FD
:10EC4400C1CFB1A8BEAFA3A1000000005469707386
:10EC54003A52656376696E6720416C61726D21007A
:10EC6400B1A8BEAFD0C5CFA2A3BAC8B1C1CFD4A4F6
:10EC7400BEAFA3ACC7EBD4F6B2B9CEEFC1CFA3A15C
:10EC840000000000416C61726D206D6573736167F3
:10EC9400653A7072652D616C61726D20666F7220C9
:10ECA4006C61636B206F66206D6174657269616C61
:10ECB400210000005549BDF4BCB1CDA3D6B9B6AF0F
:10ECC400D7F7A3A100000000554920452D73746FA8
:10ECD4007020616374696F6E21000000CDE2B2BFE1
:10ECE400B4A5B7A2BCB1CDA3A3ACCDA3D6B9CBF97F
:10ECF400D2D4B6AFD7F7A3A100000000547269675D
:10ED040067657220656D657267656E6379207374DB
:10ED14006F702C2073746F7020616C6C206163744D
:10ED2400696F6E7321000000C4DAB2BFB4A5B7A244
:10ED3400BCB1CDA3A3ACCDA3D6B9CBF9D2D4B6AFD5
:10ED4400D7F7A3A1000000005549CDA3D6B9B6AFAB
:10ED5400D7F7A3A10000000055492073746F7020F9
:10ED6400616374696F6E2E00B9D8B1D5D5E6BFD58D
:10ED74002E000000436C6F73652074686520766113
:10ED84006375756D2E000000B4F2BFAAD5E6BFD539
:10ED94002E0000004F70656E2074686520766163F4
:10EDA40075756D2E00000000B9D8B1D5B4B5C6F89C
:10EDB4002E000000426C6F7720636C6F73696E677E
:10EDC4002E000000B4F2BFAAB4B5C6F82E000000AD
:10EDD400426C6F77206F70656E696E672E0000005D
:10EDE400CBF5BBD8C6F8B8D70000000052657472E2
:10EDF40061637465642063796C696E646572000094
:10EE0400B1A8BEAFD0C5CFA2A3BAC6F8B8D7CBF5C8
:10EE1400BBD8D2ECB3A30000416C61726D3A637944
:10EE24006C696E6465722072657472616374656482
:10EE340020616C61726D0000C9ECB3F6C6F8B8D7F6
:10EE440000000000457874656E642063796C696E17
:10EE540064657200B1A8BEAFD0C5CFA2A3BAC6F88C
:10EE6400B8D7C9ECB3F6D2ECB3A30000416C61721D
:10EE74006D3A63796C696E64657220657874656E49
:10EE84006420616C61726D00CCE1CABED0C5CFA2B2
:10EE9400A3BAC7EBCFC8B3F5CABCB6AFD7F72E0039
:10EEA400546970733A506C6561736520696E697456
:10EEB40069616C697A652066697273742E0000005A
:10EEC400C7D0BBBBB5BDC1AABBFAC4A3CABD2E0083
:10EED40053776974636820746F206F6E6C696E6514
:10EEE400206D6F64652E0000C7D0BBBBB5BDB5F700
:10EEF400CAD4C4A3CABD2E0053776974636820744E
:10EF04006F206465627567206D6F64652E00000074
:10EF1400B1A8BEAFD0C5CFA2A3BACBCDC1CFC7FDD8
:10EF2400B6AFC6F7B1A8BEAF2E000000416C617247
:10EF34006D20696E666F3A2046656564696E672068
:10EF440064726976657220616C61726D2E000000D6
:10EF540020202020202020202020202020202020AD
:10EF6400202020202020202020202020202020209D
:10EF740020202020202020202000000020202020ED
:10EF8400202020202020202020202020202020207D
:10EF9400202020202020202020202020202020206D
:10EFA40020202020000000005AA505820000000057
:10EFB400B2CECAFDD4BDBDE72CC9E8D6C3B7B6CE20
:10EFC400A7312D3230300000506172616D65746577
:10EFD4007220697320696E76616C69642C73657440
:10EFE40074696E672072616E67653A312D32303014
:10EFF40000000000B2CECAFDD4BDBDE72CC9E8D6DE
:10F00400C3B7B6CEA7312D313530000050617261DF
:10F014006D6574657220697320696E76616C6964CC
:10F024002C73657474696E672072616E67653A311A
:10F034002D31353000000000B2CECAFDD4BDBDE78D
:10F044002CC9E8D6C3B7B6CEA7352D35303000006D
:10F05400506172616D6574657220697320696E76A2
:10F06400616C69642C73657474696E672072616E77
:10F0740067653A352D35303000000000B2CECAFD48
:10F08400D4BDBDE72CC9E8D6C3B7B6CEA7312D3160
:10F0940030300000506172616D657465722069736F
:10F0A40020696E76616C69642C73657474696E672B
:10F0B4002072616E67653A312D31303000000000F6
:10F0C400B2CECAFDD4BDBDE72CC9E8D6C3B7B6CE0F
:10F0D400A7302D3130000000506172616D65746598
:10F0E4007220697320696E76616C69642C7365742F
:10F0F40074696E672072616E67653A302D31300035
:10F10400B2CECAFDD4BDBDE72CC9E8D6C3B7B6CECE
:10F11400A7312D3939390000506172616D6574650C
:10F124007220697320696E76616C69642C736574EE
:10F1340074696E672072616E67653A312D393939A9
:10F1440000000000B2CECAFDD4BDBDE72CC9E8D68C
:10F15400C3B7B6CEA7302E312D322E3500000000B5
:10F16400506172616D6574657220697320696E7691
:10F17400616C69642C73657474696E672072616E66
:10F1840067653A302E312D322E350000B2CECAFDDD
:10F19400D4BDBDE72CC9E8D6C3B7B6CEA7312D344C
:10F1A40000000000506172616D65746572206973BE
:10F1B40020696E76616C69642C73657474696E671A
:10F1C4002072616E67653A312D3400002A2A2A2A9A
:10F1D4002A2A0000557365722020202000000000B8
:10F1E40056656E646F7220200000000053757065D0
:10F1F4007220202000000000D5E6BFD500000000EA
:10F20400B1B8D3C300000000C6F8B8D7CBF5BBD85B
:10F2140000000000C6F8B8D7C9ECB3F6000000003F
:10F22400B3F5CABCBBAFCDEAB3C9D0C5BAC50000FB
:10F23400C7EBC7F3B4F2D3A1D0C5BAC50000000030
:10F2440020CBCDB1EACDEAB3C9D0C5BAC520000000
:10F2540020C8A1B1EACDEAB3C9D0C5BAC52000001F
:10F26400B4F2D3A1D7B4CCACD0C5BAC50000000069
:10F27400CBCDB1EAD0C5BAC500000000B3F5CABC15
:10F28400BBAFD0C5BAC50000CDA3D6B9D0C5BAC5E9
:10F2940000000000D4DACFDFB4F2D3A1CCF9B1EA94
:10F2A400B9A9C1CFC6F70000C6F8B8D7CBF5BBD80B
:10F2B400B5BDCEBB00000000C6F8B8D7C9ECB3F6A4
:10F2C400B5BDCEBB00000000D5E6BFD5BCECB2E2B4
:10F2D40000000000B9E2CFCBBCECB2E2D0C5BAC5A5
:10F2E40000000000CAD5C1CFB5BDCEBBD0C5BAC5DC
:10F2F40000000000D3C3BBA7B5C7C2BC0000000018
:10F30400456E676C6973680056616375756D0000BE
:10F31400537061726500000043796C696E646572B4
:10F3240020526574726163746564000043796C698A
:10F334006E64657220457874656E646564000000CF
:10F3440020496E697469616C697A65204F4B0000CD
:10F3540041626E6F726D616C20616C61726D000050
:10F36400537469636B20636F6D706C657465000022
:10F37400466574636820636F6D706C657465000026
:10F384005072696E742073746174757300000000A8
:10F39400537472697070696E67207369676E616C0B
:10F3A40000000000496E697469616C697A6174696E
:10F3B4006F6E207369676E616C00000053746F7028
:10F3C400207369676E616C004F6E6C696E652050C6
:10F3D40072696E74696E67204C6162656C20466563
:10F3E400656465720000000056616375756D2043A5
:10F3F4006865636B000000004669626572204368BB
:10F4040065636B205369676E616C000052657769B0
:10F414006E6465722053656E736F7200206C6F6743
:10F42400696E20200000000020D6D0CEC400000069
:10F434004152442D5052542D3030312D413300006F
:10F444004152442D32324D2D313249384F2D4145F0
:10F454000000000056312E302E302032303236304B
:10F464003132330002030405060708090A0B0C0DA8
:10F474000E0F1010D3C3BBA7B5C7C2BC0000000059
:10F48400CFB5CDB3D7D4B6AFCDCBB3F6B3C9B9A648
:10F494002E0000002020202020202020000000003A
:10F4A40030000000202020202020202020202020A8
:10F4B4002020202020202020202020202020202048
:10F4C40020202020202020202020202000000000B8
:10F4D400CCE1CABED0C5CFA2A3BACDE2B2BFBDF4BF
:10F4E400BCB1CDA3D6B9D7B4CCACA3A10000000065
:10F4F400546970733A45787465726E616C20452D59
:10F5040073746F702073746174652100C7D0BBBBC2
:10F51400B5BDC1AABBFAC4A3CABD2E005377697492
:10F52400636820746F206F6E6C696E65206D6F6404
:10F53400652E0000211FF43DD8F0F43D8FC2F53D47
:10F54400B4C8F63D6B9AF73D226CF83DD93DF93DC0
:10F55400FE43FA3DB515FB3D6DE7FB3D91EDFC3DEA
:10F5640048BFFD3D0091FE3D2497FF3D6E34003EB3
:10F57400499D003E5C20013E3789013E4A0C023E13
:10F584002575023E38F8023E1361033E26E4033E2D
:10F59400014D043E14D0043EEF38053E02BC053E46
:10F5A400DD24063EF0A7063ECB10073EDE93073E61
:10F5B400B9FC073ECC7F083EDE02093EBA6B093E29
:10F5C400CCEE093EDE710A3EBADA0A3ECC5D0B3E51
:10F5D400DFE00B3EF1630C3ECDCC0C3EDF4F0D3E25
:10F5E400F2D20D3E04560E3EE0BE0E3EF2410F3EF8
:10F5F40005C50F3E1748103E29CB103E3C4E113E28
:10F6040017B7113E2A3A123E3CBD123E4F40133EFC
:10F6140061C3133E7446143E86C9143E984C153E8D
:10F62400ABCF153EBD52163ED0D5163EE258173E1E
:10F63400F5DB173E075F183E19E2183E2C65193EAC
:10F644003EE8193E516B1A3E9A081B3EAC8B1B3E9A
:10F65400BF0E1C3ED1911C3EE4141D3EF6971D3E88
:10F664003F351E3E52B81E3E643B1F3E77BE1F3ED2
:10F67400C05B203ED3DE203EE561213E2EFF213ECD
:10F684004182223E5305233E9CA2233EAF25243EC5
:10F69400C1A8243E0B46253E1DC9253E6666263E6E
:10F6A40079E9263EC286273ED509283E1EA7283E74
:10F6B400302A293E7AC7293E8C4A2A3ED5E72A3E7B
:10F6C400E86A2B3E31082C3E448B2C3E8D282D3E7F
:10F6D400D6C52D3EE9482E3E32E62E3E7B832F3E94
:10F6E4008E06303ED7A3303E2041313E33C4313EF6
:10F6F4007C61323EC5FE323E0F9C333E5839343E67
:10F704006ABC343EB459353EFDF6353E4694363E29
:10F714009031373ED9CE373E226C383E35EF383EF5
:10F724007E8C393EC7293A3E11C73A3E5A643B3E65
:10F73400A3013C3EED9E3C3E363C3D3E7FD93D3EE2
:10F74400C9763E3E12143F3E5BB13F3EDC68403E0C
:10F754002506413E6EA3413EB840423E01DE423E94
:10F764004A7B433E9318443E14D0443E5D6D453E6F
:10F77400A60A463EF0A7463E705F473EB9FC473EA8
:10F78400029A483E4C37493ECCEE493E158C4A3EDF
:10F7940096434B3EDFE04B3E287E4C3EA8354D3E23
:10F7A400F2D24D3E728A4E3EBB274F3E05C54F3EB8
:10F7B400857C503ECE19513E4ED1513E986E523EFC
:10F7C4001826533E98DD533EE17A543E6132553E4D
:10F7D400ABCF553E2B87563EAB3E573EF5DB573EEF
:10F7E4007593583EF54A593E3EE8593EBE9F5A3EEF
:10F7F4003F575B3E88F45B3E08AC5C3E88635D3EED
:10F80400091B5E3E89D25E3ED26F5F3E5227603E48
:10F81400D3DE603E5396613ED34D623E5305633E54
:10F82400D3BC633E1D5A643E9D11653E1DC9653EB1
:10F834009D80663E1D38673E9EEF673E1EA7683E6C
:10F844009E5E693E1E166A3E9FCD6A3E569F6B3E83
:10F85400D6566C3E560E6D3ED6C56D3E567D6E3EFA
:10F86400D7346F3E57EC6F3E0EBE703E8E75713EC0
:10F874000E2D723E8FE4723E0F9C733EC66D743E35
:10F884004625753EC6DC753E7DAE763EFE65773E0A
:10F894007E1D783E35EF783EB5A6793E355E7A3EDC
:10F8A400EC2F7B3E6DE77B3E24B97C3EA4707D3E0D
:10F8B40024287E3EDBF97E3E5BB17F3E8941803E5B
:10F8C400499D803E2506813EE561813EC1CA813E57
:10F8D4009C33823E5C8F823E38F8823EF853833EEE
:10F8E400D3BC833EAF25843E6F81843E4BEA843E85
:10F8F4002653853EE6AE853EC217863E9D80863EF3
:10F9040079E9863E3945873E14AE873EF016883E37
:10F91400CC7F883EA7E8883E8351893E43AD893E2B
:10F924001E168A3EFA7E8A3ED5E78A3EB1508B3E49
:10F934008CB98B3E68228C3E448B8C3E1FF48C3EEB
:10F94400FB5C8D3ED6C58D3EB22E8E3E8D978E3E8F
:10F9540069008F3E44698F3E20D28F3EFB3A903E31
:10F96400D7A3903EB30C913E8E75913E85EB913EAC
:10F974006154923E3CBD923E1826933EF38E933ED4
:10F98400EA04943EC66D943EA1D6943E7D3F953ED6
:10F9940058A8953E4F1E963E2B87963E07F0963EFE
:10F9A400FE65973ED9CE973EB537983EACAD983EAE
:10F9B4008716993E7E8C993E5AF5993E355E9A3E5D
:10F9C4002CD49A3E083D9B3EFFB29B3EDA1B9C3EE4
:10F9D400D1919C3EADFA9C3EA4709D3E7FD99D3E44
:10F9E400764F9E3E52B89E3E492E9F3E24979F3EA0
:10F9F4001B0DA03E1283A03EEEEBA03EE561A13EAE
:10FA0400C1CAA13EB840A23EAEB6A23E8A1FA33EE2
:10FA14008195A33E780BA43E6F81A43E4BEAA43E9D
:10FA24004260A53E39D6A53E304CA63E0BB5A63E57
:10FA3400022BA73EF9A0A73EF016A83EE78CA83EED
:10FA4400C3F5A83EBA6BA93EB1E1A93EA857AA3EA8
:10FA54009FCDAA3E9643AB3E8CB9AB3E832FAC3EC2
:10FA64007AA5AC3E560EAD3E4D84AD3E44FAAD3E55
:10FA74003B70AE3E32E6AE3E295CAF3E20D2AF3E96
:10FA84001748B03E0EBEB03E2041B13E17B7B13E5E
:10FA94000E2DB23E05A3B23EFC18B33EF38EB33E28
:10FAA400EA04B43EE17AB43ED8F0B43ECF66B53E43
:10FAB400E2E9B53ED95FB63ED0D5B63EC74BB73EB8
:10FAC400BEC1B73ED044B83EC7BAB83EBE30B93E58
:10FAD400B5A6B93EAC1CBA3EBE9FBA3EB515BB3EF8
:10FAE400AC8BBB3EBF0EBC3EB684BC3EADFABC3E46
:10FAF400BF7DBD3EB6F3BD3EAD69BE3EC0ECBE3E6D
:10FB0400B762BF3EAED8BF3EC05BC03EB7D1C03EB9
:10FB1400AE47C13EC1CAC13EB840C23ECAC3C23EDE
:10FB2400C139C33ED3BCC33ECA32C43EC1A8C43EDD
:10FB3400D42BC53ECBA1C53EDD24C63ED49AC63ED9
:10FB4400E71DC73EDE93C73EF016C83EE78CC83EAD
:10FB5400F90FC93EF085C93E0309CA3E158CCA3E59
:10FB64000C02CB3E1F85CB3E16FBCB3E287ECC3E03
:10FB74003B01CD3E3277CD3E44FACD3E3B70CE3E86
:10FB84004DF3CE3E6076CF3E57ECCF3E696FD03E0C
:10FB94007CF2D03E7368D13E85EBD13E986ED23E66
:10FBA4008FE4D23EA167D33EB3EAD33EAA60D43EEB
:10FBB400BDE3D43ECF66D53EE2E9D53ED95FD63E1D
:10FBC400EBE2D63EFE65D73E10E9D73E075FD83E4E
:10FBD40019E2D83E2C65D93E3EE8D93E355EDA3E80
:10FBE40048E1DA3E5A64DB3E6DE7DB3E7F6ADC3E89
:10FBF40076E0DC3E8863DD3E9BE6DD3EAD69DE3EBD
:10FC0400C0ECDE3EB762DF3EC9E5DF3EDC68E03EC5
:10FC1400EEEBE03E006FE13E13F2E13E2575E23E7D
:10FC24001CEBE23E2F6EE33E41F1E33E5474E43EAE
:10FC340066F7E43E787AE53E8BFDE53E9D80E63E40
:10FC4400B003E73EA779E73EB9FCE73ECC7FE83E48
:10FC5400DE02E93EF085E93E0309EA3E158CEA3E00
:10FC6400280FEB3E3A92EB3E4D15EC3E5F98EC3E8E
:10FC7400711BED3E849EED3E9621EE3EA9A4EE3E20
:10FC8400A01AEF3EB29DEF3EC520F03ED7A3F03E52
:10FC9400E926F13EFCA9F13E0E2DF23E21B0F23EE2
:10FCA4003333F33E46B6F33E5839F43E6ABCF43E71
:10FCB4007D3FF53E8FC2F53EA245F63EB4C8F63E02
:10FCC400C74BF73ED9CEF73EEC51F83EFED4F83E92
:10FCD4001058F93E23DBF93E355EFA3E48E1FA3E20
:10FCE4005A64FB3E6DE7FB3E7F6AFC3E91EDFC3EB1
:10FCF400A470FD3EB6F3FD3EC976FE3EDBF9FE3E42
:10FD0400EE7CFF3E0000003F8941003F1283003F2C
:10FD14009CC4003F2506013FAE47013F3789013FA0
:10FD2400C1CA013F4A0C023FD34D023F5C8F023FE0
:10FD3400E5D0023F6F12033FF853033F8195033F21
:10FD44000AD7033F9318043F1D5A043FA69B043F60
:10FD54002FDD043FB81E053F4260053FCBA1053FA0
:10FD640054E3053FDD24063F6666063FF0A7063FE1
:10FD740079E9063F022B073F8B6C073F14AE073F20
:10FD84009EEF073F2731083FB072083FACAD083FF4
:10FD940035EF083FBE30093F4772093FD0B3093FF2
:10FDA4005AF5093FE3360A3F6C780A3FF5B90A3F32
:10FDB4007FFB0A3F083D0B3F917E0B3F1AC00B3F70
:10FDC400A3010C3F2D430C3F287E0C3FB1BF0C3FD9
:10FDD4003B010D3FC4420D3F4D840D3FD6C50D3F41
:10FDE4005F070E3FE9480E3F728A0E3F6DC50E3F16
:10FDF400F7060F3F80480F3F098A0F3F92CB0F3F12
:10FE04001B0D103FA54E103FA089103F29CB103F7A
:10FE1400B30C113F3C4E113FC58F113FC1CA113F76
:10FE24004A0C123FD34D123F5C8F123FE5D0123F74
:10FE3400E10B133F6A4D133FF38E133F7DD0133F05
:10FE4400780B143F014D143F8A8E143F14D0143F95
:10FE54000F0B153F984C153F228E153FABCF153F26
:10FE6400A60A163F304C163FB98D163FB4C8163F4C
:10FE74003D0A173FC74B173FC286173F4BC8173F72
:10FE8400D509183FD044183F5986183FE3C7183F97
:10FE9400DE02193F6744193F637F193FECC0193FE5
:10FEA40075021A3F713D1A3FFA7E1A3FF5B91A3F9F
:10FEB4007FFB1A3F083D1B3F03781B3F8CB91B3F58
:10FEC40088F41B3F11361C3F0D711C3F96B21C3F3A
:10FED40091ED1C3F1B2F1D3F166A1D3F9FAB1D3F1D
:10FEE4009BE61D3F96211E3F20631E3F1B9E1E3F27
:10FEF400A4DF1E3FA01A1F3F295C1F3F24971F3F0A
:10FF040020D21F3FA913203FA54E203FA089203FA8
:10FF140029CB203F2506213F2041213FAA82213FB2
:10FF2400A5BD213FA1F8213F2A3A223F2575223F52
:10FF340021B0223FAAF1223FA52C233FA167233FF2
:10FF44009CA2233F98DD233F211F243F1D5A243FB9
:10FF54001895243F14D0243F0F0B253F984C253F80
:10FF64009487253F8FC2253F8BFD253F8638263F4A
:10FF74008273263F7DAE263F79E9263F7424273FCE
:10FF8400705F273FF9A0273FF5DB273FF016283F96
:10FF9400EC51283FE78C283FE3C7283FDE02293F86
:10FFA400D93D293FD578293F43AD293F3EE8293F34
:10FFB4003A232A3F355E2A3F31992A3F2CD42A3FDF
:10FFC400280F2B3F234A2B3F1F852B3F8CB92B3FF8
:10FFD40088F42B3F832F2C3F7F6A2C3F7AA52C3F3C
:10FFE400E8D92C3FE4142D3FDF4F2D3FDB8A2D3F12
:0CFFF40048BF2D3F44FA2D3F3F352E3F03
:020000040801F1
:100000003B702E3FA9A42E3FA4DF2E3FA01A2F3F06
:100010000E4F2F3F098A2F3F77BE2F3F72F92F3F98
:100020006E34303FDC68303FD7A3303F45D8303F97
:100030004013313FAE47313FAA82313F17B7313FBE
:1000400013F2313F8126323F7C61323FEA95323FE5
:10005000E5D0323F5305333FC139333FBC74333FA2
:100060002AA9333F26E4333F9318343F014D343FF0
:10007000FD87343F6ABC343FD8F0343FD42B353F42
:100080004260353FAF94353F1DC9353F8BFD353F4D
:100090008638363FF46C363F62A1363FD0D5363FC6
:1000A0003D0A373F3945373FA779373F14AE373FD1
:1000B00082E2373FF016383F5E4B383FCC7F383F07
:1000C00039B4383FA7E8383F151D393F8351393FD0
:1000D000F085393F5EBA393FCCEE393F3A233A3F9B
:1000E000A8573A3F158C3A3F83C03A3FF1F43A3F64
:1000F0005F293B3F3F573B3FAC8B3B3F1AC03B3FE9
:1001000088F43B3FF6283C3F645D3C3F448B3C3FDA
:10011000B1BF3C3F1FF43C3F8D283D3F6D563D3FF6
:10012000DB8A3D3F48BF3D3F29ED3D3F96213E3FA5
:1001300004563E3FE4833E3F52B83E3F32E63E3FE8
:10014000A01A3F3F0E4F3F3FEE7C3F3F5BB13F3F2A
:100150003BDF3F3FA913403F8941403FF775403F98
:10016000D7A3403FB7D1403F2506413F0534413F2B
:100170007368413F5396413F33C4413FA1F8413F2B
:100180008126423F6154423FCE88423FAEB6423F55
:100190008FE4423FFC18433FDC46433FBC74433F7F
:1001A0009CA2433F7DD0433FEA04443FCA32443FD0
:1001B000AA60443F8A8E443F6ABC443F4BEA443FB6
:1001C0002B18453F984C453F787A453F58A8453F06
:1001D00039D6453F1904463FF931463FD95F463F7E
:1001E000B98D463F99BB463F79E9463FCB10473F23
:1001F000AB3E473F8B6C473F6B9A473F4BC8473FEF
:100200002BF6473F0B24483F5E4B483F3E79483F23
:100210001EA7483FFED4483FDE02493F302A493FEF
:100220001058493FF085493F43AD493F23DB493FE3
:1002300003094A3F55304A3F355E4A3F158C4A3FD5
:1002400068B34A3F48E14A3F9A084B3F7A364B3FF2
:100250005A644B3FAC8B4B3F8CB94B3FDFE04B3F7D
:10026000BF0E4C3F11364C3F645D4C3F448B4C3FBE
:1002700096B24C3F76E04C3FC8074D3F1B2F4D3F99
:10028000FB5C4D3F4D844D3F2DB24D3F7FD94D3FDF
:10029000D2004E3F24284E3F04564E3F567D4E3FDF
:1002A000A9A44E3FFBCB4E3FDBF94E3F2D214F3FE4
:1002B00080484F3FD26F4F3F24974F3F77BE4F3F0D
:1002C000C9E54F3FA913503FFB3A503F4E62503FA4
:1002D000A089503FF2B0503F45D8503F97FF503F64
:1002E000E926513F3C4E513F8E75513FE09C513FB6
:1002F00033C4513FF7E4513F4A0C523F9C33523FC5
:10030000EE5A523F4182523F93A9523FE5D0523FAD
:10031000AAF1523FFC18533F4F40533FA167533F50
:10032000F38E533FB8AF533F0AD7533F5DFE533F61
:10033000211F543F7446543FC66D543F8A8E543F2C
:10034000DDB5543F2FDD543FF4FD543F4625553F66
:100350000B46553F5D6D553F228E553F74B5553F59
:1003600039D6553F8BFD553F4F1E563FA245563F50
:100370006666563FB98D563F7DAE563FD0D5563F47
:1003800094F6563F5917573FAB3E573F705F573F64
:100390003480573F87A7573F4BC8573F10E9573F17
:1003A0006210583F2731583FEC51583FB072583FC8
:1003B000029A583FC7BA583F8CDB583F50FC583F11
:1003C000151D593FD93D593F2C65593FF085593F7F
:1003D000B5A6593F7AC7593F3EE8593F03095A3FEE
:1003E000C7295A3F8C4A5A3F516B5A3F158C5A3F86
:1003F000DAAC5A3F9FCD5A3F63EE5A3F280F5B3F1E
:10040000EC2F5B3FB1505B3F76715B3F3A925B3FB5
:1004100071AC5B3F36CD5B3FFAED5B3FBF0E5C3F9F
:10042000832F5C3F48505C3F7F6A5C3F448B5C3F5E
:1004300008AC5C3FCDCC5C3F04E75C3FC8075D3F48
:100440008D285D3F52495D3F88635D3F4D845D3F30
:1004500012A55D3F48BF5D3F0DE05D3FD2005E3FAE
:10046000091B5E3FCD3B5E3F04565E3FC9765E3F53
:1004700000915E3FC4B15E3FFBCB5E3FC0EC5E3F90
:10048000F7065F3FBB275F3FF2415F3FB7625F3FC9
:10049000EE7C5F3FB29D5F3FE9B75F3FAED85F3F05
:1004A000E5F25F3F1B0D603FE02D603F1748603F66
:1004B0004E62603F1283603F499D603F80B7603F5E
:1004C00045D8603F7CF2603FB30C613FE926613F55
:1004D000AE47613FE561613F45A3000815AD0008E7
:1004E00079AE0008DDAF000825A30008F5AC0008D0
:1004F00059AE0008BDAF000888138813881388130D
:100500008813881388138813B80B00000A000300AF
:10051000960002009600020096000300401FE803C8
:100520000000000000100140000200000010014027
:1005300000010000001001404000000000100140D8
:100540008000000000140140800000000010014005
:1005500000080000001401404000000000100140AD
:1005600000100000000C014080000000000C014061
:1005700008000000000C014020000000000C0140B9
:1005800010000000001801400400000000180140A5
:100590002000000000180140080000000018014081
:1005A00010000000000C014020000000000C014081
:1005B0001000000000140140080000000014014079
:1005C000040000000014014002000000001401407B
:1005D0000100000000080140800000000008014008
:1005E0004000000000180140010000000018014018
:1005F000020000000014014000040000001401404B
:10060000000200000014014000010000000C014045
:100610000080000000180140400000000010014070
:100620000020000000100140008000000014014084
:100630000080000000140140200000000014014070
:1006400010000000001001400004000000080140FC
:100650000080000000140140004000000014014030
:1006600000200000001401400010000000140140B0
:1006700000080000001801400010000000180140B0
:100680000020000000180140004000000018014058
:100690000080000000180140000800000018014020
:1006A0000004000000180140000200000018014092
:1006B000000100000018014080000000000C014013
:1006C0000200000000100140200000000010014066
:1006D0001000000000000000000000000102030400
:1006E000060708090000000001020304232D302B37
:1006F0002000686C4C006566674546470030313223
:100700003334353637383941424344454600303179
:1007100032333435363738396162636465660000D8
:040720005501000877
:040724003101000897
:10072800DD33000869340008D5360008253700088D
:10073800513C0008913700084D380008213E000858
:10074800715D0008F9410008B142000895430008AE
:10075800C1330008C1330008C1330008C1330008A1
:10076800C1330008C1330008594000088940000817
:10077800C1400008F140000829410008594100081B
:1007880091410008C141000879440008314500083A
:10079800E9450008A5460008C1330008C133000830
:1007A800C1330008C1330008C1330008C93F00083D
:1007B800ED3F00081140000835400008E55B0008DF
:1007C800C1330008C1330008C1330008C133000831
:1007D800D5470008C1330008D9480008AD490008CA
:1007E8005948000800000000000000000000000058
:1007F80000000000000000000101010101010101E9
:100808000101010101010101010000005AA507824F
:1008180000845A01000000005AA504830014010056
:10082800100000000100000000037D000000FFFF31
:1008380000037D000001FFFF00037D010000FFFFB2
:1008480000037D010001FFFF00037D020000FFFFA0
:1008580000037D020001FFFF00037D030000FFFF8E
:1008680000037D030001FFFF00037D040000FFFF7C
:1008780000037D040001FFFF00037D050000FFFF6A
:1008880000037D050001FFFF00037D060000FFFF58
:1008980000037D060001FFFF00037D070000FFFF46
:1008A80000037D070001FFFF00037D080001FFFF33
:1008B80000037D080001FFFF00037D090000FFFF22
:1008C80000037D090001FFFF00037D0A0000FFFF10
:1008D80000037D0A0001FFFF00037D0B0000FFFFFE
:1008E80000037D0B0001FFFF00037D0C0001FFFFEB
:1008F80000037D0D0001FFFF00037D0E0001FFFFD7
:1009080000037D0F0001FFFF00037D100001FFFFC2
:1009180000037D110001FFFF00037D120001FFFFAE
:1009280000037D130001FFFF00000000000000002D
:1009380000000000000000000101010101000000AA
:1009480000A24A0428020020000000000000000065
:10095800000000000000000000000000000000008F
:10096800000000000000000000000000000000007F
:10097800000000000000000000000000000000006F
:10098800000000000000000000000000000000005F
:10099800000000000000000000000000000000004F
:0809A800000000000000000047
:040000050800D7E137
:00000001FF
