:020000040800F2
:10000000000001202DD900087DD900087DD9000805
:100010007DD900087DD900087DD9000800000000C6
:100020000000000000000000000000007DD9000872
:100030007DD90008000000007DD90008BDD100086E
:100040007DD900087DD900087DD900087DD9000838
:100050007DD900087DD9000895CF0008B9CF0008E8
:10006000E9CF000821D0000859D000087DD9000848
:100070007DD900087DD900087DD900087DD9000808
:100080007DD9000879A500087DD900087DD9000830
:100090007DD900087DD900087DD900087DD90008E8
:1000A0007DD900087DD900087DD90008611F0008AE
:1000B000A1220008912400080D2700087DD900081E
:1000C0007DD900087DD900087DD900087DD90008B8
:1000D0007DD900087DD90008B5D000087DD9000879
:1000E00075D000087DD90008000000007DD9000807
:1000F0007DD900087DD900087DD900087DD9000888
:100100007DD900087DD900087DD200087DD900087E
:100110007DD900087DD900087DD900087DD9000867
:100120007DD900087DD900087DD900087DD9000857
:1001300010B5054C237833B9044B13B10448AFF321
:1001400000800123237010BDB801002000000000D2
:1001500058E2000808B5034B1BB103490348AFF34D
:10016000008008BD00000000BC01002058E200082B
:1001700081F0004102E000BF83F0004330B54FEA58
:1001800041044FEA430594EA050F08BF90EA020FC5
:100190001FBF54EA000C55EA020C7FEA645C7FEA58
:1001A000655C00F0E2804FEA5454D4EB5555B8BF7B
:1001B0006D420CDD2C4480EA020281EA030382EAEC
:1001C000000083EA010180EA020281EA0303362D7E
:1001D00088BF30BD11F0004F4FEA01314FF4801C51
:1001E0004CEA113102D0404261EB410113F0004F63
:1001F0004FEA03334CEA133302D0524263EB43031A
:1002000094EA050F00F0A780A4F10104D5F1200EB7
:100210000DDB02FA0EFC22FA05F2801841F1000112
:1002200003FA0EF2801843FA05F359410EE0A5F1E6
:1002300020050EF1200E012A03FA0EFC28BF4CF017
:10024000020C43FA05F3C01851EBE37101F00045CD
:1002500007D54FF0000EDCF1000C7EEB00006EEBDA
:100260000101B1F5801F1BD3B1F5001F0CD3490864
:100270005FEA30004FEA3C0C04F101044FEA4452BB
:1002800012F5800F80F09A80BCF1004F08BF5FEA42
:10029000500C50F1000041EB045141EA050130BD22
:1002A0005FEA4C0C404141EB0101013C28BFB1F534
:1002B000801FE9D291F0000F04BF01460020B1FA7F
:1002C00081F308BF2033A3F10B03B3F120020CDA52
:1002D0000C3208DD02F1140CC2F10C0201FA0CF030
:1002E00021FA02F10CE002F11402D8BFC2F1200C95
:1002F00001FA02F120FA0CFCDCBF41EA0C0190404B
:10030000E41AA2BF01EB0451294330BD6FEA040493
:100310001F3C1CDA0C340EDC04F11404C4F120027E
:1003200020FA04F001FA02F340EA030021FA04F390
:1003300045EA030130BDC4F10C04C4F1200220FAE7
:1003400002F001FA04F340EA0300294630BD21FA25
:1003500004F0294630BD94F0000F83F4801306BFEB
:1003600081F480110134013D4EE77FEA645C18BFDF
:100370007FEA655C29D094EA050F08BF90EA020F76
:1003800005D054EA000C04BF1946104630BD91EA6E
:10039000030F1EBF0021002030BD5FEA545C05D171
:1003A0004000494128BF41F0004130BD14F58004B0
:1003B0003CBF01F5801130BD01F0004545F0FE4124
:1003C00041F470014FF0000030BD7FEA645C1ABF59
:1003D000194610467FEA655C1CBF0B46024650EA90
:1003E000013406BF52EA033591EA030F41F40021BC
:1003F00030BD00BF90F0000F04BF0021704730B542
:100400004FF4806404F132044FF000054FF0000116
:1004100050E700BF90F0000F04BF0021704730B5D7
:100420004FF4806404F1320410F0004548BF4042AC
:100430004FF000013EE700BF42004FEAE2014FEA01
:1004400031014FEA02701FBF12F07F4393F07F4FDC
:1004500081F06051704732F07F4208BF704793F0DF
:100460007F4F04BF41F40021704730B54FF46074F2
:1004700001F0004521F000411CE700BF50EA0102F5
:1004800008BF704730B54FF000050AE050EA01029E
:1004900008BF704730B511F0004502D5404261EB0E
:1004A00041014FF4806404F132045FEA915C3FF44F
:1004B000D8AE4FF003025FEADC0C18BF03325FEAEC
:1004C000DC0C18BF033202EBDC02C2F1200300FA9D
:1004D00003FC20FA02F001FA03FE40EA0E0021FAC2
:1004E00002F11444BDE600BF70B54FF0FF0C4CF4B0
:1004F000E06C1CEA11541DBF1CEA135594EA0C0F62
:1005000095EA0C0F00F0DEF82C4481EA030621EA9C
:100510004C5123EA4C5350EA013518BF52EA0335D7
:1005200041F4801143F4801338D0A0FB02CE4FF089
:100530000005E1FB02E506F00042E0FB03E54FF0B9
:100540000006E1FB03569CF0000F18BF4EF0010EB1
:10055000A4F1FF04B6F5007F64F5407404D25FEAAD
:100560004E0E6D4146EB060642EAC62141EA555160
:100570004FEAC52040EA5E504FEACE2EB4F1FD0CA2
:1005800088BFBCF5E06F1ED8BEF1004F08BF5FEA20
:10059000500E50F1000041EB045170BD06F00046D2
:1005A00046EA010140EA020081EA0301B4EB5C047F
:1005B000C2BFD4EB0C0541EA045170BD41F4801177
:1005C0004FF0000E013C00F3AB8014F1360FDEBF9C
:1005D000002001F0004170BDC4F10004203C35DA78
:1005E0000C341BDC04F11404C4F1200500FA05F3FB
:1005F00020FA04F001FA05F240EA020001F000429C
:1006000021F0004110EBD37021FA04F642EB060111
:100610005EEA430E08BF20EAD37070BDC4F10C043B
:10062000C4F1200500FA04F320FA05F001FA04F2FF
:1006300040EA020001F0004110EBD37041F10001EB
:100640005EEA430E08BF20EAD37070BDC4F12005F6
:1006500000FA05F24EEA020E20FA04F301FA05F25E
:1006600043EA020321FA04F001F0004121FA04F206
:1006700020EA020000EBD3705EEA430E08BF20EAD6
:10068000D37070BD94F0000F0FD101F00046400010
:1006900041EB010111F4801F08BF013CF7D041EA92
:1006A000060195F0000F18BF704703F00046520096
:1006B00043EB030313F4801F08BF013DF7D043EA67
:1006C0000603704794EA0C0F0CEA135518BF95EA1D
:1006D0000C0F0CD050EA410618BF52EA4306D1D1A4
:1006E00081EA030101F000414FF0000070BD50EAC3
:1006F000410606BF1046194652EA430619D094EA4D
:100700000C0F02D150EA013613D195EA0C0F05D136
:1007100052EA03361CBF104619460AD181EA03018A
:1007200001F0004141F0FE4141F470014FF0000042
:1007300070BD41F0FE4141F4780170BD70B54FF0DD
:10074000FF0C4CF4E06C1CEA11541DBF1CEA13555D
:1007500094EA0C0F95EA0C0F00F0A7F8A4EB05043F
:1007600081EA030E52EA03354FEA013100F0888036
:100770004FEA03334FF0805545EA131343EA1263FF
:100780004FEA022245EA111545EA10654FEA0026B4
:100790000EF000419D4208BF964244F1FD0404F56D
:1007A000407402D25B084FEA3202B61A65EB0305C9
:1007B0005B084FEA32024FF480104FF4002CB6EB86
:1007C000020E75EB030E22BFB61A754640EA0C0006
:1007D0005B084FEA3202B6EB020E75EB030E22BF46
:1007E000B61A754640EA5C005B084FEA3202B6EB87
:1007F000020E75EB030E22BFB61A754640EA9C0046
:100800005B084FEA3202B6EB020E75EB030E22BF15
:10081000B61A754640EADC0055EA060E18D04FEAD3
:10082000051545EA16754FEA06164FEAC30343EA73
:1008300052734FEAC2025FEA1C1CC0D111F4801F40
:100840000BD141EA00014FF000004FF0004CB6E739
:1008500011F4801F04BF01430020B4F1FD0C88BFD8
:10086000BCF5E06F3FF6AFAEB5EB030C04BFB6EBE3
:10087000020C5FEA500C50F1000041EB045170BDD6
:100880000EF0004E4EEA113114EB5C04C2BFD4EB03
:100890000C0541EA045170BD41F480114FF0000E87
:1008A000013C90E645EA060E8DE60CEA135594EA03
:1008B0000C0F08BF95EA0C0F3FF43BAF94EA0C0F06
:1008C0000AD150EA01347FF434AF95EA0C0F7FF47B
:1008D00025AF104619462CE795EA0C0F06D152EACF
:1008E00003353FF4FDAE1046194622E750EA4106B3
:1008F00018BF52EA43067FF4C5AE50EA41047FF4C4
:100900000DAF52EA43057FF4EBAE12E74A0011D275
:1009100012F5001211D20DD56FF47873B3EB625259
:100920000ED44FEAC12343F0004343EA505323FA65
:1009300002F070474FF00000704750EA013002D1DA
:100940004FF0FF3070474FF00000704780F00040DC
:1009500002E000BF81F0004142001FBF5FEA410397
:1009600092EA030F7FEA226C7FEA236C6AD04FEA97
:100970001262D2EB1363C1BFD218414048404140DC
:10098000B8BF5B42192B88BF704710F0004F40F48E
:10099000000020F07F4018BF404211F0004F41F4AA
:1009A000000121F07F4118BF494292EA030F3FD076
:1009B000A2F1010241FA03FC10EB0C00C3F1200389
:1009C00001FA03F100F0004302D5494260EB400018
:1009D000B0F5000F13D3B0F1807F06D340084FEA83
:1009E000310102F10102FE2A51D2B1F1004F40EB78
:1009F000C25008BF20F0010040EA030070474900E0
:100A000040EB0000013A28BFB0F5000FEDD2B0FA7C
:100A100080FCACF1080CB2EB0C0200FA0CF0AABF9F
:100A200000EBC25052421843BCBFD040184370473D
:100A300092F0000F81F4000106BF80F40000013243
:100A4000013BB5E74FEA41037FEA226C18BF7FEA1A
:100A5000236C21D092EA030F04D092F0000F08BF5C
:100A60000846704790EA010F1CBF0020704712F043
:100A70007F4F04D1400028BF40F00040704712F182
:100A800000723CBF00F50000704700F0004343F0E7
:100A9000FE4040F4000070477FEA226216BF08461D
:100AA0007FEA23630146420206BF5FEA412390EAE0
:100AB000010F40F4800070474FF0000304E000BFD6
:100AC00010F0004348BF40425FEA000C08BF704787
:100AD00043F0964301464FF000001CE050EA01024B
:100AE00008BF70474FF000030AE000BF50EA010260
:100AF00008BF704711F0004302D5404261EB41014D
:100B00005FEA010C02BF84460146002043F0B64371
:100B100008BFA3F18053A3F50003BCFA8CF2083A96
:100B2000A3EBC25310DB01FA02FC634400FA02FC9F
:100B3000C2F12002BCF1004F20FA02F243EB0200A6
:100B400008BF20F00100704702F1200201FA02FC08
:100B5000C2F1200250EA4C0021FA02F243EB0200FB
:100B600008BF20EADC7070474FF0FF0C1CEAD0523F
:100B70001EBF1CEAD15392EA0C0F93EA0C0F6FD000
:100B80001A4480EA010C400218BF5FEA41211ED0DE
:100B90004FF0006343EA501043EA5111A0FB0131CA
:100BA0000CF00040B1F5000F3EBF490041EAD3719F
:100BB0005B0040EA010062F17F02FD2A1DD8B3F11B
:100BC000004F40EBC25008BF20F00100704790F08A
:100BD000000F0CF0004C08BF49024CEA502040EADC
:100BE00051207F3AC2BFD2F1FF0340EAC2507047A2
:100BF00040F400004FF00003013A5DDC12F1190FE0
:100C0000DCBF00F000407047C2F10002410021FA51
:100C100002F1C2F1200200FA02FC5FEA310040F169
:100C2000000053EA4C0308BF20EADC70704792F0E2
:100C3000000F00F0004C02BF400010F4000F013A1A
:100C4000F9D040EA0C0093F0000F01F0004C02BF15
:100C5000490011F4000F013BF9D041EA0C018FE784
:100C60000CEAD15392EA0C0F18BF93EA0C0F0AD08A
:100C700030F0004C18BF31F0004CD8D180EA0100B0
:100C800000F00040704790F0000F17BF90F0004F49
:100C9000084691F0000F91F0004F14D092EA0C0F2B
:100CA00001D142020FD193EA0C0F03D14B0218BFBE
:100CB000084608D180EA010000F0004040F0FE4004
:100CC00040F40000704740F0FE4040F440007047A0
:100CD0004FF0FF0C1CEAD0521EBF1CEAD15392EA1F
:100CE0000C0F93EA0C0F69D0A2EB030280EA010C0F
:100CF00049024FEA402037D04FF0805343EA1111A8
:100D000043EA10130CF000408B4238BF5B0042F105
:100D10007D024FF4000C8B4224BF5B1A40EA0C00AA
:100D2000B3EB510F24BFA3EB510340EA5C00B3EBDC
:100D3000910F24BFA3EB910340EA9C00B3EBD10FCA
:100D400024BFA3EBD10340EADC001B0118BF5FEA1C
:100D50001C1CE0D1FD2A3FF650AF8B4240EBC25045
:100D600008BF20F0010070470CF0004C4CEA502006
:100D70007F32C2BFD2F1FF0340EAC250704740F455
:100D800000004FF00003013A37E792F0000F00F047
:100D9000004C02BF400010F4000F013AF9D040EAC5
:100DA0000C0093F0000F01F0004C02BF490011F459
:100DB000000F013BF9D041EA0C0195E70CEAD15351
:100DC00092EA0C0F08D142027FF47DAF93EA0C0F38
:100DD0007FF470AF084676E793EA0C0F04D14B021C
:100DE0003FF44CAF08466EE730F0004C18BF31F0CE
:100DF000004CCAD130F000427FF45CAF31F00043C8
:100E00007FF43CAF5FE700BF4FF0FF3C06E000BF60
:100E10004FF0010C02E000BF4FF0010C4DF804CD83
:100E20004FEA40024FEA41037FEA226C18BF7FEA93
:100E3000236C11D001B052EA530C18BF90EA010F95
:100E400058BFB2EB030088BFC81738BF6FEAE17024
:100E500018BF40F0010070477FEA226C02D15FEAC0
:100E6000402C05D17FEA236CE4D15FEA412CE1D02C
:100E70005DF8040B704700BF844608466146FFE7F3
:100E80000FB5FFF7C9FF002848BF10F1000F0FBDD5
:100E90004DF808EDFFF7F4FF0CBF012000205DF8CE
:100EA00008FB00BF4DF808EDFFF7EAFF34BF012053
:100EB00000205DF808FB00BF4DF808EDFFF7E0FFEC
:100EC00094BF012000205DF808FB00BF4DF808ED3D
:100ED000FFF7D2FF94BF012000205DF808FB00BFA0
:100EE0004DF808EDFFF7C8FF34BF012000205DF882
:100EF00008FB00BF42000ED2B2F1FE4F0BD34FF001
:100F00009E03B3EB126209D44FEA002343F000437F
:100F100023FA02F070474FF00000704712F1610FA2
:100F200001D1420202D14FF0FF3070474FF0000074
:100F3000704700BF80B582B000AF0023FB710CE0AA
:100F4000FA79244913469B019B1A9B000B441C33DE
:100F500000221A70FB790133FB71FB79032BEFD967
:100F600008F030FE09F0D8F909F0C8FE09F07AFF60
:100F70000AF02AF809F0D8F8164B2A22A3F81A2109
:100F8000144B1A88134BDA83124BB3F8F821114B28
:100F9000A3F816220F4B2A22A3F81223002000F0F8
:100FA000DFFA012000F0DCFA022000F0D9FA032079
:100FB00000F0D6FA002000F04FFA012000F04CFAC1
:100FC000022000F049FA032000F046FA00BF08377B
:100FD000BD4680BDD401002080B582B000AF03467D
:100FE0003A60FB710B46BB7100F0CEFBBA79FB791E
:100FF0001146184608F060FFFA790D4913469B0127
:101000009B1A9B000B4402331A78FB791146184651
:1010100008F08CFEFB79184600F05AFAFB79396823
:10102000184600F007F800BF0837BD4680BD00BF76
:10103000D401002090B585B000AF03463960FB7144
:10104000FB796C4A52F823309847FA796A4913467B
:101050009B019B1A9B000B4418333A681A603B684B
:10106000632B22D8FA79644913469B019B1A9B0093
:101070000B441E331B881C46FB79184600F090FC7D
:10108000034603FB04F213469B0013445B4A92FBA6
:10109000F3F3FB81FA79584913469B019B1A9B0095
:1010A0000B441C3305221A7049E0FA795249134661
:1010B0009B019B1A9B000B4408331A88FB7911464D
:1010C000184600F017FDFA794B4913469B019B1A0D
:1010D0009B000B4420331B88FB81FA794649134659
:1010E0009B019B1A9B000B44103364221A60FA790F
:1010F000414913469B019B1A9B000B4418331B6804
:10110000FA79A3F164013C4813469B019B1A9B00AA
:10111000034414331960FA79374913469B019B1A2B
:101120009B000B441C3301221A70FA793249134692
:101130009B019B1A9B000B44E83300221A80FB7929
:10114000032B3ED801A252F823F000BF5D11000826
:101150007511000893110008AB110008284B0022FC
:101160001A60284AFB89D362264BDB6A254A5B0852
:10117000536326E04FF08042FB89D3624FF08043F7
:10118000DB6A4FF080425B0853631F4B00221A60FA
:1011900017E01E4AFB89D3621C4BDB6A1B4A5B08C3
:1011A000D3631B4B00221A600BE01A4AFB89D362FF
:1011B000184BDB6A174A5B085363174B00221A600F
:1011C00000BFFA790C4913469B019B1A9B000B4404
:1011D00018333A681A60FB790121184608F076FD49
:1011E000FB790E4A52F82330984700BF1437BD46AA
:1011F00090BD00BF80050108D4010020400D030010
:1012000008060020002C01400C06002000040040CD
:101210001006002000080040140600209005010878
:1012200090B585B000AF03463A60FB710B46BB71C9
:101230003B68002B3AD000F0A7FAFB79184600F083
:10124000AFFB0346FB733868FFF736FC03461949CA
:101250001846FFF73DFD03461C46FA79164913462A
:101260009B019B1A9B000B441E331B881846FFF7FB
:1012700027FC034619462046FFF776FC03461C462A
:10128000FB7B1846FFF71CFC034619462046FFF778
:101290006BFC03461846FFF72DFE0346BB60B97989
:1012A000FB79BA681846FFF797FE00E000BF1437D5
:1012B000BD4690BD0000C842D401002080B582B078
:1012C00000AF03460A46FB711346BB71BA79FB793E
:1012D0001146184608F0FAFC00BF0837BD4680BD2D
:1012E00080B582B000AF0023FB7115E0FB790E4A98
:1012F00052F823309847FA790C4913469B019B1A00
:101300009B000B441C3300221A70FB79184600F036
:1013100027F9FB790133FB71FB79032BE6D900BF79
:1013200000BF0837BD4680BD80050108D4010020FC
:1013300080B582B000AF0023FB711AE0FB79114A3F
:1013400052F823309847FA790F4913469B019B1AAC
:101350009B000B441C3300221A70FB79184600F0E6
:10136000FFF8FB790021184608F0B0FCFB79013347
:10137000FB71FB79032BE1D900BF00BF0837BD46E5
:1013800080BD00BF80050108D401002090B585B064
:1013900000AF0346FB71FB79032B1BD801A252F867
:1013A00023F000BFB5130008BD130008C5130008E3
:1013B000CD130008224B1B68FB600BE0214B1B6820
:1013C000FB6007E0204B1B68FB6003E01F4B1B68C2
:1013D000FB6000BFFB79184600F0E2FA0346FB729F
:1013E000F868FFF769FB0446FA79194913469B012F
:1013F0009B1A9B000B441E331B881846FFF760FBAB
:10140000034619462046FFF763FC03461C46FB7A59
:101410001846FFF755FB034619462046FFF758FCD0
:1014200003460C491846FFF79FFB03461846FFF793
:1014300061FD03469BB218461437BD4690BD00BF00
:10144000080600200C0600201006002014060020CC
:10145000D40100200000C84280B582B000AF03462E
:10146000FB71FB790A4A52F823309847FA79094907
:1014700013469B019B1A9B000B441C3300221A70DD
:10148000FB79184600F06CF800BF0837BD4680BDF8
:1014900080050108D401002080B582B000AF03466A
:1014A000FB71FA79084913469B019B1A9B000B4478
:1014B00002331A78FB791146184608F037FC00BF52
:1014C0000837BD4680BD00BFD401002000000000E9
:1014D00080B584B000AF0346FB71FA791C4913460E
:1014E0009B019B1A9B000B441B881846FFF7E8FAE8
:1014F000034618491846FFF737FB0346FB601649B9
:10150000F868FFF7EDFC0346002B01D0124BFB609F
:10151000F868FEF791FF0CA3D3E90023FFF70EF95B
:1015200002460B4610461946FFF7F0F903469AB2F9
:10153000FB791146184608F02BFE00BF1037BD4658
:1015400080BD00BFAFF300802D431CEBE2364A3F65
:10155000D40100205839343C000050400000000005
:1015600080B584B000AF0346FB71FB79012B17D126
:10157000FA792B4913469B019B1A9B000B441B884D
:101580001846FFF79DFA034626491846FFF7ECFA7E
:10159000034625491846FFF7E7FA0346FB6016E0C5
:1015A000FA791F4913469B019B1A9B000B441B8829
:1015B0001846FFF785FA03461C491846FFF7D4FA88
:1015C000034619491846FFF7CFFA0346FB6018494E
:1015D000F868FFF785FC0346002B01D0144BFB6035
:1015E000F868FEF729FF0CA3D3E90023FFF7A6F85C
:1015F00002460B4610461946FFF788F903469AB291
:10160000FB791146184608F0C3FD00BF1037BD46F0
:1016100080BD00BFAFF300802D431CEBE2364A3F94
:10162000D40100209A99193F5839343CCDCCCC3E96
:101630000000504080B582B000AF0346FB71FB79DB
:101640000A3B072B00F29A8001A252F823F000BF58
:101650007116000891160008B1160008D31600088C
:10166000F516000817170008391700085B1700085F
:10167000FB799BB203F5A0439BB2184603F084F9B3
:1016800003461A463F4B1A800020FFF721FF75E002
:10169000FB799BB203F5A0439BB2184603F074F9A3
:1016A0000346DAB2374B9A700020FFF7F5FE65E08B
:1016B000FB799BB203F5A0439BB2184603F064F993
:1016C00003461A462F4BA3F8FC200120FFF700FF2A
:1016D00054E0FB799BB203F5A0439BB2184603F09C
:1016E00053F90346DAB2274B83F8FE200120FFF7B7
:1016F000D3FE43E0FB799BB203F5A0439BB21846AF
:1017000003F042F903461A461E4BA3F8F8210220C3
:10171000FFF7DEFE32E0FB799BB203F5A0439BB2FC
:10172000184603F031F90346DAB2164B83F8FA2172
:101730000220FFF7B1FE21E0FB799BB203F5A04345
:101740009BB2184603F020F903461A460D4BA3F846
:10175000F4220320FFF7BCFE10E0FB799BB203F5F7
:10176000A0439BB2184603F00FF90346DAB2054BCB
:1017700083F8F6220320FFF78FFE00BF00BF083773
:10178000BD4680BDD401002098B500AF45F20B00E6
:1017900003F0FAF80346DAB27E4B9A7045F20D0078
:1017A00003F0F2F80346DAB27A4B83F8FE2045F2F2
:1017B0000F0003F0E9F80346DAB2764B83F8FA211A
:1017C00045F2110003F0E0F80346DAB2714B83F8FA
:1017D000F62245F20A0003F0D7F803461A466D4B8D
:1017E0001A8045F20C0003F0CFF803461A46694B05
:1017F000A3F8FC2045F20E0003F0C6F803461A4693
:10180000644BA3F8F82145F2100003F0BDF803463D
:101810001A46604BA3F8F4225E4B1A885D4BDA83BC
:101820005C4BB3F8F8215B4BA3F816224FF4A040B1
:1018300003F0AAF803461846FFF742F90346564953
:101840001846FFF791F903461C46524BDB8B1846AE
:10185000FFF736F9034619462046FFF785F9034698
:101860004E491846FFF780F903461C46002000F059
:1018700097F803461846FFF723F903461946204612
:10188000FFF772F903461846FFF734FB03469AB296
:10189000404B1A8145F2020003F076F803461A46DF
:1018A0003C4BB3F81A3103FB02F31846FFF708F973
:1018B00003463A491846FFF757F903461C460120EC
:1018C00000F06EF803461846FFF7FAF8034619468B
:1018D0002046FFF749F903461846FFF70BFB03467E
:1018E0009AB22C4BA3F8042145F2130003F04CF8F4
:1018F00003461A46274BB3F8163203FB02F3184689
:10190000FFF7DEF8034625491846FFF72DF9034691
:101910001C46022000F044F803461846FFF7D0F8B2
:10192000034619462046FFF71FF903461846FFF7FE
:10193000E1FA03469AB2174BA3F8002245F20400DD
:1019400003F022F803461A46124BB3F8123303FB96
:1019500002F31846FFF7B4F8034610491846FFF79C
:1019600003F903461C46032000F01AF80346184604
:10197000FFF7A6F8034619462046FFF7F5F8034699
:101980001846FFF7B7FA03469AB2024BA3F8FC22B7
:1019900000BF98BDD40100209A99993F0AD7233CF3
:1019A00080B485B000AF0346FB71FA791549134640
:1019B0009B019B1A9B000B4402331B78013B032BBA
:1019C00016D801A252F823F0D9190008DF1900082F
:1019D000E5190008EB1900080123FB730BE0022353
:1019E000FB7308E00423FB7305E01023FB7302E0A4
:1019F0000123FB7300BFFB7B18461437BD4680BC38
:101A0000704700BFD401002080B582B000AF0D4BFD
:101A10001B78FB710C4B1B78BB710A4B00221A70B0
:101A2000094BC8221A700021002000F0CDF8054AA9
:101A3000FB791370044ABB79137000BF0837BD46A9
:101A400080BD00BFA81600200C160020B0B584B0E1
:101A500000AF03460A46FB711346BB80BB88002BD0
:101A600001D100233DE0FFF78FFEFB791846FFF719
:101A700097FF0346FB73BB881846FEF7CBFC4FF07D
:101A800000021A4BFEF75AFE02460B4614461D464C
:101A9000FA79174913469B019B1A9B000B441E338E
:101AA0001B881846FEF7B6FC02460B462046294620
:101AB000FEF71AFD02460B4614461D46FB7B1846F0
:101AC000FEF7A8FC02460B4620462946FEF70CFD11
:101AD00002460B4610461946FEF718FF0346BB6048
:101AE000BB6818461037BD46B0BD00BF0000594066
:101AF000D4010020B0B584B000AF03460A46FB71A4
:101B00001346BB80BB88B3F5167F35D9BB88A3F5D8
:101B10001673BB810023FB812AE0BB891846FEF7C0
:101B2000CFFF0246FB89234951F82330194610465E
:101B3000FFF71AF8034620491846FEF70DFF034643
:101B400019461E48FFF7C4F80346FC79FD8918467C
:101B5000FFF7D0F9034699B2194A23469B011B1B94
:101B60005B002B44103322F81310FB890133FB81F7
:101B7000FB89632BD1D919E00023FB8113E0BB88DB
:101B8000104A92FBF3F3FA79F9899CB20C48134698
:101B90009B019B1A5B000B441033224620F8132054
:101BA000FB890133FB81FB89632BE8D900BF103728
:101BB000BD46B0BDE0F500080000164400504348A3
:101BC000D4010020400D030080B582B000AF034671
:101BD0000A46FB711346BB71FFF7D6FDBA79FB7954
:101BE0001146184608F068F9FA795C4913469B01DA
:101BF0009B1A9B000B4402331A78FB791146184656
:101C000008F094F8FB791846FFF762FCFA7953491B
:101C100013469B019B1A9B000B4408331A88FB79DF
:101C200011461846FFF766FFFB79032B5DD801A22A
:101C300052F823F0451C00086D1C00089B1C00088E
:101C4000C31C0008464B00221A60FA794349134628
:101C50009B019B1A9B000B4420331A88414BDA628C
:101C6000404BDB6A3F4A5B0853633EE0FA793B49ED
:101C700013469B019B1A9B000B4420331A884FF09C
:101C80008043DA624FF08043DB6A4FF080425B08AA
:101C90005363354B00221A6027E0FA792F49134627
:101CA0009B019B1A9B000B4420331A882F4BDA624E
:101CB0002E4BDB6A2D4A5B08D3632D4B00221A6042
:101CC00013E0FA79254913469B019B1A9B000B44AC
:101CD00020331A88274BDA62264BDB6A254A5B08D9
:101CE0005363254B00221A6000BFFA791B49134643
:101CF0009B019B1A9B000B44E83300221A80FA795F
:101D0000164913469B019B1A9B000B4414334FF05A
:101D1000FF321A60FA79114913469B019B1A9B0006
:101D20000B441C3304221A70FA790C4913469B01A8
:101D30009B1A9B000B44EC334FF0FF321A60FB7987
:101D40000121184607F0C2FFFB790C4A52F82330F4
:101D5000984700BF0837BD4680BD00BFD4010020B2
:101D600008060020002C01400C0600200004004062
:101D7000100600200008004014060020900501080D
:101D800080B584B000AFBA607B600346FB730B463E
:101D9000BB73FFF7F9FCFA7B684913469B019B1A5A
:101DA0009B000B4402331A78FB7B1146184607F060
:101DB000BDFFFB7B1846FFF78BFBBA7BFB7B114615
:101DC000184608F079F8FA7B5C4913469B019B1A88
:101DD0009B000B4408331A88FB7B11461846FFF71B
:101DE00089FEFB7B032B5ED801A252F823F000BFD3
:101DF000011E0008291E0008571E00087F1E00084B
:101E00004F4B00221A60FA7B4C4913469B019B1AE8
:101E10009B000B4420331A884A4BDA62494BDB6A39
:101E2000484A5B0853633EE0FA7B444913469B01F2
:101E30009B1A9B000B4420331A884FF08043DA62D0
:101E40004FF08043DB6A4FF080425B0853633E4BA8
:101E500000221A6027E0FA7B384913469B019B1A3F
:101E60009B000B4420331A88384BDA62374BDB6A0D
:101E7000364A5B08D363364B00221A6013E0FA7BC4
:101E80002E4913469B019B1A9B000B4420331A8852
:101E9000304BDA622F4BDB6A2E4A5B0853632E4BC2
:101EA00000221A6000BFFA7B244913469B019B1A4B
:101EB0009B000B44F83300221A70FA7B1F4913462B
:101EC0009B019B1A9B000B44E83300221A80FA7B8B
:101ED0001A4913469B019B1A9B000B441C33062294
:101EE0001A70FA7B7968154813469B019B1A9B0070
:101EF0000344EC331960FA7B104913469B019B1A8B
:101F00009B000B44F03300221A70FA7B0B491346F6
:101F10009B019B1A9B000B44F433BA681A60FB7B4D
:101F20000121184607F0D2FEFB7B0C4A52F8233001
:101F3000984700BF1037BD4680BD00BFD4010020C8
:101F400008060020002C01400C0600200004004080
:101F5000100600200008004014060020900501082B
:101F600080B500AF964B1B6903F00203022B40F0D3
:101F70008F81944B1B680133924A1360924B93F804
:101F80002D30DBB2002B20D18F4B93F83B30DBB2EE
:101F9000012B1AD0022008F0ABFD0346002B14D110
:101FA0008A4B1B780133DAB2884B1A70874B1B7847
:101FB000052B0AD1864B00221A771421854806F09A
:101FC00045F8002005F060FC62E17F4B93F83B3060
:101FD000DBB2012B24D1012008F08AFD0346002B3F
:101FE00048D17A4B1B780133DAB2784B1A70774BB1
:101FF0001B78052B3ED1754B00221A70724B0022C4
:1020000083F83B20724B012283F8F0206D4B1A6855
:102010006F4BD3F8F43013446D4AC2F8F43029E022
:10202000694B93F83B30DBB2022B23D1012008F03F
:102030005FFD0346012B1DD1644B1B780133DAB2DF
:10204000624B1A70614B1B78052B13D15F4B00223A
:102050001A705D4B002283F83B205D4B012283F810
:10206000F020584B1A685A4BD3F8F4301344584AAE
:10207000C2F8F430564B1B7F062B00F2038101A2FD
:1020800052F823F085220008A1200008332100081F
:10209000E120000849210008A1210008DD210008F5
:1020A0004B4BB3F8E8304A4A103332F81320444B14
:1020B000DA62434BDB6A424A5B085363444BB3F832
:1020C000E83001339AB2424BA3F8E820404BB3F812
:1020D000E830632B40F2CB803D4B02221A77C6E0FA
:1020E0003B4BB3F8E830013B9AB2394BA3F8E820F8
:1020F000374BB3F8E830364A103332F81320304B00
:10210000DA622F4BDB6A2E4A5B085363304BB3F81D
:10211000E830002B40F0AD802D4B0022A3F8E820E2
:102120002B4B00221A772C4B98470020FFF718FA08
:102130009FE0274B5A69234B1B689A4200F29B8011
:10214000234B03221A7796E0214BB3F8E830632B38
:1021500015D81F4BB3F8E8301D4A103332F813205E
:10216000174BDA62164BDB6A154A5B085363184B50
:10217000B3F8E83001339AB2154BA3F8E820144BBA
:10218000D3F8EC30002B78DD114BD3F8EC301A4645
:102190000C4B1B689A4270D20020FFF75DF96CE08F
:1021A0000B4B9A69074B1B689A4268D80A4B9847B1
:1021B0000020FFF7D5F9064B00221A775FE000BF39
:1021C000002C014008060020C4160020C405002091
:1021D000D401002070E20008D9A300082D4BB3F809
:1021E000E830632B15D82B4BB3F8E830294A10336D
:1021F00032F81320284BDA62274BDB6A264A5B0849
:102200005363244BB3F8E83001339AB2214BA3F85F
:10221000E820204B93F8F030002B0DD01D4BD3F865
:10222000F4201E4B1B689A4206D81A4B03221A77D9
:10223000184B002283F8F020164BD3F8EC30002B1B
:102240001FDD144BD3F8EC301A46144B1B689A422E
:1022500017D2012008F04CFC0346012B11D10D4B85
:10226000012283F8F8200020FFF7F6F809E000BF0C
:1022700008E000BF06E000BF04E000BF02E000BFCE
:1022800000E000BF044B1B69034A23F00203136103
:1022900080BD00BFD4010020002C014008060020B2
:1022A00080B500AF4FF080431B6903F00103012BA1
:1022B00040F0E180714B1B680133704A1360704B32
:1022C00093F83C30DBB2012B1AD10A2008F010FC45
:1022D0000346002B14D16B4B1B780133DAB2694BE8
:1022E0001A70684B1B78052B0AD1664B00221A70B6
:1022F000634B002283F83C20634B032283F81821B0
:10230000614B93F81831062B00F2AD8001A252F810
:1023100023F000BF6724000831230008CF23000802
:1023200077230008E7230008332400086724000807
:10233000554BB3F8E431544A8E3332F813204FF042
:102340008043DA624FF08043DB6A4FF080425B08E3
:1023500053634D4BB3F8E43101339AB24A4BA3F8BF
:10236000E421494BB3F8E431632B73D9464B022285
:1023700083F818216EE0444BB3F8E431013B9AB284
:10238000414BA3F8E421404BB3F8E4313E4A8E338D
:1023900032F813204FF08043DA624FF08043DB6A5B
:1023A0004FF080425B085363374BB3F8E431002BA6
:1023B00052D1354B0022A3F8E421334B002283F89D
:1023C0001821324B98470120FFF7CAF844E02E4B02
:1023D000D3F81021294B1B689A423FD82A4B03227D
:1023E00083F818213AE0284BB3F8E431632B18D86E
:1023F000254BB3F8E431244A8E3332F813204FF0E2
:102400008043DA624FF08043DB6A4FF080425B0822
:1024100053631D4BB3F8E43101339AB21A4BA3F85E
:10242000E421194BD3F8E831002B19DD134B1B685D
:1024300016E0154BD3F81421104B1B689A4211D8A3
:10244000124B98470120FFF78BF80F4B002283F8BF
:10245000182107E000BF06E000BF04E000BF02E073
:1024600000BF00E000BF4FF080431B694FF0804287
:1024700023F00103136100BF80BD00BF0C060020E4
:10248000C4160020C5050020D4010020BDAD000801
:1024900080B500AF974B1B6903F00103012B40F09F
:1024A0002781954B1B680133934A1360934B93F834
:1024B0003D30DBB2012B1BD1042008F019FB034691
:1024C000002B36D18E4B1B780133DAB28C4B1A704D
:1024D0008B4B1B78052B2CD1894B00221A70874B14
:1024E000002283F83D20874B032283F8142220E04A
:1024F000824B93F83D30DBB2022B1AD1042008F056
:10250000F7FA0346012B14D17D4B1B780133DAB265
:102510007B4B1A707A4B1B78052B0AD1784B002223
:102520001A70764B002283F83D20764B032283F805
:102530001422744B93F81432062B00F2D38001A2BC
:1025400052F823F0E526000861250008F925000867
:10255000A5250008112600084B2600086D26000856
:10256000684BB3F8E032674A03F5867332F81320FC
:10257000604BDA625F4BDB6A5E4A5B08D363614B98
:10258000B3F8E03201339AB25E4BA3F8E0225D4B20
:10259000B3F8E032632B40F29A805A4B022283F860
:1025A000142294E0574BB3F8E032013B9AB2554BFA
:1025B000A3F8E022534BB3F8E032524A03F5867396
:1025C00032F813204B4BDA624A4BDB6A494A5B080C
:1025D000D3634C4BB3F8E032002B7AD1494B002245
:1025E000A3F8E022474B002283F81422464B984779
:1025F0000220FEF7B5FF6CE0424BD3F80C223E4BB5
:102600001B689A4267D83F4B032283F8142262E08A
:102610003C4BB3F8E032632B5FD83A4BB3F8E0326F
:10262000384A03F5867332F81320324BDA62314BA5
:10263000DB6A304A5B08D363324BB3F8E0320133D4
:102640009AB2304BA3F8E02247E02E4BD3F8102289
:10265000294B1B689A4242D82B4B98470220FEF721
:102660007FFF284B002283F8142238E0254BB3F873
:10267000E032632B16D8234BB3F8E032214A03F53E
:10268000867332F813201B4BDA621A4BDB6A194A45
:102690005B08D3631B4BB3F8E03201339AB2194B9A
:1026A000A3F8E022174B93F8E832002B19D0154B12
:1026B000D3F8EC22104B1B689A4212D8114B03221C
:1026C00083F814220F4B002283F8E82209E000BFB0
:1026D00008E000BF06E000BF04E000BF02E000BF6A
:1026E00000E000BF034B1B69024A23F001031361A2
:1026F00000BF80BD0004004010060020C41600206A
:10270000C6050020D401002021AF000880B500AF2D
:102710007C4B1B6903F00103012B40F0F0807A4BE6
:102720001B680133784A1360784B93F83D30DBB275
:10273000012B1BD1082008F0DBF90346002B36D112
:10274000734B1B780133DAB2714B1A70704B1B78E4
:10275000052B2CD16E4B00221A706C4B002283F893
:102760003D206C4B032283F8102320E0674B93F845
:102770003D30DBB2022B1AD1072008F0B9F903462D
:10278000002B14D1624B1B780133DAB2604B1A7004
:102790005F4B1B78052B0AD15D4B00221A705B4BF7
:1027A000002283F83D205B4B032283F81023594B12
:1027B00093F81033062B00F29C8001A252F823F00C
:1027C000F3280008DD2700086D2800081F280008EE
:1027D00085280008BF280008F32800084D4BB3F8EF
:1027E000DC334C4A03F5C57332F81320454BDA62EB
:1027F000444BDB6A434A5B085363464BB3F8DC3314
:1028000001339AB2434BA3F8DC23424BB3F8DC33D9
:10281000632B65D93F4B022283F8102360E03D4BC8
:10282000B3F8DC33013B9AB23A4BA3F8DC23394BC3
:10283000B3F8DC33374A03F5C57332F81320314B54
:10284000DA62304BDB6A2F4A5B085363314BB3F8D3
:10285000DC33002B46D12F4B0022A3F8DC230320CE
:10286000FEF7FAFD0320FEF77BFE3BE0294BD3F891
:102870000823254B1B689A4236D8264B032283F83F
:10288000102331E0234BB3F8DC33632B2ED8214BDC
:10289000B3F8DC331F4A03F5C57332F81320194B24
:1028A000DA62184BDB6A174A5B085363194BB3F8BB
:1028B000DC3301339AB2174BA3F8DC2316E0154B37
:1028C000D3F80C23104B1B689A4211D8124B98472F
:1028D0000320FEF745FE0F4B002283F8102307E08C
:1028E00000BF06E000BF04E000BF02E000BF00E060
:1028F00000BF044B1B69034A23F00103136100BFAF
:1029000080BD00BF0008004014060020C41600204F
:10291000C7050020D401002085B0000880B483B032
:1029200000AF78607B6800221A707B6800225A70C2
:102930007B6801229A7000BF0C37BD4680BC70478F
:1029400084B080B584B000AF786007F11C0080E8E7
:102950000E000123FB7372B600BF7B689B78002BCF
:1029600027D07B685B781A46652303FB02F37A68FD
:1029700013440333184607F11C03652219460BF074
:1029800029F87B685B780133DAB27B685A707B6820
:102990005A78244BA3FB021319090B469B000B44E6
:1029A0009B00D31ADAB27B685A707B6800229A7057
:1029B0002DE07B685A787B681B789A4203D162B617
:1029C00000BF002326E07B685B781A46652303FB83
:1029D00002F37A6813440333184607F11C03652297
:1029E00019460AF0F7FF7B685B780133DAB27B683F
:1029F0005A707B685A780B4BA3FB021319090B46DC
:102A00009B000B449B00D31ADAB27B685A7062B603
:102A100000BFFB7B18461037BD46BDE8804004B0C0
:102A2000704700BFCDCCCCCC80B584B000AF78600F
:102A300039600123FB7372B600BF7B689B78002B63
:102A400003D062B600BF00232DE07B681B781A46D6
:102A5000652303FB02F37A681344033365221946A6
:102A600038680AF0B7FF7B681B780133DAB27B68FD
:102A70001A707B681A780E4BA3FB021319090B46D8
:102A80009B000B449B00D31ADAB27B681A707B68F8
:102A90001A787B685B789A4202D17B6801229A702F
:102AA00062B600BFFB7B18461037BD4680BD00BF35
:102AB000CDCCCCCC80B584B000AF78604FF4E04092
:102AC00001F062FF0346FB60FB681B04FB6047F2FA
:102AD000010001F059FF03461A46FB681344FB60EE
:102AE000814B1B78DBB2002B14D17F4B5B7DDBB2BB
:102AF000002B04D10C217D4805F088FAEEE07A4BDA
:102B00005B7DDBB2012B40F0E9801321784805F0B2
:102B10007DFAE3E0744B5B78DBB2002B14D1724B8F
:102B20005B7DDBB2002B04D10C21724805F06EFAFC
:102B3000D6E06D4B5B7DDBB2012B40F0D1801621DE
:102B40006D4805F063FACBE0674B1B78DBB2012BD5
:102B500002D0022B47D0BDE0F968002001F008FE4A
:102B60000346002B25D0604B1B7DDBB2022B03D02C
:102B7000202005F047F902E0002005F043F9062285
:102B80005E4947F2055005F07BF906225B494FF498
:102B9000EA4005F075F9544B1B78DBB20A33DAB220
:102BA000514B1A700822564947F2106005F068F937
:102BB0008DE00622514947F2055005F061F94A4B74
:102BC0005B7DDBB2002B04D108214E4805F01EFAD4
:102BD0007DE0454B5B7DDBB2012B78D10F214A486C
:102BE00005F014FA73E0F968012001F0C1FD034615
:102BF000002B25D03C4B1B7DDBB2022B03D02020C9
:102C000005F000F902E0002005F0FCF806223B493F
:102C100047F2055005F034F9062238494FF4EA40EE
:102C200005F02EF9304B1B78DBB20A33DAB22E4BAB
:102C30001A700822354947F2106005F021F948E082
:102C4000F968022001F094FD0346002B25D0264BA5
:102C50001B7DDBB2022B03D0202005F0D3F802E06D
:102C6000002005F0CFF80622244947F2055005F070
:102C700007F9062221494FF4EA4005F001F91A4B01
:102C80001B78DBB21433DAB2174B1A7008222049D2
:102C900047F2106005F0F4F81BE00622174947F2EE
:102CA000055005F0EDF8104B5B7DDBB2002B04D135
:102CB0000821144805F0AAF90BE00B4B5B7DDBB251
:102CC000012B06D10F21104805F0A0F901E000BF4B
:102CD00000E000BF0F4B00225A7002E000BF00E08E
:102CE00000BF1037BD4680BDC416002090E200082A
:102CF000A0E20008B4E20008C4E20008DCE2000838
:102D0000E4E20008F0E20008FCE200080CE300083E
:102D100018E300082816002080B584B000AF786062
:102D20007B681B78012B02D0042B28D02BE0174B9B
:102D30001B7DDBB2012B13D00023FB7306E0FB7B72
:102D40001846FEF789FBFB7B0133FB73FB7B032BF0
:102D5000F5D9002006F050FB002004F063FB12E0E0
:102D60000A4B5B7DDBB2002B04D12021084805F023
:102D70004DF908E02021064805F048F903E000205D
:102D800004F074FA00BF1037BD4680BDC4160020A1
:102D900024E3000880B582B000AF7860084B5B7D0B
:102DA000DBB2002B04D1074B1B88184605F02AF82C
:102DB000054B00229A7000BF0837BD4680BD00BF9A
:102DC000C4160020101700202816002080B582B0FD
:102DD00000AF78607B681B78012B02D0022B0AD0F1
:102DE00013E006220F494FF4EA4005F049F80E4B74
:102DF00001221A7009E006220C494FF4EA4005F05E
:102E00003FF8094B02221A7000BF094B0022DA700A
:102E10000622084947F2055005F032F800BF08378E
:102E2000BD4680BD38E30008C416002040E300081A
:102E300028160020DCE2000880B582B000AF786080
:102E4000244B00225A71062223494FF4EA4005F030
:102E500017F80622204947F2055005F011F81F4BDC
:102E600000221A701D4B5B7DDBB2002B04D10921BF
:102E70001B4805F0CBF808E0184B5B7DDBB2012B5B
:102E800003D10E21174805F0C1F84FF4FA7007F08E
:102E90009CFB124B5B7DDBB2002B04D10A21124854
:102EA00005F0B4F808E00D4B5B7DDBB2012B03D1DC
:102EB0000B210E4805F0AAF8022007F086FB082235
:102EC0000B4947F2106005F03EF800BF0837BD46D9
:102ED00080BD00BF28160020DCE20008C4160020D8
:102EE00048E3000854E3000864E3000870E30008C6
:102EF0007CE3000880B588B000AF7860BA4B002250
:102F00009A71BA4B1B78DBB2002B14D1B74B5B7DA7
:102F1000DBB2002B04D10C21B54805F077F8CFE1E6
:102F2000B24B5B7DDBB2012B40F0CA811321B1486B
:102F300005F06CF8C4E1AD4B5B78DBB2002B14D12B
:102F4000AA4B5B7DDBB2002B04D10E21AA4805F011
:102F50005DF8B7E1A54B5B7DDBB2012B40F0B281A0
:102F60001A21A64805F052F8ACE1A04B5B78DBB221
:102F7000012B14D89D4B5B7DDBB2002B04D10E21BD
:102F80009F4805F043F89FE1984B5B7DDBB2012B36
:102F900040F09A811A219B4805F038F894E1934B50
:102FA0005B78DBB2022B14D8904B5B7DDBB2002B3D
:102FB00004D11221944805F029F887E18B4B5B7D01
:102FC000DBB2012B40F082812721904805F01EF8EA
:102FD0007CE14FF4E04001F0D7FC0346FB61FB6964
:102FE0001B04FB6147F2010001F0CEFC03461A46C8
:102FF000FB691344FB617D4B1B78DBB20A2B06D9BE
:103000007A4B1B78DBB20A3BDAB2784B1A70774BFB
:103010001B78DBB2012B40F08480F969002001F0BD
:10302000A7FB0346002B7CD047F2020001F0ACFC6A
:103030000346BB61BB691B04BB6147F2030001F09F
:10304000A3FC03461A46BB691344BB6147F2040064
:1030500001F09AFC03467B617B691B047B6147F2AC
:10306000050001F091FC03461A467B6913447B611D
:10307000BA697B699A422DD1B969002001F0E6FD59
:10308000002002F021F90622614947F2055004F0C0
:10309000F7FE06225E4947F2205004F0F1FE0622B8
:1030A0005B4947F2235004F0EBFE504B5B7DDBB2F3
:1030B000002B04D10A21574804F0A8FF08E14B4B2C
:1030C0005B7DDBB2012B40F003811A21524804F0F2
:1030D0009DFFFDE006224E4947F2055004F0D0FE68
:1030E00006224B4947F2205004F0CAFE0622484906
:1030F00047F2235004F0C4FE3C4B5B7DDBB2002B57
:1031000004D10A21454804F081FFE1E0374B5B7DA3
:10311000DBB2012B40F0DC801F21414804F076FF38
:10312000D6E0324B1B78DBB2022B40F0A380F9696A
:10313000012001F01DFB0346002B00F09B8047F2AD
:10314000020001F021FC03463B613B691B043B612B
:1031500047F2030001F018FC03461A463B6913448A
:103160003B6147F2040001F00FFC0346FB60FB6883
:103170001B04FB6047F2050001F006FC03461A46FB
:10318000FB681344FB603A69FB689A424CD1396989
:10319000012001F05BFD012002F096F806221C4997
:1031A00047F2055004F06CFE0622194947F2205000
:1031B00004F066FE0622164947F2235004F060FE32
:1031C0000A4B5B7DDBB2002B04D10A21114804F0CD
:1031D0001DFF7FE0054B5B7DDBB2012B7AD1172110
:1031E000104804F013FF75E028160020C4160020D4
:1031F00090E20008A0E2000888E3000898E30008D5
:10320000B4E30008C4E30008E0E30008F4E30008C6
:10321000DCE200081CE400082CE4000848E4000894
:1032200054E4000874E4000806222C4947F20550D3
:1032300004F026FE0622294947F2205004F020FE21
:103240000622264947F2235004F01AFE244B5B7DE8
:10325000DBB2002B04D10A21224804F0D7FE39E06A
:103260001F4B5B7DDBB2012B34D11F211E4804F0C4
:10327000CDFE2FE00622194947F2055004F000FE6A
:103280000622164947F2205004F0FAFD062213499F
:1032900047F2235004F0F4FD114B5B7DDBB2002BB1
:1032A00004D10821114804F0B1FE14E00C4B5B7D01
:1032B000DBB2012B0FD10F210D4804F0A7FE0AE06D
:1032C00000BF08E000BF06E000BF04E000BF02E06E
:1032D00000BF00E000BF2037BD4680BDDCE2000833
:1032E000C416002048E4000854E40008F0E2000896
:1032F000FCE2000880B582B000AF7860124B00227B
:10330000DA71062211494FF4EA4004F0B9FD0622B1
:103310000E4947F2055004F0B3FD06220B4947F26F
:10332000205004F0ADFD0622084947F2235004F076
:10333000A7FD074B00225A70082004F063FD00BF70
:103340000837BD4680BD00BF28160020DCE200081B
:10335000C416002080B582B000AF7860144B002204
:103360001A72144B1B7DDBB2012B0ED1114B5B7D0E
:10337000DBB2002B04D120210F4804F047FE13E0FC
:1033800020210D4804F042FE0EE0002001F084FAF6
:10339000084B1B78DBB20B2B03D81F2004F032FD47
:1033A00002E0052004F02EFD0837BD4680BD00BFB9
:1033B00028160020C416002024E3000880B582B03F
:1033C00000AF78600F4B00229A77002001F064FA7A
:1033D0000D4B002283F837200B4B1B78DBB2092BF7
:1033E00004D9094B1B7DDBB2012B03D1202004F053
:1033F00009FD03E0002004F005FD00BF00BF083711
:10340000BD4680BD28160020C416002080B582B0BD
:1034100000AF7860144B00221A71144B1B7DDBB295
:10342000012B0ED1114B5B7DDBB2002B04D120218F
:103430000F4804F0EBFD13E020210E4804F0E6FDF8
:103440000EE0002001F028FA084B1B78DBB2092BB4
:1034500003D81E2004F0D6FC02E0012004F0D2FCC8
:103460000837BD4680BD00BF28160020C4160020C6
:1034700024E3000890E4000880B582B000AF7860D3
:10348000114B0022DA77114B1B7DDBB2012B0ED1E1
:103490000E4B5B7DDBB2002B04D120210C4804F0E5
:1034A000B5FD0EE020210B4804F0B0FD09E0074B0C
:1034B000042283F83720002001F0EEF9022004F006
:1034C000A1FC0837BD4680BD28160020C416002088
:1034D00024E3000890E4000880B582B000AF786073
:1034E000264B0022DA76264B01221A75244B1B7DCF
:1034F000DBB21946462004F015FC214B1B7DDBB2E4
:10350000184605F02DFF012007F0F2FA0346002BC4
:1035100004D01B4BDB7EDBB2012B18D1184B9B7DFB
:10352000DBB2012B13D1164B9B7DDBB2002B19D0E4
:10353000032003F0DDFF052003F0DAFF104BDB7EF4
:10354000DBB2002B0ED0022003F0D2FF0AE00C4BBE
:1035500000229A75002005F04FFF1721094804F05A
:1035600075FD00E000BF202004F04CFC0F21064850
:1035700004F06CFD00BF0837BD4680BD2816002052
:10358000C4160020B4E40008CCE4000880B582B082
:1035900000AF78601F4B00221A771F4B1B78DBB2FD
:1035A000092B03D8202004F02DFC02E0002004F0B9
:1035B00029FC012003F0E2FF022003F0DFFF0320DB
:1035C00003F0DCFF042003F0D9FF052003F0D6FF51
:1035D000114B5B7DDBB2002B04D10F210F4804F0AF
:1035E00035FD03E015210E4804F030FD0A4B0222A0
:1035F0001A75094B1B7DDBB21946462004F092FB7D
:10360000054B1B7DDBB2184605F0AAFE00BF08374C
:10361000BD4680BD28160020C4160020DCE400084A
:10362000ECE4000880B582B000AF7860124B002255
:103630005A77124B5B7DDBB2002B04D10F2110486F
:1036400004F004FD03E015210E4804F0FFFC0B4BD1
:1036500003221A75094B1B7DDBB21946462004F084
:1036600061FB064B1B7DDBB2184605F079FE00BFFF
:103670000837BD4680BD00BF28160020C4160020B4
:10368000DCE40008ECE4000880B582B000AF7860AC
:10369000064B002283F82020032004F0B3FB012016
:1036A00001F0FAF800BF0837BD4680BD281600209B
:1036B00080B582B000AF7860104B002283F82120E3
:1036C0000F4B1B7DDBB2012B0ED10D4B5B7DDBB2B3
:1036D000002B04D120210B4804F098FC0AE02021A3
:1036E000094804F093FC05E0002001F0D5F804201F
:1036F00004F088FB0837BD4680BD00BF28160020B7
:10370000C416002024E3000890E4000880B582B0CD
:1037100000AF78600E4B002283F82220002001F0D9
:10372000BBF80C4B00225A7006220B4947F2055099
:1037300004F0A6FB062208494FF4EA4004F0A0FB7F
:10374000072004F05FFB00BF0837BD4680BD00BF07
:1037500028160020C4160020DCE2000880B582B0E4
:1037600000AF7860054B002283F823200020FDF78E
:1037700073FE00BF0837BD4680BD00BF281600207D
:1037800080B582B000AF7860054B002283F824201A
:103790000120FDF761FE00BF0837BD4680BD00BFB8
:1037A0002816002080B582B000AF7860054B00225B
:1037B00083F825200220FDF74FFE00BF0837BD46E5
:1037C00080BD00BF2816002080B582B000AF7860B1
:1037D000054B002283F826200320FDF73DFE00BFA5
:1037E0000837BD4680BD00BF2816002080B582B0D6
:1037F00000AF7860054B00229A7400210020FEF78C
:10380000E3F900BF0837BD4680BD00BF2816002081
:1038100080B582B000AF7860054B0022DA740121D8
:103820000020FEF7D1F900BF0837BD4680BD00BFBC
:103830002816002080B582B000AF7860054B0022CA
:103840001A7500210120FEF7BFF900BF0837BD46F9
:1038500080BD00BF2816002080B582B000AF786020
:10386000054B00225A7501210120FEF7ADF900BF7A
:103870000837BD4680BD00BF2816002080B582B045
:1038800000AF7860054B00229A7500210220FEF7F8
:103890009BF900BF0837BD4680BD00BF2816002039
:1038A00080B582B000AF7860054B0022DA75012147
:1038B0000220FEF789F900BF0837BD4680BD00BF72
:1038C0002816002080B582B000AF7860054B00223A
:1038D0001A7600210320FEF777F900BF0837BD46AE
:1038E00080BD00BF2816002080B582B000AF786090
:1038F000054B00225A7601210320FEF765F900BF2F
:103900000837BD4680BD00BF2816002080B582B0B4
:1039100000AF78601B4B93F82830012B02D0022BAC
:1039200014D027E00122002147F26C6005F07AFCF8
:103930000022002147F26D6005F074FC124B012259
:103940001A700121432004F0EDF913E00022002158
:1039500047F26C6005F066FC0122002147F26D60C1
:1039600005F060FC084B02221A700221432004F08B
:10397000D9F900BF034B002283F8282000BF083785
:10398000BD4680BD281600203806002080B582B0D4
:1039900000AF7860254B00229A76254B1B7DDBB269
:1039A000012B0ED1224B5B7DDBB2002B04D12021F9
:1039B000204804F02BFB35E020211E4804F026FBB4
:1039C00030E01B4B1B7DDBB2032B13D1184B9B7DCF
:1039D000DBB2012B0ED1164B5B7DDBB2002B04D189
:1039E0002621154804F012FB1CE02621124804F0A1
:1039F0000DFB17E00E4BDB7DDBB2002B04D10C4B33
:103A0000012283F82E200DE0094B5B7DDBB2002BF9
:103A100004D12321094804F0F9FA03E023210848DE
:103A200004F0F4FA0837BD4680BD00BF2816002018
:103A3000C416002024E3000804E5000818E5000887
:103A400030E5000880B582B000AF7860394B0022C5
:103A500083F82A20384B1B7DDBB2032B0ED1364B6B
:103A60005B7DDBB2002B04D12621344804F0CEFA72
:103A70005DE01E21324804F0C9FA58E02E4B1B7D50
:103A8000DBB2012B0ED12C4B5B7DDBB2002B04D1C2
:103A900020212C4804F0BAFA49E020212A4804F0F9
:103AA000B5FA44E0244B9B7DDBB2002B0ED1224BB8
:103AB0005B7DDBB2002B04D11821244804F0A6FA68
:103AC00035E01821224804F0A1FA30E01A4BDB7DE2
:103AD000DBB2002B1DD1184BDB7EDBB2012B13D1E7
:103AE000154B5B7DDBB2002B04D12021194804F07B
:103AF000ADFA1CE0104B5B7DDBB2012B17D1252109
:103B0000154804F0A3FA12E00B4B012283F822209F
:103B10000DE0094B5B7DDBB2002B04D123210F4864
:103B200004F074FA03E023210D4804F06FFA08371B
:103B3000BD4680BD28160020C416002004E50008FC
:103B400054E5000824E3000890E4000874E5000848
:103B500088E50008A4E50008C8E5000818E50008A5
:103B600030E5000880B582B000AF7860374B0022A6
:103B700083F82B20364B1B7DDBB2032B0ED1344B4D
:103B80005B7DDBB2002B04D12621324804F03EFAE3
:103B900059E01E21304804F039FA54E02C4B1B7DCB
:103BA000DBB2012B0ED12A4B5B7DDBB2002B04D1A3
:103BB00020212A4804F02AFA45E02021284804F070
:103BC00025FA40E0224B9B7DDBB2002B0ED1204B2F
:103BD0005B7DDBB2002B04D11821224804F016FAD9
:103BE00031E01821204804F011FA2CE0012006F001
:103BF0007FFF0346002B0ED1154B5B7DDBB2002B04
:103C000004D11921194804F021FA1CE02721184891
:103C100004F01CFA17E00E4BDB7DDBB2002B04D165
:103C20000B4B012283F820200DE0094B5B7DDBB2BA
:103C3000002B04D123210F4804F0E8F903E02321ED
:103C40000D4804F0E3F90837BD4680BD2816002072
:103C5000C416002004E5000854E5000824E3000829
:103C600090E4000874E5000888E50008F0E5000825
:103C700004E6000818E5000830E5000880B582B0C9
:103C800000AF7860534B002283F82C20524B1B7DF1
:103C9000DBB2032B0ED1504B5B7DDBB2002B04D18A
:103CA00026214E4804F0B2F991E01E214C4804F060
:103CB000ADF98CE0484B1B7DDBB2012B0ED1464B9E
:103CC0005B7DDBB2002B04D12021464804F09EF935
:103CD0007DE02021444804F099F978E03E4BDB7DFB
:103CE000DBB2002B0ED03C4B5B7DDBB2002B04D152
:103CF00023213E4804F08AF969E023213C4804F07E
:103D000085F964E0344BDB7DDBB2002B51D101201F
:103D100003F034FC022003F031FC032003F02EFCFE
:103D2000042003F02BFC052003F028FC002005F004
:103D300063FB294B00229A752E4B00221A70264BEA
:103D40000022DA76244B00221A77234B00225A777E
:103D50000021012006F098FE0121002005F08CFBD7
:103D60000021022006F090FE0121012005F084FBD5
:103D70000121032006F088FE0121022005F07CFBD2
:103D80000121042006F080FE0121032005F074FBD0
:103D90001121194804F05AF9012006F0A9FE034642
:103DA000002B14D10C4B01229A750B4B0322DA77AE
:103DB0000DE0094B5B7DDBB2002B04D123210B48C6
:103DC00004F024F903E02321094804F01FF908371F
:103DD000BD4680BD28160020C416002004E500085A
:103DE00054E5000824E3000890E4000818E5000802
:103DF00030E50008FD0500202CE6000880B582B003
:103E000000AF7860134B00225A72134B9B7DDBB2DC
:103E1000002B0ED1104B5B7DDBB2002B04D118219F
:103E20000E4804F0F3F812E018210D4804F0EEF803
:103E30000DE0094BDB7DDBB2002B04D1064B0122E8
:103E400083F8222003E02321064804F0DFF8083736
:103E5000BD4680BD28160020C416002074E5000869
:103E600088E5000818E5000880B582B000AF7860EA
:103E70001A4B00229A721A4B9B7DDBB2002B04D1A5
:103E80001821184804F0C2F824E07B681B78012B45
:103E900002D0022B0FD01DE0114BDB7DDBB2002BDB
:103EA00004D10F4B012283F8202013E023210E4878
:103EB00004F0ACF80EE00A4BDB7DDBB2002B04D142
:103EC000074B012283F8212003E02321064804F058
:103ED0009DF800BF0837BD4680BD00BF28160020F2
:103EE000C416002074E5000818E5000880B582B00B
:103EF00000AF78601F4B00225A731F4B9B7DDBB2D3
:103F0000002B04D118211D4804F080F82EE01A4B34
:103F1000DB7DDBB2002B03D02321194804F076F8B7
:103F20007B681B78012B02D0022B0FD01EE00120F2
:103F300006F0DEFD0346012B04D10D21114804F0EB
:103F400065F813E00C4B0222DA770FE0012006F04F
:103F5000CFFD0346002B04D10D210B4804F056F889
:103F600004E0054B032283F8222000BF0837BD463A
:103F700080BD00BF28160020C416002074E500088C
:103F800018E5000840E6000850E6000880B584B057
:103F900000AF78601A4B0022DA721A4B93F8263081
:103FA000DBB2002B12D1174B5B7DDBB2002B03D1B0
:103FB0000D21154804F02AF8124B5B7DDBB2012B72
:103FC0001AD12621114804F021F815E0104B93F87E
:103FD0001831002B11D10F4BDB781B020E4AD2781F
:103FE0001343FB60074B012283F83C20FA68002151
:103FF0000120FDF715F900E000BF1037BD4680BD78
:1040000028160020C416002060E6000870E60008AC
:10401000D4010020A81600200C16002080B582B024
:1040200000AF78601F4B00221A731F4B93F82630A5
:10403000DBB2002B12D11C4B5B7DDBB2002B03D11A
:104040000D211A4803F0E2FF174B5B7DDBB2012B19
:1040500023D12621164803F0D9FF1EE0154B1B780B
:10406000002B06D0134B00221A700120FDF7F4F943
:104070000AE0104B01221A700B4B002283F83C20FF
:1040800000210120FDF7A0FD0A4B1B781A460021F4
:1040900047F6021005F0C6F800E000BF0837BD463D
:1040A00080BD00BF28160020C416002060E600086E
:1040B00070E60008C805002080B584B000AF7860C5
:1040C0001A4B00229A731A4B93F82730DBB2002B5D
:1040D00012D1174B5B7DDBB2002B03D10D211548AC
:1040E00003F094FF124B5B7DDBB2012B1AD124212C
:1040F000114803F08BFF15E0104B93F81033002BA1
:1041000011D10F4BDB791B020E4AD2791343FB60AE
:10411000074B012283F83D20FA6800210320FDF7B8
:104120007FF800E000BF1037BD4680BD2816002094
:10413000C416002098E60008A8E60008D401002074
:10414000A81600200C16002080B582B000AF786061
:104150001F4B0022DA731F4B93F82730DBB2002B82
:1041600012D11C4B5B7DDBB2002B03D10D211A4811
:1041700003F04CFF174B5B7DDBB2012B23D12421D5
:10418000164803F043FF1EE0154B1B78002B06D0AA
:10419000134B00221A700320FDF75EF90AE0104B62
:1041A00001221A700B4B002283F83D2000210320CE
:1041B000FDF70AFD0A4B1B781A46002147F2906072
:1041C00005F030F800E000BF0837BD4680BD00BFF5
:1041D00028160020C416002098E60008A8E600086B
:1041E000C905002080B584B000AF78600D4B002277
:1041F0001A740D4B93F81831002B0FD10B4B5B79D0
:104200001B020B4A52791343FB600A4B012283F8CD
:104210003E20FA6800210120FDF702F800BF1037A8
:10422000BD4680BD28160020D4010020A81600201D
:104230000C160020C416002080B582B000AF786054
:10424000124B00225A74124B1B78002B06D0104BD5
:1042500000221A700120FDF7FFF80AE00C4B012242
:104260001A700C4B002283F83E2000210120FDF73C
:10427000ABFC074B1B781A46002147F2936004F011
:10428000D1FF00BF0837BD4680BD00BF2816002003
:10429000CA050020C416002080B582B000AF786047
:1042A0007B681B78013B032B6AD801A252F823F0EC
:1042B000C1420008F14200082143000851430008B0
:1042C000012006F037FC0346012B08D10021012014
:1042D00006F0DAFB0021002005F0CEF850E00121C5
:1042E000012006F0D1FB0121002005F0C5F847E0D0
:1042F000022006F01FFC0346012B08D100210220FA
:1043000006F0C2FB0021012005F0B6F838E00121DB
:10431000022006F0B9FB0121012005F0ADF82FE0E5
:10432000032006F007FC0346012B08D100210320DF
:1043300006F0AAFB0021022005F09EF820E00121F2
:10434000032006F0A1FB0121022005F095F817E0FB
:10435000042006F0EFFB0346012B08D100210420C6
:1043600006F092FB0021032005F086F807E001210A
:10437000042006F089FB0121032005F07DF800BF31
:1043800000BF0837BD4680BD80B582B000AF786001
:104390001B4B93F82D30012B02D0022B14D027E0B9
:1043A0000122002147F29B6004F03CFF0022002123
:1043B00047F29C6004F036FF124B01229A760121ED
:1043C000452003F0AFFC13E00022002147F29B6080
:1043D00004F028FF0122002147F29C6004F022FF34
:1043E000084B02229A760221452003F09BFC00BF75
:1043F000034B002283F82D2000BF0837BD4680BD47
:1044000028160020C416002080B582B000AF786066
:10441000134B5B7DDBB2002B11D0114B5B7DDBB20C
:10442000012B0CD10E4B00225A750021472003F0BE
:1044300079FC0F210B4803F009FE04F081FC084BC6
:104440001B7DDBB2022B03D0202003F0DBFC02E05B
:10445000002003F0D7FC00BF0837BD4680BD00BF79
:10446000C4160020D0E6000880B582B000AF7860A6
:104470002A4B002283F82E201422294947F20850A3
:1044800003F0FEFC274B5B7DDBB2002B06D1132231
:10449000254947F2085003F0F3FC0AE0214B5B7D0D
:1044A000DBB2012B05D11F22204947F2085003F04F
:1044B000E7FC1F4B0C221A800C2003F0A3FC194BC5
:1044C0001B78DBB20B2B02D100F08EFF01E000F075
:1044D00015FE144B00221A702E22114947F2085083
:1044E00003F0CEFC0F4B5B7DDBB2002B06D1182214
:1044F000104947F2085003F0C3FC0AE0094B5B7D0A
:10450000DBB2012B05D11D220B4947F2085003F005
:10451000B7FC00BF0837BD4680BD00BF281600208D
:10452000E0E60008C4160020F8E600080CE70008E2
:10453000101700202CE7000844E7000880B582B07F
:1045400000AF78607B681B78013B062B00F203818B
:1045500001A252F823F000BF754500085547000836
:10456000ED450008354600087D460008C5460008B0
:104570000D4700087A4B93F82630DBB2002B1AD097
:10458000774B002283F826200022002147F62010D6
:1045900004F048FE0021702003F0C4FB162271498C
:1045A00047F2C07003F0CFFC15226E4947F2D0707D
:1045B00003F0C9FCCFE06A4B012283F826200122D8
:1045C000002147F6201004F02DFE0121702003F099
:1045D000A9FB1622644947F2C07003F0B4FC15220F
:1045E000624947F2D07003F0AEFCB4E05C4B93F844
:1045F0002830DBB2002B0ED0594B002283F8282044
:104600000022002147F6221004F00CFE0021722047
:1046100003F088FB9FE0524B012283F828200122FF
:10462000002147F6221004F0FDFD0121722003F065
:1046300079FB90E04A4B93F82D30DBB2002B0ED083
:10464000474B002283F82D200022002147F623103B
:1046500004F0E8FD0021732003F064FB7BE0404B95
:10466000012283F82D200122002147F6231004F0B7
:10467000D9FD0121732003F055FB6CE0384B93F812
:104680002A30DBB2002B0ED0354B002283F82A20D3
:104690000022002147F6241004F0C4FD00217420FC
:1046A00003F040FB57E02E4B012283F82A20012221
:1046B000002147F6241004F0B5FD0121742003F019
:1046C00031FB48E0264B93F82B30DBB2002B0ED0A9
:1046D000234B002283F82B200022002147F62510CF
:1046E00004F0A0FD0021752003F01CFB33E01C4BFF
:1046F000012283F82B200122002147F6251004F027
:1047000091FD0121752003F00DFB24E0144B93F87B
:104710002C30DBB2002B0ED0114B002283F82C2062
:104720000022002147F6261004F07CFD00217620AF
:1047300003F0F8FA0FE00A4B012283F82C20012243
:10474000002147F6261004F06DFD0121762003F0CC
:10475000E9FA00E000BF00BF0837BD4680BD00BFDA
:10476000C416002064E700086CE700087CE7000836
:1047700080B485B000AF03463960FB710123FB7341
:10478000FB79022B56D0022B7CDC002B02D0012BB4
:1047900028D077E00623BB7320E039683C4BA3FBAD
:1047A0000123DA0813469B0013445B00CA1A02F186
:1047B0003003BA7B013A37490A449278D2B2934225
:1047C00003D00023FB7300BF5CE03B68304AA2FBD0
:1047D0000323DB083B60BB7B013BBB73BB7B002B34
:1047E000DBD14FE00623BB7320E03968284BA3FBE5
:1047F0000123DA0813469B0013445B00CA1A02F136
:104800003003BA7B013A23490A44127AD2B2934266
:1048100003D00023FB7300BF34E03B681C4AA2FBBB
:104820000323DB083B60BB7B013BBB73BB7B002BE3
:10483000DBD127E00623BB7320E03968144BA3FBD0
:104840000123DA0813469B0013445B00CA1A02F1E5
:104850003003BA7B013A0F490A44927BD2B29342A9
:1048600003D00023FB7300BF0BE03B68084AA2FBA8
:104870000323DB083B60BB7B013BBB73BB7B002B93
:10488000DBD100BFFB7B18461437BD4680BC7047A8
:10489000CDCCCCCCC416002080B483B000AF03468E
:1048A000FB71FB79002B08D0012B0DD1094B1B6844
:1048B000084A43F00103136006E0064B1B68054AF3
:1048C00023F00103136000BF00BF0C37BD4680BC5E
:1048D000704700BF000C004080B584B000AF786026
:1048E0000123FB7313E0FB7B184606F001F9034636
:1048F000BB73FB7B9BB203F5EB437F339BB2BA7B6D
:104900000021184604F08EFCFB7B0133FB73FB7B1C
:104910000C2BE8D90023FB7313E0FB7B184605F052
:104920006BFF0346BB73FB7B9BB203F5EC430C337D
:104930009BB2BA7B0021184604F074FCFB7B013368
:10494000FB73FB7B032BE8D90423FB7313E0FB7B96
:10495000184605F051FF0346BB73FB7B9BB203F582
:10496000F0431E339BB2BA7B0021184604F05AFC78
:10497000FB7B0133FB73FB7B072BE8D900BF00BF38
:104980001037BD4680BD000080B485B000AF03463F
:10499000FB80FB88B3F5A04F40D3FB8845F6991206
:1049A000934210D8FB88A3F5A043FB80FB881E4AE6
:1049B000D35C1B021AB2FB881C49CB5C1BB21343AD
:1049C0001BB2FB812AE0FB8846F69912934210D86D
:1049D000FB88A3F5C043FB80FB88154AD35C1B0210
:1049E0001AB2FB881349CB5C1BB213431BB2FB8189
:1049F00014E0FB8847F6991293420FD8FB88A3F581
:104A0000E043FB80FB880C4AD35C1B021AB2FB8894
:104A10000A49CB5C1BB213431BB2FB81FB891846CE
:104A20001437BD4680BC7047A81600200C16002025
:104A3000681600202816002060160020A01600200E
:104A400080B483B000AF03460A46FB801346BB80A8
:104A5000FB88B3F5A04F40D3FB8845F699129342EB
:104A600010D8FB88A3F5A043FB80BB881B0A9AB231
:104A7000FB88D1B21B4AD154FB88BA88D1B21A4AFA
:104A8000D1542AE0FB8846F69912934210D8FB884D
:104A9000A3F5C043FB80BB881B0A9AB2FB88D1B246
:104AA000124AD154FB88BA88D1B2114AD15414E0C9
:104AB000FB8847F6991293420FD8FB88A3F5E04391
:104AC000FB80BB881B0A9AB2FB88D1B2094AD15439
:104AD000FB88BA88D1B2084AD15400BF0C37BD4612
:104AE00080BC7047A81600200C1600206816002015
:104AF0002816002060160020A016002080B582B085
:104B000000AF0346FB800B467B7113463B71FB886D
:104B1000B3F5A04F39D3FB8845F69912934211D8CB
:104B2000FB88A3F5A043FB80FB881A497A79CA5415
:104B3000FB8819493A79CA54FB88DBB21846FCF75E
:104B400079FD22E0FB8846F6991293420CD8FB8847
:104B5000A3F5C043FB80FB8810497A79CA54FB88CF
:104B60000F493A79CA5410E0FB8847F699129342EC
:104B70000BD8FB88A3F5E043FB80FB8809497A79D1
:104B8000CA54FB8808493A79CA5400BF0837BD4661
:104B900080BD00BFA81600200C160020681600205B
:104BA0002816002060160020A016002080B485B0D2
:104BB00000AF03463960FB71FB79022B2CD0022B2E
:104BC0003DDC002B02D0012B13D038E00023FB7317
:104BD0000BE0FB7B3A681A44FB7B11781A4A1344BA
:104BE0000A469A70FB7B0133FB73FB7B052BF0D9E4
:104BF00025E00023FB730BE0FB7B3A681A44FB7B48
:104C00001178114A13440A461A72FB7B0133FB7375
:104C1000FB7B052BF0D912E00023FB730BE0FB7B41
:104C20003A681A44FB7B1178074A13440A469A7380
:104C3000FB7B0133FB73FB7B052BF0D900BF00BF6F
:104C40001437BD4680BC7047C416002080B485B0C0
:104C500000AF03463960FB71FB79002B02D0012BBA
:104C600023D045E00623FB731BE03968234BA3FBED
:104C70000123DA0813469B0013445B00CA1AD2B220
:104C8000FB7B013B3032D1B21D4A13440A469A7075
:104C90003B681A4AA2FB0323DB083B60FB7B013B1A
:104CA000FB73FB7B002BE0D122E00623FB731BE0B0
:104CB0003968124BA3FB0123DA0813469B00134407
:104CC0005B00CA1AD2B2FB7B013B3032D1B20C4A34
:104CD00013440A461A723B68084AA2FB0323DB0806
:104CE0003B60FB7B013BFB73FB7B002BE0D100BFF8
:104CF00000BF1437BD4680BC704700BFCDCCCCCCC4
:104D0000C416002080B582B000AF5A21002003F005
:104D100009F8002002F0D6FF03465A2B02D10123E6
:104D2000FB7101E00023FB71FB7918460837BD4693
:104D300080BD80B582B000AF012002F0C3FF034602
:104D4000372B02D10123FB7101E00023FB71FB79BA
:104D500018460837BD4680BD90B583B000AF4FF40C
:104D6000A043FB8010237B716F49002000F050FAB4
:104D70006E49012000F04CFA1AE07B799BB20133B6
:104D80009BB2184602F09EFF03461C467B799BB2FD
:104D9000184602F097FF03461A46FB88214618463C
:104DA000FFF7ACFEFB880133FB807B7902337B711C
:104DB0007B79382BE1D900233B714AE03B799BB2E8
:104DC0009B009BB251339BB2184602F07BFF034617
:104DD0001B021CB23B799BB29B009BB250339BB22F
:104DE000184602F06FFF03461BB223431BB23A7909
:104DF00098B24F4913469B019B1A9B000B44043306
:104E000002461A803B799BB29B009BB253339BB204
:104E1000184602F057FF03461B021CB23B799BB2B7
:104E20009B009BB252339BB2184602F04BFF0346E5
:104E30001BB223431BB23A7998B23D4913469B01FA
:104E40009B1A9B000B44063302461A803B790133C0
:104E50003B713B79032BB1D9442002F033FF034669
:104E60001A46344B5A76452002F02CFF03461A4668
:104E7000304B9A76462002F025FF03461A462D4B0A
:104E80001A75472002F01EFF03461A46294B5A7531
:104E9000702002F017FF03461A46264B83F826209F
:104EA000712002F00FFF03461A46224B83F8272099
:104EB000722002F007FF03461A461E4B83F8282093
:104EC000732002F0FFFE03461A461A4B83F82D208A
:104ED000742002F0F7FE03461A46164B83F82A2088
:104EE000752002F0EFFE03461A46124B83F82B2082
:104EF000762002F0E7FE03461A460E4B83F82C207C
:104F0000352002F0DFFE03461C46342002F0DAFEB4
:104F100003461A46214645F21200FFF7EFFD00BF97
:104F20000C37BD4690BD00BFC6160020CC16002031
:104F3000D4010020C416002080B582B000AF102339
:104F4000FB710023BB711AE0FB799AB2BB79674908
:104F5000CB5C1946104602F0E5FEFB790133FB718C
:104F6000FB799AB2BB796249CB5C1946104602F0D4
:104F7000D9FEFB790133FB71BB790133BB71BB797E
:104F8000182BE1D90023BB7152E0BB799BB29B0087
:104F90009BB2503398B2BA79564913469B019B1A7B
:104FA0009B000B4404331B88DBB2194602F0BAFEA7
:104FB000BB799BB29B009BB2513398B2BA794D49F1
:104FC00013469B019B1A9B000B4404331B881B0A4E
:104FD0009BB2DBB2194602F0A5FEBB799BB29B00E7
:104FE0009BB2523398B2BA79424913469B019B1A3D
:104FF0009B000B4406331B88DBB2194602F092FE7D
:10500000BB799BB29B009BB2533398B2BA793949B2
:1050100013469B019B1A9B000B4406331B881B0AFB
:105020009BB2DBB2194602F07DFEBB790133BB7146
:10503000BB79032BA9D92D4B1B7B1946432002F0CA
:1050400071FE2D4B5B7DDBB21946472002F06AFEF4
:10505000294B5B7EDBB21946442002F063FE264BEF
:105060009B7EDBB21946452002F05CFE224B93F892
:105070002630DBB21946702002F054FE1E4B93F826
:105080002730DBB21946712002F04CFE1A4B93F820
:105090002830DBB21946722002F044FE164B93F81A
:1050A0002D30DBB21946732002F03CFE124B93F810
:1050B0002C30DBB21946742002F034FE0E4B93F80C
:1050C0002B30DBB21946752002F02CFE0A4B93F808
:1050D0002C30DBB21946762002F024FE3721012065
:1050E00002F020FE00BF0837BD4680BD0C16002030
:1050F000A8160020D4010020C416002080B582B07C
:1051000000AF0023FB710FE0FB799BB203F5A043D6
:105110009AB2FB79294931F8133019461046FFF746
:105120008FFCFB790133FB71FB79182BECD9244BF5
:1051300001221A70234B02221A75224B01229A7601
:10514000204B01225A761F4B00225A751D4B00221C
:1051500083F826201B4B012283F82720194B0122BC
:1051600083F82820174B002283F82920154B0122B1
:1051700083F82D20134B002283F82A20114B0122A3
:1051800083F82B200F4B002283F82C200E4900209F
:10519000FFF70CFD0D490120FFF708FD0A4900202B
:1051A00000F064F80949012000F060F800F0EEF822
:1051B000FFF7C2FE00BF0837BD4680BDA00501084D
:1051C00038060020C41600208CE7000894E7000889
:1051D00080B500AF0D490220FFF7E8FC02F06CFD3E
:1051E000FFF790FD0346002B02D1FFF787FF09E090
:1051F000FFF79FFD0346002B02D1FFF77FFF01E081
:10520000FFF7AAFD00F0C2F800BF80BD9CE70008D0
:1052100090B585B000AF03463960FB71FB79002B78
:1052200002D0012B03D005E00223BB7302E0082368
:10523000BB7300BF0023FB7310E0BB7B9AB2FB7B08
:105240009BB2134499B2FB7B3A68D418084602F02B
:1052500039FD03462370FB7B0133FB73FB7B052B7E
:10526000EBD900BF00BF1437BD4690BD80B584B0F8
:1052700000AF03463960FB71FB79002B02D0012B94
:1052800003D005E00223BB7302E00823BB7300BF19
:105290000023FB730FE0BB7B9AB2FB7B9BB21344F2
:1052A00098B2FB7B3A6813441B78194602F03AFD2A
:1052B000FB7B0133FB73FB7B052BECD900BF00BFED
:1052C0001037BD4680BD000080B584B000AF0346F6
:1052D000FB71FB79002B02D0012B17D02DE00023AE
:1052E000FB730FE0FB7B9BB202339AB2FB7B154949
:1052F0000B449B78DBB21946104602F013FDFB7B92
:105300000133FB73FB7B052BECD916E00023FB7309
:105310000FE0FB7B9BB208339AB2FB7B09490B443D
:105320001B7ADBB21946104602F0FCFCFB7B013312
:10533000FB73FB7B052BECD900BF00BF1037BD46CC
:1053400080BD00BFC416002080B584B000AF034606
:105350000A46FB711346BB80BB88FB73FB799BB28B
:10536000FA7B1146184602F0DDFCBB881B0A9BB293
:10537000FB73FB799BB201339BB2FA7B1146184653
:1053800002F0D0FC00BF1037BD4680BD80B400AF36
:10539000144B4FF496729A80124B4FF47A72DA8063
:1053A000104B4FF4FA72A3F800210E4B4FF47A72AF
:1053B000A3F802210B4B6422A3F8FC21094B4FF404
:1053C000FA72A3F8FE21074B4FF4FA72A3F8F82201
:1053D000044B4FF47A72A3F8FA2200BFBD4680BC9A
:1053E000704700BFD401002080B582B000AF102309
:1053F000BB710023FB710EE0FB791E4A32F81320CB
:10540000BB7911461846FFF79FFFBB790233BB718A
:10541000FB790133FB71FB79072BEDD93423BB7189
:105420000023FB710FE0FB791233124A32F813208C
:10543000BB7911461846FFF787FFBB790233BB7172
:10544000FB790133FB71FB79182BECD90A49002059
:10545000FFF7ACFB08490020FFF708FF01214420BB
:1054600002F060FC0121452002F05CFC00BF08371F
:10547000BD4680BDA00501088CE7000880B400AFE0
:10548000BFF34F8F00BF074BDB6803F4E0620549B1
:10549000054B1343CB60BFF34F8F00BF00BF00BF6E
:1054A000FCE700BF00ED00E00400FA0580B483B023
:1054B00000AF7860034B1B7DDBB2002B0C37BD4681
:1054C00080BC7047C416002080B582B000AF786001
:1054D0005A4B93F82B30DBB2002B1AD0052005F085
:1054E00007FB0346012B14D1544B5B7DDBB2002B31
:1054F00004D11221524802F089FD98E04F4B5B7DA8
:10550000DBB2012B40F093801C214E4802F07EFD5F
:105510008DE04A4B1B7DDBB2012B13D1474B5B7DEA
:10552000DBB2002B04D12021474802F06FFD80E060
:10553000424B5B7DDBB2012B7BD12021434802F043
:1055400065FD76E07B681B781A46414B9B5C002B1F
:1055500036D07B681B78082B06D87B681B78002127
:10556000184605F091FA07E07B681B78093BDBB22F
:105570000021184605F00CF97B681B781A46344B5D
:10558000002199547B681B780C2B0CD87B681B7806
:105590009BB203F5EC435F339BB200220021184617
:1055A00003F040FE46E07B681B789BB203F5F143B5
:1055B00043339BB200220021184603F033FE39E04A
:1055C0007B681B78082B06D87B681B78012118465E
:1055D00005F05AFA07E07B681B78093BDBB2012132
:1055E000184605F0D5F87B681B781A46184B012140
:1055F00099547B681B780C2B0CD87B681B789BB26A
:1056000003F5EC435F339BB201220021184603F0FF
:1056100009FE0FE07B681B789BB203F5F14343332F
:105620009BB201220021184603F0FCFD02E000BFFE
:1056300000E000BF0837BD4680BD00BFC416002093
:10564000A4E70008B8E70008D8E70008ECE700087E
:105650001801002080B582B000AF7860064BDB7D7A
:10566000DBB2002B03D02321044802F0CFFC00BFA3
:105670000837BD4680BD00BFC416002010E80008F2
:10568000B0B586B000AF78603023BB600023FB600C
:10569000AA4B1B880A2B00F2198201A252F823F0B0
:1056A000CD56000891570008B7570008F757000873
:1056B00037580008775800089D580008D35800084C
:1056C000ED580008695900089D5900089C4B1B7D46
:1056D000DBB2032B48D09A4BDB7FDBB2002B04D02C
:1056E000974BDB7DDBB2002B03D0954B0022DA77A2
:1056F000ECE1012005F0FCF90346012B16D1904B9B
:10570000DB7FDBB2012B04D18D4B022283F82220F8
:1057100008E08B4BDB7FDBB2022B03D10D218948E4
:1057200002F094FC864B0022DA77CFE1864B1B789F
:10573000012B0CD1824BDB7FDBB2032B07D1804BDB
:105740000022DA770D21814802F080FCBEE17C4B1B
:10575000DB7EDBB2012B07D10E217D4802F076FC07
:10576000774B0022DA77B1E1754B0222DA75744B80
:1057700000229A77724B0022DA760D21754802F0EA
:1057800065FC6E4B1B8801339AB26C4B1A809DE10D
:10579000052001F0F3FE012001F0F0FE022001F0EF
:1057A000EDFE042001F0EAFE644B1B8801339AB23F
:1057B000624B1A808AE1624BDB7FDBB2032B0CD099
:1057C000012005F095F90346002B0DD1002001F0D2
:1057D0004DFF0346002B07D178E1012001F046FF81
:1057E0000346002B00F06581544B1B8801339AB2AD
:1057F000524B1A806AE1524BDB7FDBB2032B0CD099
:10580000012005F075F90346002B0DD1012001F0B0
:10581000F1FF0346002B07D158E1012001F0EAFF18
:105820000346002B00F04781444B1B8801339AB29A
:10583000424B1A804AE1424BDB7FDBB2032B0CD098
:10584000012005F055F90346002B0DD1012001F090
:1058500087FF0346002B07D138E1012001F080FFCC
:105860000346002B00F02981344B1B8801339AB288
:10587000324B1A802AE1324BDB7FDBB2032B06D09E
:10588000022005F035F90346002B00F018812B4B60
:105890001B8801339AB2294B1A8017E1042005F0C6
:1058A00027F90346012B0DD1002000F0D1FC03465F
:1058B000002B00F00681214B1B8801339AB21F4B4D
:1058C0001A8003E11D4B1B8802339AB21B4B1A80CE
:1058D000FCE0214B93F81432002B40F0F480174B7E
:1058E0001B8801339AB2154B1A80ECE00C211B483F
:1058F00002F0ACFB1A4B5B781B021A4A5278134336
:105900003B610F4B002283F83B200D4BDB7FDBB26A
:10591000032B06D1094B1B8802339AB2074B1A801E
:1059200004E03A6901210020FBF77AFC034B1B8855
:1059300001339AB2014B1A80C8E000BFE60500208F
:10594000C416002028E80008FD05002038E80008FB
:1059500048E8000858E80008D401002068E800087A
:10596000A81600200C1600205A4B1B7F002B40F07D
:10597000AC80012005F0BCF80346002B07D11E21A6
:10598000554802F063FB002001F07EFF9EE0534B80
:105990001B8801339AB2514B1A8096E0504BDB7F43
:1059A000DBB2032B65D04E4B93F82D30DBB2012BCD
:1059B00005D1022005F09CF80346002B0BD0484B84
:1059C00093F82D30DBB2002B35D1022005F090F892
:1059D0000346012B2FD1434BD3E90023541C43F141
:1059E0000005404BC3E900453E4BD3E9002307F1D6
:1059F00008003D4908F004F80346FB8208223B49B1
:105A00004FF4004002F03CFAFB8ADAB207F10803D7
:105A100019464FF4004002F033FA314B0122DA7696
:105A20002F4B00225A772E4B00221A77092130483B
:105A300002F00CFB06E01E21274802F007FB0020C5
:105A400001F022FF264B93F83F30DBB2002B1DD133
:105A5000234B1B7DDBB2012B18D1214B012283F894
:105A60003F202021234802F0F1FA042001F040FDFC
:105A70000CE0214B01221A70002003F0BDFC184BF2
:105A800000229A750D211D4802F0E0FA144B002205
:105A9000DA77134B0022DA75114B1B7DDBB2012B39
:105AA00003D10F4B012283F820200C4B00221A80D7
:105AB0000CE000BF0AE000BF08E000BF06E000BF46
:105AC00004E000BF02E000BF00E000BF1837BD46A1
:105AD000B0BD00BFD401002078E80008E605002032
:105AE000C4160020D805002090E8000894E80008BB
:105AF000A0E80008ACE80008FD05002038E8000830
:105B000080B586B000AF7860A64B1B880C2B00F2E6
:105B1000D28101A252F823F04D5B0008A55B00087A
:105B2000BF5B0008E15B0008FD5B00080B5C000840
:105B3000195C0008975D0008C55D0008DB5D000882
:105B4000F55D00080B5E00082D5E0008964B1B7D7E
:105B5000DBB2032B0FD0944B93F82230DBB2002B37
:105B600004D0914BDB7DDBB2002B04D08E4B0022A6
:105B700083F822209FE10D218C4802F067FA8A4BBE
:105B80000422DA75884B0022DA76874B00221A77D6
:105B9000854B00225A77834B1B8801339AB2814B85
:105BA0001A8088E1012001F0E9FC022001F0E6FC06
:105BB0007C4B1B8801339AB27A4B1A807BE101201F
:105BC00004F096FF0346002B03D1764B0B221A807C
:105BD00071E1744B1B8801339AB2724B1A806AE1EF
:105BE000012001F043FD0346002B00F05F816D4B67
:105BF0001B8801339AB26B4B1A805CE1694B1B889E
:105C000001339AB2674B1A8055E1664B1B8801330A
:105C10009AB2644B1A804EE10C21654802F016FAE4
:105C2000644B5B7A1B021AB2634B5B7A1BB2134361
:105C30001BB29BB219460020FBF708FF38615D4B91
:105C40001B781B025C4A127813431846FAF738FF98
:105C500003465A491846FAF787FF03461846FBF7EA
:105C600049F90346FB60FB68142B0BD8544B1B68A7
:105C70009BB219460020FBF7E9FE02463B6913443C
:105C80007B6176E0FB68142B0ED9FB68282B0BD8C0
:105C90004B4B5B689BB219460020FBF7D7FE0246D0
:105CA0003B6913447B6164E0FB68282B0ED9FB68D9
:105CB0003C2B0BD8424B9B689BB219460020FBF74C
:105CC000C5FE02463B6913447B6152E0FB683C2BF6
:105CD0000ED9FB68502B0BD8394BDB689BB21946A9
:105CE0000020FBF7B3FE02463B6913447B6140E0B2
:105CF000FB68502B0ED9FB68642B0BD8304B1B690B
:105D00009BB219460020FBF7A1FE02463B691344F3
:105D10007B612EE0FB68642B0ED9FB68782B0BD8D7
:105D2000274B5B699BB219460020FBF78FFE0246AA
:105D30003B6913447B611CE0FB68782B0ED9FB6840
:105D40008C2B0BD81E4B9B699BB219460020FBF78E
:105D50007DFE02463B6913447B610AE0184BDB6918
:105D60009BB219460020FBF771FE02463B691344C3
:105D70007B610D4B012283F83B204FF4C8637A69A5
:105D800000210020FBF7FCFF064B1B8801339AB271
:105D9000044B1A808FE0034B1B8801339AB2014BEE
:105DA0001A8088E0EA050020C4160020D0E8000828
:105DB000E0E80008A81600200C1600200AD7233CB3
:105DC000F80000203D4B1B7F002B71D13C4B1B8802
:105DD00001339AB23A4B1A806AE0002001F046FC87
:105DE0000346002B66D0364B1B8801339AB2344BE6
:105DF0001A8060E04FF4167004F0E7FB304B1B880C
:105E000001339AB22E4B1A8055E0012004F070FE47
:105E10000346002B06D12A4B1B8801339AB2284B2C
:105E20001A8048E0264B03221A8044E0254B5B7D14
:105E3000DBB2002B04D10921234802F007F903E06B
:105E40000F21224802F002F9052001F051FB1D4B01
:105E50000022DA751B4B0022DA761A4B00221A77E1
:105E6000184B93F82230DBB2012B02D1154B0122E3
:105E70005A77144B93F82230DBB2022B02D1114B2C
:105E800002225A77124B00221A700E4B93F82230DE
:105E9000DBB2032B02D00B4B0122DA77094B002235
:105EA00083F82220064B00221A8004E000BF02E0A3
:105EB00000BF00E000BF1837BD4680BDD401002000
:105EC000EA050020C4160020F0E80008FCE80008FD
:105ED000FC05002080B582B000AF7860754B1B8850
:105EE000082B00F2E38001A252F823F0115F0008B2
:105EF0007B5F0008975F0008B15F0008ED5F000856
:105F00000D60000821600008576000086560000807
:105F1000694B1B7DDBB2032B1ED0674B93F82030FF
:105F2000DBB2002B04D0644BDB7DDBB2002B04D052
:105F3000614B002283F82020B8E0042004F0D8FD53
:105F40000346012B08D120215C4802F05FF85A4B30
:105F5000002283F82020A9E0574B0322DA75564B24
:105F600000221A770D21564802F070F8514B1B8819
:105F700001339AB24F4B1A8098E0002001F03AFCAE
:105F80000346002B00F089804A4B1B8801339AB2EC
:105F9000484B1A808AE0012000F05AF90346002B92
:105FA0007DD0444B1B8801339AB2424B1A807DE06E
:105FB000444B93F81432002B73D1042004F098FD65
:105FC0000346002B07D109213F4802F03FF800208B
:105FD00001F05AFC6AE008213C4802F037F8354BE2
:105FE0001B8801339AB2334B1A805AE0C82004F060
:105FF000ECFA012001F03AFB0346002B53D02D4B65
:106000001B8801339AB22B4B1A804FE0C82004F052
:10601000DCFA284B1B8801339AB2264B1A8045E0E4
:10602000062004F065FD0346002B0CD1002001F092
:1060300097FB0346002B38D01E4B1B8801339AB2C6
:106040001C4B1A8032E00921214801F0FFFF00209B
:1060500001F01AFC2AE0174B1B8801339AB2154B4A
:106060001A8023E008211B4801F0F0FF022001F014
:106070003FFA114B0022DA750F4B0022DA760E4BF5
:1060800000225A770C4B01221A770B4B002283F81F
:106090002020084B00221A8008E000BF06E000BF65
:1060A00004E000BF02E000BF00E000BF0837BD46CB
:1060B00080BD00BFEC050020C41600200CE90008DC
:1060C00030E90008D401002040E900084CE900084C
:1060D00058E9000878E9000880B582B000AF786020
:1060E000534B1B88052B00F29F8001A252F823F02E
:1060F000096100086D61000887610008A16100085E
:10610000DD610008F76100084A4B1B7DDBB2032B01
:106110001ED0484B93F82130DBB2002B04D0454B06
:10612000DB7DDBB2002B04D0424B002283F8212020
:106130007AE0042004F0DCFC0346002B08D1202187
:106140003D4801F063FF3B4B002283F821206BE0C8
:10615000384B0322DA750D21384801F077FF344BB4
:106160001B8801339AB2324B1A805DE0012001F0A6
:1061700041FB0346002B50D02D4B1B8801339AB2B4
:106180002B4B1A8050E0002000F062F80346002BF1
:1061900045D0274B1B8801339AB2254B1A8043E028
:1061A000274B93F81432002B3BD1042004F0A0FCC1
:1061B0000346012B07D10921224801F047FF0020A7
:1061C00001F062FB30E008211F4801F03FFF184B4F
:1061D0001B8801339AB2164B1A8022E0012001F08D
:1061E000BFFA0346002B1ED0114B1B8801339AB215
:1061F0000F4B1A8018E00821144801F027FF0220F5
:1062000001F076F90B4B0022DA750A4B002283F875
:106210002120074B00221A8006E000BF04E000BFE7
:1062200002E000BF00E000BF0837BD4680BD00BFF0
:10623000EE050020C416002084E90008A4E9000847
:10624000D4010020B8E90008C8E90008D8E900082E
:1062500080B584B000AF0346FB712D4B9B7C1B02C5
:106260002C4A927C1343FB60FB79012B13D1042051
:1062700004F03EFC0346002B0DD11121264801F00D
:10628000E5FE264B002283F83D20FA68002102201B
:10629000FAF7C6FF37E0FB79002B34D1042004F075
:1062A00027FC0346012B2ED111211D4801F0CEFE03
:1062B000184BDA7C1B4B1A70154BDA7C1A4B1A7090
:1062C000144B1A7A134BDA74114B1A7A104BDA7496
:1062D000124B012283F83D20FB685B001A46012126
:1062E0000220FAF79DFF0F4B1B78DAB2094BDA74E4
:1062F0000D4B1B78DAB2064BDA740A4B00221A7087
:10630000094B00221A70012318461037BD4680BD84
:10631000A81600200C160020E4E90008C41600208E
:10632000F8E90008081700200917002080B586B09A
:1063300000AF7860864B1B88042B00F2B08101A26D
:1063400052F823F0596300087F6300088D6300084A
:10635000F5650008856600087E4B93F83130DBB2A6
:10636000002B05D17B4B002283F8312000BF96E142
:10637000774B1B8801339AB2754B1A808FE1744BAF
:106380001B8801339AB2724B1A8088E1042004F012
:10639000AFFB0346002B2ED10B216F4801F056FEB8
:1063A0006E4B1A796E4B1A706E4B1A796E4B1A70CF
:1063B0006A4B1A7A694B1A716A4B1A7A694B1A71CD
:1063C000644B022283F83D204FF47A7201210220AF
:1063D000FAF726FF624B1B78DAB2604B1A71624BF8
:1063E0001B78DAB25F4B1A715D4B00221A705E4B5C
:1063F00000221A70F7E05B4B5B781B021AB2574B16
:106400005B781BB213431BB29BB219460220FBF709
:106410001DFB7861534B5B7A1B021AB24F4B5B7AC0
:106420001BB213431BB29BB219460220FBF70EFBB3
:1064300038614C4B1B7A1B02484A127A13431846A8
:10644000FAF73EFB034649491846FAF78DFB034627
:106450001846FAF74FFD0346FB60FB680A2B0BD882
:10646000434B1B689BB219460220FBF7EFFA02462A
:106470003B691344BB6088E0FB680A2B0ED9FB68BC
:10648000192B0BD83A4B5B689BB219460220FBF7DD
:10649000DDFA02463B691344BB6076E0FB68192BCA
:1064A0000ED9FB68282B0BD8314B9B689BB2194641
:1064B0000220FBF7CBFA02463B691344BB6064E061
:1064C000FB68282B0ED9FB68372B0BD8284BDB68D1
:1064D0009BB219460220FBF7B9FA02463B69134406
:1064E000BB6052E0FB68372B0ED9FB68412B0BD801
:1064F0001F4B1B699BB219460220FBF7A7FA024605
:106500003B691344BB6040E0FB68412B0ED9FB683C
:106510004B2B0BD8164B5B699BB219460220FBF73D
:1065200095FA02463B691344BB602EE0FB684B2B97
:1065300020D9FB68552B1DD80D4B9B699BB2194682
:106540000220FBF783FA02463B691344BB601CE060
:10655000FA050020C41600200CEA00080C160020E2
:1065600008170020A8160020091700200AD7233C8E
:10657000D80000204C4BDB699BB219460220FBF788
:1065800065FA02463B691344BB600B21474801F0A2
:106590005DFD474B9A79474B1A70474B9A79474BA9
:1065A0001A70434B1A7A424B9A71434B1A7A424BF8
:1065B0009A71434B012283F83D20424B3A690021F6
:1065C0000220FBF7DDFB3B4B1B78DAB2384B9A71AC
:1065D0003A4B1B78DAB2384B9A71364B00221A705C
:1065E000364B00221A70384B1B8801339AB2364B57
:1065F0001A8054E0354B93F81432002B4ED104200E
:1066000004F076FA0346012B12D12D4B93F83D305E
:10661000DBB2012B0CD12A4B002283F83D201C2138
:106620002B4801F013FD002001F02EF9002336E085
:10663000042004F05DFA0346002B12D1204B93F89E
:106640003D30DBB2022B0CD11D4B002283F83D20E4
:106650001821204801F0FAFC002001F015F9002370
:106660001DE0042004F044FA0346002B03D0164B2F
:1066700002221A8012E0144B1B8801339AB2124B8B
:106680001A800BE00E4B002283F831200B211248B8
:1066900001F0DCFC0C4B00221A8000E000BF184621
:1066A0001837BD4680BD00BFD800002018EA00089A
:1066B0000C16002008170020A8160020091700203B
:1066C000C4160020400D0300FA050020D40100206C
:1066D00024EA000844EA000860EA000880B586B0B1
:1066E00000AF78609C4B1B88042B00F2148201A23F
:1066F00052F823F0096700083F6700084D6700085B
:10670000F9690008C56A0008944B93F82F30DBB292
:10671000002B05D1914B002283F82F2000BFFAE116
:106720008E4BDB7DDBB2012B02D08C4B0422DA7561
:10673000894B1B8801339AB2874B1A80EBE1864B59
:106740001B8801339AB2844B1A80E4E1012004F0E3
:10675000CFF90346002B3DD1804B5B7DDBB2002B94
:1067600004D10B217E4801F071FC08E07B4B5B7D7E
:10677000DBB2012B03D113217A4801F081FC7A4B63
:106780001A787A4B1A707A4B1A787A4B1A70764BC1
:106790001A7A754B1A70764B1A7A754B1A706F4BC2
:1067A000022283F83B204FF47A7201210020FAF78D
:1067B00037FD6E4B1B78DAB26B4B1A706D4B1B7842
:1067C000DAB26B4B1A70694B00221A70694B0022C7
:1067D0001A700AE1664B5B781B021AB2624B5B7857
:1067E0001BB213431BB29BB219460020FBF72EF9D4
:1067F00078615F4B5B7A1B021AB25B4B5B7A1BB210
:1068000013431BB29BB219460020FBF71FF93861F6
:10681000574B1B7A1B02544A127A13431846FAF755
:106820004FF9034654491846FAF79EF903461846AD
:10683000FAF760FB0346FB60FB680A2B0BD84F4B53
:106840001B689BB219460020FBF700F902463B6922
:106850001344BB6076E0FB680A2B0ED9FB68192B4A
:106860000BD8464B5B689BB219460020FBF7EEF84D
:1068700002463B691344BB6064E0FB68192B0ED9E8
:10688000FB68282B0BD83D4B9B689BB21946002018
:10689000FBF7DCF802463B691344BB6052E0FB683F
:1068A000282B0ED9FB68372B0BD8344BDB689BB2F7
:1068B00019460020FBF7CAF802463B691344BB6047
:1068C00040E0FB68372B0ED9FB68412B0BD82B4BD4
:1068D0001B699BB219460020FBF7B8F802463B69DA
:1068E0001344BB602EE0FB68412B0ED9FB684B2B99
:1068F0000BD8224B5B699BB219460020FBF7A6F828
:1069000002463B691344BB601CE0FB684B2B0ED96D
:10691000FB68552B0BD8194B9B699BB2194600207D
:10692000FBF794F802463B691344BB600AE0134B43
:10693000DB699BB219460020FBF788F802463B69E9
:106940001344BB60054B5B7DDBB2002B1AD10B21DE
:106950000B4801F07BFB1EE0F8050020C416002068
:106960000CEA00086CEA00080C160020081700204A
:10697000A8160020091700200AD7233CD8000020C1
:1069800018EA0008664B5B7DDBB2012B03D10F21B7
:10699000644801F075FB644B1A78644B1A70644BC1
:1069A0001A78644B1A70604B1A7A5F4B1A70604BFE
:1069B0001A7A5F4B1A705A4B012283F83B205E4BC8
:1069C0003A6900210020FBF7DBF9584B1B78DAB25B
:1069D000554B1A70574B1B78DAB2554B1A70534B04
:1069E00000221A70534B00221A70544B1B8801333B
:1069F0009AB2524B1A808EE0514B1B7F002B40F015
:106A00008980012004F074F80346012B21D1444B06
:106A100093F83B30DBB2012B1BD1414B002283F8B2
:106A20003B203F4B5B7DDBB2002B04D11C21454852
:106A300001F00CFB08E03A4B5B7DDBB2012B03D18C
:106A40002521414801F002FB002000F01DFF00233A
:106A500061E0012004F04CF80346002B21D1304BBB
:106A600093F83B30DBB2022B1BD12D4B002283F875
:106A70003B202B4B5B7DDBB2002B04D1182133482C
:106A800001F0E4FA08E0264B5B7DDBB2012B03D179
:106A900022212F4801F0DAFA002000F0F5FE002351
:106AA00039E0012004F024F80346002B03D0234BE7
:106AB00002221A802EE0214B1B8801339AB21F4B11
:106AC0001A8027E0164B002283F82F20144B5B7DA1
:106AD000DBB2002B04D10B211E4801F0B7FA08E00D
:106AE0000F4B5B7DDBB2012B03D118211A4801F05B
:106AF000C7FA0B4BDB7DDBB2012B07D0084B1B7DAC
:106B0000DBB2032B02D0064B0022DA750B4B0022BE
:106B10001A8000E000BF18461837BD4680BD00BF90
:106B2000C416002080EA00080C1600200817002078
:106B3000A816002009170020400D0300F8050020CA
:106B4000D401002024EA000890EA000844EA000882
:106B5000B8EA000860EA0008DCEA0008B0B588B0CE
:106B600000AF78606B4B1B88072B00F2CF8001A22F
:106B700052F823F0956B0008BF6B0008116C0008F9
:106B8000276C0008696C0008AB6C0008ED6C00080D
:106B9000FB6C00085F4B1B8801339AB25D4B1A8077
:106BA0005D4B5B7DDBB2002B04D124215B4801F0FF
:106BB0004DFAABE01B215A4801F048FAA6E0594BC8
:106BC000D3E90023541C43F10005564BC3E90045AB
:106BD000544BD3E9002307F10800534906F010FF96
:106BE0000346FB83082251494FF4004001F048F965
:106BF000FB8BDAB207F1080319464FF4004001F0AD
:106C00003FF9444B1B8801339AB2424B1A807DE016
:106C10004FF4FA7003F0D9FC3E4B1B8801339AB253
:106C20003C4B1A8072E03C4B5B7DDBB2002B04D105
:106C30000D213F4801F00AFA03E01B213D4801F015
:106C400005FA0020FEF71CFD334BDB7DDBB2002B89
:106C500057D14FF4FA7003F0B8FC2E4B1B88013368
:106C60009AB22C4B1A804CE02B4B5B7DDBB2002B95
:106C700004D10D21304801F0E9F903E015212F4836
:106C800001F0E4F90020FFF725F9234BDB7DDBB2AF
:106C9000002B38D14FF4FA7003F097FC1D4B1B8882
:106CA00001339AB21B4B1A802DE01B4B5B7DDBB28C
:106CB000002B04D10D21224801F0C8F903E0152171
:106CC000204801F0C3F90020FEF71AFF124BDB7DCC
:106CD000DBB2002B19D14FF4FA7003F076FC0D4BA8
:106CE0001B8801339AB20B4B1A800EE0094B1B88AC
:106CF00001339AB2074B1A8008E0064B00221A8033
:106D000004E000BF02E000BF00E000BF00BF20378A
:106D1000BD46B0BDE4050020C416002078EB000895
:106D2000A0EB0008D005002090E8000894E80008D7
:106D3000BCEB0008CCEB0008E8EB0008F8EB00081F
:106D400010EC000820EC000880B582B000AF78603D
:106D5000B74B1B88102B00F2B38101A252F823F02D
:106D6000A56D0008576E0008996E0008B56E000802
:106D7000D16E0008ED6E0008096F0008276F00084B
:106D80004D6F0008696F0008836F00089F6F00084F
:106D9000BD6F0008E36F0008FD6F00081770000862
:106DA00049700008A34B93F82E30DBB2002B04D0BF
:106DB000A04BDB7DDBB2002B0AD09E4B1B7DDBB2F0
:106DC000022B40F068819B4B002283F82E2062E169
:106DD000FAF786FA002000F08EFE00F075FE3220F1
:106DE00003F0F3FB012000F086FE0121002002F0F9
:106DF0006DFF0121022002F069FF8E4B93F82730CE
:106E0000DBB2002B03D00121032002F05FFF894B8E
:106E100093F82930DBB2002B03D00121012002F0CE
:106E200055FF844B93F82630DBB2002B03D00121B1
:106E3000012002F04BFF002002F0DEFA7D4B012220
:106E4000DA757C4B00225A77794B1B8801339AB252
:106E5000774B1A8034E1012000F090FB022000F013
:106E60008DFB032000F08AFB042000F087FB052047
:106E700000F084FB6F4B012283F83F200D216E4808
:106E800001F0E4F8642003F0A0FB694B1B88013398
:106E90009AB2674B1A8013E1012000F0ABFC034665
:106EA000002B00F0FA80624B1B8801339AB2604BD2
:106EB0001A8005E1012000F053FC0346002B00F08E
:106EC000EE805B4B1B8801339AB2594B1A80F7E076
:106ED000002000F0CBFB0346002B00F0E280544B77
:106EE0001B8801339AB2524B1A80E9E0002000F06F
:106EF00007FC0346002B00F0D6804D4B1B88013366
:106F00009AB24B4B1A80DBE00B214C4801F0B8F8E9
:106F1000484B012283F83120454B1B8801339AB23C
:106F2000434B1A80CCE0434B93F83130DBB2002B5B
:106F300005D00020FFF7FAF90346002BC0E03C4BD8
:106F40001B8801339AB23A4B1A80B9E00120FFF74F
:106F50007FF90346002B00F0A880354B1B880133D6
:106F60009AB2334B1A80ABE0354B93F81432002BB6
:106F700040F09D802E4B1B8801339AB22C4B1A8017
:106F800095E0012000F072FB0346002B00F0918099
:106F9000274B1B8801339AB2254B1A8090E00B21B6
:106FA000284801F06DF8234B012283F82F20204B55
:106FB0001B8801339AB21E4B1A8081E01D4B93F857
:106FC0002F30DBB2002B05D00020FFF787FB0346F4
:106FD000002B75E0164B1B8801339AB2144B1A80B4
:106FE0006EE0002000F042FB0346002B63D0104B04
:106FF0001B8801339AB20E4B1A8061E00020FFF724
:1070000027F90346002B58D0094B1B8801339AB24D
:10701000074B1A8054E00A4B93F81432002B4ED1E0
:10702000034B1B8801339AB2014B1A8047E000BF23
:10703000F0050020C416002038EC000848EC0008D9
:10704000D401002058EC00080B211F4800F0FEFF7F
:10705000032000F04DFA012002F0CEF91B4B002274
:1070600083F82E201A4B00221A70184B0022DA7671
:10707000164B00221A77154B00225A77134B012228
:107080001A76124B0022DA75104B01229A75114BB9
:1070900000221A8014E000BF12E000BF10E000BF21
:1070A0000EE000BF0CE000BF0AE000BF08E000BF38
:1070B00006E000BF04E000BF02E000BF00E000BF48
:1070C0000837BD4680BD00BF6CEC0008C416002028
:1070D000FC050020F005002080B584B000AF78608A
:1070E000364B93F82730DBB2002B62D0334B93F84A
:1070F0003B30DBB2012B2ED1082003F0F9FC034614
:10710000002B1ED12E4B1B78002B1AD12C4B0122A9
:107110001A702C4B93F81033002B02D00320FAF78F
:107120009BF9294BDB791B02284AD2791343FB6078
:10713000224B022283F83D20FA6801210320FAF74E
:107140006FF8082003F0D4FC0346012B31D11C4B0F
:1071500000221A702DE0082003F0CAFC0346012B20
:107160001ED1174B1B78002B1AD1154B01221A7018
:10717000144B93F81033002B02D00320FAF76CF96C
:107180000E4B012283F83D200F4BDB791B020F4A87
:10719000D2791343FB60FA6800210320FAF740F824
:1071A000082003F0A5FC0346002B02D1044B00226B
:1071B0001A7000BF1037BD4680BD00BFC416002046
:1071C00000060020D4010020A81600200C16002084
:1071D00080B584B000AF78601F4B93F82630DBB2E7
:1071E000002B34D0092003F083FC0346002B19D177
:1071F0001A4B1B78002B15D1184B01221A70184B13
:1072000000221A70144B012283F83C20154BDB78C6
:107210001B02154AD2781343FB60FA680021012053
:10722000F9F7FEFF092003F063FC0346012B05D1AB
:107230000A4B00221A700A4B01221A700A2003F02E
:1072400057FC0346002B02D1054B01221A7000BFE8
:107250001037BD4680BD00BFC4160020FE050020CB
:10726000FF050020A81600200C16002080B584B071
:1072700000AF7860FAF75CF8FAF732F8022002F013
:10728000BBF80E4B5B7DDBB2002B04D110210C4808
:1072900000F0F6FE03E011210A4800F0F1FE72B69C
:1072A00000BF0123FB60FB6883F3138800BFFEF778
:1072B000E5F800BF1037BD4680BD00BFC4160020F2
:1072C00068ED00087CED000880B582B000AF786002
:1072D000494B93F82330DBB2002B00F08780F9F79D
:1072E000FFFF00210020F9F7E9FF00210120F9F755
:1072F000E5FF00210220F9F7E1FF00210320F9F763
:10730000DDFF002002F078F83B4B93F82330DBB22E
:10731000012B13D1384B5B7DDBB2002B04D11C2138
:10732000364800F0ADFE2BE0334B5B7DDBB2012B2A
:1073300026D12921324800F0A3FE21E02E4B93F8FC
:107340002B30DBB2002B1BD0052003F0D1FB034612
:10735000012B15D12B4B01221A70274B5B7DDBB221
:10736000002B04D11821284800F08AFE08E0224BA7
:107370005B7DDBB2012B03D12921214800F080FE87
:10738000012000F0FBF8022000F0F8F8032000F0E4
:10739000F5F8042000F0F2F8052000F0EFF80120E5
:1073A00000F028FA0346002B22D0184B1B78DBB2E2
:1073B000002B09D0154B1B78DAB2154B1A71154BFF
:1073C0001B78DAB2144B1A71144B1B78DBB2002B0A
:1073D00009D0124B1B78DAB20D4B1A70104B1B7888
:1073E000DAB20D4B1A7000F071FA02E000BF00E053
:1073F00000BF0837BD4680BDC416002090ED0008D0
:10740000B0ED000801060020DCED000808170020A0
:107410000C16002009170020A81600200A170020CB
:107420000617002080B582B000AF7860F9F758FFEA
:10743000264B5B7DDBB2002B04D11021244800F0E9
:107440001FFE03E00F21234800F000FEF9F748FF7C
:10745000002001F0D1FF012000F090F8022000F0A0
:107460008DF8032000F08AF8042000F087F805204A
:1074700000F084F8012000F0BDF90346002B20D075
:10748000154B1B78DBB2002B09D0134B1B78DAB2FB
:10749000124B1A71124B1B78DAB2124B1A71124B43
:1074A0001B78DBB2002B09D00F4B1B78DAB20B4BE9
:1074B0001A700E4B1B78DAB20A4B1A7000F006FAFB
:1074C00000E000BF0837BD4680BD00BFC4160020E5
:1074D000FCED00080CEE0008081700200C16002038
:1074E00009170020A81600200A1700200617002000
:1074F00080B582B000AF0346FB711F4B1B7DDBB232
:10750000012B35D1FB79013B042B32D801A252F873
:1075100023F000BF297500083B7500084D75000871
:107520005F750008737500080021022003F030F930
:1075300000210A2001F0A0FF1BE00021032003F03E
:1075400027F900210B2001F097FF12E00021002015
:1075500003F01EF90021082001F08EFF09E0002150
:10756000012003F015F90021092001F085FF00E05A
:1075700000BF0837BD4680BDC416002080B582B06C
:1075800000AF0346FB711F4B1B7DDBB2012B35D1D6
:10759000FB79013B042B32D801A252F823F000BF43
:1075A000B5750008C7750008D9750008EB750008A7
:1075B000FF7500080121022003F0EAF801210A20EA
:1075C00001F05AFF1BE00121032003F0E1F8012143
:1075D0000B2001F051FF12E00121002003F0D8F848
:1075E0000121082001F048FF09E00121012003F0FA
:1075F000CFF80121092001F03FFF00E000BF08376C
:10760000BD4680BDC416002080B584B000AF0346DF
:10761000FB710B46BB711346BB800023FB813220FC
:1076200002F0D3FF1AE0012002F0CFFFFB791846E9
:1076300003F05EFA03467B737A7BBB799A4201D1F1
:1076400001230FE0FA89BB889A4204D3002000F09E
:107650001BF9002306E0FB890133FB81FA89BB8813
:107660009A42E0D918461037BD4680BD80B582B039
:1076700000AF0346FB71FB79012B19D114211C4883
:1076800000F0E4FC0121012003F0FEF9322002F0B9
:107690009CFF4FF4FA6201210320FFF7B5FF034678
:1076A000002B1FD11F21134800F0D0FC00231AE04B
:1076B0001421114800F0CAFC0021012003F0E4F974
:1076C000322002F082FF4FF4FA6200210320FFF71C
:1076D0009BFF0346002B05D11F21084800F0B6FC94
:1076E000002300E0012318460837BD4680BD00BFD7
:1076F0001CEE000830EE000850EE000864EE0008B2
:1077000080B582B000AF0346FB71FB79012B0FD12E
:107710001421114800F09AFC0121042003F0B4F96F
:107720000121032001F0A8FE962002F04EFF0EE09A
:1077300014210A4800F08AFC0021042003F0A4F977
:107740000021032001F098FE962002F03EFF012365
:1077500018460837BD4680BD84EE000898EE000844
:1077600080B582B000AF0346FB71FB79012B19D1C4
:1077700014211C4800F06AFC0121022003F084F966
:10778000C82002F022FF4FF4FA6200210720FFF721
:107790003BFF0346002B1FD11F21134800F056FC6E
:1077A00000231AE01421114800F050FC00210220AF
:1077B00003F06AF9C82002F008FF4FF4FA620021D2
:1077C0000820FFF721FF0346002B05D11F210848A1
:1077D00000F03CFC002300E0012318460837BD46BA
:1077E00080BD00BFACEE0008BCEE0008D8EE00087B
:1077F000E8EE000880B582B000AF0346FB71FB796C
:10780000012B19D111211C4800F020FC012103207B
:1078100003F03AF9322002F0D8FE4FF4FA62012167
:107820000620FFF7F1FE0346002B1FD11C21134851
:1078300000F00CFC00231AE01121114800F006FCB6
:107840000021032003F020F9322002F0BEFE4FF4A5
:10785000FA6200210620FFF7D7FE0346002B05D170
:107860001C21084800F0F2FB002300E00123184629
:107870000837BD4680BD00BF04EF000810EF0008C8
:107880002CEF000838EF000880B582B000AF7860B8
:107890000D4B1B7DDBB2012B0BD10420FFF728FE23
:1078A0000120FFF76BFE0220FFF768FE0320FFF7C1
:1078B00065FEF9F715FD002001F09EFD00F006F8C9
:1078C00000BF0837BD4680BDC416002080B400AF9D
:1078D0004E4B012283F836204C4B00229A774B4BBB
:1078E00000221A77494B00225A77484B002283F82E
:1078F0002E20464B002283F82F20444B0022DA76BC
:10790000424B0022DA75414B012283F83F203F4B66
:10791000012283F83F203D4B00221A763B4B002288
:107920009A753A4B002283F82220384B002283F8C4
:107930002020364B002283F82320344B0022DA77B4
:10794000334B1B78DBB2002B0AD0314B1B78DAB2F9
:10795000304B1A70304B1B78DAB2304B1A701EE085
:107960002F4B1B78DBB2002B0AD02D4B1B78DAB2E1
:10797000284B1A702B4B1B78DAB2284B1A700EE08A
:10798000294B1B78DBB2002B09D0274B1B78DAB2CE
:10799000204B1A70254B1B78DAB2204B1A70244BFF
:1079A00000221A80234B00221A80234B00221A80C7
:1079B000224B00221A70224B00221A80214B0022F7
:1079C0001A80214B00221A70204B00221A801E4B75
:1079D00000221A701E4B00221A801E4B00221A80B1
:1079E0001D4B00221A601D4B00221A801C4B0022E6
:1079F0001A801C4B00221A801B4B00221A801B4B42
:107A000000221A7000BFBD4680BC7047C41600201B
:107A1000081700200C16002009170020A8160020C7
:107A20000A1700200617002007170020051700205E
:107A3000EE050020E4050020F2050020FF050020EF
:107A4000E8050020EC050020FC050020F4050020DE
:107A5000F0050020F8050020E0050020E6050020E4
:107A6000EA050020FA050020F6050020FD050020AB
:107A700080B500AF0020FFF707FF002000F03BF8C3
:107A80001921024800F0E2FA00BF80BD54EF00085F
:107A900080B500AF0A4B93F82B30DBB2002B0BD034
:107AA000052003F025F80346012B05D112210548D6
:107AB00000F0ACFA012300E00023184680BD00BFAF
:107AC000C4160020A4E7000880B500AF00210620FE
:107AD00002F0DAFF0021052001F0CEFC322002F096
:107AE00074FD0121062002F0CFFF0121052001F0E5
:107AF000C3FC00BF80BD80B582B000AF0346FB7100
:107B0000FB79002B08D00021052002F0BDFF0021E9
:107B1000042001F0B1FC07E00121052002F0B4FFD0
:107B20000121042001F0A8FC00BF0837BD4680BD3C
:107B300080B500AF454B1B88032B00F2858001A266
:107B400052F823F0557B0008917B0008AB7B0008BE
:107B5000E97B00083E4B1B7DDBB2032B0AD03C4B7C
:107B600093F83530DBB2002B04D1394B002283F877
:107B7000352069E0364B0522DA750D21354800F0D5
:107B800065FA324B1B8801339AB2304B1A805BE0A6
:107B90000120FFF72FFE0346002B52D02B4B1B88F2
:107BA00001339AB2294B1A804EE0062002F0A0FF62
:107BB0000346012B10D10120FFF79AFC0220FFF7AA
:107BC000DDFC1021244800F041FA204B1B880133D2
:107BD0009AB21E4B1A8037E01021204800F036FA86
:107BE0000020FFF751FE2FE0194B1B7DDBB2012B6C
:107BF00015D111211A4800F029FA012002F0FCFDEC
:107C00000346012B1FD1022002F0DFFC012002F00D
:107C1000F3FD0346012B02D10120FFF7AFFC082141
:107C2000104800F013FA0A4B0022DA75084B0022C4
:107C30001A77074B002283F83520044B00221A8064
:107C400002E000BF00E000BF80BD00BFF6050020DD
:107C5000C416002070EF000884EF000894EF0008BD
:107C6000A4EF0008D8E9000880B500AF062002F0B4
:107C70003FFF0346012B0CD10D4B1B7FDBB2012BC9
:107C800007D114210B4800F0E1F90220FFF776FC40
:107C90000DE0062002F02CFF0346002B07D1044B19
:107CA0001B7FDBB2012B02D10220FFF721FC80BD3C
:107CB000C4160020BCEF000880B500AF01F09EFDA7
:107CC00000BF80BD80B584B000AF0346FB800023B9
:107CD000FB7301F0CDFDFB881B0A9BB2DBB25B009E
:107CE000DBB2603BDBB2184601F094FE01F00CFE03
:107CF000FB88DBB2184601F08DFE01F005FE01F0B5
:107D0000B7FDA12001F086FE01F0FEFD002001F08C
:107D1000C7FE0346FB7301F0D1FDFB7B184610370D
:107D2000BD4680BD80B582B000AF03460A46FB80E9
:107D300013467B7101F09CFDFB881B0A9BB2DBB2F2
:107D40005B00DBB2603BDBB2184601F063FE01F082
:107D5000DBFDFB88DBB2184601F05CFE01F0D4FDD0
:107D60007B79184601F056FE01F0CEFD01F0A6FD2C
:107D70000A2002F02AFC00BF0837BD4680BD000083
:107D800080B59CB000AF786007E097F86C2007F1F1
:107D900008031146184602F0CBFB07F10803194609
:107DA0000548FAF741FE0346002BEED100BF00BFA5
:107DB0007037BD4680BD00BF3C06002080B5B4B022
:107DC00018AF78600B46FB70FA7807F10803796802
:107DD000184605F0FFFDFB7887F86C30684607F120
:107DE00014035922194605F0F5FD07F108030ECBDF
:107DF0000348FAF7A5FD00BF7037BD4680BD00BF40
:107E00003C06002080B582B000AF0346FB800D4BDE
:107E10005B7DDBB2012B02D1FB883233FB80FB8818
:107E20001B0A9BB2DAB2084B1A72FB88DAB2064B15
:107E30005A720A210448FFF7C1FF00BF0837BD4648
:107E400080BD00BFC41600202C01002080B582B088
:107E500000AF0346FB80FB881B0A9BB2DAB2074BDC
:107E60001A72FB88DAB2054B5A720A21034802F0F3
:107E70005FFB00BF0837BD4680BD00BF2C0100205E
:107E800080B59CB000AF03463960FB8013467B7120
:107E9000032387F86F3097F86F305A1C87F86F20EC
:107EA00007F170021344822203F8682CFB881B0A36
:107EB0009AB297F86F30591C87F86F10D2B207F159
:107EC00070010B4403F8682C97F86F305A1C87F840
:107ED0006F20FA88D2B207F170010B4403F8682CC6
:107EE000002387F86E3014E097F86F305A1C87F83B
:107EF0006F2019463B681A7807F170030B4403F8AA
:107F0000682C3B6801333B6097F86E30013387F88B
:107F10006E3097F86E207B799A42E5D35A233B72F4
:107F2000A5237B7297F86F30033BDBB2BB7297F8E7
:107F30006F2007F1080311461846FFF73FFF00BF07
:107F40007037BD4680BD80B58EB000AF0346396046
:107F5000FB8013467B71032387F8373097F837305F
:107F60005A1C87F8372007F138021344822203F89D
:107F70002C2CFB881B0A9AB297F83730591C87F8CB
:107F80003710D2B207F138010B4403F82C2C97F8C4
:107F900037305A1C87F83720FA88D2B207F13801F7
:107FA0000B4403F82C2C002387F8363014E097F8A4
:107FB00037305A1C87F8372019463B681A7807F182
:107FC00038030B4403F82C2C3B6801333B6097F8D3
:107FD0003630013387F8363097F836207B799A426D
:107FE000E5D35A233B73A5237B7397F83730033BC4
:107FF000DBB2BB7397F8372007F10C031146184624
:1080000002F096FA00BF3837BD4680BD80B582B019
:1080100000AF78600B46FB702E220A4947F20850E9
:10802000FFF72EFFFB781A46796847F20850FFF7F2
:1080300027FF07210448FFF7C1FE00BF0837BD46F0
:1080400080BD00BFD4EF00083801002080B582B0A9
:1080500000AF78600B46FB70402208494FF4F040B7
:10806000FFF70EFFFB781A4679684FF4F040FFF7F0
:1080700007FF00BF0837BD4680BD00BF00F0000805
:1080800080B582B000AF78600B46FB704022084993
:108090004FF4F040FFF757FFFB781A4679684FF42A
:1080A000F040FFF750FF00BF0837BD4680BD00BF5E
:1080B00000F0000880B598B000AF7860012387F821
:1080C0005F307B6804331B781B021AB27B68053370
:1080D0001B781BB213431BB2A7F85C307B680733D5
:1080E0001B781B021AB27B6808331B781BB2134340
:1080F0001BB2A7F85A30B7F85C30A3F5A043132B96
:1081000000F2F38501A252F823F000BF5D81000860
:10811000E9830008558200086B8500085582000835
:108120006B850008558200080B850008F38600085F
:108130000D88000889880008B78A00087D89000832
:10814000B78A00087D890008B78A00087D89000881
:10815000B78A0008B98C000855820008B7F85A3071
:1081600044F62062934238D942F24E03A7F85830C1
:1081700007F15801B7F85C3002221846FFF780FE7D
:10818000C74B5B7DDBB2002B04D11B21C548FFF739
:108190003DFF08E0C24B5B7DDBB2012B03D1282100
:1081A000C148FFF733FF44F62063A7F85A30B7F809
:1081B0005C30B3F5A04F0BD1BC4B4E221A70BC4BB8
:1081C00020221A70B7F85A3019461020FDF7BCF873
:1081D000002387F85F3000F08CBDB7F85A30632B6E
:1081E00000F287854FF4C843A7F8543007F15401D3
:1081F000B7F85C3002221846FFF742FEA84B5B7DC1
:10820000DBB2002B04D11B21A648FFF7FFFE08E0DC
:10821000A34B5B7DDBB2012B03D12821A248FFF7E2
:10822000F5FE6423A7F85A30B7F85C30B3F5A04FD9
:108230000BD19E4B00221A709D4B64221A70B7F826
:108240005A3019461020FDF77FF8002387F85F3079
:1082500000F04FBDB7F85A3043F6982293425FD9E9
:1082600049F63A03A7F8503007F15001B7F85C30EF
:1082700002221846FFF704FE894B5B7DDBB2002B20
:1082800004D11B218B48FFF7C1FE08E0844B5B7DC6
:10829000DBB2012B03D128218748FFF7B7FE43F655
:1082A0009823A7F85A30B7F85C3045F2020293429F
:1082B0000CD17E4B3A229A707D4B98229A70B7F877
:1082C0005A3019461420FDF73FF824E0B7F85C3027
:1082D00045F2060293420CD1744B3A229A71744BC8
:1082E00098229A71B7F85A3019461C20FDF72CF8DD
:1082F00011E0B7F85C3045F2130293420BD16B4B9F
:108300003A225A736A4B98225A73B7F85A30194670
:108310001C20FDF719F8002387F85F3000F0EBBC54
:10832000B7F85A30632B00F2E6844FF4C843A7F83D
:108330004C3007F14C01B7F85C3002221846FFF7C9
:108340009FFD574B5B7DDBB2002B04D11B215948AD
:10835000FFF75CFE08E0524B5B7DDBB2012B03D1E3
:1083600028215548FFF752FE6423A7F85A30B7F882
:108370005C3045F2020293420CD14C4B00229A70C1
:108380004B4B64229A70B7F85A3019461420FCF708
:10839000DBFF24E0B7F85C3045F2060293420CD1D3
:1083A000424B00229A71424B64229A71B7F85A30BC
:1083B00019461C20FCF7C8FF11E0B7F85C3045F205
:1083C000130293420BD1394B00225A73384B64226B
:1083D0005A73B7F85A3019461C20FCF7B5FF002332
:1083E00087F85F3000F087BCB7F85A3044F6206257
:1083F000934239D942F24E03A7F8483007F14801B9
:10840000B7F85C3002221846FFF73AFD244B5B7D3B
:10841000DBB2002B04D11C212848FFF7F7FD08E050
:108420001F4B5B7DDBB2012B03D129212448FFF7D1
:10843000EDFD44F62063A7F85A30B7F85C3045F2FA
:10844000010293420BD1194B4E225A70184B202235
:108450005A70B7F85A3019461220FCF775FF0023FE
:1084600087F85F3000F049BCB7F85A30B3F5FA7FAF
:1084700080F043844FF20143A7F8443007F14401F0
:10848000B7F85C3002221846FFF7FAFC044B5B7D1C
:10849000DBB2002B16D11C210848FFF7B7FD1AE00C
:1084A000C416002034F000084CF00008A816002084
:1084B0000C16002078F0000890F00008BCF00008CE
:1084C000D4F00008C84B5B7DDBB2012B03D129211E
:1084D000C648FFF79BFD4FF4FA73A7F85A30B7F878
:1084E0005C3045F2010293420BD1C14B01225A701C
:1084F000C04BF4225A70B7F85A3019461220FCF7D4
:1085000023FF002387F85F30F7E3B7F85A30B3F55D
:10851000FA7F40F2F4834FF20143A7F8403007F1AD
:108520004001B7F85C3002221846FFF7A9FC1C2175
:10853000B148FFF76BFD4FF4FA73A7F85A30B7F85C
:108540005C3045F2070293420BD1A94B0122DA714C
:10855000A84BF422DA71B7F85A3019461E20FCF7FE
:10856000F3FE002387F85F30C9E3B7F85A304CF2C6
:10857000503293425BD945F2C3033B8707F1380180
:10858000B7F85C3002221846FFF77AFC964B5B7D09
:10859000DBB2002B04D11B219848FFF737FD08E020
:1085A000914B5B7DDBB2012B03D128219448FFF76F
:1085B0002DFD4CF25033A7F85A30B7F85C3045F235
:1085C000030293420BD18A4BC322DA70894B5022AB
:1085D000DA70B7F85A3019461620FCF7B5FEB7F82E
:1085E0005C3045F2050293420BD1814BC3225A7194
:1085F000804B50225A71B7F85A3019461A20FCF7AE
:10860000A3FEB7F85C3045F2070293420BD1784BDA
:10861000C322DA71774B5022DA71B7F85A30194613
:108620001E20FCF791FE002387F85F3069E3B7F85E
:108630005A30B3F5FA7F80F064834FF20143BB8672
:1086400007F13401B7F85C3002221846FFF718FC36
:10865000654B5B7DDBB2002B04D11B216748FFF724
:10866000D5FC08E0604B5B7DDBB2012B03D12821F8
:108670006348FFF7CBFC4CF25033A7F85A30B7F8F9
:108680005C3045F2030293420BD1594B0122DA7060
:10869000584BF422DA70B7F85A3019461620FCF716
:1086A00053FEB7F85C3045F2050293420BD1504BB4
:1086B00001225A714F4BF4225A71B7F85A301946B9
:1086C0001A20FCF741FEB7F85C3045F207029342EE
:1086D0000BD1474B0122DA71464BF422DA71B7F81D
:1086E0005A3019461E20FCF72FFE002387F85F3012
:1086F00007E3B7F85A3042F21072934237D941F289
:1087000027033B8607F13001B7F85C300222184698
:10871000FFF7B6FB344B5B7DDBB2002B04D11B2192
:108720003848FFF773FC08E02F4B5B7DDBB2012B71
:1087300003D128213448FFF769FC42F21073A7F8EF
:108740005A30B7F85C3045F2080293420BD1284BFF
:1087500027221A72274B10221A72B7F85A3019467C
:108760002020FCF7F1FD002387F85F30CBE2B7F85B
:108770005A30632B00F2C7824FF4C843BB8507F120
:108780002C01B7F85C3002221846FFF779FB164B34
:108790005B7DDBB2002B04D11B211A48FFF736FCAE
:1087A00008E0114B5B7DDBB2012B03D12821164879
:1087B000FFF72CFC6423A7F85A30B7F85C3045F279
:1087C000080293420BD10A4B00221A72094B642211
:1087D0001A72B7F85A3019462020FCF7B5FD00236D
:1087E00087F85F308FE200BFC4160020D4F0000885
:1087F000A81600200C160020BCF0000800F10008AC
:1088000018F1000844F100085CF10008B7F85A308C
:10881000B3F57A7F40F279824EF603033B8507F188
:108820002801B7F85C3002221846FFF729FBC84B35
:108830005B7DDBB2002B04D11A21C648FFF7E6FBB3
:1088400008E0C34B5B7DDBB2012B03D12721C2487B
:10885000FFF7DCFB4FF47A73A7F85A30B7F85C30B7
:1088600045F2080293420BD1BC4B03225A72BC4B17
:10887000E8225A72B7F85A3019462220FCF764FDF4
:10888000002387F85F3040E2B7F85A30B3F57A7FBB
:1088900037D94EF203733B8407F12001B7F85C30FF
:1088A00002221846FFF7ECFAA94B5B7DDBB2002BE6
:1088B00004D11B21AB48FFF7A9FB08E0A44B5B7D6B
:1088C000DBB2012B03D12821A748FFF79FFB40F221
:1088D000E733A7F85A30B7F85C3045F20A02934202
:1088E0000BD19E4B03229A729D4BE7229A72B7F8E6
:1088F0005A3019462420FCF727FD002387F85F3003
:1089000005E2B7F85A30002B40F001824FF4807333
:10891000BB8307F11C01B7F85C3002221846FFF751
:10892000AFFA8B4B5B7DDBB2002B04D11B218D4852
:10893000FFF76CFB08E0864B5B7DDBB2012B03D1BC
:1089400028218948FFF762FB4FF47A73A7F85A3061
:10895000B7F85C3045F20A0293420BD17F4B0022FC
:108960009A727F4B01229A72B7F85A301946242026
:10897000FCF7EAFC002387F85F30C8E1B7F85A300B
:10898000FA2B49D94FF47A433B8307F11801B7F822
:108990005C3002221846FFF773FA6D4B5B7DDBB249
:1089A000002B04D11D217148FFF730FB08E0684B14
:1089B0005B7DDBB2012B03D12A216D48FFF726FB3B
:1089C000FA23A7F85A30B7F85C3045F20C0293420C
:1089D0000CD1624B00229A72614BFA229A72B7F85C
:1089E0005A3019462820FCF7AFFC11E0B7F85C308C
:1089F00045F2100293420BD1584B00221A74584B87
:108A0000FA221A74B7F85A3019463020FCF79CFC49
:108A1000002387F85F307CE1B7F85A30092B00F269
:108A200078814FF42063BB8207F11401B7F85C3002
:108A300002221846FFF724FA454B5B7DDBB2002B80
:108A400004D11D214948FFF7E1FA08E0404B5B7D66
:108A5000DBB2012B03D12A214548FFF7D7FA0A23BD
:108A6000A7F85A30B7F85C3045F20C0293420CD1AB
:108A70003A4B00229A723A4B0A229A72B7F85A304D
:108A800019462820FCF760FC11E0B7F85C3045F28D
:108A9000100293420BD1314B00221A74304BFA2250
:108AA0001A74B7F85A3019463020FCF74DFC0023F1
:108AB00087F85F302DE1B7F85A30042B40F28780F9
:108AC0004FF480633B8207F11001B7F85C3002225B
:108AD0001846FFF7D5F91E4B5B7DDBB2002B04D1A6
:108AE00019212448FFF792FA08E0194B5B7DDBB2AD
:108AF000012B03D126212048FFF788FA0423A7F889
:108B00005A30B7F85C3045F20B0293420CD1134B4C
:108B10000022DA72124B0422DA72B7F85A30194680
:108B20002620FCF711FC4EE0B7F85C3045F20D0250
:108B3000934223D1094B00225A73094B04225A73E2
:108B4000B7F85A3019462A20FCF7FEFB3BE000BF7D
:108B5000C416002088F10008A0F10008A816002023
:108B60000C160020C8F10008E0F100080CF2000823
:108B700028F2000854F200086CF20008B7F85C30E4
:108B800045F20F0293420CD1674B0022DA73674B18
:108B90000422DA73B7F85A3019462E20FCF7D4FBBA
:108BA00011E0B7F85C3045F2110293420BD15E4BF5
:108BB00000225A745D4B04225A74B7F85A30194691
:108BC0003220FCF7C1FB002387F85F30A3E0B7F841
:108BD0005A30002B40F09F804FF48073BB8107F127
:108BE0000C01B7F85C3002221846FFF749F9504BE8
:108BF0005B7DDBB2002B04D119214E48FFF706FA4A
:108C000008E04B4B5B7DDBB2012B03D126214A48A8
:108C1000FFF7FCF90123A7F85A30B7F85C3045F2AA
:108C20000B0293420CD1404B0022DA723F4B0122DF
:108C3000DA72B7F85A3019462620FCF785FB37E080
:108C4000B7F85C3045F20D0293420CD1364B00224E
:108C50005A73364B01225A73B7F85A3019462A20F4
:108C6000FCF772FB24E0B7F85C3045F20F02934248
:108C70000CD12D4B0022DA732C4B0122DA73B7F89A
:108C80005A3019462E20FCF75FFB11E0B7F85C3034
:108C900045F2110293420BD1234B00225A74234B0D
:108CA00001225A74B7F85A3019463220FCF74CFBAF
:108CB000002387F85F302EE0B7F85A3040F6B8321C
:108CC00093422AD94BF60B033B8107F10801B7F811
:108CD0005C3002221846FFF7D3F808211748FFF747
:108CE00095F9002387F85F3017E0012387F85F309C
:108CF00014E000BF12E000BF10E000BF0EE000BFB4
:108D00000CE000BF0AE000BF08E000BF06E000BFC3
:108D100004E000BF02E000BF00E000BF97F85F3052
:108D200018466037BD4680BDA81600200C160020EE
:108D3000C416002054F200086CF2000894F20008F7
:108D400080B582B000AF0023FB7110E0FB799BB2CD
:108D500003F5A04398B2FB79D24AD15CFB79D24AA1
:108D6000D35C1A4600F0ADFAFB790133FB71FB7955
:108D7000182BEBD9CD4B1B78DBB20B2B06D108227D
:108D8000CB4947F21060FFF77BF816E0C74B1B7822
:108D9000DBB20C2B06D10822C64947F21060FFF760
:108DA0006FF80AE0C14B1B78DBB2162B05D1082205
:108DB000C14947F21060FFF763F80822BF4947F244
:108DC0001560FFF7C0F80822BD4947F21D60FFF7A4
:108DD000BAF80E22BB4947F22560FFF7B4F8082223
:108DE000B94947F22D60FFF7AEF80C22B74947F2B8
:108DF0003560FFF7A8F81022B54947F23D60FFF74C
:108E0000A2F80522B34947F24560FFF79CF8052216
:108E1000B04947F24D60FFF796F80E22AE4947F28F
:108E20006E60FFF790F80E22AC4947F27660FFF7CC
:108E30008AF81022AA4947F27E60FFF784F81022D0
:108E4000A84947F28660FFF77EF80522A14947F658
:108E5000B000FFF778F805229E4947F6B800FFF703
:108E600072F805229B4947F6C000FFF76CF805220F
:108E7000984947F6C800FFF766F80B229A4947F66B
:108E80003000FFF760F80C22984947F64000FFF7E2
:108E90005AF81522964947F65000FFF754F80C226D
:108EA000944947F66000FFF74EF80522894947F6D6
:108EB0007000FFF748F8052286494FF4F140FFF7AC
:108EC00042F80522834947F69000FFF73CF8052257
:108ED000804947F6A000FFF736F8122286494FF482
:108EE000EE40FFF730F81222844947F24070FFF756
:108EF0002AF81222824947F25070FFF724F8202204
:108F0000804947F26070FFF71EF818227E4947F249
:108F10007070FFF718F816227C494FF4EF40FFF706
:108F200012F81B227A4947F29070FFF70CF81222D0
:108F3000784947F2A070FFF706F81022764947F209
:108F4000B070FFF700F81622744947F2C070FEF7C0
:108F5000FAFF1522724947F2D070FEF7F4FF05229E
:108F60005C4947F2E070FEF7EEFF0F226D4947F2D1
:108F7000F070FEF7E8FF4D4B1B78DBB20A2B05D8EB
:108F80000822694947F21060FEF7DDFF07226749B2
:108F90004FF4E440FEF7D7FF0E22654947F2107008
:108FA000FEF7D1FF0F22634947F22070FEF7CBFF97
:108FB0000F22614947F23070FEF7C5FF40225F493A
:108FC0004FF4F040FEF7BFFF01220021002000F027
:108FD00078F90122002147F2986000F072F900222E
:108FE000002147F2976000F06CF9304B5B7EDBB2FA
:108FF000012B0CD10122002147F2996000F061F9A8
:109000000022002147F29A6000F05BF90BE0002299
:10901000002147F2996000F054F90122002147F243
:109020009A6000F04EF9214B9B7EDBB2012B0CD1F4
:109030000122002147F29B6000F043F90022002149
:1090400047F29C6000F03DF90BE00022002147F25E
:109050009B6000F036F90122002147F29C6000F08D
:1090600030F9124B1B7DDBB2032B7CD0032B00F3BA
:109070008D80012B02D0022B62D087E001220021DB
:1090800047F2946000F01DF90022002147F295603C
:1090900000F017F90022002147F2966000F011F964
:1090A00074E000BFA81600200C160020C416002093
:1090B000A8F20008B4F20008C0F20008CCF20008E0
:1090C000D8F20008E4F20008F4F2000800F3000807
:1090D00010F3000824F300082CF300083CF3000808
:1090E0004CF3000860F3000874F3000880F30008F4
:1090F00090F300089CF30008A8F30008BCF30008F4
:10910000CCF30008DCF30008F0F3000804F40008D6
:1091100014F4000824F4000838F400084CF40008A3
:109120005CF400086CF400087CF4000888F4000883
:1091300090F40008A0F40008B0F4000800F0000863
:109140000022002147F2946000F0BBF801220021C8
:1091500047F2956000F0B5F80022002147F29660D2
:1091600000F0AFF812E00022002147F2946000F016
:10917000A8F80022002147F2956000F0A2F8012231
:10918000002147F2966000F09CF800BF244B93F852
:109190002630DBB21A46002147F6201000F091F885
:1091A0001F4B93F82730DBB21A46002147F62110F7
:1091B00000F087F81A4B93F82830DBB21A460021EA
:1091C00047F6221000F07DF8154B93F82D30DBB2F6
:1091D0001A46002147F6231000F073F8104B93F85D
:1091E0002A30DBB21A46002147F6241000F069F855
:1091F0000B4B93F82B30DBB21A46002147F62510B3
:1092000000F05FF8064B93F82C30DBB21A460021D1
:1092100047F6261000F055F800BF0837BD4680BD60
:10922000C416002080B586B000AF0346FB800B4615
:109230007B7113463B710323FB75FB7D5A1CFA754A
:1092400007F118021344822203F80C2CFB881B0A36
:109250009AB2FB7D591CF975D2B207F118010B4483
:1092600003F80C2CFB7D5A1CFA75FA88D2B207F170
:1092700018010B4403F80C2CFB7D5A1CFA7507F1FE
:10928000180213447A7903F80C2CFB7D5A1CFA75EA
:1092900007F1180213443A7903F80C2C5A233B7354
:1092A000A5237B73FB7D033BDBB2BB73FA7D07F128
:1092B0000C0311461846FEF781FD00BF1837BD4666
:1092C00080BD80B586B000AF0346FB800B467B7146
:1092D00013463B710323FB75FB7D5A1CFA7507F19E
:1092E00018021344822203F80C2CFB881B0A9AB242
:1092F000FB7D591CF975D2B207F118010B4403F834
:109300000C2CFB7D5A1CFA75FA88D2B207F11801B1
:109310000B4403F80C2CFB7D5A1CFA7507F118025C
:1093200013447A7903F80C2CFB7D5A1CFA7507F16B
:10933000180213443A7903F80C2C5A233B73A523E3
:109340007B73FB7D033BDBB2BB73FA7D07F10C0340
:109350001146184601F0ECF800BF1837BD4680BD35
:1093600080B582B000AF0346FB71FB79032B2CD094
:10937000032B3DDC012B02D0022B13D038E001225D
:10938000002147F29460FFF74DFF0022002147F2D1
:109390009560FFF747FF0022002147F29660FFF734
:1093A00041FF25E00022002147F29460FFF73AFFD9
:1093B0000122002147F29560FFF734FF00220021CF
:1093C00047F29660FFF72EFF12E00022002147F2DD
:1093D0009460FFF727FF0022002147F29560FFF716
:1093E00021FF0122002147F29660FFF71BFF00BF1B
:1093F00000BF0837BD4680BD80B582B000AF0346D0
:10940000FB71FB79022B23D0022B2EDC002B02D028
:10941000012B10D029E00122002147F29860FFF7CC
:1094200001FF0022002147F29760FFF7FBFE114B7E
:1094300000229A7519E00022002147F29860FFF798
:10944000F1FE0122002147F29760FFF7EBFE0CE0EE
:109450000022002147F29860FFF7E4FE002200217D
:1094600047F29760FFF7DEFE00BF00BF0837BD463A
:1094700080BD00BFC416002080B584B000AF034695
:109480000A46FB711346BB71FB790B2B0ED847F2D2
:109490006063FB81FB799AB2FB891344FB81BA7943
:1094A000FB8900211846FFF7BDFE0FE047F6D00309
:1094B000FB81FB799AB2FB8913449BB20C3BFB8185
:1094C000BA79FB8900211846FFF7ACFE00BF1037C0
:1094D000BD4680BD80B59CB000AF47E1FB79832BD2
:1094E00040F044813B7A1B021AB27B7A1BB21343D1
:1094F0001BB2A7F86C303B1D1846FEF7DBFD034698
:10950000002B00D132E1002387F86F3029E097F873
:109510006F305B00073307F17002134413F86C3CA3
:109520001B021AB297F86F305B00083307F1700125
:109530000B4413F86C3C1BB213431BB29BB27B80F1
:1095400097F86F309AB2B7F86C3013449BB27A88B0
:1095500011461846FBF774FA97F86F30013387F815
:109560006F30BB7A97F86F209A42D0D3B7F86C303F
:1095700045F6FF7293428CBF01230023DAB2B7F89D
:109580006C3046F6FF718B4294BF01230023DBB29F
:109590001340DBB2002B09D0B7F86C30A3F5C04301
:1095A000794A52F82330BA1C10469847774B00226C
:1095B0001A60B7F86C3045F6991293420BD8B7F899
:1095C0006C30DBB25B00DBB21033DBB27A88114661
:1095D0001846FBF7B9FEB7F86C3047F60112934214
:1095E00000F0BE8047F60112934200F3BE80B3F54F
:1095F000F24F00F0B080B3F5F24F00F3B68047F2BF
:109600009262934200F3B18047F28E62934217DA7E
:1096100047F20402934262D047F20402934200F3FD
:10962000A48047F2020293424FD047F202029342D3
:1096300000F39B80142B17D0B3F5E04F3BD094E0A0
:10964000A3F5ED430E3B042B00F28F8001A252F8EC
:1096500023F000BFF3960008039700086B970008FB
:10966000499700084F970008FB7A1B021AB23B7B10
:109670001BB213431BB29AB2454B1A80444B1B8852
:109680000C2B03D0424B1B883E2B10D1414B1B7837
:10969000DBB2092B04D93F4B1B7DDBB2012B03D17D
:1096A0003B4B20221A8002E0394B00221A800C200A
:1096B000FEF7A8FB59E00622374947F20550FEF7AE
:1096C000DFFB344B01225A704FE00622324947F249
:1096D0002050FEF7D5FB2F4B02225A7045E00622A0
:1096E0002D4947F22350FEF7CBFB2A4B03225A7039
:1096F0003BE0FEF7CDF90346012B41D0F8F784F9A2
:1097000033E00020F7F7A8FE0020F7F73FFE0346FE
:109710001A46224B1B8813449AB2204B1A801F4BC7
:109720001B88194645F21200FBF78AF91B4B1B8870
:109730001B0A9BB2DBB2194A1288D2B2194645F213
:109740001200FFF76FFD10E0F8F75EF90DE0002062
:10975000F7F782FE09E00F4B012283F8342004E082
:109760000C4B002283F8342000BF00BF3B1D19467C
:109770000B48F9F759F90346002B7FF4AFAE00E030
:1097800000BF7037BD4680BD000000200C170020D0
:1097900010170020C4160020A0F2000802060020C6
:1097A000240E002080B584B000AF01237B6003232A
:1097B000FB604FF480533B603B461946034801F081
:1097C00045FE00BF1037BD4680BD00BF0008014008
:1097D00080B584B000AF00237B600123BB604FF4F1
:1097E00080533B603B461946034801F02FFE00BF03
:1097F0001037BD4680BD00BF0008014080B586B06F
:1098000000AF194B9B69184A43F004039361164B50
:109810009B6903F004037B607B680123FB600323E7
:109820007B614FF48053BB6007F1080319460F4872
:1098300001F00CFE4FF40063BB6007F1080319460A
:109840000A4801F003FE01224FF48051074801F05D
:10985000ACFF01224FF40061044801F0A6FF00BFF5
:109860001837BD4680BD00BF00100240000801400F
:1098700080B500AFFFF796FF01224FF480510E48EC
:1098800001F093FF01224FF400610B4801F08DFFBE
:10989000042000F07FFE00224FF48051064801F0C2
:1098A00084FF042000F076FE00224FF4006102489D
:1098B00001F07BFF00BF80BD0008014080B500AF14
:1098C000FFF770FF00224FF400610E4801F06DFFBA
:1098D00000224FF480510B4801F067FF042000F094
:1098E00059FE01224FF40061064801F05EFF01229B
:1098F0004FF48051034801F058FF042000F04AFE65
:1099000000BF80BD0008014080B582B000AF0023D9
:10991000FB71FFF75DFF01224FF48051164801F003
:1099200044FF012000F036FE01224FF4006112488E
:1099300001F03BFF012000F02DFE09E0FB7901332F
:10994000FB71FB79FA2B03D9FFF7B8FF01230EE077
:109950004FF48051084801F011FF0346002BEDD170
:1099600000224FF40061044801F01FFF0023184655
:109970000837BD4680BD00BF0008014080B500AF7C
:1099800000224FF400610F4801F00FFFFFF70AFFBC
:1099900000224FF480510B4801F007FF022000F035
:1099A000F9FD01224FF40061064801F0FEFE02209D
:1099B00000F0F0FD00224FF40061024801F0F5FED6
:1099C00000BF80BD0008014080B500AF00224FF409
:1099D00000610F4801F0E9FEFFF7E4FE01224FF4B9
:1099E00080510B4801F0E1FE022000F0D3FD01227E
:1099F0004FF40061064801F0D8FE022000F0CAFDD5
:109A000000224FF40061024801F0CFFE00BF80BD8C
:109A10000008014080B584B000AF0346FB71FFF73A
:109A2000C1FE00224FF400611C4801F0BEFE00237D
:109A3000FB732BE097F90730002B06DA01224FF475
:109A40008051164801F0B1FE05E000224FF480512C
:109A5000124801F0AAFEFB795B00FB71022000F0C6
:109A600099FD01224FF400610C4801F09EFE022096
:109A700000F090FD00224FF40061084801F095FECF
:109A8000022000F087FDFB7B0133FB73FB7B072B80
:109A9000D0D900BF00BF1037BD4680BD00080140CF
:109AA00080B584B000AF0346FB710023BB73FFF7A2
:109AB0008FFE0023FB7322E000224FF40061184860
:109AC00001F073FE022000F065FD01224FF40061F9
:109AD000134801F06AFEBB7B5B00BB734FF48051FF
:109AE0000F4801F04BFE0346002B02D0BB7B013335
:109AF000BB73012000F04EFDFB7B0133FB73FB7B4E
:109B0000072BD9D9FB79002B02D1FFF75DFF01E0CC
:109B1000FFF734FFBB7B18461037BD4680BD00BF42
:109B20000008014080B586B000AF124B9B69114A16
:109B300043F0100393610F4B9B6903F010037B60AC
:109B40007B680123FB604FF48043BB6000233B61D3
:109B500003237B6107F108031946074801F076FCEF
:109B6000054BDB68044A23F48043D36000BF1837F9
:109B7000BD4680BD001002400010014080B582B09B
:109B800000AF78600D4B1B78002B09D00B4B0022E7
:109B90001A7000224FF48041094801F006FE08E0E7
:109BA000064B01221A7001224FF48041044801F053
:109BB000FCFD00BF0837BD4680BD00BF0406002085
:109BC0000010014080B586B000AF3E4B9B693D4A16
:109BD00043F4FE7393610123BB600023FB60032306
:109BE0003B610023FB7513E0FB7D374A5B011344A7
:109BF00004331B887B60FB7D334A5B0113441B6885
:109C00003A1D1146184601F021FCFB7D0133FB751E
:109C1000FB7D032BE8D90023FB7514E0FB7D2A4A6A
:109C20005B0113440C331B887B60FB7D264A5B0180
:109C3000134408331B683A1D1146184601F006FC10
:109C4000FB7D0133FB75FB7D032BE7D90023FB75FF
:109C500014E0FB7D1C4A5B01134414331B887B60BA
:109C6000FB7D194A5B01134410331B683A1D1146F2
:109C7000184601F0EBFBFB7D0133FB75FB7D032BED
:109C8000E7D90023FB7514E0FB7D0F4A5B01134409
:109C90001C331B887B60FB7D0B4A5B01134418332C
:109CA0001B683A1D1146184601F0D0FBFB7D0133BD
:109CB000FB75FB7D032BE7D900BF00BF1837BD46FE
:109CC00080BD00BF00100240C805010880B582B009
:109CD00000AF03460A46FB711346BB71BB79002BEC
:109CE0000FD0FB79104A5B0113441868FB790E4AC8
:109CF0005B01134404331B880122194601F055FD12
:109D00000EE0FB79084A5B0113441868FB79064AA8
:109D10005B01134404331B880022194601F045FD02
:109D200000BF0837BD4680BDC805010880B582B0B8
:109D300000AF03460A46FB711346BB71BB79013B7A
:109D4000BB71BB79032B00F28F8001A252F823F084
:109D5000619D0008A39D0008E59D0008279E00085E
:109D6000FB79544A5B01134410331868FB79514A5C
:109D70005B01134414331B880022194601F015FDC2
:109D8000FB794C4A5B01134418331868FB79494A44
:109D90005B0113441C331B880022194601F005FDAA
:109DA00083E0FB79434A5B01134410331868FB7965
:109DB000404A5B01134414331B880122194601F009
:109DC000F4FCFB793B4A5B01134418331868FB79B8
:109DD000384A5B0113441C331B880022194601F0EA
:109DE000E4FC62E0FB79334A5B01134410331868EA
:109DF000FB79304A5B01134414331B880022194657
:109E000001F0D3FCFB792B4A5B011344183318682B
:109E1000FB79284A5B0113441C331B880122194635
:109E200001F0C3FC41E0FB79224A5B01134410338B
:109E30001868FB791F4A5B01134414331B88012205
:109E4000194601F0B2FCFB791A4A5B01134418333E
:109E50001868FB79174A5B0113441C331B880122E5
:109E6000194601F0A2FC20E0FB79124A5B01134481
:109E700010331868FB790F4A5B01134414331B88B5
:109E80000122194601F091FCFB790A4A5B01134457
:109E900018331868FB79074A5B0113441C331B888D
:109EA0000122194601F081FC00BF00BF0837BD4602
:109EB00080BD00BFC805010880B582B000AF034671
:109EC0000A46FB711346BB71FB79094A5B011344D7
:109ED00008331868FB79064A5B0113440C331B886E
:109EE000BA79194601F061FC00BF0837BD4680BD54
:109EF000C805010880B584B000AF01237B6003234F
:109F0000FB6004233B603B461946034801F09EFA80
:109F100000BF1037BD4680BD0010014080B584B041
:109F200000AF00237B600123BB6004233B603B4602
:109F30001946034801F08AFA00BF1037BD4680BDBC
:109F40000010014080B586B000AF174B9B69164AE0
:109F500043F010039361144B9B6903F010037B6083
:109F60007B680123FB6003237B610423BB6007F153
:109F7000080319460D4801F069FA0823BB6007F190
:109F800008031946094801F061FA01220421074833
:109F900001F00BFC01220821044801F006FC00BF7F
:109FA0001837BD4680BD00BF0010024000100140C0
:109FB00080B500AFFFF79EFF012204210C4801F09D
:109FC000F4FB012208210A4801F0EFFB042000F015
:109FD000E1FA00220421064801F0E7FB042000F02A
:109FE000D9FA00220821024801F0DFFB00BF80BD42
:109FF0000010014080B500AFFFF77CFF0022082170
:10A000000C4801F0D2FB002204210A4801F0CDFBEC
:10A01000042000F0BFFA01220821064801F0C5FB28
:10A0200001220421034801F0C0FB042000F0B2FA31
:10A0300000BF80BD0010014080B582B000AF00239A
:10A04000FB71FFF76BFF01220421154801F0ADFB06
:10A05000012000F09FFA01220821114801F0A5FB20
:10A06000012000F097FA09E0FB790133FB71FB79DD
:10A07000FA2B03D9FFF7BEFF01230CE004210848A7
:10A0800001F07CFB0346002BEED10022082104489E
:10A0900001F08BFB002318460837BD4680BD00BF8A
:10A0A0000010014080B584B000AF0346FB71FFF79C
:10A0B00021FF002208211B4801F077FB0023FB73DE
:10A0C00027E097F90730002B05DA01220421154813
:10A0D00001F06BFB04E000220421124801F065FB53
:10A0E000FB795B00FB71022000F054FA0122082189
:10A0F0000C4801F05AFB022000F04CFA0022082123
:10A10000084801F052FB022000F044FAFB7B0133C7
:10A11000FB73FB7B072BD4D900BF00BF1037BD46B4
:10A1200080BD00BF0010014080B586B000AF164B67
:10A130009B69154A43F010039361134B9B6903F02D
:10A1400010037B607B680123FB600223BB6001235B
:10A150003B6102237B6107F1080319460B4801F0BC
:10A1600075F90023FB600123BB6001233B6107F10C
:10A1700008031946054801F069F9FFF7E3FE00BF3F
:10A180001837BD4680BD00BF0010024000100140DE
:10A1900080B584B000AF03460A46FB711346BB800E
:10A1A00000BF0121194801F0E9FA0346002BF8D05D
:10A1B000FB795B00DBB25833FB73FFF7F9FEC0207D
:10A1C000FFF770FFFFF738FFFB7B1846FFF76AFFCA
:10A1D000FFF732FFBB881B0A9BB2DBB203F00F0311
:10A1E000BB73BB7B1846FFF75DFFFFF725FFBB88FE
:10A1F000BB73BB7B1846FFF755FFFFF71DFFFFF74B
:10A20000F9FE00BF1037BD4680BD00BF0010014001
:10A2100080B594B000AF07F1400300221A605A6085
:10A220009A60DA6007F1380300221A605A6007F179
:10A230001C0300221A605A609A60DA601A615A613F
:10A240009A613B4600221A605A609A60DA601A618D
:10A250005A619A612E4B2F4A1A602D4B40F26712B9
:10A260005A602B4B00229A60294B42F20F72DA603F
:10A27000274B00221A61264B00225A61244B802270
:10A280009A61234801F0CCFE4FF480533B6407F100
:10A29000400319461E4802F07DF81D4801F0F4FE07
:10A2A0000023BB630023FB6307F1380319461848FA
:10A2B00002F0BDFC6023FB6141F287333B62002367
:10A2C0007B620023BB620023FB6200233B6300230D
:10A2D0007B6307F11C03002219460D4801F094FF2F
:10A2E00000233B6000237B600023BB600023FB60F6
:10A2F00000233B614FF400537B610023BB613B466D
:10A300001946034802F03BFC00BF5037BD4680BDF4
:10A3100014170020002C014080B586B000AF07F173
:10A32000080300221A605A609A60DA601F4B9B692A
:10A330001E4A43F0040393611C4B9B6903F0040322
:10A340007B607B68194B9B69184A43F400639361F7
:10A35000164B9B6903F400633B603B68FFF758FFB3
:10A36000134B1B69124A23F002031361104BDB6885
:10A370000F4A43F00203D360002201211B2001F0A9
:10A3800020F81B2001F039F84FF48073BB600223E2
:10A39000FB6002237B6107F108031946054801F0C1
:10A3A00055F800BF1837BD4680BD00BF0010024001
:10A3B000002C01400008014080B500AF044B002292
:10A3C0001A600021034801F093FE00BF80BD00BF6A
:10A3D000080600201417002080B500AF00210248B5
:10A3E00001F0BAFE00BF80BD1417002080B582B016
:10A3F00000AF154B5B69144A43F001035361124BE4
:10A400005B6903F001037B607B680022012111205E
:10A4100000F0D7FF112000F0F0FF0C4B5B690B4AF6
:10A4200043F0800353610A4B0A4A9A60084B0A4A78
:10A43000DA60074B1B68064A43F09003136000BFC5
:10A440000837BD4680BD00BF0010024000440040F8
:10A4500080000240044400405417002080B596B0AC
:10A4600000AF304BDB692F4A43F40033D3612D4BEF
:10A47000DB6903F400337B607B682A4B9B69294AC4
:10A4800043F004039361274B9B6903F004033B6093
:10A490003B680223FB600423BB6001233B61032371
:10A4A0007B6107F1080319461F4800F0CFFF002326
:10A4B000FB600823BB6007F1080319461A4800F047
:10A4C000C5FF1A4BBB614FF4E133FB6100233B62D4
:10A4D00000237B620023BB620C23FB6200233B63EF
:10A4E00000237B63114B1B68104A23F02003136089
:10A4F000BB69DA68BB6942F02002DA60262000F00E
:10A500007CFF03220121262000F05BFF07F11803E6
:10A51000184602F0D0FBFFF769FF00BF5837BD4671
:10A5200080BD00BF00100240000801400044004010
:10A5300080B483B000AF78600B46FB7010E07B689E
:10A540001A780C4B5A607B6801337B6000BF094B63
:10A550001B6803F08003802BF9D1FB78013BFB7073
:10A56000FB78002BEBD100BF00BF0C37BD4680BC91
:10A57000704700BF0044004080B400AF044B5B68EC
:10A58000034A43F08073536000BFBD4680BC7047F0
:10A590000000024080B485B000AF0346FB800BE0B2
:10A5A0003223FB7302E0FB7B013BFB73FB7B002B45
:10A5B000F9D1FB88013BFB80FB88002BF0D100BF69
:10A5C00000BF1437BD4680BC704780B582B000AF75
:10A5D0000346FB8005E06420FFF7DCFFFB88013BBE
:10A5E000FB80FB88002BF6D100BF00BF0837BD46BB
:10A5F00080BD000080B58CB000AF614B9B69604AA4
:10A6000043F0040393615E4B9B6903F00403BB6159
:10A61000BB695B4B9B695A4A43F008039361584BF3
:10A620009B6903F008037B617B69554B9B69544A26
:10A6300043F010039361524B9B6903F010033B619D
:10A640003B694F4B9B694E4A43F0200393614C4B4F
:10A650009B6903F02003FB60FB68494B9B69484AF8
:10A6600043F040039361464B9B6903F04003BB609A
:10A67000BB68434B9B69424A43F001039361404BE3
:10A680009B6903F001037B607B683E4B5B683D4A3E
:10A6900043F000735360082387F82F3013E097F8D6
:10A6A0002F30394A52F8330097F82F30364ADB0002
:10A6B00013449B880122194601F077F897F82F3050
:10A6C000013387F82F3097F82F300F2BE7D901236C
:10A6D0003B620323BB62082387F82F3016E097F80C
:10A6E0002F30294ADB0013449B88FB6197F82F30F9
:10A6F000254A52F8333007F11C021146184600F083
:10A70000A5FE97F82F30013387F82F3097F82F30B8
:10A710000F2BE4D900233B6201237B62002387F8DF
:10A720002F3016E097F82F30174ADB0013449B8830
:10A73000FB6197F82F30144A52F8333007F11C02AE
:10A740001146184600F082FE97F82F30013387F843
:10A750002F3097F82F30072BE4D900F081F80B4BFE
:10A760005B690A4A43F008035361084B1B68074AB8
:10A7700043F00803136000BF3037BD4680BD00BF03
:10A78000001002400000014048060108000401409A
:10A7900080B582B000AF03460A46FB711346BB7119
:10A7A000BB79002B11D0012B1FD1FB790833114A43
:10A7B00052F83300FB7908330E4ADB0013449B88C0
:10A7C0000122194600F0F1FF0FE0FB790833094A36
:10A7D00052F83300FB790833064ADB0013449B88A8
:10A7E0000022194600F0E1FF00BF00BF0837BD4658
:10A7F00080BD00BF4806010880B584B000AF0346A5
:10A80000FB710123FB73FB79144A52F83320FB7967
:10A810001249DB000B449B881946104600F0AEFF3E
:10A820000346002B14D10220FFF7CFFEFB790B4A21
:10A8300052F83320FB790949DB000B449B88194609
:10A84000104600F09BFF0346002B01D10023FB7351
:10A85000FB7B18461037BD4680BD00BF4806010887
:10A8600080B500AF092000F0D6FD082000F0D3FD30
:10A87000072000F0D0FD062000F0CDFD00220021D1
:10A88000092000F09EFD00220021082000F099FD23
:10A8900000220021072000F094FD00220021062064
:10A8A00000F08FFD134B9B69124A43F00103936143
:10A8B000114B9B68104A43F44C5343F033039360AD
:10A8C0000E4BDB680D4A43F00F03D3600B4B1B6844
:10A8D0000A4A43F00F031360092000F08EFD0820A0
:10A8E00000F08BFD072000F088FD062000F085FDBC
:10A8F00000BF80BD00100240000001400004014084
:10A9000080B58CB000AF5E4B9B695D4A43F0040399
:10A9100093615B4B9B6903F00403BB61BB69584BBC
:10A920009B69574A43F008039361554B9B6903F0B9
:10A9300008037B617B69524B9B69514A43F01003CA
:10A9400093614F4B9B6903F010033B613B694C4B98
:10A950009B694B4A43F020039361494B9B6903F089
:10A960002003FB60FB68464B9B69454A43F040036C
:10A970009361434B9B6903F04003BB60BB68404B52
:10A980009B693F4A43F0800393613D4B9B6903F011
:10A9900080037B607B683A4B9B69394A43F4807340
:10A9A0009361374B9B6903F480733B603B680C23D6
:10A9B00087F82F3013E097F82F30324A52F83300DF
:10A9C00097F82F302F4ADB0013449B880122194649
:10A9D00000F0EBFE97F82F30013387F82F3097F80F
:10A9E0002F30132BE7D901233B620323BB620C23D7
:10A9F00087F82F3016E097F82F30224ADB001344F7
:10AA00009B88FB6197F82F301E4A52F8333007F1CC
:10AA10001C021146184600F019FD97F82F3001333B
:10AA200087F82F3097F82F30132BE4D900233B629F
:10AA300001237B62002387F82F3016E097F82F3030
:10AA4000104ADB0013449B88FB6197F82F300D4AB6
:10AA500052F8333007F11C021146184600F0F6FC9C
:10AA600097F82F30013387F82F3097F82F300B2BC2
:10AA7000E4D900F093F800BF3037BD4680BD00BF79
:10AA800000100240C806010880B582B000AF03463E
:10AA90000A46FB711346BB71BB79002B02D0012B18
:10AAA00010D01FE0FB790B33104A52F83300FB79CA
:10AAB0000B330E4ADB0013449B880022194600F03A
:10AAC00074FE0FE0FB790B33084A52F83300FB7930
:10AAD0000B33064ADB0013449B880122194600F021
:10AAE00064FE00BF00BF0837BD4680BDC806010830
:10AAF00080B584B000AF0346FB710123FB73FB7983
:10AB0000013B0B4A52F83320FB79013B0849DB003B
:10AB10000B449B881946104600F030FE0346002B7C
:10AB200001D10023FB73FB7B18461037BD4680BD67
:10AB3000C806010880B584B000AF0346FB7101234D
:10AB4000FB73FB790B33144A52F83320FB790B3338
:10AB50001149DB000B449B881946104600F00EFE9D
:10AB60000346002B13D1FB790B330B4A52F83320E9
:10AB7000FB790B330849DB000B449B8819461046D0
:10AB800000F0FCFD0346002B01D10023FB73FB7B8F
:10AB900018461037BD4680BDC806010880B500AF15
:10ABA000282000F038FC172000F035FC0A2000F0C7
:10ABB00032FC00220021282000F003FC00220021AA
:10ABC000172000F0FEFB002200210A2000F0F9FB14
:10ABD0001A4B9B69194A43F001039361184BDB68D8
:10ABE000174A43F03303D360154B1B69144A43F4EF
:10ABF00048531361124B5B69114A43F44C7343F0A1
:10AC0000030353610F4BDB680E4A43F47C4343F06C
:10AC10003003D3600B4B1B680A4A23F47C4323F0B8
:10AC200010031360282000F0E8FB172000F0E5FB7C
:10AC30000A2000F0E2FB00BF80BD00BF0010024010
:10AC4000000001400004014080B58EB000AF07F164
:10AC5000280300221A605A609A60DA6007F1200324
:10AC600000221A605A603B1D00221A605A609A60E6
:10AC7000DA601A615A619A611F4B4FF080421A6084
:10AC80001D4B40F267125A601B4B00229A601A4B10
:10AC900042F20F72DA60184B00221A61164B8022C2
:10ACA0009A61154801F0BCF94FF48053BB6207F17B
:10ACB00028031946104801F06DFB0F4801F0E4F934
:10ACC00000233B6200237B6207F1200319460A48F8
:10ACD00001F0ADFF60237B600923BB600023FB60B4
:10ACE00000237B613B1D00221946034801F08CFACA
:10ACF00000BF3837BD4680BD7417002080B586B0D0
:10AD000000AF07F1080300221A605A609A60DA6007
:10AD1000204B9B691F4A43F0040393611D4B9B69C1
:10AD200003F004037B607B681A4BDB69194A43F02C
:10AD30000103D361174BDB6903F001033B603B6800
:10AD40000123BB600223FB6002237B6107F1080340
:10AD50001946114800F07AFBFFF776FF4FF0804369
:10AD60001B694FF0804223F0010313614FF08043D1
:10AD7000DB684FF0804243F00103D36000220221E0
:10AD80001C2000F01EFB1C2000F037FB00BF183712
:10AD9000BD4680BD001002400008014080B500AFF4
:10ADA000044B00221A600021034801F0A1F900BF02
:10ADB00080BD00BF0C0600207417002080B500AFD6
:10ADC0000021024801F0C8F900BF80BD74170020BF
:10ADD00080B58AB000AF07F1200300221A605A60E4
:10ADE0003B1D00221A605A609A60DA601A615A614B
:10ADF0009A611A4B1A4A1A60184B40F267125A604D
:10AE0000164B00229A60154B40F2E732DA60134B82
:10AE100000221A61114B00229A61104801F034F9A6
:10AE200000233B6200237B6207F1200319460B4895
:10AE300001F0FDFE60237B6040F2F313BB60002352
:10AE4000FB6000237B613B1D08221946034801F08B
:10AE5000DBF900BF2837BD4680BD00BFB417002016
:10AE60000004004080B586B000AF07F1080300225F
:10AE70001A605A609A60DA601E4BDB691D4A43F023
:10AE80000203D3611B4BDB6903F002037B607B6829
:10AE9000184B9B69174A43F008039361154B9B6954
:10AEA00003F008033B603B680123BB600223FB60A7
:10AEB00002237B6107F1080319460F4800F0C6FA28
:10AEC000FFF786FF0D4B1B690C4A23F0010313614A
:10AED0000A4BDB68094A43F00103D36000220221D8
:10AEE0001D2000F06EFA1D2000F087FA00BF183711
:10AEF000BD4680BD00100240000C0140000400402F
:10AF000080B500AF044B00221A600821034801F00D
:10AF1000EFF800BF80BD00BF10060020B41700206E
:10AF200080B500AF0821024801F016F900BF80BDCE
:10AF3000B417002080B58AB000AF07F120030022CB
:10AF40001A605A603B1D00221A605A609A60DA60EB
:10AF50001A615A619A611A4B1A4A1A60184B40F2E8
:10AF600067125A60164B00229A60154B40F2E73286
:10AF7000DA60134B00221A61114B00229A611048CB
:10AF800001F082F800233B6200237B6207F120037B
:10AF900019460B4801F04BFE60237B6040F2E7331B
:10AFA000BB600023FB6000237B613B1D0022194630
:10AFB000034801F029F900BF2837BD4680BD00BF16
:10AFC000F41700200008004080B586B000AF07F1FC
:10AFD000080300221A605A609A60DA601E4B9B696F
:10AFE0001D4A43F0080393611B4B9B6903F0080360
:10AFF0007B607B68184BDB69174A43F00403D3611D
:10B00000154BDB6903F004033B603B684023BB60E6
:10B010000223FB6002237B6107F1080319460F48F6
:10B0200000F014FAFFF786FF0D4B1B690C4A23F062
:10B03000010313610A4BDB68094A43F00103D36043
:10B04000002202211E2000F0BCF91E2000F0D5F9DC
:10B0500000BF1837BD4680BD00100240000C014003
:10B060000008004080B500AF044B00221A600021A8
:10B07000034801F03DF800BF80BD00BF140600206A
:10B08000F417002080B500AF0021024801F064F8F9
:10B0900000BF80BDF417002080B586B000AF07F177
:10B0A000080300221A605A609A60DA603B46002268
:10B0B0001A605A60164B174A1A60154B41F61F4228
:10B0C0005A60134B00229A60114B41F28732DA60CA
:10B0D0000F4B00221A610E4B80229A610C4800F03F
:10B0E0009FFF4FF48053BB6007F1080319460848DF
:10B0F00001F050F900233B6000237B603B4619467A
:10B10000034801F094FD00BF1837BD4680BD00BF65
:10B1100034180020000C004080B582B000AF134B03
:10B12000DB69124A43F00803D361104BDB6903F07B
:10B1300008037B607B68FFF7AFFF0D4B1B690C4A70
:10B1400023F0010313610A4BDB68094A43F0010352
:10B15000D36000220321322000F033F9322000F0C6
:10B160004CF900BF0837BD4680BD00BF001002404B
:10B17000000C004080B582B000AF7860124B1A68B6
:10B18000124B1B7819464FF47A73B3FBF1F3B2FB01
:10B19000F3F3184600F04DF90346002B01D00123CC
:10B1A0000EE07B680F2B0AD8002279684FF0FF3041
:10B1B00000F007F9064A7B681360002300E00123D2
:10B1C00018460837BD4680BD4C01002044010020D0
:10B1D0004001002080B400AF024B1B681846BD46FA
:10B1E00080BC70477418002080B485B000AF7860D0
:10B1F0007B6803F00703FB600C4BDB68BB60BA683D
:10B200004FF6FF031340BB60FB681A02BB68134391
:10B2100043F0BF6343F40033BB60044ABB68D360B0
:10B2200000BF1437BD4680BC704700BF00ED00E092
:10B2300080B400AF044BDB681B0A03F00703184619
:10B24000BD4680BC704700BF00ED00E080B483B015
:10B2500000AF0346FB71FB7903F01F02064997F923
:10B2600007305B09012000FA02F241F8232000BFF9
:10B270000C37BD4680BC704700E100E080B483B06D
:10B2800000AF0346FB71FB7903F01F02074997F9F2
:10B2900007305B09012000FA02F2203341F8232035
:10B2A00000BF0C37BD4680BC704700BF00E100E026
:10B2B00080B483B000AF03463960FB7197F9073063
:10B2C000002B0BDA3B68DAB20C49FB7903F00F0371
:10B2D000043B1201D2B20B441A7609E03B68DAB2A1
:10B2E000074997F907301201D2B20B4483F80023C3
:10B2F00000BF0C37BD4680BC704700BF00ED00E0CA
:10B3000000E100E080B489B000AFF860B9607A6015
:10B31000FB6803F00703FB61FB69C3F10703042B20
:10B3200028BF0423BB61FB690433062B02D9FB69E8
:10B33000033B00E000237B614FF0FF32BB6902FA60
:10B3400003F3DA43BB681A407B699A404FF0FF3140
:10B350007B6901FA03F3D9437B680B40134318461A
:10B360002437BD4680BC704780B582B000AF78609E
:10B370007B68013BB3F1807F01D301230FE00A4AD0
:10B380007B68013B53600F214FF0FF30FFF790FFC8
:10B39000054B00229A60044B07221A6000231846CE
:10B3A0000837BD4680BD00BF10E000E080B582B028
:10B3B00000AF78607868FFF717FF00BF0837BD4619
:10B3C00080BD80B586B000AF0346B9607A60FB737C
:10B3D00000237B61FFF72CFF78617A68B968786990
:10B3E000FFF790FF024697F90F3011461846FFF716
:10B3F0005FFF00BF1837BD4680BD80B582B000AF8B
:10B400000346FB7197F907301846FFF71FFF00BF8F
:10B410000837BD4680BD80B582B000AF0346FB71E2
:10B4200097F907301846FFF729FF00BF0837BD46D8
:10B4300080BD80B582B000AF78607868FFF794FF78
:10B44000034618460837BD4680BD000080B48BB067
:10B4500000AF786039600023FB610023BB610023EB
:10B460007B6100233B6200233B6100237B6279E127
:10B4700001227B6A02FA03F3FB613B681B68FA69ED
:10B480001340BB61BA69FB699A4240F068813B682E
:10B490005B68A04A93425ED09E4A934275D89E4A0A
:10B4A000934258D09C4A93426FD89C4A934252D0C0
:10B4B0009A4A934269D89A4A93424CD0984A934206
:10B4C00063D8984A934246D0964A93425DD8122B4D
:10B4D0002AD8122B59D801A252F823F057B50008E8
:10B4E00031B5000843B5000885B500088BB50008E4
:10B4F0008BB500088BB500088BB500088BB500082C
:10B500008BB500088BB500088BB500088BB500081B
:10B510008BB500088BB500088BB500088BB500080B
:10B5200039B500084DB500087F4A934213D02CE08E
:10B530003B68DB683B6229E03B68DB6804333B62C5
:10B5400024E03B68DB6808333B621FE03B68DB6854
:10B550000C333B621AE03B689B68002B02D104234A
:10B560003B6213E03B689B68012B05D108233B62DB
:10B570007B68FA691A6109E008233B627B68FA6913
:10B580005A6103E000233B6200E000BFBB69FF2B70
:10B5900001D87B6801E07B680433FB60BB69FF2B4B
:10B5A00002D87B6A9B0002E07B6A083B9B003B6100
:10B5B000FB681A680F213B6901FA03F3DB431A4069
:10B5C000396A3B6901FA03F31A43FB681A603B6866
:10B5D0005B6803F08053002B00F0C180534B9B69E4
:10B5E000524A43F001039361504B9B6903F00103FE
:10B5F000BB60BB684E4A7B6A9B08023352F823301B
:10B600007B617B6A03F003039B000F2202FA03F3C2
:10B61000DB437A6913407B617B68464A93421FD0C3
:10B620007B68454A934219D07B68444A934213D0C1
:10B630007B68434A93420DD07B68424A934207D0CD
:10B640007B68414A934201D105230AE0062308E0C2
:10B65000042306E0032304E0022302E0012300E0C8
:10B6600000237A6A02F00302920093407A6913433E
:10B670007B612F497B6A9B0802337A6941F823205A
:10B680003B685B6803F48033002B06D02F4B1A68AD
:10B690002E49BB6913430B6006E02C4B1A68BB694B
:10B6A000DB432A4913400B603B685B6803F40033BB
:10B6B000002B06D0254B5A682449BB6913434B60C5
:10B6C00006E0224B5A68BB69DB43204913404B60BC
:10B6D0003B685B6803F48013002B06D01B4B9A6811
:10B6E0001A49BB6913438B6006E0184B9A68BB6923
:10B6F000DB43164913408B603B685B6803F400131F
:10B70000002B25D0114BDA681049BB691343CB607D
:10B7100025E000BF000032100000311000002210B0
:10B720000000211000001210000011100010024053
:10B730000000014000080140000C014000100140E1
:10B740000014014000180140001C014000040140A9
:10B75000094BDA68BB69DB4307491340CB607B6A5E
:10B7600001337B627B6A0F2B7FF682AE00BF00BF86
:10B770002C37BD4680BC70470004014080B485B0C2
:10B7800000AF78600B467B807B689A687B881340AB
:10B79000002B02D00123FB7301E00023FB73FB7B32
:10B7A00018461437BD4680BC704780B483B000AFE4
:10B7B00078600B467B8013467B707B78002B03D030
:10B7C0007A887B681A6103E07B881A047B681A61B7
:10B7D00000BF0C37BD4680BC7047000080B586B006
:10B7E00000AF786000233B617B681B6803F00103B6
:10B7F000002B00F08780924B5B6803F00C03042B56
:10B800000CD08F4B5B6803F00C03082B12D18C4BD0
:10B810005B6803F48033B3F5803F0BD1884B1B6822
:10B8200003F40033002B6CD07B685B68002B68D17D
:10B8300001232DE27B685B68B3F5803F06D1804B26
:10B840001B687F4A43F4803313602EE07B685B689B
:10B85000002B0CD17A4B1B68794A23F48033136098
:10B86000774B1B68764A23F4802313601DE07B68C6
:10B870005B68B3F5A02F0CD1714B1B68704A43F481
:10B88000802313606E4B1B686D4A43F48033136052
:10B890000BE06B4B1B686A4A23F480331360684BE0
:10B8A0001B68674A23F4802313607B685B68002B66
:10B8B00013D0FFF78FFC386108E0FFF78BFC0246DE
:10B8C0003B69D31A642B01D90323E1E15C4B1B686C
:10B8D00003F40033002BF0D014E0FFF77BFC386159
:10B8E00008E0FFF777FC02463B69D31A642B01D9C5
:10B8F0000323CDE1524B1B6803F40033002BF0D13E
:10B9000000E000BF7B681B6803F00203002B63D0DC
:10B910004B4B5B6803F00C03002B0BD0484B5B6870
:10B9200003F00C03082B1CD1454B5B6803F48033F8
:10B93000002B16D1424B1B6803F00203002B05D0ED
:10B940007B681B69012B01D00123A1E13C4B1B68E3
:10B9500023F0F8027B685B69DB00394913430B6015
:10B960003AE07B681B69002B20D0364B01221A601D
:10B97000FFF730FC386108E0FFF72CFC02463B691A
:10B98000D31A022B01D9032382E12D4B1B6803F04C
:10B990000203002BF0D02A4B1B6823F0F8027B68CF
:10B9A0005B69DB00264913430B6015E0254B002241
:10B9B0001A60FFF70FFC386108E0FFF70BFC024646
:10B9C0003B69D31A022B01D9032361E11C4B1B688D
:10B9D00003F00203002BF0D17B681B6803F008031F
:10B9E000002B39D07B689B69002B19D0164B0122A4
:10B9F0001A60FFF7EFFB386108E0FFF7EBFB024648
:10BA00003B69D31A022B01D9032341E10C4B5B6A3A
:10BA100003F00203002BF0D0012000F0E1FA1BE05C
:10BA2000094B00221A60FFF7D5FB38610EE0FFF7E3
:10BA3000D1FB02463B69D31A022B07D9032327E126
:10BA4000001002400000424280044242924B5B6A76
:10BA500003F00203002BEAD17B681B6803F00403A8
:10BA6000002B00F0A6800023FB758B4BDB6903F0F5
:10BA70008053002B0DD1884BDB69874A43F08053FC
:10BA8000D361854BDB6903F08053FB60FB680123C6
:10BA9000FB75824B1B6803F48073002B18D17F4B1E
:10BAA0001B687E4A43F480731360FFF793FB386191
:10BAB00008E0FFF78FFB02463B69D31A642B01D9DC
:10BAC0000323E5E0754B1B6803F48073002BF0D073
:10BAD0007B68DB68012B06D16F4B1B6A6E4A43F013
:10BAE000010313622DE07B68DB68002B0CD16A4BED
:10BAF0001B6A694A23F001031362674B1B6A664A9B
:10BB000023F0040313621CE07B68DB68052B0CD177
:10BB1000614B1B6A604A43F0040313625E4B1B6A6D
:10BB20005D4A43F0010313620BE05B4B1B6A5A4A08
:10BB300023F001031362584B1B6A574A23F0040396
:10BB400013627B68DB68002B15D0FFF743FB38617D
:10BB50000AE0FFF73FFB02463B69D31A41F2883205
:10BB6000934201D9032393E04B4B1B6A03F002037A
:10BB7000002BEED014E0FFF72DFB38610AE0FFF751
:10BB800029FB02463B69D31A41F28832934201D91C
:10BB900003237DE0404B1B6A03F00203002BEED130
:10BBA000FB7D012B05D13C4BDB693B4A23F08053E5
:10BBB000D3617B68DB69002B69D0374B5B6803F08E
:10BBC0000C03082B61D07B68DB69022B46D1344B18
:10BBD00000221A60FFF7FEFA386108E0FFF7FAFA70
:10BBE00002463B69D31A022B01D9032350E02A4BAA
:10BBF0001B6803F00073002BF0D17B681B6AB3F560
:10BC0000803F08D1244B5B6823F400327B689B683B
:10BC1000214913434B60204B5B6823F474127B680B
:10BC2000196A7B685B6A0B431B4913434B601C4BCF
:10BC300001221A60FFF7CEFA386108E0FFF7CAFA6E
:10BC400002463B69D31A022B01D9032320E0124B91
:10BC50001B6803F00073002BF0D018E0104B00229B
:10BC60001A60FFF7B7FA386108E0FFF7B3FA024647
:10BC70003B69D31A022B01D9032309E0064B1B6849
:10BC800003F00073002BF0D101E0012300E000235A
:10BC900018461837BD4680BD0010024000700040B5
:10BCA0006000424280B584B000AF78603960002304
:10BCB000FB607E4B1B6803F007033A689A4210D979
:10BCC0007A4B1B6823F0070278493B6813430B60EB
:10BCD000764B1B6803F007033A689A4201D00123B0
:10BCE000E0E07B681B6803F00203002B20D07B6838
:10BCF0001B6803F00403002B05D06D4B5B686C4A96
:10BD000043F4E06353607B681B6803F00803002B77
:10BD100005D0674B5B68664A43F460535360644BDD
:10BD20005B6823F0F0027B689B68614913434B60BA
:10BD30007B681B6803F00103002B6AD07B685B689B
:10BD4000012B07D15A4B1B6803F40033002B15D18C
:10BD50000123A7E07B685B68022B07D1544B1B686B
:10BD600003F00073002B09D101239BE0504B1B68AB
:10BD700003F00203002B01D1012393E04C4B5B68DD
:10BD800023F003027B685B68494913434B60FFF76C
:10BD900021FAF8607B685B68012B12D10AE0FFF79B
:10BDA00019FA0246FB68D31A41F28832934201D94C
:10BDB000032377E03E4B5B6803F00C03042BEED1CA
:10BDC00027E07B685B68022B1DD10AE0FFF702FACF
:10BDD0000246FB68D31A41F28832934201D9032309
:10BDE00060E0334B5B6803F00C03082BEED110E0EE
:10BDF000FFF7F0F90246FB68D31A41F2883293420A
:10BE000001D903234EE02A4B5B6803F00C03002B9F
:10BE1000EED1264B1B6803F007033A689A4210D212
:10BE2000224B1B6823F0070220493B6813430B6039
:10BE30001E4B1B6803F007033A689A4201D00123A6
:10BE400030E07B681B6803F00403002B08D0184B1C
:10BE50005B6823F4E0627B68DB68154913434B6041
:10BE60007B681B6803F00803002B09D0104B5B684C
:10BE700023F460527B681B69DB000D4913434B6060
:10BE800000F01CF802460A4B5B681B0903F00F0325
:10BE90000849CB5C22FA03F3074A13600F20FFF72F
:10BEA00069F9002318461037BD4680BD00200240C6
:10BEB00000100240680701084C01002090B48AB0CD
:10BEC00000AF2A4B3C1D0FCB84E80F0040F201234A
:10BED0003B800023FB610023BB6100237B620023C6
:10BEE0007B6100233B62224B5B68FB61FB6903F0D3
:10BEF0000C03042B02D0082B03D02DE01D4B3B621A
:10BF00002DE0FB699B0C03F00F0307F1280213449B
:10BF100013F8243C7B61FB6903F48033002B13D0BE
:10BF2000134B5B685B0C03F0010307F12802134419
:10BF300013F8283CBB617B690E4A02FB03F2BB6924
:10BF4000B2FBF3F37B6204E07B690B4A02FB03F371
:10BF50007B627B6A3B6202E0064B3B6200BF3B6A4E
:10BF600018462837BD4690BC704700BFC4F400088F
:10BF70000010024000127A0000093D0080B400AFBA
:10BF8000024B1B681846BD4680BC70474C01002020
:10BF900080B500AFFFF7F2FF0246054B5B681B0A56
:10BFA00003F007030349CB5C22FA03F3184680BD74
:10BFB000001002407807010880B500AFFFF7DEFFF0
:10BFC0000246054B5B68DB0A03F007030349CB5CC1
:10BFD00022FA03F3184680BD0010024078070108DA
:10BFE00080B485B000AF78600B4B1B680B4AA2FB96
:10BFF00003235B0A7A6802FB03F3FB6000BF00BF08
:10C00000FB685A1EFA60002BF8D100BF00BF14373E
:10C01000BD4680BC704700BF4C010020D34D62106C
:10C0200080B582B000AF78607B68002B01D101231E
:10C030001DE07B6893F83D30DBB2002B06D17B68B6
:10C04000002283F83C20786800F015F87B68022213
:10C0500083F83D207B681A687B68043319461046D4
:10C0600000F084FA7B68012283F83D200023184603
:10C070000837BD4680BD80B483B000AF786000BF94
:10C080000C37BD4680BC704780B582B000AF786089
:10C090007B68002B01D101231DE07B6893F83D30C4
:10C0A000DBB2002B06D17B68002283F83C20786845
:10C0B00000F015F87B68022283F83D207B681A683F
:10C0C0007B6804331946104600F050FA7B68012261
:10C0D00083F83D20002318460837BD4680BD80B454
:10C0E00083B000AF786000BF0C37BD4680BC70479E
:10C0F00080B582B000AF786039607B681B68012230
:10C100003968184600F019FD7B681B68104A934295
:10C1100004D07B681B680F4A934201D1012300E0E1
:10C120000023002B07D07B681B685A6C7B681B6858
:10C1300042F400425A647B681B681A687B681B687B
:10C1400042F001021A60002318460837BD4680BD40
:10C15000002C01400034014080B582B000AF78600F
:10C1600039607B681B6800223968184600F0E5FCDE
:10C170007B681B68224A934204D07B681B68214A73
:10C18000934201D1012300E00023002B17D07B68EC
:10C190001B681A6A41F211131340002B0FD17B6800
:10C1A0001B681A6A40F244431340002B07D17B6896
:10C1B0001B685A6C7B681B6822F400425A647B68D7
:10C1C0001B681A6A41F211131340002B0FD17B68D0
:10C1D0001B681A6A40F244431340002B07D17B6866
:10C1E0001B681A687B681B6822F001021A607B6872
:10C1F000012283F83D20002318460837BD4680BD44
:10C20000002C01400034014080B584B000AFF860DC
:10C21000B9607A60FB6893F83C30012B01D10223AE
:10C22000B4E0FB68012283F83C20FB68022283F81B
:10C230003D207B680C2B00F29F8001A252F823F076
:10C2400075C2000879C3000879C3000879C30008E3
:10C25000B5C2000879C3000879C3000879C3000893
:10C26000F7C2000879C3000879C3000879C3000841
:10C2700037C30008FB681B68B968184600F0F4F97A
:10C28000FB681B689A69FB681B6842F008029A61A8
:10C29000FB681B689A69FB681B6822F004029A61BC
:10C2A000FB681B689969BB681A69FB681B680A43CD
:10C2B0009A6162E0FB681B68B968184600F04AFAA8
:10C2C000FB681B689A69FB681B6842F400629A610C
:10C2D000FB681B689A69FB681B6822F480629A619C
:10C2E000FB681B689969BB681B691A02FB681B68BD
:10C2F0000A439A6141E0FB681B68B968184600F080
:10C30000A3FAFB681B68DA69FB681B6842F0080245
:10C31000DA61FB681B68DA69FB681B6822F00402BB
:10C32000DA61FB681B68D969BB681A69FB681B681E
:10C330000A43DA6121E0FB681B68B968184600F01F
:10C34000FDFAFB681B68DA69FB681B6842F400624F
:10C35000DA61FB681B68DA69FB681B6822F480629B
:10C36000DA61FB681B68D969BB681B691A02FB6844
:10C370001B680A43DA6100E000BFFB68012283F812
:10C380003D20FB68002283F83C200023184610372C
:10C39000BD4680BD80B584B000AF786039600023B1
:10C3A000FB607B6893F83C30012B01D10223D8E07D
:10C3B0007B68012283F83C207B68022283F83D20C1
:10C3C0007B681B689B68FB60FB6823F07703FB605E
:10C3D000FB6823F47F43FB607B681B68FA689A6004
:10C3E0003B681B68B3F5005F52D0B3F5005F00F205
:10C3F000AE80B3F5805F27D0B3F5805F00F2A780F1
:10C40000702B2AD0702B00F2A280602B63D0602B9F
:10C4100000F29D80502B4ED0502B00F29880402B84
:10C4200069D0402B00F29380302B00F08980302BB4
:10C4300000F28D80202B7CD0202B00F28880002BF6
:10C4400069D0102B6ED082E07B681B689A687B688D
:10C450001B6822F007029A607AE07B6818683B68E4
:10C4600099683B685A683B68DB6800F045FB7B686D
:10C470001B689B68FB60FB6823F07703FB60FB682D
:10C4800043F07703FB607B681B68FA689A605FE0A3
:10C490007B6818683B6899683B685A683B68DB684A
:10C4A00000F02AFB7B681B689A687B681B6842F473
:10C4B00080429A604CE07B6818683B6859683B682A
:10C4C000DB681A4600F094FA7B681B685021184616
:10C4D00000F0F3FA3CE07B6818683B6859683B68F9
:10C4E000DB681A4600F0B6FA7B681B6860211846C4
:10C4F00000F0E3FA2CE07B6818683B6859683B68F9
:10C50000DB681A4600F074FA7B681B684021184605
:10C5100000F0D3FA1CE07B681B680021184600F08D
:10C52000CCFA15E07B681B681021184600F0C5FAAC
:10C530000EE07B681B682021184600F0BEFA07E079
:10C540007B681B683021184600F0B7FA00E000BF96
:10C550007B68012283F83D207B68002283F83C2021
:10C56000002318461037BD4680BD000080B485B05A
:10C5700000AF786039600023FB607B681B68FB605C
:10C580007B68344A934213D07B68334A93420FD07E
:10C590007B68B3F1804F0BD07B68304A934207D061
:10C5A0007B682F4A934203D07B682E4A934208D17E
:10C5B000FB6823F07003FB603B685B68FA68134319
:10C5C000FB607B68234A934213D07B68224A9342E4
:10C5D0000FD07B68B3F1804F0BD07B681F4A93422A
:10C5E00007D07B681E4A934203D07B681D4A934262
:10C5F00008D1FB6823F44073FB603B68DB68FA6892
:10C600001343FB60FB6823F08003FB603B685B69BE
:10C61000FA681343FB607B68FA681A603B689A68A3
:10C620007B68DA623B681A687B689A627B68094AB1
:10C63000934203D07B68084A934203D13B681A694E
:10C640007B681A637B6801225A6100BF1437BD46BC
:10C6500080BC7047002C01400034014000040040C1
:10C6600000080040000C004080B487B000AF786044
:10C6700039600023FB6000237B6100233B617B6802
:10C680001B6A23F001027B681A627B681B6A7B616C
:10C690007B685B683B617B689B69FB60FB6823F0A0
:10C6A0007003FB60FB6823F00303FB603B681B68BF
:10C6B000FA681343FB607B6923F002037B613B68EC
:10C6C0009B687A6913437B617B68204A934203D05D
:10C6D0007B681F4A93420CD17B6923F008037B617E
:10C6E0003B68DB687A6913437B617B6923F0040351
:10C6F0007B617B68154A934203D07B68144A93425E
:10C7000011D13B6923F480733B613B6923F40073CF
:10C710003B613B685B693A6913433B613B689B69DA
:10C720003A6913433B617B683A695A607B68FA68EF
:10C730009A613B685A687B685A637B687A691A62B7
:10C7400000BF1C37BD4680BC704700BF002C0140B5
:10C750000034014080B487B000AF786039600023B6
:10C76000FB6000237B6100233B617B681B6A23F035
:10C7700010027B681A627B681B6A7B617B685B685E
:10C780003B617B689B69FB60FB6823F4E043FB60D3
:10C79000FB6823F44073FB603B681B681B02FA686C
:10C7A0001343FB607B6923F020037B613B689B683C
:10C7B0001B017A6913437B617B68214A934203D052
:10C7C0007B68204A93420DD17B6923F080037B6113
:10C7D0003B68DB681B017A6913437B617B6923F04B
:10C7E00040037B617B68164A934203D07B68154AFD
:10C7F000934213D13B6923F480633B613B6923F48B
:10C8000000633B613B685B699B003A6913433B6192
:10C810003B689B699B003A6913433B617B683A69BB
:10C820005A607B68FA689A613B685A687B689A63C9
:10C830007B687A691A6200BF1C37BD4680BC7047AE
:10C84000002C01400034014080B487B000AF786014
:10C8500039600023FB6000237B6100233B617B6820
:10C860001B6A23F480727B681A627B681B6A7B6197
:10C870007B685B683B617B68DB69FB60FB6823F07E
:10C880007003FB60FB6823F00303FB603B681B68DD
:10C89000FA681343FB607B6923F400737B613B6898
:10C8A0009B681B027A6913437B617B68214A934230
:10C8B00003D07B68204A93420DD17B6923F4006347
:10C8C0007B613B68DB681B027A6913437B617B6990
:10C8D00023F480637B617B68164A934203D07B68B4
:10C8E000154A934213D13B6923F480533B613B6962
:10C8F00023F400533B613B685B691B013A691343B6
:10C900003B613B689B691B013A6913433B617B6850
:10C910003A695A607B68FA68DA613B685A687B68F2
:10C92000DA637B687A691A6200BF1C37BD4680BC37
:10C93000704700BF002C01400034014080B487B034
:10C9400000AF7860396000233B610023FB60002367
:10C950007B617B681B6A23F480527B681A627B6868
:10C960001B6AFB607B685B687B617B68DB693B61A2
:10C970003B6923F4E0433B613B6923F440733B6133
:10C980003B681B681B023A6913433B61FB6823F455
:10C990000053FB603B689B681B03FA681343FB6012
:10C9A0007B68114A934203D07B68104A934209D1B5
:10C9B0007B6923F480437B613B685B699B017A69F7
:10C9C00013437B617B687A695A607B683A69DA61F4
:10C9D0003B685A687B681A647B68FA681A6200BF11
:10C9E0001C37BD4680BC7047002C0140003401401C
:10C9F00080B487B000AFF860B9607A6000237B61D3
:10CA000000233B61FB681B6A3B61FB681B6A23F0E8
:10CA10000102FB681A62FB689B697B617B6923F0FA
:10CA2000F0037B617B681B017A6913437B613B697F
:10CA300023F00A033B613A69BB6813433B61FB681F
:10CA40007A699A61FB683A691A6200BF1C37BD4671
:10CA500080BC704780B487B000AFF860B9607A607E
:10CA600000237B6100233B61FB681B6A23F01002FB
:10CA7000FB681A62FB689B697B61FB681B6A3B6110
:10CA80007B6923F470437B617B681B037A691343E2
:10CA90007B613B6923F0A0033B61BB681B013A69E2
:10CAA00013433B61FB687A699A61FB683A691A62D1
:10CAB00000BF1C37BD4680BC704780B485B000AF56
:10CAC00078600B467B800023FB607B689B68FB6083
:10CAD000FB6823F07003FB607B8843F007039BB285
:10CAE0001A46FB681343FB607B68FA689A6000BFD4
:10CAF0001437BD4680BC704780B487B000AFF86083
:10CB0000B9607A603B6000237B61FB689B687B6156
:10CB10007B6923F47F437B613B681A027B681A437D
:10CB2000BB6813437A6913437B61FB687A699A6037
:10CB300000BF1C37BD4680BC704780B487B000AFD3
:10CB4000F860B9607A6000237B610122BB6802FA59
:10CB500003F37B61FB681A6A7B69DB431A40FB685D
:10CB60001A62FB681A6A7968BB6801FA03F31A4310
:10CB7000FB681A6200BF1C37BD4680BC704780B49A
:10CB800085B000AF786039600023FB607B6893F864
:10CB90003C30012B01D1022344E07B68012283F861
:10CBA0003C20FB6823F0FF023B68DB681343FB601B
:10CBB000FB6823F440723B689B681343FB60FB688F
:10CBC00023F480623B685B681343FB60FB6823F4DB
:10CBD00000623B681B681343FB60FB6823F48052D0
:10CBE0003B681B691343FB60FB6823F400523B68FE
:10CBF0005B691343FB60FB6823F480423B689B69DD
:10CC00001343FB60FB6823F400423B689B691343BA
:10CC1000FB607B681B68FA685A647B68002283F8B3
:10CC20003C20002318461437BD4680BC704780B4B2
:10CC300083B000AF786039607B6893F83C30012B9B
:10CC400001D1022332E07B68012283F83C207B681B
:10CC5000022283F83D207B681B685A687B681B684A
:10CC600022F070025A607B681B6859683B681A683A
:10CC70007B681B680A435A607B681B689A687B68FC
:10CC80001B6822F080029A607B681B6899683B6889
:10CC90005A687B681B680A439A607B68012283F8A4
:10CCA0003D207B68002283F83C20002318460C3787
:10CCB000BD4680BC704780B582B000AF78607B68AD
:10CCC000002B01D101233FE07B6893F83930DBB2C0
:10CCD000002B06D17B68002283F83820786800F0AA
:10CCE00037F87B68242283F839207B681B68DA6870
:10CCF0007B681B6822F40052DA60786800F032F832
:10CD00007B681B681A697B681B6822F490421A6171
:10CD10007B681B685A697B681B6822F02A025A618B
:10CD20007B681B68DA687B681B6842F40052DA6033
:10CD30007B680022DA637B68202283F839207B68D5
:10CD4000202283F83A20002318460837BD4680BDCC
:10CD500080B483B000AF786000BF0C37BD4680BCA4
:10CD600070470000B0B584B000AF78600023FB606E
:10CD70007B681B681B6923F440517B68DA687B6819
:10CD80001B680A431A617B689A687B681B691A43AF
:10CD90007B685B691343FA681343FB607B681B681D
:10CDA000DB6823F4B05323F00C037A681268F96847
:10CDB0000B43D3607B681B685B6923F440717B681D
:10CDC0009A697B681B680A435A617B681B686F4AD3
:10CDD00093426BD1FFF7F0F8024613469B001344D1
:10CDE0009A001A447B685B689B00B2FBF3F3684AC5
:10CDF000A2FB03235B091C01FFF7DEF80246134682
:10CE00009B0013449A001A447B685B689B00B2FB4A
:10CE1000F3F5FFF7D1F8024613469B0013449A003E
:10CE20001A447B685B689B00B2FBF3F3584AA2FB91
:10CE300003235B09642202FB03F3EB1A1B01323369
:10CE4000534AA2FB03235B0903F0F0031C44FFF7E2
:10CE5000B3F8024613469B0013449A001A447B68B9
:10CE60005B689B00B2FBF3F5FFF7A6F8024613469A
:10CE70009B0013449A001A447B685B689B00B2FBDA
:10CE8000F3F3434AA2FB03235B09642202FB03F38F
:10CE9000EB1A1B0132333E4AA2FB03235B0903F06A
:10CEA0000F027B681B6822449A606AE0FFF770F803
:10CEB000024613469B0013449A001A447B685B6841
:10CEC0009B00B2FBF3F3324AA2FB03235B091C0174
:10CED000FFF75EF8024613469B0013449A001A447B
:10CEE0007B685B689B00B2FBF3F5FFF751F80246E5
:10CEF00013469B0013449A001A447B685B689B00AE
:10CF0000B2FBF3F3224AA2FB03235B09642202FB78
:10CF100003F3EB1A1B0132331D4AA2FB03235B0907
:10CF200003F0F0031C44FFF733F8024613469B005E
:10CF300013449A001A447B685B689B00B2FBF3F5CC
:10CF4000FFF726F8024613469B0013449A001A4442
:10CF50007B685B689B00B2FBF3F30D4AA2FB0323E3
:10CF60005B09642202FB03F3EB1A1B013233084A0C
:10CF7000A2FB03235B0903F00F027B681B682244BA
:10CF80009A6000BF1037BD46B0BD00BF00380140F9
:10CF90001F85EB5180B400AF054B1B7D054B5B69D2
:10CFA000044A43F00103536100BFBD4680BC704793
:10CFB000C41600200004014080B400AF084B1B7D64
:10CFC000DBB2012B01D1064BDB7D064B5B69054AC9
:10CFD00043F00203536100BFBD4680BC704700BFF1
:10CFE000C41600200004014080B400AF0A4B1B7D32
:10CFF000DBB2012B06D1084B1B7EDBB2012B01D12A
:10D00000054BDB7D054B5B69044A43F00403536128
:10D0100000BFBD4680BC7047C4160020000401401C
:10D0200080B400AF0A4B1B7DDBB2012B06D1084B4D
:10D030001B7EDBB2012B01D1054BDB7D054B5B6910
:10D04000044A43F00803536100BFBD4680BC7047EB
:10D05000C41600200004014080B400AF044B5B699B
:10D06000034A43F01003536100BFBD4680BC7047C4
:10D070000004014080B400AF0D4B5B6903F4806392
:10D08000002B05D00A4B5B69094A43F48063536166
:10D09000074B5B6903F40043002B05D0044B5B692D
:10D0A000034A43F40043536100BFBD4680BC704750
:10D0B00000040140F0B599B018AF3A4B59683A4BAB
:10D0C0001B781A46C9B2394B9954374B1B78013338
:10D0D000DAB2354B1A70344B1B78012B07D1334B26
:10D0E0001B785A2B4DD0304B00221A7056E02E4B35
:10D0F0001B78022B0BD12D4B1B785A2B03D12B4BBA
:10D100005B78A52B3DD0284B00221A7046E0264BB9
:10D110001B78022B35D9244B1B78033B234A92788A
:10D1200093422ED1204B1A78204B83F864201E4B5B
:10D1300000221A701D4BDB78832B0CD11B4B1B7903
:10D14000602B08D1194B5B79002B04D1184B1B685D
:10D150001848984715E0154B1A68002616465A6875
:10D16000002515469A680024144668460C33592257
:10D17000194600F02FFC31462A4623460E48F5F7A3
:10D18000DFFB094B1B781E2B02D9074B00221A70BC
:10D19000044B1B68034A23F0200313600437BD4689
:10D1A000F0BD00BF004400401806002078180020A1
:10D1B0000000002080180020240E002080B500AF61
:10D1C000274B1B680133264A1360254B1B68B3F5B8
:10D1D000FA7F05D9224B00221A600020FCF7CEFC12
:10D1E000204B1B6801331F4A13601E4B1B68322BF8
:10D1F00006D91C4B00221A601B4B012283F8252004
:10D20000194B1B78DBB20A2B28D9184B1B6801334A
:10D21000164A1360154B1B68B3F57A7F1ED3134B68
:10D2200000221A60124B1B680133114A1360104B25
:10D230001B68772B12D90E4B00221A600A4B002272
:10D240001A702020FAF7DEFD08220A4947F2106022
:10D25000FAF716FE11210848FAF7F8FE00BF80BD64
:10D260001C06002020060020C416002024060020F2
:10D270000C170020D4F40008E0F4000880B500AFDB
:10D28000084B1B6903F00103002B08D00020F7F7BF
:10D2900023FB044B1B69034A23F00103136100BF06
:10D2A00080BD00BF000C004080B500AF00F002FB65
:10D2B00040F2DC50FDF789F90520FEF777F8F3F727
:10D2C00039FEF7F785FFFDF71BFBFDF793F9FCF738
:10D2D00029FC2248F5F722FB2148F5F71FFBFDF753
:10D2E000BDF8FBF72DFD2020FAF7B0FDFDF714FF88
:10D2F0001C4B5B691B4A43F008035361194B1B68C5
:10D30000184A43F008031360F4F712F8082216498C
:10D310004FF40040FAF7B4FD012214494FF40040E5
:10D32000FAF7AEFD402212494FF4F040FAF70BFE37
:10D33000104B0022DA750F4B00229A750D4B01221B
:10D3400083F83F200B4B00225A75FCF7C3F80020EE
:10D35000FAF716FD00F010F8F7E700BF240E0020E2
:10D360003C06002000040140F4F4000800F5000829
:10D3700004F50008C416002080B500AF00F0B8F82E
:10D380000020F9F7A1FF0C20FDF7B2FB0346002BAC
:10D390000AD10520FDF719F90C20FDF7A9FB03467A
:10D3A000002B01D1FAF764FB4B4B93F82B30DBB227
:10D3B000002B20D00520FDF79BFB0346012B07D156
:10D3C000464B01221A7014214548FAF73FFE81E0CE
:10D3D0000520FDF78DFB0346002B0CD13F4B1B783E
:10D3E000012B08D13D4B00221A7014213D48FAF759
:10D3F0002DFEFAF76BFA0020F9F7A6FC0020F9F7EA
:10D40000E7FE354B93F82830DBB2002B02D000202A
:10D41000F9F762FE304B1B7DDBB2032B4ED0032BA2
:10D4200058DC012B02D0022B1ED053E02A4B9B7DEF
:10D43000DBB2012B4BD10320FDF7DEF90346012BB4
:10D440000DD10020F8F71CF9FAF772FB0020F8F76D
:10D4500041FD0020F8F754FBFAF706FC37E01C21E9
:10D460002148FAF7F3FD32E0204B1B88002B05D052
:10D47000194B0022DA751D4B00221A80164B5B7F78
:10D48000DBB2022B05D1144B00225A77124B01223A
:10D49000DA770020F8F7F4F80020F8F71DFE0020F6
:10D4A000F8F718FD0020F8F72BFB0020F9F716F924
:10D4B0000020F8F73BFFFAF73BFB0BE0064B9B7DA8
:10D4C000DBB2012B05D10020F9F748FB01E000BFDA
:10D4D00000E000BF80BD00BFC41600202806002069
:10D4E00030F500084CF5000864F50008E805002058
:10D4F00080B500AFB54B93F82B30DBB2002B22D0B8
:10D500000520FDF7F5FA0346012B13D1B04B1B782C
:10D51000012B0FD10220FDF758F80520FDF7E8FA9E
:10D520000346012B06D1AA4B00221A70A74B0222F8
:10D5300083F823200520FDF7DBFA0346002B02D1F8
:10D54000A34B01221A700220FDF756F90346002B67
:10D5500070D1A04B1B78012B6CD10520FDF735F85D
:10D560000220FDF749F90346002B63D1994B0022B5
:10D570001A70964B93F82C30DBB2002B3BD0934BB8
:10D580001B7DDBB2012B36D00F219348FAF75EFDED
:10D590008E4B01221A758D4B1B7DDBB2194646203E
:10D5A000FAF7C0FB894B1B7DDBB21846FBF7D8FEB0
:10D5B0000120FDF79DFA0346002B04D0834BDB7E50
:10D5C000DBB2012B17D1814B9B7DDBB2012B12D13A
:10D5D0007E4B9B7DDBB2002B0DD00320F9F788FF3B
:10D5E0000520F9F785FF794BDB7EDBB2002B02D0FB
:10D5F0000220F9F77DFF754B1B7DDBB2012B40F05C
:10D60000DC80724B93F83630DBB2012B06D16F4BC6
:10D61000002283F836200420F9F7B0FF6B4B9B7D86
:10D62000DBB2002B06D10420F9F7A8FF674B0122DB
:10D6300083F82E200220FDF7DFF80346012B02D1EC
:10D64000644B01221A70614B1B7DDBB2012B40F051
:10D65000B6800320FDF7D0F80346002B13D15F4BB3
:10D660001B78012B0FD10520FCF7AFFF0320FDF73E
:10D67000C3F80346002B06D1584B00221A70534BB7
:10D68000012283F823200320FDF7B6F80346012B7F
:10D6900002D1524B01221A704C4BDB7DDBB2002BC6
:10D6A00040F08F80494BDB7DDBB2002B40F08B805C
:10D6B000464B9B7DDBB2002B00F085800020FDF700
:10D6C0009BF80346002B39D1454B1B78012B35D1F4
:10D6D0000520FCF77AFF0020FDF78EF80346002BAB
:10D6E0002CD13A4B1B7FDBB2002B14D13C4B0022D8
:10D6F0001A700120FDF7FCF90346012B07D1334BCB
:10D70000012283F82220374B01221A7016E02F4B9A
:10D710000122DA7712E02D4B5B7DDBB2002B04D1C6
:10D7200020213148FAF792FC08E0284B5B7DDBB200
:10D73000012B03D125212D48FAF788FC294B1B78B2
:10D74000002B0AD0214B5B7FDBB2012B05D1254B8F
:10D7500000221A701D4B0122DA770020FDF74CF8E9
:10D760000346012B05D11F4B00221A701C4B0122CE
:10D770001A700120FDF740F80346002B13D11C4B13
:10D780001B78012B0FD10520FCF71FFF0120FDF7AF
:10D7900033F80346002B06D1154B00221A700B4BB1
:10D7A000012283F835200120FDF726F80346012BDE
:10D7B0000AD10F4B01221A7006E000BF04E000BF3F
:10D7C00002E000BF00E000BF80BD00BFC416002023
:10D7D000450100204601002084F500084701002093
:10D7E000480100202906002094F50008B8F500083B
:10D7F0004901002080B584B000AF7860114B1B68F0
:10D80000002B02D10F4B104A1A600E4B1B68FB60B5
:10D810000C4B1A687B6813446A46934207D900F0A0
:10D82000AFF803460C221A604FF0FF3306E0054BB9
:10D830001A687B681344034A1360FB681846103764
:10D84000BD4680BD2C060020F018002080B400AF3B
:10D85000154B1B68144A43F001031360124B5A68BE
:10D860001149124B13404B600F4B1B680E4A23F0BB
:10D87000847323F4803313600B4B1B680A4A23F430
:10D8800080231360084B5B68074A23F4FE03536050
:10D89000054B4FF41F029A60054B4FF000629A60EF
:10D8A00000BFBD4680BC7047001002400000FFF87A
:10D8B00000ED00E080B590B000AF07F1180328221A
:10D8C0000021184600F094F83B1D00221A605A60AF
:10D8D0009A60DA601A610123BB614FF48033FB6107
:10D8E00000233B620123BB6202237B634FF480333E
:10D8F000BB634FF4E013FB6307F118031846FDF711
:10D900006DFF0F237B600223BB600023FB604FF49D
:10D9100080633B6100237B613B1D02211846FEF7BB
:10D92000C1F900BF4037BD4680BD00000D488546A7
:10D930000D480E490E4A002302E0D458C450043367
:10D94000C4188C42F9D30B4A0B4C002301E013603E
:10D950000432A242FBD3FFF779FF00F017F8FFF77C
:10D96000A3FCFEE70000012000000020B40100201D
:10D97000BC070108B8010020F0180020FEE70000F5
:10D98000014B1868704700BF5001002070B5002699
:10D990000C4D0D4C641BA410A64209D100F05CFC98
:10D9A00000260A4D0A4C641BA410A64205D170BD86
:10D9B00055F8043B98470136EEE755F8043B984785
:10D9C0000136F2E7B4070108B4070108B4070108FB
:10D9D000B80701080A44914200F1FF3300D17047B3
:10D9E00010B511F8014B914203F8014FF9D110BD68
:10D9F00003460244934200D1704703F8011BF9E744
:10DA00000EB46FF0004100B59CB01DAB02900690C3
:10DA1000079104910848094953F8042B05910068BF
:10DA200002A9019300F068F80022029B1A701CB052
:10DA30005DF804EB03B07047500100200802FFFFBF
:10DA40002DE9F0478E6882469E420C4690461F465E
:10DA500038D88A8912F4906F32D025680969013369
:10DA6000A5EB010965694B4405EB450505EBD5754B
:10DA70006D109D4238BF1D46530531D5294600F033
:10DA800045FB064650B90C234FF0FF30CAF8003072
:10DA9000A38943F04003A381BDE8F0874A4621698A
:10DAA000FFF798FFA38923F4906343F08003A381D9
:10DAB00026614E4426603E466561A5EB0905A560DA
:10DAC000BE4200D93E4632464146206800F0B8FAD0
:10DAD000A36822689B1B32440020A3602260DBE71E
:10DAE0002A4600F06DFB06460028E1D15046216928
:10DAF00000F0C0FAC7E700002DE9F04F98468B8987
:10DB000007461B060D4614469DB00ED50B6963B93A
:10DB1000402100F0FBFA2860286120B90C233B600B
:10DB20004FF0FF30D1E040236B61002309932023A5
:10DB30008DF8293030234FF00109CDF80C80DFF843
:10DB4000A4818DF82A3023469A4613F8012B0AB196
:10DB5000252AF9D1BAEB040B0BD05B4622462946A5
:10DB60003846FFF76DFF013000F0AA80099A5A4449
:10DB700009929AF80030002B00F0A28000234FF0A9
:10DB8000FF32CDE905230AF1010A049307938DF8CA
:10DB900053301A935446052214F8011B514800F0E3
:10DBA00041FA049AD8B9D00644BF20238DF85330E7
:10DBB000110744BF2B238DF853309AF800302A2BDD
:10DBC00015D0544600204FF00A0C079A214611F850
:10DBD000013B303B092B4ED9B0B1079214E0A0EBCA
:10DBE000080309FA03F31343A2460493D2E7039B05
:10DBF000191D1B680391002BBBBF5B4242F0020260
:10DC000007930793B8BF049223782E2B0CD1637827
:10DC10002A2B35D1039B02341A1D1B680392002B5B
:10DC2000B8BF4FF0FF330593DFF8C8A0032250467A
:10DC3000217800F0F7F940B14023A0EB0A0003FA85
:10DC400000F0049B01340343049314F8011B0622E3
:10DC500025488DF8281000F0E5F9002838D0234B2E
:10DC60001BBB039B073323F0070308330393099B74
:10DC70003344099367E70C4601200CFB0232A5E709
:10DC800000234FF00A0C194601340593204610F882
:10DC9000012B303A092A03D9002BC5D00591C3E7DF
:10DCA000044601230CFB0121F0E703AB00932A4655
:10DCB00038460F4B04A9AFF30080421C0646D6D16C
:10DCC000AB895B063FF52CAF09981DB0BDE8F08F1E
:10DCD00003AB00932A463846054B04A900F07CF8B4
:10DCE000EBE700BF800701088A0701080000000079
:10DCF00041DA0008860701082DE9F04716469946E3
:10DD00008A680B6907469342B8BF1346336091F89F
:10DD100043200C46DDF820800AB1013333602368CC
:10DD2000990642BF336802333360256815F0060553
:10DD300006D104F1190AE36832689B1AAB4228DC69
:10DD400094F84320131E226818BF012392062DD495
:10DD50004946384604F14302C047013020D02368C9
:10DD6000E56803F00603042B18BF002532684FF066
:10DD70000006A36808BFAD1A226908BF25EAE57549
:10DD80009342C4BF9B1AED181A34B5421AD1002031
:10DD900008E00123524649463846C047013003D1C6
:10DDA0004FF0FF30BDE8F0870135C4E73020E118BF
:10DDB00081F843005A1C94F845102244023382F83B
:10DDC0004310C5E70123224649463846C047013083
:10DDD000E6D00136D9E700002DE9FF470C46277E43
:10DDE0009146782F80469A460C9904F1430207D851
:10DDF000622F0AD8002F00F0D980582F00F0A4809D
:10DE000004F1420684F842703AE0A7F16303152B4F
:10DE1000F6D801A050F823F071DE000885DE000876
:10DE200001DE000801DE000801DE000801DE000856
:10DE300085DE000801DE000801DE000801DE0008C2
:10DE400001DE000893DF0008B5DE000875DF00087A
:10DE500001DE000801DE0008B5DF000801DE000871
:10DE6000B5DE000801DE000801DE00087DDF0008E5
:10DE70000B6804F142061A1D1B680A6084F84230E0
:10DE80000123A4E0256808682E0600F104030AD5E2
:10DE900005680B60002D03DA2D236D4284F84330B2
:10DEA0000A235E4819E015F0400F05680B6018BFA3
:10DEB0002DB2EFE70B682568181D0860280601D50C
:10DEC0001D6802E06906FBD51D886F2F0CBF082373
:10DED0000A235248002184F843106668002EA8BF28
:10DEE0002168A660A4BF21F0040121600DB9002EB5
:10DEF0004DD01646B5FBF3F103FB1157C75D06F88D
:10DF0000017D2F46BB420D46F4D9082B0BD1236867
:10DF1000DF0708D5236961689942DEBF302306F820
:10DF2000013C06F1FF36921B22614B4621464046DA
:10DF3000CDF800A003AAFFF7DFFE01304CD14FF06F
:10DF4000FF3004B0BDE8F087344884F845700E68AF
:10DF5000236856F8045B1F060E6014D5D90744BF2A
:10DF600043F0200323601DB9236823F020032360BE
:10DF70001023AFE7236843F0200323607823284869
:10DF800084F84530E3E75E0648BFADB2E6E71646E3
:10DF9000BBE70B6826681D1D60690D6035061B68B0
:10DFA00001D5186002E07106FBD5188000231646E3
:10DFB0002361BAE70B681A1D0A601E68002130460B
:10DFC000626800F02FF808B1801B6060636823610D
:10DFD000002384F84330A8E7324649464046236987
:10DFE000D0470130ABD023689B0713D4E068039B74
:10DFF0009842B8BF1846A4E7012332464946404636
:10E00000D04701309BD00135E36803995B1AAB42DE
:10E01000F2DCEBE7002504F11906F5E791070108AA
:10E02000A2070108034610B5C9B20244934218463C
:10E0300001D1002003E0047801338C42F6D110BDF9
:10E04000884210B501EB020402D98442234607D866
:10E05000431EA14208D011F8012B03F8012FF8E765
:10E06000014602448A4200D110BD13F8014D02F866
:10E07000014DF7E738B50546002943D051F8043C77
:10E080000C1F002BB8BFE41800F0D0F81E4A13682C
:10E09000104633B9636014602846BDE8384000F08C
:10E0A000CBB8A3420AD921686218934201BF1A680B
:10E0B0005B685218226063600460EDE71A465B6893
:10E0C0000BB1A342FAD911685018A0420BD12068B5
:10E0D0000144501883421160DED118685B68014426
:10E0E00011605360D8E702D90C232B60D4E7206875
:10E0F00021188B4201BF19685B68091821606360B1
:10E100005460C9E738BD00BF30060020F8B5CD1C0B
:10E1100025F0030508350C2D38BF0C25002D0646CB
:10E1200001DBA94203D90C2333600020F8BD00F0C5
:10E130007DF821490A6814469CB9204F3B6823B9F1
:10E140002146304600F062F838602946304600F03B
:10E150005DF8431C23D10C233046336000F06CF88B
:10E16000E3E723685B1B17D40B2B03D923601C4404
:10E17000256004E06368A2420CBF0B605360304628
:10E1800000F05AF804F10B00231D20F00700C21A1A
:10E19000CCD01B1AA350C9E722466468CCE7C41C44
:10E1A00024F00304A042E3D0211A304600F02EF8F8
:10E1B0000130DDD1CFE700BF30060020340600205B
:10E1C000F8B5074614460E4621B91146BDE8F84099
:10E1D000FFF79CBF22B9FFF74DFF25462846F8BD43
:10E1E00000F030F8A0420FD221463846FFF78EFFEC
:10E1F00005460028F2D031462246FFF7EBFB3146B8
:10E200003846FFF737FFE9E73546E7E738B500233B
:10E21000054D044608462B60FFF7ECFA431C02D17B
:10E220002B6803B1236038BDE0180020014800F0DE
:10E2300011B800BFE8180020014800F00CB800BF7A
:10E24000E818002051F8043C181F002BBCBF0B58E5
:10E25000C018704770477047F8B500BFF8BC08BCDD
:10E260009E467047F8B500BFF8BC08BC9E46704794
:10E27000E68AA5E8ADA6E4BFA1E681AFEFBC9AE8C7
:10E28000A7A6E58F91E99990E4BD8DEFBC810000D0
:10E29000C7EBD1A1D4F1D3C3BBA7A3A10000000059
:10E2A000506C656173652073656C6563742075736C
:10E2B00065722100C7EBCAE4C8EBC3DCC2EBA3A1C3
:10E2C00000000000506C6561736520656E746572B6
:10E2D0002070617373776F7264210000202020200A
:10E2E00020200000202020557365722000000000CF
:10E2F000C3DCC2EBB4EDCEF30000000057726F6ECA
:10E30000672070617373776F7264210020205665F7
:10E310006E646F72000000005375706572202020DB
:10E3200000000000C1AABBFAC4A3CABDBDFBD6B998
:10E33000B2D9D7F7A3A10000557365722020000061
:10E3400056656E646F720000B5C7B3F6D6D02E2E38
:10E350002E0000004C6F6767696E67206F75742E22
:10E360002E2E0000D2D1CDCBB3F6B5C7C2BC000073
:10E370004C6F6767696E67206F757400D3C3BBA766
:10E38000B5C7C2BC00000000C7EBCAE4C8EBBEC9F9
:10E39000C3DCC2EBA3A10000506C6561736520650E
:10E3A0006E746572206F6C642070617373776F7226
:10E3B00064210000C7EBCAE4C8EBD0C2C3DCC2EBE7
:10E3C000A3A10000506C6561736520656E74657271
:10E3D000206E65772070617373776F72642100001F
:10E3E000C7EBCAE4C8EBC8B7C8CFD0C2C3DCC2EB26
:10E3F000A3A10000506C6561736520656E74657241
:10E400002061206E65772070617373776F7264206E
:10E41000746F20636F6E6669726D2100C3DCC2EB9E
:10E42000D0DEB8C4CDEAB3C90000000050617373F8
:10E43000776F7264206368616E676520636F6D70CB
:10E440006C657465642E0000C3DCC2EBB2BBD2BB4A
:10E45000D6C200005468652070617373776F726470
:10E46000732061726520696E636F6E736973746582
:10E470006E742E0050617373776F726420636861ED
:10E480006E676520636F6D706C6574656400000075
:10E490004F6E6C696E65206D6F64652070726F6879
:10E4A0006962697473206F7065726174696F6E213F
:10E4B00000000000CCE1CABED0C5CFA2A3BAC7EB12
:10E4C000CFC8B3F5CABCB6AFD7F72E00C7D0BBBB19
:10E4D000B5BDC1AABBFAC4A3CABD2E00C7D0BBBB81
:10E4E000B5BDB5F7CAD4C4A3CABD2E0053776974AD
:10E4F000636820746F206465627567206D6F646562
:10E500002E000000BFD5C5DCC4A3CABDBDFBD6B973
:10E51000B2D9D7F7A3A10000C7EBB5C8B4FDB5B118
:10E52000C7B0B6AFD7F7BDE1CAF8A3A1000000009D
:10E530007761697420666F722074686520637572F4
:10E5400072656E7420616374696F6E20746F2065EC
:10E550006E6421004167696E67206D6F6465206994
:10E560006E686962697473206F7065726174696F37
:10E570006E210000C7EBCFC8B3F5CABCBBAFB2D9A0
:10E58000D7F7A3A100000000506C65617365206996
:10E590006E697469616C697A652066697273742149
:10E5A00000000000CCE1CABED0C5CFA2A3BACEB451
:10E5B000C8A1D7DFCEEFC1CFA3ACBDFBD6B9CBCDC1
:10E5C000C1CFA3A100000000546970733A204E6FC0
:10E5D000206D6174657269616C2069732063757464
:10E5E0002C206E6F2066656564696E6721000000EF
:10E5F000D4ADB5E3CEBBA3ACBDFBD6B9B2C3C7D0D7
:10E600002E0000004F726967696E20706F73697425
:10E61000696F6E2C2063757474696E67206973204E
:10E6200070726F686962697465642E00C8ABB2BFAE
:10E63000C6F8B8D7D2D1BEADB4F2BFAA2E00000042
:10E64000C7EBCFC8B8B4CEBBB6AFD7F72E0000002B
:10E65000C7EBCFC8CBCDC1CFB6AFD7F72E000000E8
:10E66000B7C5C1CFB9A6C4DCCEB4C6F4D3C32E009F
:10E6700054686520756E77696E64696E672066758B
:10E680006E6374696F6E206973206E6F7420656E9F
:10E6900061626C65642E0000CAD5C1CFB9A6C4DC26
:10E6A000CEB4C6F4D3C32E005468652074616B6584
:10E6B0002D75702066756E6374696F6E20697320A6
:10E6C0006E6F7420656E61626C65642E00000000E0
:10E6D000D3EFD1D4D1A1D4F1CEAAD6D0CEC42E00BE
:10E6E000202020202020202020202020202020202A
:10E6F0002020202000000000D5FDD4DABBD6B8B41D
:10E70000B3F6B3A7B2CECAFD2E2E2E005265737497
:10E710006F72696E6720666163746F7279207061D1
:10E7200072616D65746572732E2E2E00BBD6B8B4FF
:10E73000CDEAB3C92C20C7EBB6CFB5E7D6D8C6F41F
:10E74000A3A10000506C6561736520706F776572DE
:10E75000206F666620616E642072657374617274E6
:10E7600021000000B1B8D3C300000000B7C5C1CF7D
:10E77000C6F4B6AFD0C5BAC500000000B7C5C1CF5A
:10E78000CDA3D6B9D0C5BAC50000000030303030B6
:10E790003030000036353433323100003732393111
:10E7A00038330000B5C8B4FDBDE2B3FDBCB1CDA3A4
:10E7B000A3A1A3A1A3A10000506C656173652072A1
:10E7C000656C656173652074686520452D73746F91
:10E7D0007021212100000000C1AABBFAC4A3CABD58
:10E7E000BDFBD6B9B2D9D7F7A3A100004F6E6C69B3
:10E7F0006E65206D6F64652070726F686962697400
:10E8000073206F7065726174696F6E210000000083
:10E81000C7EBB5C8B4FDB5B1C7B0B6AFD7F7BDE16A
:10E82000CAF8A3A100000000C7EBCFC8B8B4CEBBA4
:10E83000B6AFD7F72E000000BBBBC1CFB6AFD7F73E
:10E84000CDEAB3C92E000000C7EBCFC8B2C3C7D012
:10E85000B6AFD7F7A3A10000BFAACABCCBCDC1CF2A
:10E86000B6AFD7F72E000000CBCDC1CFD6D02E2E1D
:10E870002E2E2E2E00000000B1A8BEAFD0C5CFA214
:10E88000A3BACBCDC1CFCAA7B0DCA3A100000000C2
:10E8900025640000202020202020202000000000EF
:10E8A000CBCDC1CFCDEAB3C9A3A10000B1A8BEAF03
:10E8B000D0C5CFA2A3BAC1CFB4F8D3C3CDEAA3AC1D
:10E8C000C7EBB2B9B3E4D0C2C1CFA3A1000000002E
:10E8D000BFAACABCB8B4CEBBB6AFD7F72E000000F3
:10E8E000B8B4CEBBD6D02E2E2E2E2E2E0000000079
:10E8F000B8B4CEBBCDEAB3C9A3A10000526573651D
:10E900007420636F6D706C6574652100CCE1CABEC4
:10E91000D0C5CFA2A3BAB2BBD4DAD4ADB5E3CEBBD7
:10E92000D6C3BDFBD6B9C7D0BDBAA3A100000000B5
:10E93000BFAACABCB2C3C7D0B6AFD7F72E0000007B
:10E94000B2C3C7D0CAA7B0DCA3A12E00B2C3C7D040
:10E95000CDEAB3C92E000000B1A8BEAFD0C5CFA28A
:10E96000A3BAD5E6BFD5B2BBB4EFB1EAA3ACCEEF44
:10E97000C1CFB5F4C2E40000CBCDC1CFCDEAB3C95D
:10E980002E000000CCE1CABED0C5CFA2A3BAB2C34C
:10E99000C7D0B5E7BBFAD4DAD4ADB5E3CEBBD6C3A6
:10E9A000A3A10000BFAACABCB2C3C7D0B8B4CEBB33
:10E9B000B6AFD7F72E000000B2C3C7D0B8B4CEBBF5
:10E9C000CAA7B0DCA3A12E00B2C3C7D0B8B4CEBBD7
:10E9D000CDEAB3C92E000000B8B4CEBBCDEAB3C9AE
:10E9E0002E000000B2C3C7D0B5E7BBFAB2C3C7D090
:10E9F000B6AFD7F72E000000B2C3C7D0B5E7BBFA59
:10EA0000B8B4CEBBB6AFD7F72E000000B1DCBFAABA
:10EA1000D4ADB5E32E2E2E00BCECB2E2D4ADB5E3FE
:10EA20002E2E2E00B1A8BEAFD0C5CFA2A3BACEB4B1
:10EA3000BCECB2E2B5BDD4ADB5E3D0C5BAC5A3A1B7
:10EA400000000000B1A8BEAFD0C5CFA2A3BAB1DC10
:10EA5000BFAAD4ADB5E3CAA7B0DCA3A100000000F3
:10EA6000BBD8D4ADB5E3CDEAB3C92E0041766F690A
:10EA70006420746865206F726967696E2E2E2E009F
:10EA80004261636B20746F206F726967696E2E003C
:10EA9000416C61726D20696E666F3A4E6F206F72C5
:10EAA0006967696E207369676E616C20646574655F
:10EAB0006374656421000000416C61726D20696EB1
:10EAC000666F3A4661696C656420746F2061766F89
:10EAD0006964206F726967696E2100004261636B2F
:10EAE00020746F206F726967696E20636F6D706C40
:10EAF0006574652E00000000B1A8BEAFD0C5CFA2DE
:10EB0000A3BAB1DCBFAAD4ADB5E3D0C5BAC5CAA714
:10EB1000B0DCA3A100000000416C61726D206D6546
:10EB200073736167653A204661696C656420746F30
:10EB30002061766F696420746865206F7269676907
:10EB40006E207369676E616C21000000416C617218
:10EB50006D206D6573736167653A204E6F206F722B
:10EB60006967696E207369676E616C20646574659E
:10EB70006374656421000000CCE1CABED0C5CFA299
:10EB8000A3BABCB4BDABD4CBD0D0BFD5C5DCB6AF77
:10EB9000D7F7A3ACC7EBD7A2D2E2A3A10000000035
:10EBA000546970733A4167696E67206D6F646520C0
:10EBB00069732072756E6E696E672100D6B4D0D00D
:10EBC000CBCDC1CFB6AFD7F72E0000004578656337
:10EBD000757465207468652066656564696E672074
:10EBE000616374696F6E2E00D6B4D0D0B2C3C7D043
:10EBF000B6AFD7F72E000000506572666F726D20B9
:10EC0000612063757420616374696F6E2E0000006B
:10EC1000D6B4D0D0B8B4CEBBB6AFD7F72E00000074
:10EC2000506572666F726D207265736574206163E2
:10EC300074696F6E2E000000C7E5B3FDBDBBBBA5B8
:10EC4000D0C5BAC52E000000B2C3C7D0BBD8D4AD62
:10EC5000B5E3D6D02E2E2E00CBCDC1CFB5E7BBFA73
:10EC6000BBD8D4ADB5E3D6D02E2E2E00B3F5CABC9A
:10EC7000BBAFCDEAB3C9A3A100000000B1A8BEAFED
:10EC8000D0C5CFA2A3BACBCDC1CFD0D0B3CCD7DF24
:10EC9000CDEAA3ACCEB4BCECB2E2B5BDD3D0C1CF0B
:10ECA000A3A10000416C61726D20696E666F3A66C7
:10ECB000656564696E67206F7672652C6E6F206D76
:10ECC0006174657269616C20697320646574656341
:10ECD0007465642100000000B1A8BEAFD0C5CFA20A
:10ECE000A3BAB7C5C1CFD0D0B3CCD7DFCDEAA3ACE0
:10ECF000CEB4BCECB2E2B5BDC1CFB4F8A3A1000064
:10ED0000BAF3BCD0C1CFC6F8B8D7BCD0BDF4B6AF4B
:10ED1000D7F72E00B1A8BEAFD0C5CFA2A3BAC8B155
:10ED2000C1CFD4A4BEAFA3ACC7EBD4F6B2B9CEEF7B
:10ED3000C1CFA3A100000000416C61726D206D6520
:10ED400073736167653A7072652D616C61726D20D5
:10ED5000666F72206C61636B206F66206D617465F5
:10ED60007269616C210000005549BDF4BCB1CDA3AE
:10ED7000D6B9B6AFD7F7A3A100000000554920458A
:10ED80002D73746F7020616374696F6E21000000D1
:10ED9000CDE2B2BFB4A5B7A2BCB1CDA3A3ACCDA305
:10EDA000D6B9CBF9D2D4B6AFD7F7A3A100000000F3
:10EDB0005472696767657220656D657267656E6319
:10EDC000792073746F702C2073746F7020616C6C79
:10EDD00020616374696F6E7321000000C4DAB2BFF2
:10EDE000B4A5B7A2BCB1CDA3A3ACCDA3D6B9CBF982
:10EDF000D2D4B6AFD7F7A3A1000000005549CDA3E8
:10EE0000D6B9B6AFD7F7A3A10000000055492073CB
:10EE1000746F7020616374696F6E2E00BCD0C1CFB7
:10EE2000C6F8B8D7CBC9BFAAB6AFD7F72E00000037
:10EE3000B1A8BEAFD0C5CFA2A3BABCD0C1CFC6F8CF
:10EE4000B8D7CBC9BFAAD2ECB3A3A3A100000000DE
:10EE5000BCD0C1CFC6F8B8D7BCD0BDF4B6AFD7F7D9
:10EE60002E000000B1A8BEAFD0C5CFA2A3BABCD0BF
:10EE7000C1CFC6F8B8D7BCD0BDF4D2ECB3A3A3A120
:10EE800000000000D5FBC6BDC6F8B8D7CBC9BFAAE5
:10EE9000B6AFD7F72E000000D5FBC6BDC6F8B8D771
:10EEA000BCD0BDF4B6AFD7F72E000000C6BDCCA8CD
:10EEB000CBF5BBD8B6AFD7F72E000000B1A8BEAFD8
:10EEC000D0C5CFA2A3BAC6BDCCA8CBF5BBD8D2ECD7
:10EED000B3A3A3A100000000C6BDCCA8C9ECB3F643
:10EEE000B6AFD7F72E000000B1A8BEAFD0C5CFA2F5
:10EEF000A3BAC6BDCCA8C9ECB3F6D2ECB3A3A3A108
:10EF000000000000D5E6BFD5B9D8B1D52E0000006D
:10EF1000B1A8BEAFD0C5CFA2A3BAD5E6BFD5B9D8E8
:10EF2000B1D5D2ECB3A3A3A100000000D5E6BFD5B4
:10EF3000B4F2BFAA2E000000B1A8BEAFD0C5CFA2C8
:10EF4000A3BAD5E6BFD5B4F2BFAAD2ECB3A3A3A1AE
:10EF500000000000B1A8BEAFD0C5CFA2A3BAB2C313
:10EF6000C7D0C7FDB6AFC6F7B1A8BEAF2E00000030
:10EF7000BFAACABCB9D8B1D5D5E6BFD5B6AFD7F709
:10EF80002E000000B9D8B1D5D5E6BFD5CDEAB3C9BA
:10EF9000A1A30000B9D8B1D5D5E6BFD5CAA7B0DCCA
:10EFA000A3A10000B5C8B4FDB6CFBFAAB9D8B1D5EA
:10EFB000D5E6BFD5D0C5BAC52E000000CCE1CABE8B
:10EFC000D0C5CFA2A3BACEEFC1CFB1BBC8A1D7DF06
:10EFD00000000000202020202020202020202020B1
:10EFE0002020202020202020202020202020202021
:10EFF0002020202020202020202020202000000071
:10F000002020202020202020202020202020202000
:10F0100020202020202020202020202020202020F0
:10F020002020202020202020000000005AA505825A
:10F0300000000000B2CECAFDD4BDBDE72CC9E8D6A1
:10F04000C3B7B6CEA7312D323030000050617261A7
:10F050006D6574657220697320696E76616C696490
:10F060002C73657474696E672072616E67653A31DE
:10F070002D32303000000000B2CECAFDD4BDBDE755
:10F080002CC9E8D6C3B7B6CEA7312D313530000034
:10F09000506172616D6574657220697320696E7666
:10F0A000616C69642C73657474696E672072616E3B
:10F0B00067653A312D31353000000000B2CECAFD0F
:10F0C000D4BDBDE72CC9E8D6C3B7B6CEA7352D321F
:10F0D00030303000506172616D6574657220697303
:10F0E00020696E76616C69642C73657474696E67EF
:10F0F0002072616E67653A352D3230303000000085
:10F10000B2CECAFDD4BDBDE72CC9E8D6C3B7B6CED2
:10F11000A7352D3530300000506172616D65746522
:10F120007220697320696E76616C69642C736574F2
:10F1300074696E672072616E67653A352D353030BF
:10F1400000000000B2CECAFDD4BDBDE72CC9E8D690
:10F15000C3B7B6CEA7312D31303000005061726197
:10F160006D6574657220697320696E76616C69647F
:10F170002C73657474696E672072616E67653A31CD
:10F180002D31303000000000B2CECAFDD4BDBDE745
:10F190002CC9E8D6C3B7B6CEA7302D313000000059
:10F1A000506172616D6574657220697320696E7655
:10F1B000616C69642C73657474696E672072616E2A
:10F1C00067653A302D313000B2CECAFDD4BDBDE7FF
:10F1D0002CC9E8D6C3B7B6CEA7312D3939390000CE
:10F1E000506172616D6574657220697320696E7615
:10F1F000616C69642C73657474696E672072616EEA
:10F2000067653A312D39393900000000B2CECAFDA8
:10F21000D4BDBDE72CC9E8D6C3B7B6CEA7302E31D2
:10F220002D322E3500000000506172616D657465ED
:10F230007220697320696E76616C69642C736574E1
:10F2400074696E672072616E67653A302E312D32B7
:10F250002E350000B2CECAFDD4BDBDE72CC9E8D61C
:10F26000C3B7B6CEA7312D340000000050617261E3
:10F270006D6574657220697320696E76616C69646E
:10F280002C73657474696E672072616E67653A31BC
:10F290002D340000B2CECAFDD4BDBDE70000000091
:10F2A0002A2A2A2A2A2A0000557365722020202043
:10F2B0000000000056656E646F72202000000000A0
:10F2C000537570657220202000000000D1B9C1CFB5
:10F2D000C6F8B8D700000000C6BDCCA8C6F8B8D79D
:10F2E00000000000C6BDCCA8D5E6BFD5B5E7B4C5C3
:10F2F000B7A70000D5FBC6BDC6F8B8D70000000010
:10F30000CBC5B7FECAB9C4DCD0C5BAC50000000081
:10F31000CBC5B7FEC7E5B3FDB1A8BEAFD0C5BAC572
:10F3200000000000B1B8D3C300000000B3F5CABCB0
:10F33000BBAFCDEAB3C9D0C5BAC50000D2ECB3A308
:10F34000B1A8BEAFD0C5BAC500000000D5E6BFD594
:10F35000B9D8B1D5CDEAB3C9D0C5BAC5000000004F
:10F360002020CBCDC1CFCDEAB3C9D0C5BAC52020AE
:10F3700000000000CBCDC1CFD0C5BAC50000000051
:10F38000B9D8B1D5D5E6BFD5D0C5BAC50000000003
:10F39000B3F5CABCBBAFD0C5BAC50000CDA3D6B9C2
:10F3A000D0C5BAC500000000D7D4B2C3D7D4C7D0E7
:10F3B000BEEDCABDB9A9C1CFC6F70000CBCDC1CF44
:10F3C000D4ADB5E3D0C5BAC500000000CBCDC1CFE8
:10F3D000B5BDCEBBD0C5BAC500000000D1B9C1CF04
:10F3E000C6F8B8D7B6AFB5E3D0C5BAC500000000BF
:10F3F000C7D0B5B6B5E7BBFAD4ADB5E3D0C5BAC58D
:10F4000000000000C4DAB2BFBCB1CDA3D0C5BAC5FC
:10F4100000000000C6BDCCA8D5E6BFD5D0C5BAC592
:10F4200000000000C6BDCCA8C6F8B8D7D4ADB5E37F
:10F43000D0C5BAC500000000C6BDCCA8C6F8B8D774
:10F44000B6AFB5E3D0C5BAC500000000B7C5C1CF9F
:10F45000C6F4B6AFD0C5BAC500000000B7C5C1CF6D
:10F46000CDA3D6B9D0C5BAC500000000CBC5B7FE44
:10F47000B1A8BEAFD0C5BAC500000000D3C3BBA7BA
:10F48000B5C7C2BC00000000456E676C69736800B8
:10F490004152442D4C42432D41302D344343000012
:10F4A00041524545442D34432D323030302D4300F8
:10F4B00056312E302E312032303232333032303825
:10F4C0000000000002030405060708090A0B0C0DE2
:10F4D0000E0F1010D3C3BBA7B5C7C2BC00000000FD
:10F4E000CFB5CDB3D7D4B6AFCDCBB3F6B3C9B9A6EC
:10F4F0002E000000202020202020202000000000DE
:10F50000300000002020202020202020202020204B
:10F5100020202020202020202020202020202020EB
:10F52000202020202020202020202020000000005B
:10F53000CCE1CABED0C5CFA2A3BAB5C8B4FDBDE266
:10F54000B3FDBCB1CDA3A3A100000000CCE1CABEB5
:10F55000D0C5CFA2A3BABDE2B3FDBCB1CDA3A3A1D8
:10F5600000000000CCE1CABED0C5CFA2A3BACDE254
:10F57000B2BFBDF4BCB1CDA3D6B9D7B4CCACA3A1B6
:10F5800000000000C7D0BBBBB5BDC1AABBFAC4A375
:10F59000CABD2E00CCE1CABED0C5CFA2A3BACEB49C
:10F5A000C8A1D7DFCEEFC1CFA3ACBDFBD6B9CBCDC1
:10F5B000C1CFA3A100000000546970733A204E6FC0
:10F5C000206D6174657269616C2069732063757464
:10F5D0002C206E6F2066656564696E6721000000EF
:10F5E00071AC8B3EBBB88D3E20D28F3E6ADE913E21
:10F5F000CFF7933E3411963EB537983E355E9A3E2E
:10F60000B6849C3E52B89E3EEEEBA03E8A1FA33EBF
:10F610004260A53EDE93A73EB1E1A93E6822AC3E22
:10F620003B70AE3E0EBEB03EE10BB33ECF66B53E84
:10F63000BEC1B73EAC1CBA3E9A77BC3EA4DFBE3E0C
:10F64000AE47C13EB8AFC33EC217C63EE78CC83E08
:10F650000C02CB3E3277CD3E57ECCF3E7C61D23EA2
:10F66000BDE3D43EE258D73E23DBD93E645DDC3EA9
:10F67000A4DFDE3EE561E13E41F1E33E8273E63E1A
:10F68000DE02E93E1F85EB3E7B14EE3ED7A3F03E43
:10F690003333F33E8FC2F53EEC51F83E48E1FA3E7B
:10F6A000A470FD3E0000003F2041013FCE88023F94
:10F6B0007DD0033F2B18053FD95F063F87A7073F43
:10F6C00035EF083FE3360A3F03780B3FB1BF0C3FED
:10F6D000D2000E3F80480F3FA089103FC1CA113FA2
:10F6E000E10B133F014D143F9487153FB4C8163FFB
:10F6F0004703183FD93D193F6C781A3FFFB21B3FB3
:10F7000091ED1C3F96211E3F9B551F3FA089203F36
:10F71000A5BD213F1CEB223F9318243F0B46253FFC
:10F720008273263F6B9A273F55C1283F3EE8293F09
:10F730009A082B3F832F2C3F52492D3FAD692E3F16
:10F740007B832F3F499D303F17B7313F58CA323F27
:10F7500098DD333FD8F0343F8BFD353F3D0A373FCE
:10F760006210383F151D393F3A233A3FD1223B3FC3
:10F7700024B9FC3D01DE023EA779073EBA490C3EA2
:10F780000534113E8638163E76711B3E9CC4203EE1
:10F79000304C263EFAED2B3E33C4313EA2B4373E08
:10F7A0007FD93D3E9318443E158C4A3ECE19513EBA
:10F7B000F5DB573E52B85E3E1DC9653E1FF46C3EF8
:10F7C0008F53743E6DE77B3EC1CA813EE6AE853EF7
:10F7D00043AD893EBBB88D3E6ADE913E3411963E04
:10F7E000355E9A3E52B89E3E8A1FA33EDE93A73EE8
:10F7F0006822AC3E0EBEB03ECF66B53EAC1CBA3EF3
:10F80000A4DFBE3EB8AFC33EE78CC83E3277CD3EE4
:10F810007C61D23EE258D73E645DDC3EE561E13E6C
:10F820008273E63E1F85EB3ED7A3F03E8FC2F53EC6
:10F8300048E1FA3E0000003FCE88023F2B18053F0A
:10F8400087A7073FE3360A3FB1BF0C3F80480F3F11
:10F85000C1CA113F014D143FB4C8163FD93D193FED
:10F86000FFB21B3F96211E3FA089203F1CEB223F89
:10F870000B46253F6B9A273F3EE8293F832F2C3FBD
:10F88000AD692E3F499D303F58CA323FD8F0343FD2
:10F890003D0A373F151D393FD1223B3FFF213D3FF8
:10F8A00012143F3F97FF403F8FE4423F6ABC443F02
:10F8B0002B87463F5E4B483F75024A3FFFB24B3FA6
:10F8C0006D564D3F4DF34E3F1283503F4A0C523F11
:10F8D0006688533FF4FD543F6666563F4BC8573F1A
:10F8E000151D593F516B5A3F71AC5B3F04E75C3FBC
:10F8F000091B5E3FF2415F3F4E62603F8E75613F84
:10F90000849E4D3D637F593DF931663D46B6733D5A
:10F91000B7D1803D9565883DE02D903D075F983DCE
:10F92000772DA13D5530AA3D7DD0B33D7FD9BD3D5A
:10F93000CC7FC83D61C3D33D643BDF3D1F85EB3DBC
:10F94000226CF83D01DE023ECCEE093E0534113E4C
:10F9500019E2183E9CC4203E302A293E33C4313E71
:10F9600011C73A3E9318443EF2D24D3EF5DB573E66
:10F970009C33623E1FF46C3E7E1D783EC1CA813EC0
:10F9800014AE873EBBB88D3ECFF7933E355E9A3EB0
:10F99000EEEBA03EDE93A73E3B70AE3ECF66B53E9B
:10F9A0009A77BC3EB8AFC33E0C02CB3E7C61D23EE0
:10F9B00023DBD93EE561E13EDE02E93ED7A3F03E1E
:10F9C000EC51F83E0000003F7DD0033F87A7073F82
:10F9D00003780B3F80480F3FE10B133FB4C8163F3D
:10F9E0006C781A3F96211E3FA5BD213F0B46253F4F
:10F9F00055C1283F832F2C3F7B832F3F58CA323F6E
:10FA00008BFD353F151D393F68223C3F12143F3FA7
:10FA100013F2413F6ABC443F8B6C473F75024A3F3B
:10FA2000B6844C3F4DF34E3FAE47513F6688533F3F
:10FA3000E6AE553F4BC8573FECC0593F71AC5B3FFA
:10FA4000BF7D5D3FF2415F3FEEEB603FCE88623F9E
:10FA50000612643F0681653F79E9663F423E683F92
:10FA6000637F693F68B36A3FC3D36B3F91ED6C3FDF
:10FA7000B6F36D3FC0EC6E3F3BDF6F3F0EBE703F95
:10FA80005396713F7C61723F8A1F733F0AD7733F61
:10FA9000C0EC9E3C3108AC3C5AF5B93CF085C93C01
:10FAA0008716D93C431CEB3CB6F3FD3C4C37093D73
:10FAB0007446143D5227203DE8D92C3D11C73A3DEC
:10FAC000F085493D637F593D68B36A3DFF217D3D27
:10FAD0009565883D73D7923D091B9E3D5530AA3DE3
:10FAE0005917B73D8104C53D61C3D33DF853E33D8C
:10FAF000211FF43D01DE023EBA490C3E8638163E17
:10FB00009CC4203EFAED2B3EA2B4373E9318443EEF
:10FB1000CE19513E52B85E3E1FF46C3E6DE77B3EFF
:10FB2000E6AE853EBBB88D3E3411963E52B89E3E41
:10FB3000DE93A73E0EBEB03EAC1CBA3EB8AFC33E8D
:10FB40003277CD3EE258D73EE561E13E1F85EB3E80
:10FB50008FC2F53E0000003F2B18053FE3360A3FF9
:10FB600080480F3F014D143FD93D193F96211E3F5C
:10FB70001CEB223F6B9A273F832F2C3F499D303F40
:10FB8000D8F0343F151D393FFF213D3F97FF403FDF
:10FB90006ABC443F5E4B483FFFB24B3F4DF34E3F84
:10FBA0004A0C523FF4FD543F4BC8573F516B5A3FEC
:10FBB00004E75C3FF2415F3F8E75613FF38E633F28
:10FBC0000681653FE258673F8716693F68B36A3F21
:10FBD00011366C3F849E6D3FC0EC6E3F5227703FE4
:10FBE0003C4E713F7C61723F1361733F014D743F26
:10FBF000D42B753FFDF6753F0BB5763FFE65773F1D
:10FC0000D509783F90A0783FBE30793F43AD793F2A
:10FC1000C7297A3F31997A3F0C027B3F5A647B3F78
:10FC2000D734EF3BDDB5043CBC74133C9C33223C21
:10FC3000EA95323C143F463C3EE8593C45D8703C7E
:10FC40009487853C05A3923C9C33A23CEA95B23C48
:10FC50005D6DC53C8716D93C8E06F03C26E4033D1D
:10FC60007368113D5227203DA089303D8126423DD9
:10FC7000CF66553D68B36A3DB7D1803D4D848D3D1B
:10FC8000083D9B3D5530AA3DA392BA3D832FCC3D04
:10FC9000643BDF3D211FF43DEF38053E0534113E46
:10FCA000091B1E3EFAED2B3E11C73A3E158C4A3E0B
:10FCB000083D5B3E1FF46C3E5BB17F3E43AD893E29
:10FCC000CFF7933E52B89E3EB1E1A93ECF66B53E16
:10FCD000AE47C13E3277CD3E23DBD93E8273E63E4E
:10FCE0003333F33E0000003FD95F063FB1BF0C3F06
:10FCF000E10B133FD93D193F9B551F3F0B46253F55
:10FD00009A082B3F499D303F8BFD353FD1223B3F29
:10FD10001B0D403F6ABC443F302A493F6D564D3F62
:10FD2000AE47513FF4FD543FB072583F71AC5B3F5A
:10FD300036AB5E3F8E75613F0612643F8273663F4D
:10FD40001EA7683F68B36A3FD1916C3FE9486E3F98
:10FD50003BDF6F3F3C4E713F05A3723F0AD7733FB5
:10FD6000D8F0743FFDF6753FEBE2763F30BB773F4E
:10FD70003E79783FBE30793F07CE793FC3647A3F02
:10FD8000D5E77A3F5A647B3F36CD7B3F11367C3FC7
:10FD9000D1917C3F76E07C3F1B2F7D3FA4707D3F5F
:10FDA0009FAB7D3F9BE67D3F091B7E3FE9487E3F41
:10FDB0007CF2303B5F294B3B4260653B24977F3BA5
:10FDC000E02D903B0AD7A33B11C7BA3B17B7D13BF5
:10FDD000FAEDEB3BDDB5043C2B18153C55C1283C36
:10FDE000ED0D3E3C62A1563C45D8703CB9FC873CC9
:10FDF000BE30993C3108AC3CCA54C13C8716D93C52
:10FE0000211FF43C4C37093D75021A3DE8D92C3DC1
:10FE10008126423D637F593D46B6733D9565883DD9
:10FE2000075F983D5530AA3D7FD9BD3D61C3D33DA5
:10FE30001F85EB3D01DE023E0534113E9CC4203E91
:10FE400033C4313E9318443EF5DB573E1FF46C3EFD
:10FE5000C1CA813EBBB88D3E355E9A3EDE93A73E59
:10FE6000CF66B53EB8AFC33E7C61D23EE561E13EB0
:10FE7000D7A3F03E0000003F87A7073F80480F3F11
:10FE8000B4C8163F96211E3F0B46253F832F2C3FBB
:10FE900058CA323F151D393F12143F3F6ABC443FD8
:10FEA00075024A3F4DF34E3F6688533F4BC8573F5C
:10FEB00071AC5B3FF2415F3FCE88623F0681653F98
:10FEC000423E683F68B36A3F91ED6C3FC0EC6E3FC5
:10FED0000EBE703F7C61723F0AD7733FD42B753FD3
:10FEE0004B59763FFE65773F7958783FBE30793F72
:10FEF000CCEE793F31997A3FEC2F7B3F8CB97B3F39
:10FF000011367C3FED9E7C3F3B017D3F6D567D3F32
:10FF100012A57D3F9BE67D3F96217E3F04567E3FA6
:10FF2000E4837E3FC4B17E3F17D97E3FDBF97E3F3D
:10FF300012147F3F492E7F3F80487F3F295C7F3FDF
:10FF40006F12833A52499D3AC364AA3AA69BC43AB7
:10FF5000FAEDEB3A27A0093B52491D3B7CF2303BBE
:10FF600017B7513BFAED6B3B27A0893B52499D3BAC
:10FF70005839B43B17B7D13BD734EF3B27A0093CE6
:10FF8000C0EC1E3C3480373C17B7513C45D8703C20
:10FF9000DE718A3CC0EC9E3C7DAEB63C60E5D03C58
:10FFA0008E06F03C4C37093D52491D3D7DD0333D16
:10FFB000849E4D3D68B36A3D02BC853D075F983D18
:10FFC0003277AD3D8104C53D643BDF3D24B9FC3D46
:10FFD000E0BE0E3E9CC4203E6ABC343E158C4A3EB8
:10FFE0009C33623E6DE77B3E71AC8B3E355E9A3E44
:10FFF000B1E1A93EAC1CBA3E0C02CB3E645DDC3ED6
:020000040801F1
:100000007B14EE3E0000003F35EF083FC1CA113FB0
:100010006C781A3F1CEB223F9A082B3F58CA323F9C
:100020003A233A3F97FF403F8B6C473F6D564D3F19
:1000300058CA523F4BC8573FBA495C3F4E62603F77
:100040000612643FE258673F8C4A6A3F91ED6C3F6D
:10005000F2416F3F3C4E713F8A1F733F6ABC743F51
:10006000DD24763FFE65773F3E79783F4772793FE2
:10007000FE437A3F0C027B3FE3A57B3F11367C3F7A
:1000800096B27C3F711B7D3FBF7D7D3FF2D27D3FAD
:10009000091B7E3F04567E3F00917E3FE0BE7E3FBF
:1000A00032E67E3F840D7F3FBB277F3F80487F3F06
:1000B000295C7F3FD26F7F3F7B837F3F24977F3FC9
:1000C00040A47F3FCEAA7F3FE9B77F3F77BE7F3F07
:1000D00052499D3917B7D1396F12033A52491D3A27
:1000E0003480373A17B7513A6F12833A52499D3AE2
:1000F0003480B73A17B7D13A6C09F93AE02D103B82
:10010000C3642A3B5F294B3BFAED6B3B04E78C3B16
:100110000AD7A33BCA54C13B6519E23BDDB5043C99
:10012000E3A51B3C3480373C62A1563CDAAC7A3CF8
:1001300005A3923C3108AC3CF085C93C431CEB3C28
:100140004C37093D5227203D11C73A3D637F593D49
:10015000FF217D3D73D7923D5530AA3D8104C53DB9
:10016000F853E33D01DE023E8638163EFAED2B3EA3
:100170009318443E52B85E3E6DE77B3EBBB88D3E61
:1001800052B89E3E0EBEB03EB8AFC33EE258D73E18
:100190001F85EB3E0000003FE3360A3F014D143F50
:1001A00096211E3F6B9A273F499D303F151D393FD1
:1001B00097FF403F5E4B483F4DF34E3FF4FD543FA9
:1001C000516B5A3FF2415F3FF38E633FE258673F06
:1001D00068B36A3F849E6D3F5227703F7C61723FD7
:1001E000014D743FFDF6753FFE65773F90A0783F67
:1001F00043AD793F31997A3F5A647B3FBF0E7C3FD4
:10020000ED9E7C3F711B7D3FDB8A7D3F9BE67D3F02
:100210003F357E3FC9767E3FC4B17E3FA4DF7E3F3F
:10022000840D7F3F492E7F3F0E4F7F3F44697F3FC4
:10023000EE7C7F3F97907F3FB29D7F3FCEAA7F3F6E
:10024000E9B77F3F05C57F3F92CB7F3F20D27F3FFD
:10025000AED87F3F3BDF7F3FC9E57F3FC9E57F3FAA
:1002600017B7D13817B7D13817B7513917B7513930
:1002700052499D3952499D3917B7D1396F12033A06
:1002800052491D3A3480373A17B7513A6F12833AC0
:1002900052499D3AA69BC43AFAEDEB3A27A0093B96
:1002A000C3642A3B5F294B3BB37B723BE02D903B01
:1002B0009FABAD3B17B7D13B6C09F93B2B18153CF5
:1002C000EA95323C62A1563C24977F3CBE30993C73
:1002D0007DAEB63C8716D93C006F013D75021A3DD4
:1002E0005917373D637F593DB7D1803D075F983D32
:1002F0007DD0B33D61C3D33D226CF83D0534113E42
:10030000302A293E9318443E9C33623EC1CA813E46
:10031000CFF7933EDE93A73E9A77BC3E7C61D23EF8
:10032000DE02E93E0000003F03780B3FB4C8163FF1
:10033000A5BD213F832F2C3F8BFD353F12143F3F3E
:100340008B6C473F4DF34E3FE6AE553F71AC5B3F84
:10035000EEEB603F0681653F637F693F91ED6C3F47
:100360003BDF6F3F7C61723FFD87743F4B59763FA7
:1003700082E2773FBE30793FFE437A3FEC2F7B3FEE
:1003800016FB7B3FED9E7C3F1B2F7D3F12A57D3FE3
:100390005F077E3F04567E3F1B9E7E3F17D97E3F00
:1003A000F7067F3F492E7F3F0E4F7F3FD26F7F3F43
:1003B0007B837F3F24977F3FCEAA7F3FE9B77F3F74
:1003C00005C57F3F92CB7F3F20D27F3FAED87F3F96
:1003D0003BDF7F3FC9E57F3FC9E57F3F57EC7F3F6C
:1003E00057EC7F3FE5F27F3FE5F27F3FE5F27F3F4D
:1003F00000000000000000000000000017B7D13826
:1004000017B7D13817B7D13817B7D13817B751390F
:1004100017B7513952499D3917B7D1396F12033A7D
:1004200052491D3A3480373AFAED6B3AE02D903A52
:10043000C364AA3A17B7D13A6F12033B52491D3B26
:10044000A69B443BFAED6B3BE02D903B7CF2B03B2E
:10045000D044D83BDDB5043C9C33223C143F463CA1
:1004600045D8703C05A3923CEA95B23C8716D93C2E
:1004700026E4033D5227203D8126423D68B36A3D74
:100480004D848D3D5530AA3D832FCC3D211FF43D39
:100490000534113EFAED2B3E158C4A3E1FF46C3E9E
:1004A00043AD893E52B89E3ECF66B53E3277CD3ED3
:1004B0008273E63E0000003FB1BF0C3FD93D193FBB
:1004C0000B46253F499D303FD1223B3F6ABC443F0C
:1004D0006D564D3FF4FD543F71AC5B3F8E75613FEF
:1004E0008273663F68B36A3FE9486E3F3C4E713F96
:1004F0000AD7733FFDF6753F30BB773FBE30793F7B
:10050000C3647A3F5A647B3F11367C3F76E07C3F80
:10051000A4707D3F9BE67D3FE9487E3F8D977E3FFF
:1005200017D97E3F840D7F3FD7347F3F295C7F3FC3
:1005300060767F3F97907F3F40A47F3F5BB17F3FD6
:1005400077BE7F3F92CB7F3F20D27F3FAED87F3FA9
:100550003BDF7F3FC9E57F3F57EC7F3F57EC7F3F55
:10056000E5F27F3FE5F27F3FE5F27F3FE5F27F3F37
:1005700072F97F3F72F97F3F72F97F3F72F97F3FD7
:10058000D9A30008BDAD000821AF000885B0000860
:10059000B9A300089DAD000801AF000865B00008D0
:1005A0008813881388138813881388138813881373
:1005B000B80B000032000300960002009600020013
:1005C00096000200000088130010014000020000A5
:1005D0000010014040000000001001400001000038
:1005E0000010014080000000001401408000000065
:1005F000001001400008000000140140400000000D
:100600000010014000100000000C014080000000BC
:10061000000C014008000000000C01402000000018
:10062000000C014010000000001801400400000010
:1006300000180140200000000018014008000000E0
:1006400000180140100000000014014008000000E4
:1006500000140140040000000014014002000000EA
:10066000001401400100000000080140800000006B
:100670000008014040000000001801400100000097
:1006800000180140020000000014014000040000B6
:1006900000140140000200000014014000010000AD
:1006A000000C0140008000000018014040000000E4
:1006B00000100140002000000010014000800000F8
:1006C00000140140008000000014014020000000E0
:1006D0000014014010000000001001400004000060
:1006E00000080140008000000014014000400000AC
:1006F0000014014000200000001401400010000020
:100700000014014000080000001801400010000023
:1007100000180140002000000018014000400000C7
:10072000001801400080000000180140000800008F
:100730000018014000040000001801400002000001
:100740000018014000010000001801408000000076
:10075000000C0140020000000010014020000000D9
:100760000010014010000000000000000000000028
:100770000102030406070809000000000102030447
:10078000232D302B2000686C4C006566674546477A
:1007900000303132333435363738394142434445FD
:1007A000460030313233343536373839616263646C
:0407B000656600007A
:0407B40055010008E3
:0407B8003101000803
:1007BC00192D0008B52A0008952D0008CD2D00082C
:1007CC000D340008392E0008F52E0008F53200080B
:1007DC0055330008FD3D0008693E00088D3F0008B8
:1007EC001D400008ED3E0008B940000849410008D2
:1007FC00E541000839420008ED37000811380008BF
:10080C0035380008593800087D380008A138000830
:10081C00C5380008E93800088D390008D9340008BB
:10082C008D35000825360008BD33000879340008E2
:10083C0089360008B13600080D3700085D3700080E
:10084C0081370008A5370008C9370008C9540008CB
:10085C000D39000855560008453A0008653B00085C
:10086C007D3C000889430008694400083D450008A8
:10087C009942000809440008AD540008ED3E0008F8
:10088C00AD540008AD540008730000006E00000069
:10089C00690000005A0000004B00000041000000FD
:1008AC002800000023000000780000007300000006
:1008BC006E0000005F000000500000003C000000D3
:1008CC0019000000000000000101010101010101FB
:1008DC000101010101010101010000005AA507827B
:1008EC0000845A01000000005AA504830014010082
:1008FC0010000000010101010101000000A24A04E6
:10090C005401002000000000000000000000000066
:10091C0000000000000000000000000000000000CB
:10092C0000000000000000000000000000000000BB
:10093C0000000000000000000000000000000000AB
:10094C00000000000000000000000000000000009B
:10095C00000000000000000000000000000000008B
:04096C000000000087
:040000050800D92DE9
:00000001FF
