:020000040800F2
:10000000000001201D4701086D4701086D470108E8
:100010006D4701086D4701086D47010800000000A9
:100020000000000000000000000000006D47010813
:100030006D470108000000006D470108B13A010852
:100040006D4701086D4701086D4701086D470108BC
:100050006D4701086D4701081D3801084138010846
:1000600071380108AD380108E53801086D4701080D
:100070006D4701086D4701086D4701086D4701088C
:100080006D470108CD0C01086D4701086D47010857
:100090006D4701086D4701086D4701086D4701086C
:1000A0006D4701086D4701086D470108D12300081D
:1000B00069280008552B0008F92E00086D47010833
:1000C0006D4701086D4701086D4701086D4701083C
:1000D0006D470108453C0108BD3901086D4701081D
:1000E000013901086D470108000000006D47010853
:1000F0006D4701086D4701086D4701086D4701080C
:100100006D4701086D470108193C01086D4701085A
:100110006D4701086D4701086D4701086D470108EB
:100120006D4701086D4701086D4701086D470108DB
:1001300010B5054C237833B9044B13B10448AFF321
:1001400000800123237010BD880300200000000000
:10015000C850010808B5034B1BB103490348AFF36E
:10016000008008BD000000008C030020C85001087A
:1001700081F0004102E000BF83F0004330B54FEA58
:1001800041044FEA430594EA050F08BF90EA020FC5
:100190001FBF54EA000C55EA020C7FEA645C7FEA58
:1001A000655C00F0E2804FEA5454D4EB5555B8BF7B
:1001B0006D420CDD2C4480EA020281EA030382EAEC
:1001C000000083EA010180EA020281EA0303362D7E
:1001D00088BF30BD11F0004F4FEA01314FF4801C51
:1001E0004CEA113102D0404261EB410113F0004F63
:1001F0004FEA03334CEA133302D0524263EB43031A
:1002000094EA050F00F0A780A4F10104D5F1200EB7
:100210000DDB02FA0EFC22FA05F2801841F1000112
:1002200003FA0EF2801843FA05F359410EE0A5F1E6
:1002300020050EF1200E012A03FA0EFC28BF4CF017
:10024000020C43FA05F3C01851EBE37101F00045CD
:1002500007D54FF0000EDCF1000C7EEB00006EEBDA
:100260000101B1F5801F1BD3B1F5001F0CD3490864
:100270005FEA30004FEA3C0C04F101044FEA4452BB
:1002800012F5800F80F09A80BCF1004F08BF5FEA42
:10029000500C50F1000041EB045141EA050130BD22
:1002A0005FEA4C0C404141EB0101013C28BFB1F534
:1002B000801FE9D291F0000F04BF01460020B1FA7F
:1002C00081F308BF2033A3F10B03B3F120020CDA52
:1002D0000C3208DD02F1140CC2F10C0201FA0CF030
:1002E00021FA02F10CE002F11402D8BFC2F1200C95
:1002F00001FA02F120FA0CFCDCBF41EA0C0190404B
:10030000E41AA2BF01EB0451294330BD6FEA040493
:100310001F3C1CDA0C340EDC04F11404C4F120027E
:1003200020FA04F001FA02F340EA030021FA04F390
:1003300045EA030130BDC4F10C04C4F1200220FAE7
:1003400002F001FA04F340EA0300294630BD21FA25
:1003500004F0294630BD94F0000F83F4801306BFEB
:1003600081F480110134013D4EE77FEA645C18BFDF
:100370007FEA655C29D094EA050F08BF90EA020F76
:1003800005D054EA000C04BF1946104630BD91EA6E
:10039000030F1EBF0021002030BD5FEA545C05D171
:1003A0004000494128BF41F0004130BD14F58004B0
:1003B0003CBF01F5801130BD01F0004545F0FE4124
:1003C00041F470014FF0000030BD7FEA645C1ABF59
:1003D000194610467FEA655C1CBF0B46024650EA90
:1003E000013406BF52EA033591EA030F41F40021BC
:1003F00030BD00BF90F0000F04BF0021704730B542
:100400004FF4806404F132044FF000054FF0000116
:1004100050E700BF90F0000F04BF0021704730B5D7
:100420004FF4806404F1320410F0004548BF4042AC
:100430004FF000013EE700BF42004FEAE2014FEA01
:1004400031014FEA02701FBF12F07F4393F07F4FDC
:1004500081F06051704732F07F4208BF704793F0DF
:100460007F4F04BF41F40021704730B54FF46074F2
:1004700001F0004521F000411CE700BF50EA0102F5
:1004800008BF704730B54FF000050AE050EA01029E
:1004900008BF704730B511F0004502D5404261EB0E
:1004A00041014FF4806404F132045FEA915C3FF44F
:1004B000D8AE4FF003025FEADC0C18BF03325FEAEC
:1004C000DC0C18BF033202EBDC02C2F1200300FA9D
:1004D00003FC20FA02F001FA03FE40EA0E0021FAC2
:1004E00002F11444BDE600BF70B54FF0FF0C4CF4B0
:1004F000E06C1CEA11541DBF1CEA135594EA0C0F62
:1005000095EA0C0F00F0DEF82C4481EA030621EA9C
:100510004C5123EA4C5350EA013518BF52EA0335D7
:1005200041F4801143F4801338D0A0FB02CE4FF089
:100530000005E1FB02E506F00042E0FB03E54FF0B9
:100540000006E1FB03569CF0000F18BF4EF0010EB1
:10055000A4F1FF04B6F5007F64F5407404D25FEAAD
:100560004E0E6D4146EB060642EAC62141EA555160
:100570004FEAC52040EA5E504FEACE2EB4F1FD0CA2
:1005800088BFBCF5E06F1ED8BEF1004F08BF5FEA20
:10059000500E50F1000041EB045170BD06F00046D2
:1005A00046EA010140EA020081EA0301B4EB5C047F
:1005B000C2BFD4EB0C0541EA045170BD41F4801177
:1005C0004FF0000E013C00F3AB8014F1360FDEBF9C
:1005D000002001F0004170BDC4F10004203C35DA78
:1005E0000C341BDC04F11404C4F1200500FA05F3FB
:1005F00020FA04F001FA05F240EA020001F000429C
:1006000021F0004110EBD37021FA04F642EB060111
:100610005EEA430E08BF20EAD37070BDC4F10C043B
:10062000C4F1200500FA04F320FA05F001FA04F2FF
:1006300040EA020001F0004110EBD37041F10001EB
:100640005EEA430E08BF20EAD37070BDC4F12005F6
:1006500000FA05F24EEA020E20FA04F301FA05F25E
:1006600043EA020321FA04F001F0004121FA04F206
:1006700020EA020000EBD3705EEA430E08BF20EAD6
:10068000D37070BD94F0000F0FD101F00046400010
:1006900041EB010111F4801F08BF013CF7D041EA92
:1006A000060195F0000F18BF704703F00046520096
:1006B00043EB030313F4801F08BF013DF7D043EA67
:1006C0000603704794EA0C0F0CEA135518BF95EA1D
:1006D0000C0F0CD050EA410618BF52EA4306D1D1A4
:1006E00081EA030101F000414FF0000070BD50EAC3
:1006F000410606BF1046194652EA430619D094EA4D
:100700000C0F02D150EA013613D195EA0C0F05D136
:1007100052EA03361CBF104619460AD181EA03018A
:1007200001F0004141F0FE4141F470014FF0000042
:1007300070BD41F0FE4141F4780170BD70B54FF0DD
:10074000FF0C4CF4E06C1CEA11541DBF1CEA13555D
:1007500094EA0C0F95EA0C0F00F0A7F8A4EB05043F
:1007600081EA030E52EA03354FEA013100F0888036
:100770004FEA03334FF0805545EA131343EA1263FF
:100780004FEA022245EA111545EA10654FEA0026B4
:100790000EF000419D4208BF964244F1FD0404F56D
:1007A000407402D25B084FEA3202B61A65EB0305C9
:1007B0005B084FEA32024FF480104FF4002CB6EB86
:1007C000020E75EB030E22BFB61A754640EA0C0006
:1007D0005B084FEA3202B6EB020E75EB030E22BF46
:1007E000B61A754640EA5C005B084FEA3202B6EB87
:1007F000020E75EB030E22BFB61A754640EA9C0046
:100800005B084FEA3202B6EB020E75EB030E22BF15
:10081000B61A754640EADC0055EA060E18D04FEAD3
:10082000051545EA16754FEA06164FEAC30343EA73
:1008300052734FEAC2025FEA1C1CC0D111F4801F40
:100840000BD141EA00014FF000004FF0004CB6E739
:1008500011F4801F04BF01430020B4F1FD0C88BFD8
:10086000BCF5E06F3FF6AFAEB5EB030C04BFB6EBE3
:10087000020C5FEA500C50F1000041EB045170BDD6
:100880000EF0004E4EEA113114EB5C04C2BFD4EB03
:100890000C0541EA045170BD41F480114FF0000E87
:1008A000013C90E645EA060E8DE60CEA135594EA03
:1008B0000C0F08BF95EA0C0F3FF43BAF94EA0C0F06
:1008C0000AD150EA01347FF434AF95EA0C0F7FF47B
:1008D00025AF104619462CE795EA0C0F06D152EACF
:1008E00003353FF4FDAE1046194622E750EA4106B3
:1008F00018BF52EA43067FF4C5AE50EA41047FF4C4
:100900000DAF52EA43057FF4EBAE12E74A0011D275
:1009100012F5001211D20DD56FF47873B3EB625259
:100920000ED44FEAC12343F0004343EA505323FA65
:1009300002F070474FF00000704750EA013002D1DA
:100940004FF0FF3070474FF0000070474FEA410210
:10095000B2F1E04324BFB3F5001CDCF1FE5C0DD91D
:1009600001F0004C4FEAC0024CEA5070B2F1004F67
:1009700040EB830008BF20F00100704711F0804F6A
:1009800021D113F13872BCBF01F00040704741F42F
:1009900080114FEA5252C2F11802C2F1200C10FA33
:1009A0000CF320FA02F018BF40F001004FEAC12317
:1009B0004FEAD32303FA0CFC40EA0C0023FA02F3BB
:1009C0004FEA4303CCE77FEA625307D150EA013391
:1009D0001EBF4FF0FE4040F44000704701F0004061
:1009E00040F0FE4040F40000704700BF80F000403F
:1009F00002E000BF81F0004142001FBF5FEA4103F7
:100A000092EA030F7FEA226C7FEA236C6AD04FEAF6
:100A10001262D2EB1363C1BFD2184140484041403B
:100A2000B8BF5B42192B88BF704710F0004F40F4ED
:100A3000000020F07F4018BF404211F0004F41F409
:100A4000000121F07F4118BF494292EA030F3FD0D5
:100A5000A2F1010241FA03FC10EB0C00C3F12003E8
:100A600001FA03F100F0004302D5494260EB400077
:100A7000B0F5000F13D3B0F1807F06D340084FEAE2
:100A8000310102F10102FE2A51D2B1F1004F40EBD7
:100A9000C25008BF20F0010040EA0300704749003F
:100AA00040EB0000013A28BFB0F5000FEDD2B0FADC
:100AB00080FCACF1080CB2EB0C0200FA0CF0AABFFF
:100AC00000EBC25052421843BCBFD040184370479D
:100AD00092F0000F81F4000106BF80F400000132A3
:100AE000013BB5E74FEA41037FEA226C18BF7FEA7A
:100AF000236C21D092EA030F04D092F0000F08BFBC
:100B00000846704790EA010F1CBF0020704712F0A2
:100B10007F4F04D1400028BF40F00040704712F1E1
:100B200000723CBF00F50000704700F0004343F046
:100B3000FE4040F4000070477FEA226216BF08467C
:100B40007FEA23630146420206BF5FEA412390EA3F
:100B5000010F40F4800070474FF0000304E000BF35
:100B600010F0004348BF40425FEA000C08BF7047E6
:100B700043F0964301464FF000001CE050EA0102AA
:100B800008BF70474FF000030AE000BF50EA0102BF
:100B900008BF704711F0004302D5404261EB4101AC
:100BA0005FEA010C02BF84460146002043F0B643D1
:100BB00008BFA3F18053A3F50003BCFA8CF2083AF6
:100BC000A3EBC25310DB01FA02FC634400FA02FCFF
:100BD000C2F12002BCF1004F20FA02F243EB020006
:100BE00008BF20F00100704702F1200201FA02FC68
:100BF000C2F1200250EA4C0021FA02F243EB02005B
:100C000008BF20EADC7070474FF0FF0C1CEAD0529E
:100C10001EBF1CEAD15392EA0C0F93EA0C0F6FD05F
:100C20001A4480EA010C400218BF5FEA41211ED03D
:100C30004FF0006343EA501043EA5111A0FB013129
:100C40000CF00040B1F5000F3EBF490041EAD371FE
:100C50005B0040EA010062F17F02FD2A1DD8B3F17A
:100C6000004F40EBC25008BF20F00100704790F0E9
:100C7000000F0CF0004C08BF49024CEA502040EA3B
:100C800051207F3AC2BFD2F1FF0340EAC250704701
:100C900040F400004FF00003013A5DDC12F1190F3F
:100CA000DCBF00F000407047C2F10002410021FAB1
:100CB00002F1C2F1200200FA02FC5FEA310040F1C9
:100CC000000053EA4C0308BF20EADC70704792F042
:100CD000000F00F0004C02BF400010F4000F013A7A
:100CE000F9D040EA0C0093F0000F01F0004C02BF75
:100CF000490011F4000F013BF9D041EA0C018FE7E4
:100D00000CEAD15392EA0C0F18BF93EA0C0F0AD0E9
:100D100030F0004C18BF31F0004CD8D180EA01000F
:100D200000F00040704790F0000F17BF90F0004FA8
:100D3000084691F0000F91F0004F14D092EA0C0F8A
:100D400001D142020FD193EA0C0F03D14B0218BF1D
:100D5000084608D180EA010000F0004040F0FE4063
:100D600040F40000704740F0FE4040F440007047FF
:100D70004FF0FF0C1CEAD0521EBF1CEAD15392EA7E
:100D80000C0F93EA0C0F69D0A2EB030280EA010C6E
:100D900049024FEA402037D04FF0805343EA111107
:100DA00043EA10130CF000408B4238BF5B0042F165
:100DB0007D024FF4000C8B4224BF5B1A40EA0C000A
:100DC000B3EB510F24BFA3EB510340EA5C00B3EB3C
:100DD000910F24BFA3EB910340EA9C00B3EBD10F2A
:100DE00024BFA3EBD10340EADC001B0118BF5FEA7C
:100DF0001C1CE0D1FD2A3FF650AF8B4240EBC250A5
:100E000008BF20F0010070470CF0004C4CEA502065
:100E10007F32C2BFD2F1FF0340EAC250704740F4B4
:100E200000004FF00003013A37E792F0000F00F0A6
:100E3000004C02BF400010F4000F013AF9D040EA24
:100E40000C0093F0000F01F0004C02BF490011F4B8
:100E5000000F013BF9D041EA0C0195E70CEAD153B0
:100E600092EA0C0F08D142027FF47DAF93EA0C0F97
:100E70007FF470AF084676E793EA0C0F04D14B027B
:100E80003FF44CAF08466EE730F0004C18BF31F02D
:100E9000004CCAD130F000427FF45CAF31F0004327
:100EA0007FF43CAF5FE700BF4FF0FF3C06E000BFC0
:100EB0004FF0010C02E000BF4FF0010C4DF804CDE3
:100EC0004FEA40024FEA41037FEA226C18BF7FEAF3
:100ED000236C11D001B052EA530C18BF90EA010FF5
:100EE00058BFB2EB030088BFC81738BF6FEAE17084
:100EF00018BF40F0010070477FEA226C02D15FEA20
:100F0000402C05D17FEA236CE4D15FEA412CE1D08B
:100F10005DF8040B704700BF844608466146FFE752
:100F20000FB5FFF7C9FF002848BF10F1000F0FBD34
:100F30004DF808EDFFF7F4FF0CBF012000205DF82D
:100F400008FB00BF4DF808EDFFF7EAFF34BF0120B2
:100F500000205DF808FB00BF4DF808EDFFF7E0FF4B
:100F600094BF012000205DF808FB00BF4DF808ED9C
:100F7000FFF7D2FF94BF012000205DF808FB00BFFF
:100F80004DF808EDFFF7C8FF34BF012000205DF8E1
:100F900008FB00BF42000ED2B2F1FE4F0BD34FF060
:100FA0009E03B3EB126209D44FEA002343F00043DF
:100FB00023FA02F070474FF00000704712F1610F02
:100FC00001D1420202D14FF0FF3070474FF00000D4
:100FD000704700BF80B582B000AF0023FB710CE00A
:100FE000FA79244913465B0213449B000B441C33DB
:100FF00000221A70FB790133FB71FB79032BEFD9C7
:101000000FF00EFA0FF0A4FC10F0ECF910F09CFABF
:1010100010F04AFB0CF054FC0FF0A8FB154B1A889B
:10102000144BDA83134B1422A3F82228114B03F537
:1010300080531A890F4B03F58053DA840D4B03F567
:1010400080531422A3F82A28012000F0BBFA0320C1
:1010500000F0B8FA002000F035FA012000F032FA72
:10106000022000F02FFA032000F02CFA00BF08370E
:10107000BD4680BDA403002080B586B000AFB96036
:101080007B600346FB731346BB7300237B617B6865
:10109000002B40D0FB7BB968184600F0C9FAFB7BF7
:1010A000012B02D0FB7B032B03D1FB7B184600F006
:1010B000F5FCBA7BFB7B114618460FF039FBFB7B36
:1010C000184600F0B9FD0346FB74FA7B1449134639
:1010D0005B0213449B000B441E331B881A467B683B
:1010E00002FB03F3FA7C02FB03F37B61FA7B0C49FE
:1010F00013465B0213449B000B4408331A68FB7BC6
:101100001146184600F0D6FEB97BFB7B7A6918467B
:1011100000F008F800E000BF1837BD4680BD00BFF2
:10112000A403002080B582B000AF03463A60FB7193
:101130000B46BB71BA79FB79114618460FF0F8FAE5
:10114000FA790D4913465B0213449B000B440233AA
:101150001A78FB79114618460FF024FAFB791846E5
:1011600000F000FAFB793968184600F007F800BF74
:101170000837BD4680BD00BFA403002080B584B001
:1011800000AF03463960FB71FB79002B02D1C82305
:10119000FB6010E0FB79012B02D1C823FB600AE061
:1011A000FB79022B02D1C823FB6004E0FB79032BFF
:1011B00001D1C823FB60FB685B003A689A4203D800
:1011C0003B685B08023BFB60FA794E4913465B02C1
:1011D00013449B000B4418333A681A60FB790121D1
:1011E00018460FF0AFF9FA79464913465B021344EB
:1011F0009B000B4420331B887B81FA7941491346BD
:101200005B0213449B000B441033FA681A60FA79AE
:101210003C4913465B0213449B000B441833196886
:10122000FA79384813465B0213449B000344103399
:101230001B68FA79C91A334813465B0213449B00B2
:10124000034414331960FA792E4913465B021344A0
:101250009B000B441C3301221A70FA79294913466A
:101260005B0213449B000B4403F5FE6300221A80CB
:10127000FB79032B3DD801A252F823F08D12000810
:10128000A5120008C3120008DB1200081E4B002242
:101290001A601E4A7B89D3621C4BDB6A1B4A5B08BF
:1012A000536326E04FF080427B89D3624FF0804346
:1012B000DB6A4FF080425B085363154B00221A60D3
:1012C00017E0144A7B89D362124BDB6A114A5B0830
:1012D000D363114B00221A600BE0104A7B89D36262
:1012E0000E4BDB6A0D4A5B0853630D4B00221A60FC
:1012F00000BFFB790B4A52F82330984700BF1037E4
:10130000BD4680BDA40300201C360020002C0140F7
:101310008036002000040040C43600200008004051
:10132000083700203C80010880B582B000AF03463A
:101330000A46FB711346BB71BA79FB791146184610
:101340000FF000F900BF0837BD4680BD80B582B000
:1013500000AF0023FB7115E0FB790E4A52F82330F1
:101360009847FA790C4913465B0213449B000B44DF
:101370001C3300221A70FB79184600F023F9FB7920
:101380000133FB71FB79032BE6D900BF00BF08379F
:10139000BD4680BD2C800108A403002080B582B02A
:1013A00000AF0023FB711AE0FB79114A52F8233099
:1013B0009847FA790F4913465B0213449B000B448C
:1013C0001C3300221A70FB79184600F0FBF8FB79F9
:1013D000002118460FF0B6F8FB790133FB71FB7959
:1013E000032BE1D900BF00BF0837BD4680BD00BF59
:1013F0002C800108A403002090B585B000AF0346FF
:10140000FB71FB79032B1BD801A252F823F000BF1C
:1014100021140008291400083114000839140008A8
:10142000224B1B68FB600BE0214B1B68FB6007E055
:10143000204B1B68FB6003E01F4B1B68FB6000BF79
:10144000FB79184600F0F8FB0346FB72F868FFF7DB
:1014500083FB0446FA79194913465B0213449B0047
:101460000B441E331B881846FFF77AFB03461946C8
:101470002046FFF77DFC03461C46FB7A1846FFF723
:101480006FFB034619462046FFF772FC03460C49E2
:101490001846FFF7B9FB03461846FFF77BFD0346E6
:1014A0009BB218461437BD4690BD00BF1C360020C5
:1014B00080360020C436002008370020A403002016
:1014C0000000C84280B582B000AF0346FB71FB79D3
:1014D0000A4A52F823309847FA79094913465B02C1
:1014E00013449B000B441C3300221A70FB791846EE
:1014F00000F068F800BF0837BD4680BD2C800108A9
:10150000A403002080B483B000AF0346FB71FA79D6
:10151000064913465B0213449B000B441C33032211
:101520001A7000BF0C37BD4680BC7047A403002072
:1015300080B582B000AF0346FB71FA7908491346C3
:101540005B0213449B000B4402331A78FB7911466B
:1015500018460FF027F800BF0837BD4680BD00BF12
:10156000A403002080B584B000AF0346FB71FA7974
:10157000114913465B0213449B000B441B88184619
:10158000FFF7EEFA03460D491846FFF73DFB034609
:10159000FB600B49F868FFF7F3FC0346002B01D012
:1015A000074BFB60FB79F96818460CF0EDF900BFBA
:1015B0001037BD4680BD00BFA40300205839343C1D
:1015C0000000504080B584B000AF0346FB71FA794B
:1015D000144913465B0213449B000B441B881846B6
:1015E000FFF7BEFA03464FF07C511846FFF70CFB9D
:1015F00003460D491846FFF707FB0346FB600B49FE
:10160000F868FFF7BDFC0346002B01D0074BFB60D9
:10161000FB79F96818460CF0B7F900BF1037BD46E2
:1016200080BD00BFA40300205839343C0000504066
:1016300090B583B000AF03463960FB71FB79022B94
:1016400039D13868FFF788FA03464FF07F511846C2
:10165000FFF7DAFA03461C46FA79274913465B027C
:1016600013449B000B441E331B881846FFF778FA7F
:10167000034619462046FFF7C7FA03461C46FB7986
:10168000184600F0D9FA03461846FFF769FA0346F0
:1016900019462046FFF7B8FA0346FC791846FFF7CB
:1016A00079FC0246144923465B0223449B000B4409
:1016B00008331A601CE0FA790F4913465B021344A1
:1016C0009B000B441E331B881A463B6803FB02F445
:1016D000FB79184600F0B0FA0346FA7903FB04F1EF
:1016E000054813465B0213449B000344083319600A
:1016F00000BF0C37BD4690BDA403002080B500AFED
:1017000045F20B0006F09AFB0346DAB2B84B9A702A
:1017100045F20D0006F092FB0346DAB2B44B83F8B3
:10172000062845F20F0006F089FB0346DAB2B04BFB
:1017300003F580539A7245F2110006F07FFB0346D1
:10174000DAB2AB4B03F5805383F80E2845F20A005A
:1017500006F074FB03461A46A54B1A8045F20C00AE
:1017600006F06CFB03461A46A14BA3F8042845F289
:101770000E0006F063FB03461A469D4B03F58053AB
:101780001A8145F2100006F059FB03461A46984BA1
:1017900003F58053A3F80C28954B1A88944BDA83F1
:1017A000934B1422A3F82228914B03F580531A89F6
:1017B0008F4B03F58053DA848D4B03F5805314224D
:1017C000A3F82A284FF4A04006F038FB0346184639
:1017D000FFF7C6F9034687491846FFF715FA03468F
:1017E0001A46854B1A6045F2010006F027FB0346B6
:1017F0001846FFF7B5F9034680491846FFF704FA83
:1018000003461A467C4B5A607B4B5B6819460020A6
:1018100000F0B8FA03461A46774B9A6045F2170073
:1018200006F00CFB03461846FFF79AF90346714988
:101830001846FFF7E9F903461A466F4BDA6045F29E
:10184000160006F0FBFA03461846FFF789F903462F
:1018500068491846FFF7D8F903461A46664B1A61DD
:10186000654B1B691946002000F08CFA03461A46A6
:10187000614B5A6145F2120006F0E0FA0346184641
:10188000FFF76EF903465B491846FFF7BDF90346BB
:101890001A46594B9A61584B9B691946002000F033
:1018A00071FA03461A46544BDA6145F2020006F01B
:1018B000C5FA03461846FFF753F903464D49184643
:1018C000FFF7A2F903461A464B4B1A6245F2030092
:1018D00006F0B4FA03461846FFF742F903464749B3
:1018E0001846FFF791F903461A46434B5A6245F2F0
:1018F000040006F0A3FA03461846FFF731F9034641
:101900003C491846FFF780F903461A463A4B9A625B
:1019100045F2050006F092FA03461846FFF720F953
:10192000034634491846FFF76FF903461A46324B0F
:101930005A6345F2190006F081FA03461846FFF78C
:101940000FF903462B491846FFF75EF903461A467E
:10195000294BDA6245F2150006F070FA0346184684
:10196000FFF7FEF8034623491846FFF74DF90346F3
:101970001A46214B1A6345F2130006F05FFA03463C
:101980001846FFF7EDF803461A491846FFF73CF9E9
:1019900003461A46184B9A6345F2180006F04EFAB1
:1019A00003461846FFF7DCF8034612491846FFF7CE
:1019B0002BF903461A46104BDA6345F2060006F08F
:1019C0003DFA03461846FFF7CBF803460949184687
:1019D000FFF71AF903461A46074B1A6445F2070047
:1019E00006F02CFA03461846FFF7BAF8034607E05C
:1019F000A40300200AD7233CBC340020CDCCCC3D2E
:101A000023491846FFF700F903461A46214B5A644A
:101A100045F2080006F012FA03461846FFF7A0F850
:101A200003461D491846FFF7EFF803461A46194BBF
:101A30009A6445F2090006F001FA03461846FFF7DA
:101A40008FF8034614491846FFF7DEF803461A4696
:101A5000104BDA640F4BDB6C1946022000F092F950
:101A600003461A460B4B1A6545F2140006F0E6F9D8
:101A700003461846FFF774F8034607491846FFF770
:101A8000C3F803461A46034B5A6500BF80BD00BF2A
:101A9000CDCCCC3DBC3400200AD7233C80B582B0ED
:101AA00000AF0346FB71FA790A4913465B021344FF
:101AB0009B000B4402331A78FB79114618460EF04E
:101AC00071FDFB791846FFF74DFD00BF0837BD4695
:101AD00080BD00BFA403002080B582B000AF0346E4
:101AE000FB71FB790A3B072B00F2A08001A252F8A0
:101AF00023F000BF151B0008351B0008551B00080C
:101B0000771B0008991B0008BD1B0008E11B00089B
:101B1000071C0008FB799BB203F5A0439BB2184653
:101B200006F08CF903461A46424B1A800020FFF754
:101B300019FD7BE0FB799BB203F5A0439BB21846ED
:101B400006F07CF90346DAB23A4B9A700020FFF7B0
:101B5000EFFC6BE0FB799BB203F5A0439BB2184608
:101B600006F06CF903461A46324BA3F8042801200C
:101B7000FFF7F8FC5AE0FB799BB203F5A0439BB258
:101B8000184606F05BF90346DAB22A4B83F80628BA
:101B90000120FFF7CDFC49E0FB799BB203F5A043A0
:101BA0009BB2184606F04AF903461A46214B03F544
:101BB00080531A810220FFF7D5FC37E0FB799BB2F6
:101BC00003F5A0439BB2184606F038F90346DAB293
:101BD000184B03F580539A720220FFF7A9FC25E009
:101BE000FB799BB203F5A0439BB2184606F026F999
:101BF00003461A460F4B03F58053A3F80C28032025
:101C0000FFF7B0FC12E0FB799BB203F5A0439BB257
:101C1000184606F013F90346DAB2064B03F5805373
:101C200083F80E280320FFF783FC00BF00BF0837AE
:101C3000BD4680BDA403002080B485B000AF03463C
:101C4000FB71FA79194913465B0213449B000B445C
:101C500002331B78013B032B1FD801A252F823F05B
:101C6000711C0008771C00087D1C0008831C0008FC
:101C70000123FB7314E00223FB7311E00423FB73C5
:101C80000EE0FB79002B02D0FB79022B02D1082356
:101C9000FB7305E01023FB7302E00123FB7300BF1D
:101CA000FB7B18461437BD4680BC7047A403002058
:101CB00080B500AF0BF074FD0346012B1FD001204F
:101CC0000FF0A6FA0346002B02D101200BF098F981
:101CD00002200FF09DFA0346002B02D001200BF0EA
:101CE0009BFA084B1B7F002B0AD1074B93F83B3024
:101CF000DBB21A460A21002000F048F900E000BFDC
:101D000080BD00BFA40300206034002080B582B0F5
:101D100000AF03463960FB710BF042FD0346012B17
:101D20000AD0074B1B7F002B07D1FA793B680A21A9
:101D30000020FFF7A1F900E000BF0837BD4680BDD5
:101D4000A403002080B582B000AF03463960FB7168
:101D50000BF026FD0346012B0DD0094B03F58053F4
:101D600093F82430002B07D1FA793B680A2102202E
:101D7000FFF782F900E000BF0837BD4680BD00BF15
:101D8000A403002090B585B000AF03463960FB7115
:101D90004FF000013868FFF7CBF80346002B01D065
:101DA000002328E0FB791846FFF746FF0346FB7344
:101DB000FA79134913465B0213449B000B441E330C
:101DC0001B881846FEF7CCFE034639681846FEF716
:101DD0001BFF03461C46FB7B1846FEF7C1FE03466D
:101DE00019462046FEF710FF03461846FFF7D2F8C3
:101DF0000346BB60BB6818461437BD4690BD00BFA4
:101E0000A403002000000000B0B584B000AF03467A
:101E10003960FB714FF000013868FFF789F803461D
:101E2000002B01D000233AE0FB791846FFF704FFAE
:101E30000346FB733868FEF7FFFA1BA3D3E90023C0
:101E4000FEF752FB02460B4614461D46FA79184926
:101E500013465B0213449B000B441E331B88184639
:101E6000FEF7D8FA02460B4620462946FEF73CFB11
:101E700002460B4614461D46FB7B1846FEF7CAFA7F
:101E800002460B4620462946FEF72EFB02460B462D
:101E900010461946FEF73AFD0346BB60BB6818467C
:101EA0001037BD46B0BD00BF7B14AE47E17A843F1A
:101EB000A4030020B0B584B000AF03463960FB71C5
:101EC0003B68B3F5167F36D93B68A3F51673BB6044
:101ED0000023FB8129E0B868FEF73EFE0246FB893D
:101EE000254951F8233019461046FEF78DFE03466A
:101EF00022491846FEF780FD034619462048FEF7A2
:101F000037FF0346FC79FD891846FFF743F803467F
:101F100099B21C4A23465B0223445B002B441033D6
:101F200022F81310FB890133FB81FB8940F2E63272
:101F30009342D0D91BE00023FB8113E0124A3B6897
:101F4000B2FBF3F3FA79F9899CB20E4813465B02AF
:101F500013445B000B441033224620F81320FB8906
:101F60000133FB81FB8940F2E6329342E6D900BFA0
:101F70001037BD46B0BD00BF8C700108000016448C
:101F80000024F449A403002080841E0080B582B0A0
:101F900000AF03463960FB711346BB71FB793968AA
:101FA0001846FFF745FBFB79012B02D0FB79032B89
:101FB00003D1FB791846FFF771FDBA79FB79114619
:101FC00018460EF0B5FBFA795D4913465B021344DF
:101FD0009B000B4402331A78FB79114618460EF029
:101FE000E1FAFB791846FFF7BDFAFA79544913462E
:101FF0005B0213449B000B4408331A68FB791146BB
:102000001846FFF757FFFB79032B5ED801A252F861
:1020100023F000BF252000084D2000087B20000889
:10202000A3200008474B00221A60FA79444913465E
:102030005B0213449B000B4420331A88424BDA6244
:10204000414BDB6A404A5B0853633EE0FA793C4906
:1020500013465B0213449B000B4420331A884FF055
:102060008043DA624FF08043DB6A4FF080425B08C6
:102070005363364B00221A6027E0FA793049134641
:102080005B0213449B000B4420331A88304BDA6206
:102090002F4BDB6A2E4A5B08D3632E4B00221A605B
:1020A00013E0FA79264913465B0213449B000B4464
:1020B00020331A88284BDA62274BDB6A264A5B08F2
:1020C0005363264B00221A6000BFFA791C4913465D
:1020D0005B0213449B000B4403F5FE6300221A804D
:1020E000FA79174913465B0213449B000B441433DF
:1020F0004FF0FF321A60FA79114913465B0213441C
:102100009B000B441C3304221A70FA790C491346C5
:102110005B0213449B000B4403F2F4734FF0FF3255
:102120001A60FB79012118460EF00CFAFB790C4A73
:1021300052F82330984700BF0837BD4680BD00BF26
:10214000A40300201C360020002C01408036002013
:1021500000040040C436002000080040083700207A
:102160003C80010880B586B000AFB9607B60034653
:10217000FB731346BB73FB7BB9681846FFF758FA2D
:10218000BA7BFB7B114618460EF0D2FAFB7B01218D
:1021900018460EF0D7F9FA7B844913465B021344C4
:1021A0009B000B4408331A68FB7B11461846FFF767
:1021B00081FEFB7B012B02D0FB7B032B03D1FB7B3E
:1021C0001846FFF76BFCFB7B002B02D1C8237B6119
:1021D00010E0FB7B012B02D1C8237B610AE0FB7B73
:1021E000022B02D1C8237B6104E0FB7B032B01D1CE
:1021F000C8237B613A6A7B699A4202D83B6A5B08D2
:102200007B61FB7B032B5ED801A252F823F000BF59
:102210002122000849220008772200089F22000896
:10222000634B00221A60FA7B604913465B02134439
:102230009B000B4420331A885E4BDA625D4BDB6AED
:102240005C4A5B0853633EE0FA7B584913465B02E5
:1022500013449B000B4420331A884FF08043DA620A
:102260004FF08043DB6A4FF080425B085363524B70
:1022700000221A6027E0FA7B4C4913465B021344A4
:102280009B000B4420331A884C4BDA624B4BDB6AC1
:102290004A4A5B08D3634A4B00221A6013E0FA7B78
:1022A000424913465B0213449B000B4420331A88B7
:1022B000444BDA62434BDB6A424A5B085363424B4E
:1022C00000221A6000BFFA7B384913465B021344B0
:1022D0009B000B4403F5006300221A70FA7B33491C
:1022E00013465B0213449B000B4403F5FE6300227C
:1022F0001A80FA7B2D4913465B0213449B000B4462
:102300001C3306221A70FA7B396A284813465B028E
:1023100013449B00034403F2F4731960FA7B2349CE
:1023200013465B0213449B000B4410337A691A6016
:10233000FA7B1E4913465B0213449B000B4403F2D5
:10234000F4731B681846FA7B184913465B02134462
:102350009B000B4410331B68FA7BC11A13481346C9
:102360005B0213449B00034414331960FA7B0F494A
:1023700013465B0213449B000B4403F5FF630022EA
:102380001A70FA7B094913465B0213449B000B4405
:1023900003F2FC737A681A60FB7B0C4A52F8233014
:1023A000984700BF1837BD4680BD00BFA40300207A
:1023B0001C360020002C0140803600200004004024
:1023C000C436002000080040083700203C80010887
:1023D00080B500AFA64B1B6903F00203022B40F04F
:1023E0003C82A44B1B680133A24A1360A24B93F8B2
:1023F0003730DBB2002B11D0A04B1B780133DAB29F
:102400009E4B1A709D4B1B78042B07D90C200EF0A5
:10241000DDFE0346002B01D0FEF7C0FF954B1B6885
:10242000642B1CD9944B93F83330DBB2002B16D0BD
:10243000934B1B780133DAB2914B1A70904B1B7897
:10244000132B0CD904200EF0C1FE0346002B06D03E
:102450008B4B00221A70884B002283F85020864B49
:1024600093F84C30DBB2012B05D0834B93F84C3002
:10247000DBB20A2B79D1834B1B780133DAB2814B63
:102480001A70804B1B78012B1DD97B4B5B7EDBB216
:10249000012B18D102200EF099FE0346002B12D119
:1024A000784B00221A70744B002283F84C20764B34
:1024B000012283F8F827744B06221A77724B002208
:1024C00083F8002895E06C4B5B7EDBB2022B40F07A
:1024D0009080694B93F84F30DBB2002B22D0694BD0
:1024E0001B780133DAB2674B1A70664B1B78312BBD
:1024F0000DD903200EF06AFE0346002B07D0614B76
:1025000000221A705C4B002283F84F20A5E15D4B3E
:102510001B78012B6DD95B4B1B78013BDAB2594B11
:102520001A7066E0574B1B780133DAB2554B1A70BC
:10253000544B1B78042B5CD903200EF047FE034656
:10254000002B56D14F4B00221A704B4B002283F8C0
:102550004C204D4B012283F8F8274B4B06221A776B
:10256000494B002283F8002843E0434B93F84C305A
:10257000DBB2022B3ED1434B1B780133DAB2414B25
:102580001A70404B1B78042B13D903200EF01EFE4B
:102590000346002B0DD13B4B00221A70364B002214
:1025A00083F84C20344B012283F83A20364B032227
:1025B0001A77364B1B780133DAB2344B1A70334B2F
:1025C0001B78042B16D902200EF000FE0346002BC8
:1025D00010D12E4B00221A70274B002283F84C207A
:1025E000254B022283F83A20274B012283F8F82753
:1025F00000E000BF244B1B7F062B00F2288101A2C4
:1026000052F823F04F28000821260008012700086F
:102610009126000817270008592700086D27000891
:10262000194BB3F9F0371946174B1A6913469B003B
:102630001344994218D2144BB3F9F037124A1033AD
:1026400032F813200A4BDA62094BDB6A084A5B084E
:1026500053630D4BB3F9F0379BB205339BB21AB2FB
:10266000094BA3F8F027F2E0074B02221A77EEE0BD
:10267000002C01401C36002060340020B5230020CF
:10268000B6230020B7230020A4030020B823002095
:10269000724B9A69724B1B689A4229D96F4BB3F9F6
:1026A000F037052B40F3CA806C4BB3F9F037B3F524
:1026B0007A7F04DD694B4FF47A72A3F8F027674BF9
:1026C000B3F9F0379BB2053B9BB21AB2634BA3F848
:1026D000F027624BB3F9F037604A103332F8132019
:1026E000604BDA625F4BDB6A5E4A5B085363A5E0CE
:1026F0000020FEF7E7FE594B0022A3F8F0279DE0EB
:10270000564B5A69564B1B689A4280F09980534B3E
:1027100003221A7794E0514BB3F9F03740F2E232DA
:10272000934200F38F804D4BB3F9F0374B4A10338F
:1027300032F813204B4BDA624A4BDB6A494A5B089A
:102740005363464BB3F9F0379BB205339BB21AB2D1
:10275000424BA3F8F02775E0404B9A69404B1B6849
:102760009A4271D80020FEF7ADFE6DE03B4BB3F905
:10277000F0371946394B1A6913469B0013449942A6
:1027800017D2364BB3F9F037344A103332F81320EE
:10279000344BDA62334BDB6A324A5B0853632F4BAC
:1027A000B3F9F0379BB205339BB21AB22B4BA3F8A7
:1027B000F0272A4B93F8F837002B2CD0274B002218
:1027C00083F8F827254BD3F8FC37C72B16D9234BB2
:1027D000D3F8FC27224B1B68134414331F4A936120
:1027E0001E4BC8221A611D4B9A691C4B1B69D31AD8
:1027F0001A4A5361194B02221A7727E0174BD3F874
:10280000FC27174B1B6813441433144A9361134B72
:1028100003221A771AE0114BD3F8F437002B15DD99
:102820000E4B5A690E4B1B689A420FD80B4B012274
:1028300083F80028094B03221A7707E000BF06E05F
:1028400000BF04E000BF02E000BF00E000BF054B96
:102850001B69044A23F00203136180BDA403002016
:102860001C360020002C014080B500AF4FF08043A3
:102870001B6903F00103012B40F05F81B04B1B6823
:102880000133AF4A1360AF4B93F83730DBB2002B04
:1028900011D0AD4B1B780133DAB2AB4B1A70AA4B97
:1028A0001B78042B07D90C200EF090FC0346002B5C
:1028B00001D0FEF773FDA34B93F84D30DBB2012B33
:1028C0001AD1A24B1B780133DAB2A04B1A709F4B7E
:1028D0001B78042B10D908200EF078FC0346002B3F
:1028E0000AD19A4B00221A70964B002283F84D2091
:1028F000974B032283F82028954B93F82038062B1A
:1029000000F2138101A252F823F000BF2B2B000824
:1029100029290008D929000885290008F329000879
:102920003D2A0008532A0008894BB3F9F43F1946A1
:10293000874BD3F8142813469B00134499421CD2AA
:10294000834BB3F9F43F824A03F2124332F8132067
:102950004FF08043DA624FF08043DB6A4FF08042F1
:102960005B0853637A4BB3F9F43F9BB205339BB2D8
:102970001AB2774BA3F8F42FD7E0754B022283F8F5
:102980002028D2E0724BB3F9F43F052B1CDD704BCD
:10299000B3F9F43F9BB2053B9BB21AB26C4BA3F860
:1029A000F42F6B4BB3F9F43F694A03F2124332F848
:1029B00013204FF08043DA624FF08043DB6A4FF020
:1029C00080425B085363B0E00120FEF77BFD604B63
:1029D0000022A3F8F42FA8E05D4BD3F81828584B39
:1029E0001B689A4280F09A80594B032283F8202872
:1029F00094E0574BB3F9F43F40F2E232934200F3D4
:102A00008F80534BB3F9F43F514A03F2124332F82B
:102A100013204FF08043DA624FF08043DB6A4FF0BF
:102A200080425B0853634A4BB3F9F43F9BB20533D2
:102A30009BB21AB2464BA3F8F42F71E0444BD3F883
:102A40001C283F4B1B689A426CD80120FEF73AFDC8
:102A500068E03F4BB3F9F43F19463D4BD3F81428D7
:102A600013469B00134499421BD2394BB3F9F43FF0
:102A7000374A03F2124332F813204FF08043DA62F0
:102A80004FF08043DB6A4FF080425B085363304B6A
:102A9000B3F9F43F9BB205339BB21AB22C4BA3F8A7
:102AA000F42F2B4B93F8FC3F002B20D0284B03F541
:102AB00080531A68224B1B689A4218D8244B03F59E
:102AC0008053B3F9F83740F2E232934206DC204BF0
:102AD00003F5805340F2E332A3F8F8271C4B03229E
:102AE00083F820281A4B002283F8FC2F1CE0184B97
:102AF000D3F8F83F002B17DD154BD3F8F83F1A46F3
:102B00000F4B1B689A420FD8114B03F580530122DB
:102B10001A710F4B032283F8202805E000BF04E060
:102B200000BF02E000BF00E000BF4FF080431B6920
:102B30004FF0804223F00103136100BF80BD00BF4E
:102B40008036002060340020B9230020BA23002002
:102B5000A403002080B500AF984B1B6903F001036C
:102B6000012B40F0C081964B1B680133944A1360DF
:102B7000944B93F83730DBB2002B11D0924B1B787B
:102B80000133DAB2904B1A708F4B1B78042B07D9A4
:102B90000C200EF01BFB0346002B01D0FEF7FEFBC2
:102BA000884B93F84B30DBB2012B1DD1874B1B7840
:102BB0000133DAB2854B1A70844B1B78042B13D97E
:102BC00001200EF003FB0346002B0DD17F4B0022AA
:102BD0001A707C4B002283F84B207D4B03F5805309
:102BE000012283F8002822E0764B93F84B30DBB2C9
:102BF000022B1CD1774B1B780133DAB2754B1A705C
:102C0000744B1B78042B12D901200EF0DFFA034617
:102C1000002B0CD06F4B00221A706A4B002283F8F5
:102C20004B206B4B03F58053032283F82420684B21
:102C300003F5805393F82430062B00F24E8101A255
:102C400052F823F0DB2E0008612C00082F2D00081D
:102C5000CD2C00084F2D0008A32D0008D92D000809
:102C60005B4B03F58053B3F9F8371946584B03F51E
:102C700080539A6913469B00134499421FD2544BC8
:102C800003F58053B3F9F837514A03F6140332F8C9
:102C900013204A4BDA62494BDB6A484A5B08D3632C
:102CA0004B4B03F58053B3F9F8379BB205339BB216
:102CB0001AB2474B03F58053A3F8F8270DE1444BB4
:102CC00003F58053022283F8242006E1404B03F5EC
:102CD0008053B3F9F837052B1FDD3D4B03F58053C7
:102CE000B3F9F8379BB2053B9BB21AB2384B03F5E8
:102CF0008053A3F8F827364B03F58053B3F9F83720
:102D0000334A03F6140332F813202C4BDA622B4BB0
:102D1000DB6A2A4A5B08D363DFE00220FEF7D2FBBE
:102D20002B4B03F580530022A3F8F827D5E0284B5E
:102D300003F58053DA69224B1B689A4200F2C68081
:102D4000234B03F58053032283F82420BEE0204B5D
:102D500003F58053B3F9F83740F2E232934240F37F
:102D6000B7801B4B03F58053B3F9F837184A03F6C5
:102D7000140332F81320114BDA62104BDB6A0F4A4E
:102D80005B08D363124B03F58053B3F9F8379BB25A
:102D900005339BB21AB20E4B03F58053A3F8F82704
:102DA00096E00B4B03F580531A6A054B1B689A4259
:102DB00000F290800220FEF785FB8BE000040040CB
:102DC000C436002060340020BB230020BC23002038
:102DD000A4030020BD230020444B03F58053B3F926
:102DE000F8371946414B03F580539A6913469B0007
:102DF000134499421ED23D4B03F58053B3F9F83783
:102E00003A4A03F6140332F81320394BDA62384B8E
:102E1000DB6A374A5B08D363344B03F58053B3F95D
:102E2000F8379BB205339BB21AB2304B03F580538F
:102E3000A3F8F8272D4B03F5805393F80038002BA7
:102E400028D02A4B03F58053002283F80028274B13
:102E500003F58053D3F80428264B1B681344234AF8
:102E600002F58052D361214B03F58053B3F9F83753
:102E700040F2E232934206DC1C4B03F5805340F2F1
:102E8000E332A3F8F827194B03F58053022283F8A5
:102E9000242021E0154B03F58053D3F8FC37002B99
:102EA0001ADD124B03F58053DA69124B1B689A4204
:102EB00012D80E4B03F58053012283F808280B4BE0
:102EC00003F58053032283F8242005E000BF04E0CB
:102ED00000BF02E000BF00E000BF054B1B69044AD1
:102EE00023F00103136100BF80BD00BFA4030020D5
:102EF00000040040C436002080B500AFB44B1B690D
:102F000003F00103012B40F09781B24B1B680133A2
:102F1000B04A1360B04B93F83730DBB2002B11D0BE
:102F2000AE4B1B780133DAB2AC4B1A70AB4B1B784B
:102F3000042B07D90C200EF049F90346002B01D0D1
:102F4000FEF72CFAA44B93F84E30DBB2012B1CD1C8
:102F5000A34B1B780133DAB2A14B1A70A04B1B783C
:102F6000042B12D906200EF031F90346002B0CD1A8
:102F70009B4B00221A70984B002283F84E20994BED
:102F800003F58053032283F82828964B03F58053DA
:102F900093F82838062B00F2498101A252F823F059
:102FA0002D320008BD2F00088D3000082B3000089E
:102FB000AF300008033100081F310008894B03F5CA
:102FC0008053B3F9FC3F1946864B03F58053D3F881
:102FD0001C2813469B00134499421FD2814B03F5D2
:102FE0008053B3F9FC3F7F4A03F6164332F81320AF
:102FF000774BDA62764BDB6A754A5B085363794B31
:1030000003F58053B3F9FC3F9BB205339BB21AB270
:10301000744B03F58053A3F8FC2F07E1714B03F5C4
:103020008053022283F8282800E16E4B03F5805379
:10303000B3F9FC3F052B1FDD6A4B03F58053B3F951
:10304000FC3F9BB2053B9BB21AB2664B03F5805323
:10305000A3F8FC2F634B03F58053B3F9FC3F614A9F
:1030600003F6164332F81320594BDA62584BDB6AE9
:10307000574A5B085363D9E00320FEF723FA594B04
:1030800003F580530022A3F8FC2FCFE0554B03F546
:103090008053D3F820284F4B1B689A4200F2BF8020
:1030A000504B03F58053032283F82828B7E04D4B9B
:1030B00003F58053B3F9FC3F40F2E232934200F350
:1030C000B080484B03F58053B3F9FC3F454A03F603
:1030D000164332F813203E4BDA623D4BDB6A3C4A22
:1030E0005B0853633F4B03F58053B3F9FC3F9BB23E
:1030F00005339BB21AB23B4B03F58053A3F8FC2F68
:103100008FE0384B03F58053D3F82428314B1B68EC
:103110009A4200F288800320FEF7D4F983E0314B15
:1031200003F58053B3F9FC3F19462E4B03F580534A
:10313000D3F81C2813469B00134499421ED2294BF6
:1031400003F58053B3F9FC3F264A03F6164332F8E1
:1031500013201F4BDA621E4BDB6A1D4A5B08536368
:10316000204B03F58053B3F9FC3F9BB205339BB270
:103170001AB21C4B03F58053A3F8FC2F194B03F52F
:1031800000531B79002B2FD0164B03F500539A6880
:10319000104B1B689A4227D8124B03F58053B3F9A2
:1031A000F83740F2E232934206DC0E4B03F58053CF
:1031B00040F2E332A3F8F8270A4B03F580530322C9
:1031C00083F82828074B03F5005300221A712CE0DE
:1031D000000800400837002060340020BE23002093
:1031E000BF230020A4030020144B03F500531B68E9
:1031F000002B1ADD114B03F58053D3F82028104B18
:103200001B689A4211D80D4B03F5005301221A7323
:103210000A4B03F58053032283F8282805E000BFFA
:1032200004E000BF02E000BF00E000BF054B1B69E7
:10323000044A23F00103136100BF80BDA4030020F2
:10324000083700200008004080B483B000AF7860E9
:103250007B6800221A707B6800225A707B6801220A
:103260009A7000BF0C37BD4680BC704784B080B5F3
:1032700084B000AF786007F11C0080E80E000023E6
:10328000FB7372B600BF7B685B785A1C194B83FBDB
:103290000213D910D317C91A0B469B000B449B008D
:1032A000D11ACAB2144B1A707B681A78124B1B7869
:1032B0009A4215D07B685B781A46652302FB03F3BC
:1032C0007A6813440333184607F11C036522194634
:1032D00011F078FA084B1A787B685A700123FB7357
:1032E00062B600BFFB7B18461037BD46BDE8804084
:1032F00004B07047676666668F33002080B584B07F
:1033000000AF786039600023FB733B68002B02D06C
:103310007B68002B01D100232BE072B600BF7B68D5
:103320001A787B685B789A4220D07B681B781A46B3
:10333000652302FB03F37A681344033365221946BD
:10334000386811F03FFA7B681B785A1C0B4B83FBE3
:103350000213D910D317C91A0B469B000B449B00CC
:10336000D11ACAB27B681A700123FB7362B600BF20
:10337000FB7B18461037BD4680BD00BF676666669A
:1033800080B582B000AF0023FB80A34B1B78002BDD
:1033900001F09781A04B00221A7008219F480DF080
:1033A000ABFB9E4B9B781B021AB29C4BDB781BB28B
:1033B00013431BB2BB80994B1B791B021AB2974B6C
:1033C0005B791BB213431BB27B80944B5B78032B5E
:1033D00000F04B86062B41F07981BB8847F6181226
:1033E00093420BD18E4B9B7DDBB2002B01F06B81A6
:1033F0008B4B012283F8252001F065B9BB8847F685
:103400001912934201F05F81BB8847F61A1293426A
:103410000BD1834BDB7DDBB2002B41F05481804B21
:10342000012283F83F2001F04EB9BB8847F61B12FA
:10343000934211D17A4BDB7DDBB2002B41F043810B
:10344000774B9B7DDBB2002B01F03D81744B012259
:1034500083F8232001F037B9BB8847F61C1293424A
:1034600012D16F4BDB7DDBB2002B41F02C816C4B1A
:103470009B7DDBB2002B01F02681694B5B7EDAB2CB
:10348000674BDA7601F01FB9BB8847F61D129342ED
:1034900011D1634BDB7DDBB2002B41F01481604B1B
:1034A0009B7DDBB2002B01F00E815D4B012283F886
:1034B000202001F008B9BB8847F61E12934217D1AD
:1034C000574BDB7DDBB2002B41F0FD80544B0122DA
:1034D00083F826207B88002B04D0524A7B881380F7
:1034E00001F0F1B84F4B40F6B8321A8001F0EBB85A
:1034F000BB8847F61F1293420AD1494B93F83B30E1
:10350000DBB27A88114618460AF048F801F0DBB8B9
:10351000BB8847F6201293420AD1414B93F83D30C5
:10352000DBB27A88114618460AF090F801F0CBB861
:10353000BB8847F62112934201F0C580BB8847F64D
:103540002212934201F0BF80BB8847F623129342B8
:1035500006D17B88DBB2184609F05AFF01F0B3B8F8
:10356000BB8847F6241293423AD12F4A7B881380B6
:103570002D4B1B88632B05D92B4B1B8844F62062EF
:10358000934209D9294BFF2283F8D52008212848E6
:103590000DF0B2FA00F068BD234B1B8819464FF4BA
:1035A000A04004F0A7FC204B1B881946102005F012
:1035B00053FA1D4B1B881B0A9BB2DBB21A4A1288B6
:1035C000D2B219464FF4A0400CF0C2F9174B0122B9
:1035D00083F8D520082116480DF08EFA01F073B853
:1035E000BB8847F6251293424AD10F4A7B88138045
:1035F0000D4B1B88632B05D90B4B1B8844F62062AF
:10360000934219D9094BFF2283F8DD20082109488C
:103610000DF072FA00F028BD9033002094330020A2
:103620006034002046350020443500200000002092
:10363000D0000020D8000020AD4B1B88194645F271
:10364000010004F057FCAA4B1B881946122005F014
:1036500003FAA74B1B881B0A9BB2DBB2A44A128851
:10366000D2B2194645F201000CF072F9A14B0122C9
:1036700083F8DD200821A0480DF03EFA01F023B8C0
:10368000BB8847F62612934236D1994A7B8813802D
:10369000974B1B8840F6B832934209D9954BFF22CD
:1036A00083F8E520082195480DF026FA01F00BB8C3
:1036B0008F4B1B88194645F2120004F01BFC8C4B03
:1036C0001B881946342005F0C7F9894B1B881B0A53
:1036D0009BB2DBB2864A1288D2B2194645F212007A
:1036E0000CF036F9834B012283F8E520082183484A
:1036F0000DF002FA00F0E7BFBB8847F627129342AD
:1037000036D17B4A7B881380794B1B884CF2503230
:10371000934209D9774BFF2283F8ED20082178489E
:103720000DF0EAF900F0CFBF714B1B88194645F246
:10373000160004F0DFFB6E4B1B8819463C2005F099
:103740008BF96B4B1B881B0A9BB2DBB2684A128851
:10375000D2B2194645F216000CF0FAF8654BFF227A
:1037600083F8ED20082166480DF0C6F900F0ABBFE4
:10377000BB8847F6281293423AD15D4A7B88138072
:103780005B4B1B88632B05D9594B1B8842F2107287
:10379000934209D9574BFF2283F8F5200821594855
:1037A0000DF0AAF900F060BC514B1B88194645F298
:1037B000170004F09FFB4E4B1B8819463E2005F076
:1037C0004BF94B4B1B881B0A9BB2DBB2484A128851
:1037D000D2B2194645F217000CF0BAF8454B012257
:1037E00083F8F520082147480DF086F900F06BBFFB
:1037F000BB8847F6291293423AD13D4A7B88138011
:103800003B4B1B88632B05D9394B1B8844F6206240
:10381000934209D9374BFF2283F8FD2008213A480B
:103820000DF06AF900F020BC314B1B88194645F2B7
:10383000040004F05FFB2E4B1B881946182005F08E
:103840000BF92B4B1B881B0A9BB2DBB2284A128850
:10385000D2B2194645F204000CF07AF8254B012249
:1038600083F8FD20082128480DF046F900F02BBF11
:10387000BB8847F62A1293424AD11D4A7B8813809F
:103880001B4B1B88632B05D9194B1B8844F6206200
:10389000934208D9174BFF2283F8052108211B48C2
:1038A0000DF02AF9E0E3124B1B88194645F215008A
:1038B00004F020FB0E4B1B8819463A2005F0CCF88B
:1038C0000B4B1B881B0A9BB2DBB2094A1288D2B28F
:1038D000194645F215000CF03BF8064B012283F81F
:1038E0000521082109480DF007F900F0ECBE00BFE2
:1038F0004435002000000020D8000020E000002017
:10390000E8000020F0000020F80000200001002066
:10391000BB8847F62B12934236D1B24A7B8813807C
:10392000B04B1B884CF25032934209D9AE4BFF2268
:1039300083F80D210821AD480DF0DEF800F0C3BE7C
:10394000A84B1B88194645F2050004F0D3FAA54B95
:103950001B8819461A2005F07FF8A24B1B881B0A0A
:103960009BB2DBB29F4A1288D2B2194645F20500DB
:103970000BF0EEFF9C4B012283F80D2108219B48A0
:103980000DF0BAF800F09FBEBB8847F62C129342A8
:1039900036D1944A7B881380924B1B884CF250326C
:1039A000934209D9904BFF2283F8152108219048B2
:1039B0000DF0A2F800F087BE8A4B1B88194645F22D
:1039C000130004F097FA874B1B881946362005F040
:1039D00043F8844B1B881B0A9BB2DBB2814A1288D6
:1039E000D2B2194645F213000BF0B2FF7E4B012212
:1039F00083F8152108217E480DF07EF800F063BEA3
:103A0000BB8847F62D12934236D1764A7B881380C5
:103A1000744B1B884CF25032934209D9724BFF22EF
:103A200083F81D21082173480DF066F800F04BBEA5
:103A30006C4B1B88194645F2180004F05BFA694B81
:103A40001B881946402005F007F8664B1B881B0AA7
:103A50009BB2DBB2634A1288D2B2194645F2180013
:103A60000BF076FF604B012283F81D21082161488D
:103A70000DF042F800F027BEBB8847F62E129342A5
:103A800038D1584A7B881380564B1B884CF25032F1
:103A9000934209D9544BFF2283F825210821564827
:103AA0000DF02AF800F00FBE4E4B1B88194645F268
:103AB000190004F01FFA4B4B1B881946422004F0F2
:103AC000CBFF484B1B881B0A9BB2DBB2454A1288CE
:103AD000D2B2194645F219000BF03AFF424B03F5FA
:103AE0008053012283F8252A082143480DF004F869
:103AF00000F0E9BDBB8847F62F12934236D1394A10
:103B00007B881380374B1B884CF25032934209D983
:103B1000354BFF2283F82D21082138480CF0ECFFAB
:103B200000F0D1BD2F4B1B88194645F2020004F06E
:103B3000E1F92C4B1B881946142004F08DFF294B0A
:103B40001B881B0A9BB2DBB2264A1288D2B21946E6
:103B500045F202000BF0FCFE234B012283F82D21DD
:103B6000082126480CF0C8FF00F0ADBDBB8847F621
:103B70003012934246D11B4A7B881380194B1B8815
:103B80004CF25032934209D9174BFF2283F835216A
:103B900008211B480CF0B0FF00F095BD114B1B88AD
:103BA000194645F2030004F0A5F90E4B1B8819468F
:103BB000162004F051FF0B4B1B881B0A9BB2DBB293
:103BC000084A1288D2B2194645F203000BF0C0FE33
:103BD000054B012283F83521082109480CF08CFFA0
:103BE00000F071BD443500200000002008010020D5
:103BF00010010020180100202001002028010020D1
:103C000030010020BB8847F63112934236D1B74AC3
:103C10007B881380B54B1B884CF25032934209D9F4
:103C2000B34BFF2283F83D210821B2480CF064FF1A
:103C300000F049BDAD4B1B88194645F2060004F063
:103C400059F9AA4B1B8819461C2004F005FFA74B05
:103C50001B881B0A9BB2DBB2A44A1288D2B2194657
:103C600045F206000BF074FEA14B012283F83D21C2
:103C70000821A0480CF040FF00F025BDBB8847F6A6
:103C80003212934236D1994A7B881380974B1B8816
:103C90004CF25032934209D9954BFF2283F84521CB
:103CA000082195480CF028FF00F00DBD8F4B1B88B4
:103CB000194645F2070004F01DF98C4B1B88194684
:103CC0001E2004F0C9FE894B1B881B0A9BB2DBB285
:103CD000864A1288D2B2194645F207000BF038FE28
:103CE000834B012283F84521082183480CF004FF0F
:103CF00000F0E9BCBB8847F63312934240F00881DC
:103D00007B88012B43D10122002147F299600BF0FF
:103D10001FFE0022002147F29A600BF019FE0022DC
:103D2000002147F29D600BF013FE744B01225A767E
:103D30000121442009F096FD6D4B012283F84D21AD
:103D400008216F480CF0D8FE6C4B9B7EDBB2022B37
:103D500040F0B9840122002147F29B600BF0F8FD8E
:103D60000022002147F29C600BF0F2FD634B012220
:103D70009A760121452009F075FD5D4B012283F8FB
:103D80005D2108215F480CF0B7FE00F09CBC7B88E9
:103D9000022B61D1594B93F83530DBB2002B1CD08C
:103DA000564B5B7DDBB2002B04D11E21564809F037
:103DB0007FFF08E0514B5B7DDBB2012B03D1242157
:103DC000524809F075FF4A4BFF2283F84D21082124
:103DD0004B480CF091FE00F079BC0022002147F224
:103DE00099600BF0B5FD0122002147F29A600BF0BB
:103DF000AFFD0022002147F29D600BF0A9FD3F4B73
:103E000002225A760221442009F02CFD384B02226E
:103E100083F84D2108213A480CF06EFE374B002202
:103E200083F82C200022002147F623100BF090FD90
:103E30000021732009F016FD304B002283F8312059
:103E40000022002147F626100BF082FD002176208B
:103E500009F008FD00F037BC7B88032B3DD1002220
:103E6000002147F299600BF073FD0022002147F218
:103E70009A600BF06DFD0122002147F29D600BF06E
:103E800067FD1E4B03225A760321442009F0EAFC09
:103E9000174B032283F84D21082119480CF02CFE02
:103EA000164B002283F82C200022002147F6231015
:103EB0000BF04EFD0021732009F0D4FC0F4B0022C3
:103EC00083F831200022002147F626100BF040FD38
:103ED0000021762009F0C6FCF5E3054BFF2283F8AC
:103EE0004D21082106480CF007FEECE34435002084
:103EF0000000002038010020400100206034002034
:103F00004801002058010020E0500108105101082C
:103F1000BB8847F63412934267D17B88012B1BD1B3
:103F20000122002147F29B600BF012FD00220021CC
:103F300047F29C600BF00CFDAC4B01229A760121FC
:103F4000452009F08FFCAA4B012283F85D2108214E
:103F5000A8480CF0D1FDB6E37B88022B3CD1A34BE3
:103F60005B7EDBB2012B1BD1A04B5B7DDBB2002B58
:103F700004D11E21A04809F09BFE08E09B4B5B7D0D
:103F8000DBB2012B03D128219C4809F091FE984B0C
:103F9000032283F85D21082196480CF0ADFD95E3DE
:103FA0000022002147F29B600BF0D2FC012200218D
:103FB00047F29C600BF0CCFC8C4B02229A760221DB
:103FC000452009F04FFC8A4B022283F85D2108212D
:103FD00088480CF091FD76E3854BFF2283F85D2144
:103FE000082184480CF088FD6DE3BB8847F6351244
:103FF000934240F06883824A7B881380804B1B8801
:10400000632B05D97E4B1B8847F23052934208D967
:10401000774BFF2283F86D2008217A480CF06CFD65
:1040200022E0774B1B88194645F2140003F062FF2B
:10403000734B1B881946382004F00EFD704B1B880B
:104040001B0A9BB2DBB26E4A1288D2B2194645F205
:1040500014000BF07DFC664B012283F86D200821D3
:1040600068480CF049FD2EE32DE3BB88B3F5FA4F09
:1040700014D15E4B9B7DDBB2012B04D108215C483F
:104080000CF03AFD21E3594B9B7DDBB2002B40F055
:104090001C8308215C480CF02FFD16E3BB8847F613
:1040A0000152934200F01183BB8847F602529342BB
:1040B0000ED14E4B9B7DDBB2012B04D1082153481E
:1040C0000CF01AFD01E3082151480CF015FDFCE24B
:1040D000BB8847F6035293420FD1444B93F82430E8
:1040E000DBB2012B04D108214A480CF005FDECE2BB
:1040F000082149480CF000FDE7E2BB8847F604526E
:1041000093420ED1394B5B7FDBB2012B04D10821E6
:1041100042480CF0F1FCD8E2082141480CF0ECFCDC
:10412000D3E2BB8847F6055293420FD12F4B93F849
:104130002130DBB2012B04D108213A480CF0DCFC21
:10414000C3E2082138480CF0D7FCBEE2BB8847F632
:10415000065293420FD1254B93F85530DBB2012B19
:1041600004D1082127480CF0C7FCAEE208212F48F3
:104170000CF0C2FCA9E2BB8847F60752934217D164
:104180001A4B93F85630DBB2012B04D10821284892
:104190000CF0B2FC99E2164B002283F8752008213E
:1041A00023480CF0A9FC124B012283F875208CE205
:1041B000BB8847F6085293423ED10C4B93F85630D9
:1041C000DBB2012B04D108211A480CF095FC7CE2EB
:1041D000074B002283F88520082116480CF08CFC40
:1041E000034B012283F885206FE200BF603400207A
:1041F00000000020580100203851010864510108D6
:10420000443500206800002008000020280000201D
:10421000200000203800002030000020480000204E
:1042200040000020580000205000002060000020C6
:104230007000002080000020BB8847F6095293429E
:1042400000F04382BB8847F60A52934200F03D8259
:10425000BB8847F60B5293420BD1AD4B93F84530D8
:10426000DAB2AC4B83F8BD200821AB480CF044FC1B
:104270002BE2BB8847F60C52934214D1A44B1B7D12
:10428000DBB2012B04D10821A4480CF035FC1CE260
:104290009F4B1B7DDBB2022B40F017820821A04808
:1042A0000CF02AFC11E2BB8847F60D52934216D15E
:1042B0004FF4A04003F0C2FD0346FB80FB881B0ABD
:1042C0009BB2DAB2934B83F8D420FB88DAB2914BDD
:1042D00083F8D520082193480CF00EFCF5E1BB884B
:1042E00047F60E52934216D145F2010003F0A6FDA7
:1042F0000346FB80FB881B0A9BB2DAB2854B83F82E
:10430000DC20FB88DAB2834B83F8DD200821864865
:104310000CF0F2FBD9E1BB8847F60F52934216D15D
:1043200045F2120003F08AFD0346FB80FB881B0A5E
:104330009BB2DAB2774B83F8E420FB88DAB2754B94
:1043400083F8E520082179480CF0D6FBBDE1BB8855
:1043500047F61052934216D145F2160003F06EFD57
:104360000346FB80FB881B0A9BB2DAB2694B83F8D9
:10437000EC20FB88DAB2674B83F8ED2008216C480B
:104380000CF0BAFBA1E1BB8847F61152934216D15B
:1043900045F2170003F052FD0346FB80FB881B0A21
:1043A0009BB2DAB25B4B83F8F420FB88DAB2594B4C
:1043B00083F8F52008215F480CF09EFB85E1BB885F
:1043C00047F61252934216D145F2040003F036FD2F
:1043D0000346FB80FB881B0A9BB2DAB24D4B83F885
:1043E000FC20FB88DAB24B4B83F8FD2008215248B1
:1043F0000CF082FB69E1BB8847F61352934216D159
:1044000045F2150003F01AFD0346FB80FB881B0AEA
:104410009BB2DAB23F4B83F80421FB88DAB23D4B02
:1044200083F80521082145480CF066FB4DE1BB8867
:1044300047F61452934216D145F2050003F0FEFCF4
:104440000346FB80FB881B0A9BB2DAB2314B83F830
:104450000C21FB88DAB22F4B83F80D210821384854
:104460000CF04AFB31E1BB8847F61552934216D156
:1044700045F2130003F0E2FC0346FB80FB881B0AB5
:104480009BB2DAB2234B83F81421FB88DAB2214BBA
:1044900083F8152108212B480CF02EFB15E1BB8871
:1044A00047F61652934216D145F2180003F0C6FCA7
:1044B0000346FB80FB881B0A9BB2DAB2154B83F8DC
:1044C0001C21FB88DAB2134B83F81D2108211E48FA
:1044D0000CF012FBF9E0BB8847F61752934237D134
:1044E00045F2190003F0AAFC0346FB80FB881B0A77
:1044F0009BB2DAB2074B83F82421FB88DAB2054B72
:1045000083F82521082111480CF0F6FADDE000BF00
:104510006034002000000020B8000020C800002007
:10452000C0000020D0000020D8000020E0000020C3
:10453000E8000020F0000020F8000020000100202A
:104540000801002010010020180100202001002097
:10455000BB8847F61852934216D145F2020003F089
:104560006DFC0346FB80FB881B0A9BB2DAB2594BF9
:1045700083F82C21FB88DAB2564B83F82D210821D1
:1045800055480CF0B9FAA0E0BB8847F6195293429F
:1045900016D145F2030003F051FC0346FB80FB8873
:1045A0001B0A9BB2DAB24B4B83F83421FB88DAB298
:1045B000484B83F83521082148480CF09DFA84E0E7
:1045C000BB8847F61A52934216D145F2060003F013
:1045D00035FC0346FB80FB881B0A9BB2DAB23D4BDD
:1045E00083F83C21FB88DAB23A4B83F83D2108215D
:1045F0003B480CF081FA68E0BB8847F61B529342B7
:1046000016D145F2070003F019FC0346FB80FB8836
:104610001B0A9BB2DAB22F4B83F84421FB88DAB233
:104620002C4B83F8452108212E480CF065FA4CE00C
:10463000BB8847F61C5293420ED12B4B5B7EDAB2FD
:10464000244B83F84D21082128480CF055FA214BC2
:10465000012283F84D2138E0BB8847F61D52934272
:1046600013D1214B9B7EDBB2012B04D108212048C2
:104670000CF042FA29E01C4B9B7EDBB2022B24D1CA
:1046800008211C480CF038FA1FE0BB8847F61E5280
:1046900093421AD145F2140003F0D0FB0346FB808D
:1046A000FB881B0A9BB2DAB20A4B83F86C21FB88A9
:1046B000DAB2084B83F86D2108210F480CF01CFA80
:1046C00003E000BF02E000BF00E000BF00BF08370A
:1046D000BD4680BD000000202801002030010020E0
:1046E00038010020400100206034002048010020F3
:1046F00058010020600100206801002080B483B0D0
:1047000000AF7860034B1B7DDBB2002B0C37BD463E
:1047100080BC70476034002080B582B000AF786004
:104720007B681B78012B02D0042B1DD021E0124B9B
:104730001B7DDBB2012B03D0002008F075FA18E0D6
:104740000D4B5B7DDBB2002B04D120210B4809F01F
:10475000AFFA0DE0084B5B7DDBB2012B08D12021C5
:10476000074809F0A5FA03E0002008F0A7F900E0E7
:1047700000BF0837BD4680BD60340020905101085D
:10478000A451010880B584B000AF78604FF4E040D8
:1047900003F054FB0346FB60FB681B04FB6047F21D
:1047A000010003F04BFB03461A46FB681344FB6011
:1047B0008D4B1B78DBB2002B14D18B4B5B7DDBB2B6
:1047C000002B04D10C21894809F072FA06E1864BCE
:1047D0005B7DDBB2012B40F001811321844809F09D
:1047E00067FAFBE0804B5B78DBB2002B14D17E4B89
:1047F0005B7DDBB2002B04D10C217E4809F058FA16
:10480000EEE0794B5B7DDBB2012B40F0E9801621B5
:10481000794809F04DFAE3E0734B1B78DBB2012BCA
:1048200002D0022B48D0D2E0F968002000F0F4F862
:104830000346002B25D06C4B1B7DDBB2012B03D133
:10484000202009F02DF902E0002009F029F90622C4
:104850006A4947F2055009F06BF9062267494FF49F
:10486000EA4009F065F9604B1B78DBB20A33DAB233
:104870005D4B1A700822624947F2106009F058F93E
:10488000A2E006225D4947F2055009F051F9564B66
:104890005B7DDBB2002B04D108215A4809F008FAED
:1048A00092E0514B5B7DDBB2012B40F08D800F21FC
:1048B000554809F0FDF987E0F968012000F0ACF8EF
:1048C0000346002B2FD0484B1B7DDBB2012B09D0B8
:1048D000454B1B7DDBB2032B08D1434B9B7DDBB2E9
:1048E000002B03D0202009F0DBF802E0002009F0C3
:1048F000D7F80622414947F2055009F019F9062276
:104900003E494FF4EA4009F013F9374B1B78DBB20C
:104910000A33DAB2344B1A7008223C4947F210606D
:1049200009F006F952E0F968022000F075F8034634
:10493000002B2FD02C4B1B7DDBB2012B09D02A4B37
:104940001B7DDBB2032B08D1274B9B7DDBB2002BF9
:1049500003D0202009F0A4F802E0002009F0A0F81C
:104960000622264947F2055009F0E2F806222349BB
:104970004FF4EA4009F0DCF81B4B1B78DBB2143330
:10498000DAB2194B1A700822214947F2106009F077
:10499000CFF81BE00622194947F2055009F0C8F884
:1049A000114B5B7DDBB2002B04D10821154809F0C7
:1049B0007FF90BE00C4B5B7DDBB2012B06D10F21A5
:1049C000114809F075F901E000BF00E000BF064B97
:1049D00000225A700F4B00225A7002E000BF00E024
:1049E00000BF1037BD4680BD60340020C8510108AB
:1049F000D8510108EC510108FC510108145201087A
:104A00001C5201082852010834520108445201087E
:104A100050520108E833002080B485B000AF03464F
:104A20003960FB710123FB73FB79022B56D0022BFB
:104A30007CDC002B02D0012B28D077E00623BB734F
:104A400020E039683C4BA3FB0123DA0813469B00A6
:104A500013445B00CA1A02F13003BA7B013A3749AA
:104A60000A449278D2B2934203D00023FB7300BF72
:104A70005CE03B68304AA2FB0323DB083B60BB7B66
:104A8000013BBB73BB7B002BDBD14FE00623BB7329
:104A900020E03968284BA3FB0123DA0813469B006A
:104AA00013445B00CA1A02F13003BA7B013A23496E
:104AB0000A44127AD2B2934203D00023FB7300BFA0
:104AC00034E03B681C4AA2FB0323DB083B60BB7B52
:104AD000013BBB73BB7B002BDBD127E00623BB7301
:104AE00020E03968144BA3FB0123DA0813469B002E
:104AF00013445B00CA1A02F13003BA7B013A0F4932
:104B00000A44927BD2B2934203D00023FB7300BFCE
:104B10000BE03B68084AA2FB0323DB083B60BB7B3E
:104B2000013BBB73BB7B002BDBD100BFFB7B18467B
:104B30001437BD4680BC7047CDCCCCCC603400204F
:104B400080B582B000AF78600E4B5B7DDBB2002B8E
:104B500004D10D4B1B88184608F0A2FF094B5B7D62
:104B6000DBB2012B06D1084B1B88323B9BB21846A7
:104B700008F096FF054B00229A7000BF0837BD462B
:104B800080BD00BF60340020B0350020E833002035
:104B900080B582B000AF7860134B0022DA707B687A
:104BA0001B78012B02D0022B0AD013E006220F49FA
:104BB0004FF4EA4008F0BCFF0D4B01221A7009E0E7
:104BC00006220C494FF4EA4008F0B2FF084B0222DB
:104BD0001A7000BF0622084947F2055008F0A8FFE6
:104BE00000BF0837BD4680BDE83300205C52010895
:104BF00060340020645201081452010880B582B06C
:104C000000AF78602C4B00225A7106222B494FF4DA
:104C1000EA4008F08DFF0622284947F2055008F0C7
:104C200087FF274B00221A70254B5B7DDBB2002BE0
:104C300004D10921234809F03BF808E0204B5B7DB3
:104C4000DBB2012B03D10E211F4809F031F84FF4DC
:104C5000FA700CF064F81A4B5B7DDBB2002B04D1C8
:104C60000A211A4809F024F808E0154B5B7DDBB2F5
:104C7000012B03D10B21164809F01AF802200CF081
:104C80004EF80F4B5B7DDBB2002B06D10A22114997
:104C900047F2106008F0ACFF0AE0094B5B7DDBB225
:104CA000012B05D10A220C4947F2106008F0A0FF41
:104CB00000BF0837BD4680BDE8330020145201080C
:104CC000603400206C5201087852010888520108B3
:104CD00094520108A0520108AC52010880B588B076
:104CE00000AF7860894B00229A71894B1B78DBB248
:104CF000002B14D1864B5B7DDBB2002B04D10C2141
:104D0000844808F0D5FFCDE1814B5B7DDBB2012B00
:104D100040F0C8811321804808F0CAFFC2E17C4BF3
:104D20005B78DBB2002B14D1794B5B7DDBB2002BBF
:104D300004D10E21794808F0BBFFB5E1744B5B7DCF
:104D4000DBB2012B40F0B0811A21754808F0B0FFAA
:104D5000AAE16F4B5B78DBB2012B14D86C4B5B7D07
:104D6000DBB2002B04D10E216E4808F0A1FF9DE1BB
:104D7000674B5B7DDBB2012B40F098811A216A48BA
:104D800008F096FF92E1624B5B78DBB2022B14D8FD
:104D90005F4B5B7DDBB2002B04D11221634808F02E
:104DA00087FF85E15A4B5B7DDBB2012B40F08081B0
:104DB00027215F4808F07CFF7AE14FF4E04003F0E0
:104DC0003DF80346FB61FB691B04FB6147F20100F0
:104DD00003F034F803461A46FB691344FB614C4B5D
:104DE0001B78DBB20A2B06D9494B1B78DBB20A3B96
:104DF000DAB2474B1A70464B1B78DBB2012B40F0FE
:104E0000A380F9690020FFF707FE0346002B00F09E
:104E10009B8047F2020003F011F80346BB61BB69B7
:104E20001B04BB6147F2030003F008F803461A466F
:104E3000BB691344BB6147F2040002F0FFFF034665
:104E40007B617B691B047B6147F2050002F0F6FF82
:104E500003461A467B6913447B61BA697B699A42AF
:104E60002DD1B969002003F04BF9002003F0B4FD07
:104E70000622304947F2055008F05AFE06222D4915
:104E800047F2205008F054FE06222A4947F22350E8
:104E900008F04EFE1E4B5B7DDBB2002B04D10A21D5
:104EA000254808F005FF05E1194B5B7DDBB2012BBE
:104EB00040F000811A21214808F0FAFEFAE00622AB
:104EC0001C4947F2055008F033FE0622194947F203
:104ED000205008F02DFE0622164947F2235008F014
:104EE00027FE0B4B5B7DDBB2002B04D10A2114485B
:104EF00008F0DEFEDEE0064B5B7DDBB2012B40F00E
:104F0000D9801F210F4808F0D3FED3E0E8330020FA
:104F100060340020C8510108D8510108B852010876
:104F2000C8520108E4520108F45201081053010864
:104F300024530108145201084C5301085C53010822
:104F400078530108845301085D4B1B78DBB2022BB8
:104F500040F08280F9690120FFF75EFD0346002BD7
:104F60007AD047F2020002F069FF03463B613B69D9
:104F70001B043B6147F2030002F060FF03461A4640
:104F80003B6913443B6147F2040002F057FF0346BC
:104F9000FB60FB681B04FB6047F2050002F04EFF5C
:104FA00003461A46FB681344FB603A69FB689A4261
:104FB0002CD13969012003F0A3F8012003F00CFD86
:104FC0000622404947F2055008F0B2FD06223D494D
:104FD00047F2205008F0ACFD06223A4947F2235030
:104FE00008F0A6FD364B5B7DDBB2002B04D10A2115
:104FF000354808F05DFE5FE0314B5B7DDBB2012B95
:105000005AD11721314808F053FE55E006222D49A8
:1050100047F2055008F08CFD06222A4947F220503D
:1050200008F086FD0622274947F2235008F080FD4C
:10503000234B5B7DDBB2002B04D10A21244808F00E
:1050400037FE39E01E4B5B7DDBB2012B34D11F21D3
:10505000204808F02DFE2FE006221A4947F205509D
:1050600008F066FD0622174947F2205008F060FD5F
:105070000622144947F2235008F05AFD104B5B7D7D
:10508000DBB2002B04D10821134808F011FE14E014
:105090000B4B5B7DDBB2012B0FD10F210F4808F0CA
:1050A00007FE0AE000BF08E000BF06E000BF04E022
:1050B00000BF02E000BF00E000BF2037BD4680BD5A
:1050C00060340020145201084C530108A453010815
:1050D000785301088453010828520108345201080A
:1050E00080B582B000AF7860904B00221A717B6867
:1050F0001B78013B072B00F2168101A252F823F026
:10510000215100086F510008B551000845520008B0
:105110005B52000871520008B7520008E3520008C1
:10512000002002F073FD824B002283F84720804B61
:10513000002283F852207E4B1B78DBB2092B0ED95C
:105140007B4B1B7DDBB2012B09D0794B1B7DDBB286
:10515000032B08D1764B9B7DDBB2002B03D02020A4
:1051600008F09EFCDFE0002008F09AFCDBE0002065
:1051700002F04CFD6E4B012283F847206C4B1B78EC
:10518000DBB2092B0ED96A4B1B7DDBB2012B09D098
:10519000674B1B7DDBB2032B08D1654B9B7DDBB2DC
:1051A000002B03D01E2008F07BFCBCE0012008F09F
:1051B00077FCB8E05E4B1B7DDBB2012B14D15C4B5E
:1051C0005B7DDBB2002B04D120215A4808F070FD32
:1051D000A6E0574B5B7DDBB2012B40F0A180202184
:1051E000554808F065FD9BE0514B1B7DDBB2032B5E
:1051F00019D14F4B9B7DDBB2002B14D04C4B5B7D08
:10520000DBB2002B04D110214C4808F051FD89E09D
:10521000474B5B7DDBB2012B40F084801621484870
:1052200008F046FD7EE0424B022283F84720404BC7
:10523000012283F85220002002F0E8FC022008F04E
:105240002FFC70E03A4B032283F84720012002F044
:10525000DDFC032008F024FC65E0354B042283F8D4
:105260004720002002F0D2FC042008F019FC5AE08C
:10527000002002F0CBFC2E4B052283F847202C4B5C
:105280001B78DBB20B2B0ED9294B1B7DDBB2012B1C
:1052900009D0274B1B7DDBB2032B08D1244B9B7D10
:1052A000DBB2002B03D01F2008F0FAFB3BE0052007
:1052B00008F0F6FB37E0002002F0A8FC06222149A6
:1052C00047F2055008F034FC06221E494FF4EA402C
:1052D00008F02EFC164B00225A70072008F0E0FB65
:1052E00021E0062217494FF4EA4008F021FC06228B
:1052F000144947F2055008F01BFC0622114947F2F9
:10530000205008F015FC06220E4947F2235008F001
:105310000FFC074B00225A70082008F0C1FB02E086
:1053200000BF00E000BF0837BD4680BDE833002065
:105330006034002090510108A4510108C0530108B5
:10534000D45301081452010880B582B000AF7860D0
:105350007B681B78032B65D0032B00F3AC80012BFB
:1053600002D0022B3CD0A6E0544B1B7DDBB2032BBA
:1053700019D1524B9B7DDBB2002B14D04F4B5B7D80
:10538000DBB2002B04D110214D4808F091FC8BE0DA
:105390004A4B5B7DDBB2012B40F0868016214948E9
:1053A00008F086FC80E0454BDB7DDBB2002B13D0A0
:1053B000424B5B7DDBB2002B04D12321424808F035
:1053C00077FC73E03D4B5B7DDBB2012B6ED123217B
:1053D0003E4808F06DFC69E0012008F019F86AE029
:1053E000364B1B7DDBB2032B18D1344B9B7DDBB2DC
:1053F000012B13D1314B5B7DDBB2002B04D110218B
:105400002F4808F055FC53E02C4B5B7DDBB2012BA1
:105410004ED116212B4808F04BFC49E0002007F044
:10542000F7FF48E0254B9B7DDBB2012B13D1234BCB
:105430005B7DDBB2002B04D10A21254808F038FC43
:1054400038E01E4B5B7DDBB2012B33D113212148A9
:1054500008F02EFC2EE0012007F006FD022007F0E8
:1054600003FD042007F000FD052007F0FDFC134BB1
:105470005B7DDBB2002B04D10F21174808F038FC0C
:1054800008E00E4B5B7DDBB2012B03D115211348E5
:1054900008F02EFC094B03221A75084B1B7DDBB26A
:1054A00018460AF0E9FA06E000BF04E000BF02E097
:1054B00000BF00E000BF0837BD4680BD603400205B
:1054C000C0530108D4530108EC53010804540108E7
:1054D000285401083454010848540108585401085C
:1054E00080B582B000AF786008F05AF90346012B0E
:1054F00000F0C6807B681B78013B232B00F2C18043
:1055000001A252F823F000BF99550008A1550008E8
:10551000A9550008B15500088356000883560008B5
:1055200083560008835600088356000883560008F7
:1055300083560008835600088356000883560008E7
:105540008356000883560008B9550008CD55000859
:10555000E1550008F55500088356000883560008F9
:1055600083560008835600088356000883560008B7
:1055700083560008835600088356000883560008A7
:10558000835600088356000809560008275600086D
:1055900045560008635600080020FBF793FF70E0B3
:1055A0000120FBF7AFFF6CE00220FBF7ABFF68E0E8
:1055B0000320FBF7A7FF64E0334B93F83B30DBB2EB
:1055C0001A460A210020FCF7E1FC5AE02E4B93F822
:1055D0003C30DBB21A460A210120FCF7D7FC50E030
:1055E000294B93F83D30DBB21A460A210220FCF722
:1055F000CDFC46E0244B93F83E30DBB21A460A213C
:105600000320FCF7C3FC3CE01F4B93F83B30DBB2BC
:10561000002B0CBF01230023DBB21A460A21002015
:10562000FCF7B4FC2DE0184B93F83C30DBB2002BB8
:105630000CBF01230023DBB21A460A210120FCF72C
:10564000A5FC1EE0104B93F83D30DBB2002B0CBFE5
:1056500001230023DBB21A460A210220FCF796FC44
:105660000FE0094B93F83E30DBB2002B0CBF012357
:105670000023DBB21A460A210320FCF787FC00E076
:1056800000BF0837BD4680BD6034002080B582B0C1
:1056900000AF786008F084F80346012B00F0078122
:1056A0008B4B93F83230DBB2002B14D0884B5B7DF0
:1056B000DBB2002B04D11021864808F019FBF8E07A
:1056C000834B5B7DDBB2012B40F0F3801D218248D0
:1056D00008F00EFBEDE07E4BDB7DDBB2002B40F0F3
:1056E000D2807B681B78032B00F09E80032B00F395
:1056F000EB80012B02D0022B45D0E5E0774B5B6BB2
:10570000764A926B11461846FBF776F903464FF03E
:1057100000011846FBF720FC0346002B14D06C4B0D
:105720005B7DDBB2002B04D11B216D4808F0E0FA51
:10573000C1E0674B5B7DDBB2012B40F0BC802121D7
:10574000684808F0D5FAB6E0614B93F82430DBB234
:10575000002B14D15E4B5B7DDBB2002B04D10A2100
:10576000614808F0A5FAA8E0594B5B7DDBB2012B3C
:1057700040F0A38013215D4808F09AFA9DE0544B55
:1057800001229A77A0E0524BDB7DDBB2002B40F088
:10579000968001200BF01AFD0346002B28D14C4BBC
:1057A00093F82130DBB2002B22D14C4B5B6B4FF0D6
:1057B00000011846FBF7D0FB0346002B13D0444BE7
:1057C0005B7DDBB2002B04D11B21454808F070FA49
:1057D00077E03F4B5B7DDBB2012B72D12121414849
:1057E00008F066FA6DE03A4B012283F8202066E06B
:1057F000374B93F82130DBB2002B60D0374B9B6BDB
:105800004FF000011846FBF7BBFB0346002B00D10D
:1058100055E02F4B93F82230DBB2002B4FD12C4BAD
:10582000022283F820204AE0294B93F82130DBB292
:10583000002B23D0294B9B6B4FF000011846FBF740
:105840009FFB0346002B19D0214B93F82230DBB28B
:10585000002B13D11E4B5B7DDBB2002B04D110213A
:10586000234808F025FA2EE0194B5B7DDBB2012BB3
:1058700029D122211F4808F01BFA24E0144B0122F1
:1058800083F8232020E0124B5B7DDBB2002B04D198
:105890002321194808F00CFA16E00D4B5B7DDBB2B2
:1058A000012B11D12321154808F002FA0CE000BFAA
:1058B0000AE000BF08E000BF06E000BF04E000BF50
:1058C00002E000BF00E000BF0837BD4680BD00BF5A
:1058D000603400207054010884540108BC34002056
:1058E000A4540108C0540108E4540108F05401080C
:1058F0000455010818550108EC5301080454010827
:10590000B0B582B000AF786007F04AFF0346012BC4
:105910005ED001200BF07CFC0346002B02D101205D
:1059200007F06EFB02200BF073FC0346002B02D045
:10593000012007F071FC7B681B78012B02D0022B41
:105940001CD046E0244B1B681846FBF723FB04469B
:10595000224B93F83B30DBB2002B0CBF012300231A
:10596000DBB21D461C4B5B681846FBF713FB034676
:105970002A4621460020FBF77FFB2AE0184B1B78C4
:10598000002B06D00020FBF79DFD154B00221A705E
:1059900015E0114B1B681846FBF7FCFA01460F4B4C
:1059A00093F83B30DBB2002B0CBF01230023DBB2AA
:1059B0001A460020FCF7EAFA094B01221A70084B3C
:1059C0001B781A46002147F6141009F0C1FF00E0C9
:1059D00000BF0837BD46B0BDBC3400206034002095
:1059E000A8330020B0B582B000AF78603D4B0022F4
:1059F000DA7207F0D5FE0346012B6AD03A4B93F8D2
:105A00002B30DBB2002B13D1374B5B7DDBB2002B8D
:105A100004D11221354808F04BF95CE0324B5B7D34
:105A2000DBB2012B57D12421314808F041F952E073
:105A30007B681B78012B02D0022B25D04EE02D4B2A
:105A400093F82038002B48D108200BF0BFFB034609
:105A5000002B42D0244B012283F84D20264B1B6A99
:105A60001846FBF797FA05461F4B93F83C30DCB21B
:105A7000214B5B6A1846FBF78DFA034622462946FE
:105A80000120FBF7F9FA28E01C4B1B78002B06D00D
:105A90000120FBF737FD194B00221A7010E0164B5E
:105AA0001B6A1846FBF776FA01460F4B93F83C3019
:105AB000DBB21A460120FCF769FA104B01221A707A
:105AC0000E4B1B781A46002147F6111009F040FFD3
:105AD00004E000BF02E000BF00E000BF0837BD46A1
:105AE000B0BD00BFE8330020603400203C55010801
:105AF00050550108A4030020BC340020A933002025
:105B0000B0B582B000AF7860404B00229A7307F0C6
:105B100047FE0346012B70D03D4B93F82A30DBB291
:105B2000002B13D13A4B5B7DDBB2002B04D1122149
:105B3000384808F0BDF862E0354B5B7DDBB2012BE5
:105B40005DD12421344808F0B3F858E07B681B7815
:105B5000012B02D0022B27D054E0304B03F58053A9
:105B600093F82838002B4CD106200BF02FFB03466E
:105B7000002B46D0264B012283F84E20284B1B6C6D
:105B80001846FBF707FA0546214B93F83E30DCB286
:105B9000234B5B6C1846FBF7FDF90346224629466A
:105BA0000320FBF769FA2CE01E4B1B78002B06D074
:105BB0001C4B00221A700320FBF7A4FC14E0194BC5
:105BC00001221A70124B002283F84E20144B1B6CDA
:105BD0001846FBF7DFF901460D4B93F83E30DBB278
:105BE0001A460320FCF7D2F90E4B1B781A46002107
:105BF00047F6121009F0ACFE04E000BF02E000BF5F
:105C000000E000BF0837BD46B0BD00BFE83300204C
:105C100060340020785501088C550108A403002049
:105C2000BC340020AA33002090B583B000AF786068
:105C3000294B00221A7407F0B3FD0346012B44D010
:105C40007B681B78012B02D0022B19D040E0234B3C
:105C500003F5805393F82838002B38D1204B9B6AEA
:105C60001846FBF797F904461D4B5B6B1846FBF78C
:105C700091F90346002221460320FBF7FDF926E0B7
:105C8000184B1B78002B06D0164B00221A700320ED
:105C9000FBF738FC10E0134B01221A70104B9B6A83
:105CA0001846FBF777F901460F4B93F83E30DBB20D
:105CB0001A460320FCF76AF90A4B1B781A460021A2
:105CC00047F6131009F044FE02E000BF00E000BFF9
:105CD0000C37BD4690BD00BFE8330020A403002070
:105CE000BC340020AB3300206034002080B582B08B
:105CF00000AF786007F054FD0346012B7DD07B6830
:105D00001B78032B76D0032B7CDC012B02D0022BDB
:105D100039D077E03D4B93F82430DBB2002B13D120
:105D20003A4B5B7DDBB2002B04D10A21384807F0E7
:105D3000BFFF64E0354B5B7DDBB2012B5FD11321EC
:105D4000344807F0B5FF5AE0304BDB7DDBB2002B67
:105D500005D12E4B5B7EDAB22C4BDA7651E02B4B21
:105D60005B7DDBB2002B04D123212B4807F0A0FF81
:105D700047E0264B5B7DDBB2012B42D12321274834
:105D800007F096FF3DE0264B1B78002B06D0244BF6
:105D900000221A700020FBF795FB22E0204B012225
:105DA0001A7001200BF034FA0346002B02D10120B7
:105DB00007F026F902200BF02BFA0346002B02D045
:105DC000012007F029FA174B1B681846FBF7E2F889
:105DD00001460E4B93F83B30DBB21A460020FCF72D
:105DE000D5F80F4B1B781A46002147F6101009F022
:105DF000AFFD07E0FBF75CFF04E000BF02E000BF7F
:105E000000E000BF0837BD4680BD00BF6034002001
:105E1000E4540108F0540108EC530108045401084B
:105E2000AC330020BC34002080B582B000AF786075
:105E300007F0B6FC0346012B00F0DA807B681B7884
:105E4000013B072B00F2D58001A252F823F000BFDE
:105E5000715E0008A15E0008D15E0008015F0008C5
:105E6000315F0008615F0008915F0008C15F0008B2
:105E700001200BF0CDF90346002B08D000210120B2
:105E80000BF070F90021002009F082FEB1E0012141
:105E900001200BF067F90121002009F079FEA8E04C
:105EA00002200BF0B5F90346002B08D00021022098
:105EB0000BF058F90021012009F06AFE99E0012158
:105EC00002200BF04FF90121012009F061FE90E062
:105ED00003200BF09DF90346002B08D0002103207E
:105EE0000BF040F90021022009F052FE81E001216F
:105EF00003200BF037F90121022009F049FE78E078
:105F000004200BF085F90346002B08D00021042063
:105F10000BF028F90021032009F03AFE69E0012185
:105F200004200BF01FF90121032009F031FE60E08D
:105F300005200BF06DF90346002B08D00021052049
:105F40000BF010F90021042009F022FE51E001219C
:105F500005200BF007F90121042009F019FE48E0A3
:105F600006200BF055F90346002B08D0002106202F
:105F70000BF0F8F80021052009F00AFE39E00121B4
:105F800006200BF0EFF80121052009F001FE30E0BA
:105F900007200BF03DF90346002B08D00021072015
:105FA0000BF0E0F80021062009F0F2FD21E00121CC
:105FB00007200BF0D7F80121062009F0E9FD18E0D1
:105FC00008200BF025F90346002B08D000210820FB
:105FD0000BF0C8F80021072009F0DAFD09E00121E3
:105FE00008200BF0BFF80121072009F0D1FD00E0E7
:105FF00000BF0837BD4680BD80B582B000AF786075
:10600000324B00229A7607F0CBFB0346012B54D08B
:106010002F4B1B7DDBB2012B13D12D4B5B7DDBB2F4
:10602000002B04D120212B4807F042FE47E0284BEB
:106030005B7DDBB2012B42D12021274807F038FEDF
:106040003DE0234B1B7DDBB2032B18D1204B9B7D06
:10605000DBB2012B13D11E4B5B7DDBB2002B04D1D5
:1060600010211E4807F024FE2BE0194B5B7DDBB2AC
:10607000012B26D116211A4807F01AFE21E0144BF5
:10608000DB7DDBB2002B04D1114B012283F83F20D2
:1060900018E00F4B5B7DDBB2002B04D123211148AC
:1060A00007F006FE0EE00A4B5B7DDBB2012B09D147
:1060B00023210D4807F0FCFD04E000BF02E000BF13
:1060C00000E000BF0837BD4680BD00BFE8330020B8
:1060D0006034002090510108A4510108C053010808
:1060E000D4530108EC5301080454010880B582B070
:1060F00000AF7860344B002283F82A2007F050FB71
:106100000346012B56D0314B9B7DDBB2002B19D1BE
:106110002E4B93F84730DBB2002B13D12B4B5B7D1A
:10612000DBB2002B04D11021294807F0C1FD43E068
:10613000264B5B7DDBB2012B3ED11821254807F0B1
:10614000B7FD39E0214B1B7DDBB2012B13D11F4B77
:106150005B7DDBB2002B04D120211F4807F0A8FD96
:106160002CE01A4B5B7DDBB2012B27D120211B4891
:1061700007F09EFD22E0154BDB7DDBB2002B13D038
:10618000124B5B7DDBB2002B04D12321144807F0B6
:106190008FFD15E00D4B5B7DDBB2012B10D1232170
:1061A000104807F085FD0BE0084B5B7EDAB2074B29
:1061B000DA7606E000BF04E000BF02E000BF00E0C6
:1061C00000BF0837BD4680BDE833002060340020A2
:1061D000B4550108C855010890510108A45101089F
:1061E000EC5301080454010880B582B000AF786018
:1061F00007F0D6FA0346012B00F0BC80644B93F8FD
:106200003230DBB2002B14D0614B5B7DDBB2002B54
:1062100004D110215F4807F04BFDADE05C4B5B7D86
:10622000DBB2012B40F0A8801D215B4807F040FD48
:10623000A2E0574B9B7DDBB2002B14D1544B5B7D0E
:10624000DBB2002B04D11021544807F031FD95E05A
:106250004F4B5B7DDBB2012B40F090801821504802
:1062600007F026FD8AE04A4B1B7DDBB2012B13D1E0
:10627000474B5B7DDBB2002B04D12021494807F05E
:1062800017FD7DE0424B5B7DDBB2012B78D12021F5
:10629000454807F00DFD73E03D4BDB7DDBB2002B85
:1062A00013D03B4B5B7DDBB2002B04D123213F4855
:1062B00007F0FEFC66E0364B5B7DDBB2012B61D163
:1062C00023213B4807F0F4FC5CE001200AF07EFF4C
:1062D0000346002B28D12E4B93F82130DBB2002B44
:1062E00022D1344B5B6B4FF000011846FAF734FEB5
:1062F0000346002B13D0264B5B7DDBB2002B04D171
:106300001B212D4807F0D4FC3EE0214B5B7DDBB226
:10631000012B39D12121294807F0CAFC34E01C4B5C
:10632000012283F8202030E0194B93F82130DBB2B2
:10633000002B14D01F4B9B6B4FF000011846FAF74F
:106340001FFE0346002B0AD0114B93F82230DBB21C
:10635000002B04D10E4B022283F8202015E00C4BB9
:1063600093F82130DBB2002B0FD0094B012283F8C8
:1063700023200AE000BF08E000BF06E000BF04E001
:1063800000BF02E000BF00E000BF0837BD4680BD8F
:10639000603400207054010884540108B455010889
:1063A000C855010890510108A4510108EC53010897
:1063B00004540108BC340020A4540108C05401084E
:1063C00080B582B000AF7860784B93F82B30DBB2A9
:1063D000002B14D1754B5B7DDBB2002B04D1122155
:1063E000734807F065FCDDE0704B5B7DDBB2012B91
:1063F00040F0D8801F216F4807F05AFCD2E06E4B66
:1064000093F82A30032B00F08580032B00F3C5801E
:10641000012B02D0022B3FD0BFE00122002147F622
:10642000501009F095FA0022002147F6511009F0AA
:106430008FFA0022002147F6521009F089FA5B4BCF
:10644000012283F82F2001217E2007F00BFA574B01
:106450005B7DDBB2002B0CD11722584947F2A070AC
:1064600007F0C6FB1622564947F2B07007F0C0FB92
:106470008EE04E4B5B7DDBB2012B40F08980172212
:10648000504947F2A07007F0B3FB16224E4947F27D
:10649000B07007F0ADFB7BE00022002147F6501002
:1064A00009F056FA0122002147F6511009F050FA7E
:1064B0000022002147F6521009F04AFA3B4B022213
:1064C00083F82F2002217E2007F0CCF9374B5B7D2B
:1064D000DBB2002B0CD117223C4947F2A07007F029
:1064E00087FB1622364947F2B07007F081FB51E076
:1064F0002E4B5B7DDBB2012B4CD11722344947F286
:10650000A07007F075FB16222F4947F2B07007F014
:106510006FFB3FE00022002147F6501009F018FA07
:106520000022002147F6511009F012FA0122002141
:1065300047F6521009F00CFA1C4B002283F82F206A
:1065400000217E2007F08EF9184B5B7DDBB2002B1B
:106550000CD117221D4947F2A07007F049FB162203
:106560001A4947F2B07007F043FB15E00F4B5B7D13
:10657000DBB2012B10D11722154947F2A07007F0AA
:1065800037FB1622124947F2B07007F031FB03E0E7
:1065900000BF02E000BF00E000BF074B002283F80D
:1065A0002A2000E000BF0837BD4680BD60340020CF
:1065B0003C550108E4550108E83300200456010861
:1065C00014560108245601083C5601085456010887
:1065D0005C56010880B582B000AF7860784B93F8C4
:1065E0002A30DBB2002B14D1754B5B7DDBB2002B64
:1065F00004D11221734807F05BFBDDE0704B5B7D3B
:10660000DBB2012B40F0D8801F216F4807F050FB10
:10661000D2E06E4B93F82B30032B00F08580032BD8
:1066200000F3C580012B02D0022B3FD0BFE0012236
:10663000002147F6581009F08BF90022002147F697
:10664000591009F085F90022002147F65A1009F087
:106650007FF95B4B012283F82E200121752007F082
:1066600001F9574B5B7DDBB2002B0CD11722584947
:106670004FF4EF4007F0BCFA1622564947F29070EB
:1066800007F0B6FA8EE04E4B5B7DDBB2012B40F09B
:106690008980172250494FF4EF4007F0A9FA1622DB
:1066A0004E4947F2907007F0A3FA7BE000220021E8
:1066B00047F6581009F04CF90122002147F659100D
:1066C00009F046F90022002147F65A1009F040F976
:1066D0003B4B022283F82E200221752007F0C2F8DE
:1066E000374B5B7DDBB2002B0CD117223C494FF4BA
:1066F000EF4007F07DFA1622364947F2907007F016
:1067000077FA51E02E4B5B7DDBB2012B4CD1172287
:1067100034494FF4EF4007F06BFA16222F4947F245
:10672000907007F065FA3FE00022002147F658100C
:1067300009F00EF90022002147F6591009F008F976
:106740000122002147F65A1009F002F91C4B0022E1
:1067500083F82E200021752007F084F8184B5B7D0C
:10676000DBB2002B0CD117221D494FF4EF4007F08C
:106770003FFA16221A4947F2907007F039FA15E0ED
:106780000F4B5B7DDBB2012B10D1172215494FF463
:10679000EF4007F02DFA1622124947F2907007F0E9
:1067A00027FA03E000BF02E000BF00E000BF074B94
:1067B000002283F82B2000E000BF0837BD4680BDD3
:1067C000603400207855010864560108E833002041
:1067D0008456010894560108A4560108BC560108C5
:1067E000545601085C56010880B582B000AF78604D
:1067F0007B4B93F82C30032B00F0AB80032B00F382
:10680000E780012B02D0022B43D0E1E001220021DE
:1068100047F2996009F09CF80022002147F29A6043
:1068200009F096F80022002147F29D6009F090F8E7
:106830006C4B01225A760121442007F013F86A4B71
:10684000012283F84D21082168480AF055F9654B6B
:106850009B7EDBB2022B40F0BA800122002147F27E
:106860009B6009F075F80022002147F29C6009F056
:106870006FF85C4B01229A760121452006F0F2FF69
:10688000594B012283F85D21082159480AF034F957
:106890009DE0544B93F83530DBB2002B1BD0514BAD
:1068A0005B7DDBB2002B04D11E21524807F000FAB9
:1068B00008E04C4B5B7DDBB2012B03D124214E4819
:1068C00007F0F6F9484BFF2283F84D21082147488D
:1068D0000AF012F97CE00022002147F2996009F0E9
:1068E00037F80122002147F29A6009F031F80022BE
:1068F000002147F29D6009F02BF83A4B02225A76AC
:106900000221442006F0AEFF374B022283F84D21CE
:10691000082136480AF0F0F8324B002283F82C2088
:106920000022002147F6231009F012F800217320FD
:1069300006F098FF2B4B002283F831200022002123
:1069400047F6261009F004F80021762006F08AFFA9
:106950003EE00022002147F2996008F0F9FF002292
:10696000002147F29A6008F0F3FF0122002147F26C
:106970009D6008F0EDFF1B4B03225A760321442053
:1069800006F070FF184B032283F84D2108211748A9
:106990000AF0B2F8134B002283F82C2000220021C9
:1069A00047F6231008F0D4FF0021732006F05AFFA9
:1069B0000C4B002283F831200022002147F62610DC
:1069C00008F0C6FF0021762006F04CFF00E000BF73
:1069D000034B002283F82C2000BF0837BD4680BD42
:1069E000E83300206034002000000020480100202F
:1069F00058010020D4560108F456010880B582B031
:106A000000AF7860344B93F82D30012B02D0022B6D
:106A10001CD058E00122002147F29B6008F098FF4B
:106A20000022002147F29C6008F092FF2B4B0122CC
:106A30009A760121452006F015FF294B012283F8A3
:106A40005D21082127480AF057F83CE0234B5B7E84
:106A5000DBB2012B1BD1214B5B7DDBB2002B04D1C0
:106A60001C21214807F024F908E01C4B5B7DDBB2B8
:106A7000012B03D128211D4807F01AF9184BFF22DA
:106A800083F84D2108211A480AF036F81BE000224D
:106A9000002147F29B6008F05BFF0122002147F2D2
:106AA0009C6008F055FF0D4B02229A76022145208A
:106AB00006F0D8FE0A4B022283F84D2108210C482B
:106AC0000AF01AF800BF044B002283F82D2000BF03
:106AD0000837BD4680BD00BFE83300206034002089
:106AE00000000020580100201C5701083C570108F5
:106AF0004801002080B582B000AF78601D4B5B7DFF
:106B0000DBB2002B11D11B4B01225A75012147200A
:106B100006F0A8FE08F0ACF8174B012283F85D21BF
:106B20000821164809F0E8FF0DE0124B5B7DDBB24F
:106B3000012B08D10F4B00225A750021472006F087
:106B400091FE08F095F80B4B1B78DBB20A2B08D9A5
:106B5000084B1B7DDBB2022B03D1002006F0A0FF07
:106B600003E0202006F09CFF00BF00BF0837BD46B1
:106B700080BD00BF603400200000002058010020CC
:106B800080B582B000AF78602A4B002283F82E20B7
:106B90001422294947F2085006F0CAFF274B5B7DB3
:106BA000DBB2002B06D11322254947F2085006F02C
:106BB000BFFF0AE0214B5B7DDBB2012B05D11F2219
:106BC000204947F2085006F0B3FF1F4B0C221A80F1
:106BD0000C2006F065FF2E221C4947F2085006F0F3
:106BE000A7FF164B5B7DDBB2002B06D1182218499C
:106BF00047F2085006F09CFF0AE0104B5B7DDBB2C9
:106C0000012B05D11D22134947F2085006F090FFD1
:106C10000A4B1B78DBB20B2B02D101F075FF01E0B0
:106C200001F0B6FD054B00221A7000BF0837BD46C3
:106C300080BD00BFE83300206857010860340020A1
:106C40008057010894570108B0350020B457010857
:106C5000E0570108F857010880B582B000AF7860AE
:106C60007B681B78013B162B00F28A8701A252F841
:106C700023F000BFD16C0008B16D00084D6F000813
:106C800017710008DF710008337B00086773000884
:106C90004B74000893740008DB7400088F750008BB
:106CA00019770008A37700084B780008CB79000813
:106CB000817B0008817B0008817B0008817B0008C4
:106CC000137A00085B7A0008A37A0008EB7A0008C0
:106CD000BC4B93F82930DBB2002B34D0B94B0022E7
:106CE00083F829200022002147F6201008F030FE0A
:106CF0000021702006F0B6FDB24B5B7DDBB2002BAD
:106D00000DD11722B04947F2A07006F071FF16228C
:106D1000AD4947F2B07006F06BFF00F00CBFA94B15
:106D20005B7DDBB2012B40F006871722A74947F2B3
:106D3000A07006F05DFF1622A44947F2B07006F07D
:106D400057FF00F0F8BE9F4B012283F82920012253
:106D5000002147F6201008F0FBFD0121702006F00D
:106D600081FD984B5B7DDBB2002B0DD1172298493A
:106D700047F2A07006F03CFF1622964947F2B07029
:106D800006F036FF00F0D7BE8E4B5B7DDBB2012BE9
:106D900040F0D1861722904947F2A07006F028FFF4
:106DA00016228E4947F2B07006F022FF00F0C3BEF3
:106DB000844B93F82A30DBB2002B34D0814B002275
:106DC00083F82A200022002147F6211008F0C0FD98
:106DD0000021712006F046FD7A4B5B7DDBB2002B73
:106DE0000DD1172278494FF4EF4006F001FF16222B
:106DF000754947F2907006F0FBFE00F09EBE714BA5
:106E00005B7DDBB2012B40F0988617226F494FF46F
:106E1000EF4006F0EDFE16226C4947F2907006F046
:106E2000E7FE00F08ABE674B012283F82A20012288
:106E3000002147F6211008F08BFD0121712006F09A
:106E400011FD604B5B7DDBB2002B3CD15D4B93F8B9
:106E50002E30DBB2012B0DD1172261494FF4EF40E8
:106E600006F0C6FE16225F4947F2907006F0C0FE9B
:106E700000F063BE534B93F82E30DBB2022B0DD1E2
:106E8000172251494FF4EF4006F0B2FE1622554941
:106E900047F2907006F0ACFE00F04FBE494B93F8FD
:106EA0002E30DBB2002B40F04886172246494FF4C3
:106EB000EF4006F09DFE1622434947F2907006F01F
:106EC00097FE00F03ABE3F4B5B7DDBB2012B40F0FA
:106ED00034863C4B93F82E30DBB2012B0DD11722B8
:106EE00041494FF4EF4006F083FE16223F4947F236
:106EF000907006F07DFE00F020BE324B93F82E30ED
:106F0000DBB2022B0DD1172230494FF4EF4006F0CF
:106F10006FFE1622354947F2907006F069FE00F0C8
:106F20000CBE284B93F82E30DBB2002B40F00586C8
:106F3000172226494FF4EF4006F05AFE1622234945
:106F400047F2907006F054FE00F0F7BD1D4B93F829
:106F50002B30DBB2002B4BD01A4B002283F82B20B6
:106F60000022002147F6221008F0F2FC00217220D6
:106F700006F078FC134B5B7DDBB2002B0DD11722A2
:106F8000114947F2A07006F033FE16220E4947F26F
:106F9000B07006F02DFE00F0D2BD0A4B5B7DDBB277
:106FA000012B40F0CC851722084947F2A07006F06B
:106FB0001FFE1622054947F2B07006F019FE00F0D8
:106FC000BEBD00BF60340020545601085C56010865
:106FD0000456010814560108245601083C560108BD
:106FE0008456010894560108A4560108BC560108AD
:106FF000C04B012283F82B200122002147F62210EA
:1070000008F0A6FC0121722006F02CFCB94B5B7D38
:10701000DBB2002B3CD1B74B93F82F30DBB2012B06
:107020000DD11722B44947F2A07006F0E1FD1622F7
:10703000B24947F2B07006F0DBFD00F080BDAD4B09
:1070400093F82F30DBB2022B0DD11722AC4947F257
:10705000A07006F0CDFD1622A84947F2B07006F0E8
:10706000C7FD00F06CBDA34B93F82F30DBB2002BB3
:1070700040F065851722A24947F2A07006F0B8FDDE
:1070800016229F4947F2B07006F0B2FD00F057BDDE
:10709000984B5B7DDBB2012B40F05185954B93F80B
:1070A0002F30DBB2012B0DD11722964947F2A07089
:1070B00006F09EFD1622944947F2B07006F098FD46
:1070C00000F03DBD8B4B93F82F30DBB2022B0DD17E
:1070D00017228E4947F2A07006F08AFD16228A49CF
:1070E00047F2B07006F084FD00F029BD814B93F8A3
:1070F0002F30DBB2002B40F022851722834947F264
:10710000A07006F075FD1622804947F2B07006F0B7
:107110006FFD00F014BD774B93F82C30DBB2002BE1
:107120000FD0744B002283F82C200022002147F658
:10713000231008F00DFC0021732006F093FB00F0F3
:107140001FBD6C4B5B7EDBB2022B04D0694B5B7EB8
:10715000DBB2032B16D1674B5B7DDBB2002B05D175
:107160001C216B4806F0A4FD00F0EBBC614B5B7D7D
:10717000DBB2012B40F0E5842821664806F098FD3B
:1071800000F0DFBC5B4B93F83630DBB2002B16D03F
:10719000584B5B7DDBB2002B05D118215E4806F011
:1071A00087FD00F0D0BC534B5B7DDBB2012B40F080
:1071B000CA842E21594806F07BFD00F0C4BC4D4B1B
:1071C000012283F82C200122002147F6231008F029
:1071D000BFFB0121732006F045FB00F0D1BC454BFD
:1071E00093F82D30DBB2002B40D0424B002283F8C5
:1071F0002D200022002147F6241008F0A9FB0021D1
:10720000742006F02FFB3B4B5B7DDBB2002B13D1D0
:107210000F223B4947F2256006F0EAFC1622384966
:1072200047F2C07006F0E4FC1622354947F2D070F0
:1072300006F0DEFC00F089BC2E4B5B7DDBB2012B3F
:1072400040F083840F22314947F2256006F0D0FCDC
:1072500016222E4947F2C07006F0CAFC16222B49AE
:1072600047F2D07006F0C4FC00F06FBC214B93F8DD
:107270003430DBB2002B16D01E4B5B7DDBB2002B13
:1072800005D11E21264806F013FD00F060BC194B05
:107290005B7DDBB2012B40F05A842B21214806F0A4
:1072A00007FD00F054BC134B012283F82D2001226E
:1072B000002147F6241008F04BFB0121742006F052
:1072C000D1FA0C4B5B7DDBB2002B33D10F22164978
:1072D00047F2256006F08CFC1622144947F2C07074
:1072E00006F086FC1622124947F2D07006F080FCA8
:1072F00000F02BBC6034002004560108145601082D
:1073000054560108245601083C5601085C560108F1
:107310001C5701083C570108185801083458010847
:107320006458010884580108B4580108C05801087D
:10733000D4580108B24B5B7DDBB2012B40F00584D1
:107340000F22B04947F2256006F052FC1622AE49E2
:1073500047F2C07006F04CFC1622AC4947F2D070E0
:1073600006F046FCF1E3A64B93F83130DBB2002B7C
:107370000ED0A34B002283F831200022002147F6D3
:10738000261008F0E5FA0021762006F06BFAE4E317
:107390009B4B5B7EDBB2022B04D0994B5B7EDBB256
:1073A000032B14D1964B5B7DDBB2002B04D11C2147
:1073B000974806F07DFCCCE3914B5B7DDBB2012B63
:1073C00040F0C7832821934806F072FCC1E38C4B40
:1073D00093F83630DBB2002B14D0894B5B7DDBB2E7
:1073E000002B04D118218C4806F062FCB3E3844BD7
:1073F0005B7DDBB2012B40F0AE832E21874806F087
:1074000057FCA8E37E4B012283F8312001220021A2
:1074100047F6261008F09CFA0121762006F022FAA1
:10742000774B5B7DDBB2002B04D11E217C4806F03C
:107430003FFC92E3724B5B7DDBB2012B40F08D830E
:107440002A21784806F034FC87E36D4B93F83230FC
:10745000DBB2002B0ED06A4B002283F832200022D0
:10746000002147F6271008F073FA0021772006F074
:10747000F9F985E3624B012283F8322001220021D1
:1074800047F6271008F064FA0121772006F0EAF9A0
:1074900076E35B4B93F83330DBB2002B0ED0584BC6
:1074A000002283F833200022002147F6281008F03C
:1074B0004FFA0021782006F0D5F961E3504B012204
:1074C00083F833200122002147F6281008F040FA03
:1074D0000121782006F0C6F952E3494B93F8343085
:1074E000DBB2002B0ED0464B002283F83420002262
:1074F000002147F6291008F02BFA0021792006F028
:10750000B1F93DE33E4B93F83530DBB2002B14D09C
:107510003B4B5B7DDBB2002B04D11E21424806F0C1
:10752000C7FB1CE3364B5B7DDBB2012B40F01783BE
:1075300024213E4806F0BCFB11E3314B93F82D307B
:10754000DBB2002B14D02E4B5B7DDBB2002B04D1C1
:107550001E21374806F0ACFB03E3294B5B7DDBB211
:10756000012B40F0FE822D21324806F0A1FBF8E20B
:10757000234B012283F834200122002147F62910F1
:1075800008F0E6F90121792006F06CF9F8E21C4BCD
:1075900093F83530DBB2002B56D0194B002283F81C
:1075A00035200022002147F62A1008F0D1F90021E9
:1075B0007A2006F057F9124B5B7DDBB2002B0CD121
:1075C00015221D4947F2507006F012FB15221B4987
:1075D00047F2607006F00CFBC5E2094B5B7DDBB245
:1075E000012B40F0C0821522154947F2507006F079
:1075F000FFFA1522134947F2607006F0F9FAB2E279
:1076000060340020E8580108F858010810590108B2
:107610001C5701083C570108185801083458010844
:107620002859010848590108D4560108F4560108A0
:107630007459010894590108C4590108D459010822
:10764000E4590108FC590108A94B93F83430DBB226
:10765000002B14D0A64B5B7DDBB2002B04D11E2186
:10766000A44806F025FB80E2A14B5B7DDBB2012B39
:1076700040F07B822C21A04806F01AFB75E29C4B5F
:107680005B7EDBB2022B14D1994B5B7DDBB2002B0E
:1076900004D11C21994806F00BFB68E2944B5B7DFA
:1076A000DBB2012B40F063822821954806F000FBF5
:1076B0005DE28F4B012283F835200122002147F63D
:1076C0002A1008F045F901217A2006F0CBF8884B02
:1076D0005B7DDBB2002B0CD115228A4947F250703A
:1076E00006F086FA1522884947F2607006F080FAA3
:1076F00039E27F4B5B7DDBB2012B40F034821522F7
:10770000824947F2507006F073FA1522804947F219
:10771000607006F06DFA26E2754B93F83630DBB2F6
:10772000002B0ED0724B002283F83620002200215D
:1077300047F62B1008F00CF900217B2006F092F898
:107740001EE26B4B93F82C30DBB2002B05D1684B5B
:1077500093F83130DBB2002B14D0654B5B7DDBB28C
:10776000002B04D11C216B4806F0A2FA01E2604B09
:107770005B7DDBB2012B40F0FC812C21664806F0DA
:1077800097FAF6E15A4B012283F8362001220021B4
:1077900047F62B1008F0DCF801217B2006F062F898
:1077A000EEE1534B93F83730DBB2002B26D0504B31
:1077B000002283F837200022002147F62C1008F021
:1077C000C7F800217C2006F04DF8494B5B7DDBB209
:1077D000002B06D11622514947F2F07006F008FA44
:1077E000C9E1434B5B7DDBB2012B40F0C481162223
:1077F0004B4947F2F07006F0FBF9BCE13C4B01222B
:1078000083F837200122002147F62C1008F0A0F859
:1078100001217C2006F026F8354B5B7DDBB2002B86
:1078200006D116223F4947F2F07006F0E1F9A2E1D5
:107830002F4B5B7DDBB2012B40F09D8116223A4934
:1078400047F2F07006F0D4F995E1294B93F83930FE
:10785000DBB2002B32D0264B002283F839200022E5
:10786000002147F62D1008F073F800217D2005F067
:10787000F9FF1F4B5B7DDBB2002B0CD115222B498E
:1078800047F2507006F0B4F91522294947F26070AA
:1078900006F0AEF971E1164B5B7DDBB2012B40F0D7
:1078A0006C811522234947F2507006F0A1F9152288
:1078B000214947F2607006F09BF95EE10C4B5B7E5C
:1078C000DBB2012B3AD10A4B5B7DDBB2002B04D13A
:1078D0001C210A4806F0ECF951E1054B5B7DDBB257
:1078E000012B40F04C812821054806F0E1F946E1E2
:1078F0006034002064580108145A01081C5701081C
:107900003C570108445A0108545A0108645A0108B6
:107910007C5A0108945A0108B45A010854560108C7
:107920005C560108E45A0108F45A0108C4590108D8
:10793000D4590108E4590108FC590108924B93F805
:107940003530DBB2012B0DD18F4B002283F835206F
:107950000022002147F62A1007F0FAFF00217A20C2
:1079600005F080FF884B012283F839200122002195
:1079700047F62D1007F0ECFF01217D2005F072FF86
:10798000814B5B7DDBB2002B0CD115227F4947F286
:10799000507006F02DF915227D4947F2607006F00F
:1079A00027F9EAE0784B5B7DDBB2012B40F0E58004
:1079B0001522784947F2507006F01AF915227649D7
:1079C00047F2607006F014F9D7E06F4B93F8383047
:1079D000DBB2002B0ED06C4B002283F83820002243
:1079E000002147F62E1007F0B3FF00217D2005F09F
:1079F00039FFC5E0644B012283F8382001220021C1
:107A000047F62E1007F0A4FF01217D2005F02AFF84
:107A1000B6E05D4B93F83B30DBB2002B0ED05A4BF7
:107A2000002283F83B200022002147F6401007F097
:107A30008FFF0021802005F015FFA1E0524B0122AD
:107A400083F83B200122002147F6401007F080FF19
:107A50000121802005F006FF92E04B4B93F83C306B
:107A6000DBB2002B0ED0484B002283F83C200022D2
:107A7000002147F6411007F06BFF0021812005F03F
:107A8000F1FE7DE0404B012283F83C2001220021E1
:107A900047F6411007F05CFF0121812005F0E2FE6E
:107AA0006EE0394B93F83D30DBB2002B0ED0364BF5
:107AB000002283F83D200022002147F6421007F003
:107AC00047FF0021822005F0CDFE59E02E4B012218
:107AD00083F83D200122002147F6421007F038FFCD
:107AE0000121822005F0BEFE4AE0274B93F83E308C
:107AF000DBB2002B0ED0244B002283F83E20002264
:107B0000002147F6431007F023FF0021832005F0F2
:107B1000A9FE35E01C4B012283F83E200122002102
:107B200047F6431007F014FF0121832005F09AFE69
:107B300026E000BF24E000BF22E000BF20E000BF3D
:107B40001EE000BF1CE000BF1AE000BF18E000BF4D
:107B500016E000BF14E000BF12E000BF10E000BF5D
:107B60000EE000BF0CE000BF0AE000BF08E000BF6D
:107B700006E000BF04E000BF02E000BF00E000BF7D
:107B800000BF0837BD4680BD603400200C5B010893
:107B9000445A01081C5B0108645A010880B582B090
:107BA00000AF7860174B93F82830012B02D0022BDE
:107BB00010D01FE00122002147F26C6007F0C8FEE0
:107BC0000022002147F26D6007F0C2FE0E4B012239
:107BD0001A700FE00022002147F26C6007F0B8FE37
:107BE0000122002147F26D6007F0B2FE064B02222F
:107BF0001A7000BF034B002283F8282000BF08370B
:107C0000BD4680BDE8330020B423002080B483B09B
:107C100000AF0346FB71FB79002B08D0012B0DD17F
:107C2000094B1B68084A43F00103136006E0064B4A
:107C30001B68054A23F00103136000BF00BF0C3727
:107C4000BD4680BC704700BF000C004080B584B0CA
:107C500000AF78600023BB730123FB7320E0FB7B44
:107C6000184609F0B3FA03467B73BB7B374AD35CF3
:107C70007A7B9A420ED0BB7B34497A7BCA54FB7B19
:107C80009BB203F5EB437F339BB27A7B002118460E
:107C900007F05EFEBB7B0133BB73FB7B0133FB73E1
:107CA000FB7B0C2BDBD90023FB7320E0FB7B18460E
:107CB00009F03CF903467B73BB7B244AD35C7A7B97
:107CC0009A420ED0BB7B21497A7BCA54FB7B9BB284
:107CD00003F5EC430C339BB27A7B0021184607F086
:107CE00037FEBB7B0133BB73FB7B0133FB73FB7B39
:107CF000032BDBD90423FB7320E0FB7B184609F040
:107D000015F903467B73BB7B104AD35C7A7B9A429E
:107D10000ED0BB7B0D497A7BCA54FB7B9BB203F52B
:107D2000F0431E339BB27A7B0021184607F010FE09
:107D3000BB7B0133BB73FB7B0133FB73FB7B072BEB
:107D4000DBD900BF00BF1037BD4680BD3402002024
:107D500080B500AF374B1B7EDBB2002B66D0354BB6
:107D600093F82830DBB2002B62D0324B1B7DDBB2A4
:107D7000012B5ED1304B1B7F002B5AD12D4B5B7EEC
:107D8000DBB2012B1BD1022009F020FA0346002BA5
:107D90000BD1022008F0C3FF022009F017FA0346B6
:107DA000002B02D1022004F089FF022009F00EFA14
:107DB0000346012B3DD1022005F056F839E01D4B5A
:107DC00093F82D30DBB2002B08D0092009F0FEF922
:107DD0000346012B02D1022005F046F8154B93F81B
:107DE0003430DBB2002B24D0124B93F82D30DBB2B1
:107DF000002B1ED1032009F0E9F90346002B0BD11B
:107E0000022008F08CFF032009F0E0F90346002B64
:107E100002D1022004F052FF032009F0D7F90346F3
:107E2000012B06D1022005F01FF802E000BF00E0A0
:107E300000BF80BD60340020A403002080B485B062
:107E400000AF0346FB80FB88B3F5A04F40D3FB880F
:107E500045F69912934210D8FB88A3F5A043FB8006
:107E6000FB881E4AD35C1B021AB2FB881C49CB5C00
:107E70001BB213431BB2FB812AE0FB8846F6991222
:107E8000934210D8FB88A3F5C043FB80FB88154ABA
:107E9000D35C1B021AB2FB881349CB5C1BB21343A1
:107EA0001BB2FB8114E0FB8847F6991293420FD86E
:107EB000FB88A3F5E043FB80FB880C4AD35C1B02E4
:107EC0001AB2FB880A49CB5C1BB213431BB2FB817D
:107ED000FB8918461437BD4680BC7047CC33002060
:107EE000B03300201C340020E83300205834002038
:107EF0005034002080B483B000AF03460A46FB80B4
:107F00001346BB80FB88B3F5A04F40D3FB8845F6F2
:107F10009912934210D8FB88A3F5A043FB80BB883D
:107F20001B0A9AB2FB88D1B21B4AD154FB88BA888B
:107F3000D1B21A4AD1542AE0FB8846F699129342EC
:107F400010D8FB88A3F5C043FB80BB881B0A9AB2FC
:107F5000FB88D1B2124AD154FB88BA88D1B2114AF7
:107F6000D15414E0FB8847F6991293420FD8FB884E
:107F7000A3F5E043FB80BB881B0A9AB2FB88D1B211
:107F8000094AD154FB88BA88D1B2084AD15400BFFB
:107F90000C37BD4680BC7047CC330020B033002086
:107FA0001C340020E83300205834002050340020D6
:107FB00080B582B000AF0346FB800B467B71134651
:107FC0003B71FB88B3F5A04F39D3FB8845F6991276
:107FD000934211D8FB88A3F5A043FB80FB881A4984
:107FE0007A79CA54FB8819493A79CA54FB88DBB2BA
:107FF0001846F9F771FD22E0FB8846F69912934284
:108000000CD8FB88A3F5C043FB80FB8810497A7924
:10801000CA54FB880F493A79CA5410E0FB8847F6E6
:10802000991293420BD8FB88A3F5E043FB80FB88B1
:1080300009497A79CA54FB8808493A79CA5400BF79
:108040000837BD4680BD00BFCC330020B0330020D0
:108050001C340020E8330020583400205034002025
:1080600080B485B000AF03463960FB71FB79022B09
:108070002CD0022B3DDC002B02D0012B13D038E09A
:108080000023FB730BE0FB7B3A681A44FB7B1178FF
:108090001A4A13440A469A70FB7B0133FB73FB7B3D
:1080A000052BF0D925E00023FB730BE0FB7B3A683E
:1080B0001A44FB7B1178114A13440A461A72FB7B5F
:1080C0000133FB73FB7B052BF0D912E00023FB731C
:1080D0000BE0FB7B3A681A44FB7B1178074A134498
:1080E0000A469A73FB7B0133FB73FB7B052BF0D9AC
:1080F00000BF00BF1437BD4680BC7047603400200D
:1081000080B485B000AF03463960FB71FB79002B6A
:1081100002D0012B23D045E00623FB731BE0396816
:10812000234BA3FB0123DA0813469B0013445B0097
:10813000CA1AD2B2FB7B013B3032D1B21D4A134482
:108140000A469A703B681A4AA2FB0323DB083B608D
:10815000FB7B013BFB73FB7B002BE0D122E0062382
:10816000FB731BE03968124BA3FB0123DA081346AB
:108170009B0013445B00CA1AD2B2FB7B013B303236
:10818000D1B20C4A13440A461A723B68084AA2FB51
:108190000323DB083B60FB7B013BFB73FB7B002B7A
:1081A000E0D100BF00BF1437BD4680BC704700BFA0
:1081B000CDCCCCCC6034002080B582B000AF5A2149
:1081C000002005F04FFB002005F01CFB03465A2B56
:1081D00002D10123FB7101E00023FB71FB791846FA
:1081E0000837BD4680BD80B582B000AF012005F0E4
:1081F00009FB0346372B02D10123FB7101E0002369
:10820000FB71FB7918460837BD4680BD90B583B039
:1082100000AF4FF4A043FB8010237B71AE490020D8
:1082200000F07EFBAD49012000F07AFB1AE07B797B
:108230009BB201339BB2184605F0E4FA03461C4694
:108240007B799BB2184605F0DDFA03461A46FB8897
:1082500021461846FFF7ACFEFB880133FB807B7993
:1082600002337B717B79422BE1D900233B714AE0D9
:108270003B799BB29B009BB251339BB2184605F0F1
:10828000C1FA03461B021CB23B799BB29B009BB216
:1082900050339BB2184605F0B5FA03461BB2234390
:1082A0001BB23A7998B28E4913465B0213449B0085
:1082B0000B44043302461A803B799BB29B009BB26D
:1082C00053339BB2184605F09DFA03461B021CB2BD
:1082D0003B799BB29B009BB252339BB2184605F090
:1082E00091FA03461BB223431BB23A7998B27C49F8
:1082F00013465B0213449B000B44063302461A806C
:108300003B7901333B713B79032BB1D9442005F014
:1083100079FA03461A46734B5A76452005F072FAED
:1083200003461A466F4B9A76462005F06BFA0346D1
:108330001A466C4B1A75472005F064FA03461A4634
:10834000684B5A75674B5B7DDBB2002B04D1654BE4
:108350005B7DDBB2012B09D0624B00225A75614B69
:108360005B7DDBB21946472005F07CFA702005F0F2
:1083700049FA03461A465B4B83F82920712005F021
:1083800041FA03461A46574B83F82A20722005F01B
:1083900039FA03461A46534B83F82B207E2005F00A
:1083A00031FA03461A464F4B83F82F20732005F00D
:1083B00029FA03461A464B4B83F82C20742005F00B
:1083C00021FA03461A46474B83F82D20752005F005
:1083D00019FA03461A46434B83F82E20762005F0FF
:1083E00011FA03461A463F4B83F83120772005F0F7
:1083F00009FA03461A463B4B83F83220782005F0F1
:1084000001FA03461A46374B83F83320792005F0EA
:10841000F9F903461A46334B83F834207A2005F0E5
:10842000F1F903461A462F4B83F835207B2005F0DF
:10843000E9F903461A462B4B83F836207C2005F0D9
:10844000E1F903461A46274B83F837207D2005F0D3
:10845000D9F903461A46234B83F839207D2005F0CD
:10846000D1F903461A461F4B83F838207F2005F0C8
:10847000C9F903461A461B4B83F83020802005F0CB
:10848000C1F903461A46174B83F83B20812005F0BB
:10849000B9F903461A46134B83F83C20822005F0B5
:1084A000B1F903461A460F4B83F83D20832005F0AF
:1084B000A9F903461A460B4B83F83E2045F20E00FD
:1084C000FFF7BCFC0346184600F068FBF9F716F905
:1084D00000BF0C37BD4690BD6234002068340020D8
:1084E000A40300206034002080B582B000AF1023C8
:1084F000FB710023BB711AE0FB799AB2BB79A049EA
:10850000CB5C1946104605F0ADF9FB790133FB71E0
:10851000FB799AB2BB799B49CB5C1946104605F0B2
:10852000A1F9FB790133FB71BB790133BB71BB79D5
:108530001B2BE1D90023BB7152E0BB799BB29B009E
:108540009BB2503398B2BA798F4913465B021344F9
:108550009B000B4404331B88DBB2194605F082F9FB
:10856000BB799BB29B009BB2513398B2BA798649D2
:1085700013465B0213449B000B4404331B881B0A05
:108580009BB2DBB2194605F06DF9BB799BB29B003B
:108590009BB2523398B2BA797B4913465B021344BB
:1085A0009B000B4406331B88DBB2194605F05AF9D1
:1085B000BB799BB29B009BB2533398B2BA79724994
:1085C00013465B0213449B000B4406331B881B0AB3
:1085D0009BB2DBB2194605F045F9BB790133BB719B
:1085E000BB79032BA9D9694B1B7DDBB21946462009
:1085F00005F038F9654B5B7EDBB21946442005F087
:1086000031F9624B9B7EDBB21946452005F02AF911
:108610005E4B5B7DDBB21946472005F023F95B4BCF
:1086200093F82930DBB21946702005F01BF9574B3F
:1086300093F82A30DBB21946712005F013F9534B39
:1086400093F82B30DBB21946722005F00BF94F4B33
:1086500093F82F30DBB219467E2005F003F94B4B1F
:1086600093F82C30DBB21946732005F0FBF8474B2A
:1086700093F82D30DBB21946742005F0F3F8434B24
:1086800093F82E30DBB21946752005F0EBF83F4B1E
:1086900093F83130DBB21946762005F0E3F83B4B16
:1086A00093F83230DBB21946772005F0DBF8374B10
:1086B00093F83330DBB21946782005F0D3F8334B0A
:1086C00093F83430DBB21946792005F0CBF82F4B04
:1086D00093F83530DBB219467A2005F0C3F82B4BFE
:1086E00093F83630DBB219467B2005F0BBF8274BF8
:1086F00093F83730DBB219467C2005F0B3F8234BF2
:1087000093F83930DBB219467D2005F0ABF81F4BEA
:1087100093F83830DBB219467D2005F0A3F81B4BE7
:1087200093F83030DBB219467F2005F09BF8174BE9
:1087300093F83B30DBB21946802005F093F8134BD9
:1087400093F83C30DBB21946812005F08BF80F4BD3
:1087500093F83D30DBB21946822005F083F80B4BCD
:1087600093F83E30DBB21946832005F07BF83721C1
:10877000012005F077F800BF0837BD4680BD00BF77
:10878000B0330020CC330020A4030020603400204C
:1087900080B582B000AF0023FB710FE0FB799BB284
:1087A00003F5A0439AB2FB79484931F813301946D2
:1087B0001046FFF79FFBFB790133FB71FB791B2B05
:1087C000ECD945F20E00FFF739FB0346184600F0DE
:1087D000E5F9F8F793FF3E4B01221A703D4B022258
:1087E0001A753C4B01229A763A4B01225A76394B44
:1087F00000225A75374B012283F82B20354B022279
:1088000083F82F20334B002283F83020314B012294
:1088100083F82A202F4B012283F82B202D4B002296
:1088200083F82C202B4B002283F82D20294B022289
:1088300083F82E20274B002283F83120254B00227D
:1088400083F83220234B002283F83320214B00226F
:1088500083F834201F4B002283F835201D4B002263
:1088600083F836201B4B002283F83720194B002257
:1088700083F83920174B002283F83820154B00224B
:1088800083F83B20134B002283F83C20114B00223D
:1088900083F83D200F4B002283F83E200E49002034
:1088A000FFF7DEFB0D490120FFF7DAFB0A49002044
:1088B00000F064F80949012000F060F800F0F0F8D9
:1088C000FFF712FE00BF0837BD4680BD4C8001088F
:1088D000B423002060340020345B01083C5B0108B5
:1088E00080B500AF0D490220FFF7BAFB04F084FF0A
:1088F000FFF762FC0346002B02D1FFF749FF09E0B6
:10890000FFF771FC0346002B02D1FFF741FF01E0A6
:10891000FFF77CFC00F0C4F800BF80BD445B010899
:1089200090B585B000AF03463960FB71FB79002B31
:1089300002D0012B03D005E00223BB7302E0082321
:10894000BB7300BF0023FB7310E0BB7B9AB2FB7BC1
:108950009BB2134499B2FB7B3A68D418084604F0E2
:1089600051FF03462370FB7B0133FB73FB7B052B1D
:10897000EBD900BF00BF1437BD4690BD80B584B0B1
:1089800000AF03463960FB71FB79002B02D0012B4D
:1089900003D005E00223BB7302E00823BB7300BFD2
:1089A0000023FB730FE0BB7B9AB2FB7B9BB21344AB
:1089B00098B2FB7B3A6813441B78194604F052FFC7
:1089C000FB7B0133FB73FB7B052BECD900BF00BFA6
:1089D0001037BD4680BD000080B584B000AF0346AF
:1089E000FB71FB79002B02D0012B17D02DE0002367
:1089F000FB730FE0FB7B9BB202339AB2FB7B154902
:108A00000B449B78DBB21946104604F02BFFFB7B2E
:108A10000133FB73FB7B052BECD916E00023FB73C2
:108A20000FE0FB7B9BB208339AB2FB7B09490B44F6
:108A30001B7ADBB21946104604F014FFFB7B0133AE
:108A4000FB73FB7B052BECD900BF00BF1037BD4685
:108A500080BD00BF6034002080B584B000AF034605
:108A60000A46FB711346BB80BB88FB73FB799BB244
:108A7000FA7B1146184604F0F5FEBB881B0A9BB230
:108A8000FB73FB799BB201339BB2FA7B114618460C
:108A900004F0E8FEF8F732FE00BF1037BD4680BD97
:108AA00080B400AF174B4FF496729A80154B4FF479
:108AB0007A72DA80134B4FF4FA72A3F80828114B3C
:108AC0004FF47A72A3F80A280E4B03F58053642200
:108AD0009A810C4B03F580534FF4FA72DA81094BFB
:108AE00003F580534FF4FA72A3F81028054B03F5F1
:108AF00080534FF47A72A3F8122800BFBD4680BCA1
:108B0000704700BFA403002080B582B000AF1023DF
:108B1000BB710023FB710EE0FB791E4A32F8132073
:108B2000BB7911461846FFF797FFBB790233BB713B
:108B3000FB790133FB71FB79072BEDD93423BB7132
:108B40000023FB710FE0FB791233124A32F8132035
:108B5000BB7911461846FFF77FFFBB790233BB7123
:108B6000FB790133FB71FB791B2BECD90A490020FF
:108B7000FFF776FA08490020FFF700FF01214420A3
:108B800004F070FE0121452004F06CFE00BF0837A0
:108B9000BD4680BD4C800108345B010880B485B0BF
:108BA00000AF0346FB80FB881D2B11D90023FB601F
:108BB0000AE0144AFB6852F823201349FB6841F885
:108BC0002320FB680133FB60FB68132BF1DD13E00E
:108BD000FB881D2B10D80023BB600AE00B4ABB6842
:108BE00052F823200849BB6841F82320BB680133B1
:108BF000BB60BB68132BF1DD00BF1437BD4680BCE2
:108C0000704700BF4802002048350020980200202D
:108C100080B582B000AF78606A4B93F83730DBB232
:108C2000002B1AD00C2008F0D1FA0346012B14D1E6
:108C3000644B5B7DDBB2002B04D11221624805F04E
:108C400037F8B7E05F4B5B7DDBB2012B40F0B280C1
:108C50001C215E4805F02CF8ACE05A4B1B7DDBB2C2
:108C6000012B14D1574B5B7DDBB2002B04D12021AB
:108C7000574805F01DF89FE0524B5B7DDBB2012B9E
:108C800040F09A802021534805F012F894E04D4BB3
:108C90001B7DDBB2032B18D14A4B9B7DDBB2002B33
:108CA00013D0484B5B7DDBB2002B04D110214A4826
:108CB00004F0FEFF82E0434B5B7DDBB2012B7DD1F4
:108CC0001621464804F0F4FF78E07B681B781A46CA
:108CD000434B9B5C002B36D07B681B78082B06D857
:108CE0007B681B780021184608F03CFA07E07B6897
:108CF0001B78093BDBB20021184608F0E3F87B68DB
:108D00001B781A46364B002199547B681B780C2B34
:108D10000CD87B681B789BB203F5EC435F339BB2A6
:108D200000220021184606F013FE48E07B681B78FD
:108D30009BB203F5F14343339BB200220021184656
:108D400006F006FE3BE07B681B78082B06D87B68A4
:108D50001B780121184608F005FA07E07B681B78AC
:108D6000093BDBB20121184608F0ACF87B681B78A0
:108D70001A461B4B012199547B681B780C2B0CD88D
:108D80007B681B789BB203F5EC435F339BB20122F7
:108D90000021184606F0DCFD11E07B681B789BB2D1
:108DA00003F5F14343339BB201220021184606F03C
:108DB000CFFD04E000BF02E000BF00E000BF0837C5
:108DC000BD4680BD603400204C5B0108605B01083B
:108DD000805B0108945B0108B85B0108CC5B01086B
:108DE000E8020020B0B582B000AF78609A4B1B88D3
:108DF000122B00F2908301A252F823F0498E000852
:108E0000D98E00082D8F00085D8F0008279000087C
:108E100045900008FF90000893910008A191000878
:108E2000AF910008EF910008499200088B9200086A
:108E3000C1920008C7930008E59300086F940008EA
:108E40008B940008CD940008844B93F82030DBB25B
:108E5000002B00F05183814B93F82030DBB2022BC2
:108E600003D17D4B0D221A8055E3012008F0AEF9A5
:108E70000346002B17D0794B5B7DDBB2002B04D16E
:108E80000A21774804F034FF08E0744B5B7DDBB2C5
:108E9000012B03D11321734804F02AFF6F4B0022EA
:108EA00083F8202037E3012003F0DEFF6B4B002224
:108EB00083F82120694B002283F82220674B00228F
:108EC00083F82420654B0322DA75634B1B8801333A
:108ED0009AB2614B1A801EE3012008F099F903460B
:108EE000002B1CD05D4B5B7DDBB2002B04D10D2130
:108EF0005D4804F0FDFE08E0584B5B7DDBB2012BC2
:108F000003D11E21594804F0F3FE002004F078F844
:108F1000514B1B8801339AB24F4B1A80FBE24E4BE8
:108F20001B8802339AB24C4B1A80F4E20A2007F0F5
:108F3000F6FE4F4B1B8801339AB24D4B1A804C4BB7
:108F40001B88082B40F2DA82494B00221A80424BE0
:108F50001B8801339AB2404B1A80CFE2454BDB6B42
:108F60004FF000011846F8F70BF80346002B53D0DA
:108F70003A4B5B7DDBB2002B04D111213E4804F05B
:108F8000B7FE08E0354B5B7DDBB2012B03D1162128
:108F90003A4804F0ADFE314B002283F84B20354BAC
:108FA0005B6B344AD26B11461846F7F7E9FF03466C
:108FB000002B15D02F4BDB6A1846F7F7EBFF054661
:108FC000264B93F83D30DCB22A4BDB6B1846F7F7A3
:108FD000E1FF0346224629460220F8F74DF814E047
:108FE000244BDB6A1846F7F7D5FF05461B4B93F871
:108FF0003D30DCB21F4B5B6B1846F7F7CBFF0346E7
:10900000224629460220F8F737F8134B1B88013314
:109010009AB2114B1A807EE20F4B1B8802339AB230
:109020000D4B1A8077E2164B03F5805393F82430EA
:10903000002B40F06582084B1B8801339AB2064B27
:109040001A805DE2054B5B7DDBB2002B1CD10D214C
:109050000C4804F04DFE20E02E3500206034002046
:10906000E45B0108F05B0108045C0108145C010882
:1090700036350020BC340020345C0108485C01080F
:10908000A4030020605C0108974B5B7DDBB2012BE1
:1090900003D11121954804F02BFE954B5B6B944A4C
:1090A000D26B11461846F7F76BFF0346002B1FD013
:1090B0008D4B002283F84B208D4B9B6A1846F7F7A7
:1090C00069FF0546884B93F83D30DCB2884B5B6BFB
:1090D000874AD26B11461846F7F78CFC03461846B0
:1090E000F7F758FF0346224629460220F7F7C4FF48
:1090F000804B1B8801339AB27E4B1A800BE27E4B69
:1091000003F5805393F82430002B40F0FB810120BD
:1091100008F05CF80346002B33D1754B5C6B744B45
:10912000DB6C76491846F7F767FC0346194620467C
:10913000F7F71CFF0346002B23D0052007F0EFFDB7
:10914000012008F043F80346002B21D1664B5B7DDC
:10915000DBB2002B04D11821694804F0C9FD08E0F6
:10916000614B5B7DDBB2012B03D11F21654804F00D
:10917000BFFD5D4B092283F84520002003F01EFF50
:10918000C9E15C4B1B8801339AB25A4B1A80B9E192
:10919000B8E1584B1B8801339AB2564B1A80BAE19A
:1091A000544B1B8801339AB2524B1A80B3E1012011
:1091B00003F084FD022003F057FE4B4B5B7DDBB2D6
:1091C000002B04D10D21504804F092FD08E0464BDD
:1091D0005B7DDBB2012B03D114214C4804F0A2FDCE
:1091E000444B1B8801339AB2424B1A8093E1404BA7
:1091F0009B6B4FF000011846F7F7C2FE0346002BA9
:109200001ED0394B1B7DDBB2012B19D1364B5B7D58
:10921000DBB2002B04D111213D4804F069FD08E0C8
:10922000314B5B7DDBB2012B03D12C21394804F09B
:109230005FFD304B1B8801339AB22E4B1A806AE1D6
:109240002C4B12221A8066E1012007F06FFE0346C4
:10925000002B00F05981244B5B7DDBB2002B04D145
:1092600010212D4804F044FD08E01F4B5B7DDBB26C
:10927000012B03D12521294804F03AFD1D4B1B8801
:1092800001339AB21B4B1A803EE1012007F04EFEDB
:109290000346002B40F03A81052007F040FD0120F5
:1092A00007F044FE0346002B40F03081012003F01C
:1092B000DBFD104B1B8801339AB20E4B1A8025E15F
:1092C0000B4BDB6B4FF000011846F7F759FE0346D6
:1092D000002B71D0044B5B7DDBB2002B22D111211E
:1092E0000F4804F005FD26E060340020705C0108A2
:1092F000BC3400202E350020A403002000002041B3
:10930000845C0108A05C0108C05C0108D05C010815
:10931000E85C0108FC5C01082C5D0108405D010867
:10932000345C01087D4B5B7DDBB2012B03D1162140
:109330007B4804F0DDFC794B002283F84B20794B0D
:109340009B6B784AD26B11461846F7F719FE034615
:10935000002B15D0734BDB6A1846F7F71BFE05464A
:109360006E4B93F83D30DCB26E4BDB6B1846F7F773
:1093700011FE0346224629460220F7F77DFE14E03F
:10938000684BDB6A1846F7F705FE0546634B93F812
:109390003D30DCB2634B9B6B1846F7F7FBFD034691
:1093A000224629460220F7F767FE5F4B1B880133F0
:1093B0009AB25D4B1A80AEE05B4B1B8802339AB2C7
:1093C000594B1A80A7E0594B03F5805393F824308A
:1093D000002B40F09D80544B1B8801339AB2524BB6
:1093E0001A8095E04D4B5B7DDBB2002B04D1102140
:1093F0004F4804F07DFC08E0484B5B7DDBB2012B5D
:1094000003D11E214B4804F073FC464B9B6B454A2D
:10941000D26B11461846F7F7B3FD0346002B1FD059
:109420003E4B002283F84B203E4B9B6A1846F7F7D1
:10943000B1FD0546394B93F83D30DCB2394B9B6B9F
:10944000384AD26B11461846F7F7D4FA0346184645
:10945000F7F7A0FD0346224629460220F7F70CFE47
:10946000314B1B8801339AB22F4B1A8053E02F4B9C
:1094700003F5805393F82430002B4BD12A4B1B88E3
:1094800001339AB2284B1A8044E0244B012283F81E
:109490002220012003F012FC204B5B7DDBB2002B6D
:1094A00004D11021244804F023FC08E01B4B5B7D11
:1094B000DBB2012B03D11B21204804F019FC1A4B0D
:1094C0001B8801339AB2184B1A8024E0134B0022F8
:1094D000DA75124B012283F82120104B002283F809
:1094E00024200E4B00225A770C4B002283F82020B8
:1094F0000D4B00221A800EE000BF0CE000BF0AE016
:1095000000BF08E000BF06E000BF04E000BF02E0CB
:1095100000BF00E000BF0837BD46B0BD603400208A
:10952000485C0108BC3400202E350020A403002034
:10953000685D01087C5D01089C5D0108B05D010863
:10954000B0B586B002AF78608D4B1B88072B00F258
:109550006E8201A252F823F079950008B9950008AF
:1095600011960008419600084F960008419900089E
:10957000B1990008E5990008824B93F82330DBB2DB
:10958000002B00F04F827F4B93F82130DBB2002B91
:1095900004D17C4B002283F8232048E2794B00223F
:1095A00083F82420774B0422DA75754B1B8801332E
:1095B0009AB2734B1A803AE2724B93F83130DBB2B5
:1095C000002B0ED06F4B1B7DDBB2012B09D101208C
:1095D00003F016FD6A4B1B8801339AB2684B1A8060
:1095E00025E2012007F014FE0346002B09D00020DD
:1095F00003F006FD624B1B8801339AB2604B1A8060
:1096000015E25F4B1B8802339AB25D4B1A800EE263
:109610000A2007F084FB5C4B1B8801339AB25A4B3B
:109620001A80594B1B88082B40F2FE81564B0022B2
:109630001A80534B1B8801339AB2514B1A80F3E1C5
:109640004F4B1B8801339AB24D4B1A80EFE14D4BC3
:109650005B7DDBB2002B04D10F214C4804F048FBAA
:1096600008E0484B5B7DDBB2012B03D11921484850
:1096700004F058FB474B5B6B464A926B1146184609
:10968000F7F7BAF903461C46424BDB6C42491846D1
:10969000F7F7B2F9034619462046F7F767FC034689
:1096A000002B3FD03B4B1B6DBB603A4B1B6B3B49C8
:1096B0001846F7F7A9FA03461846F7F76BFC034676
:1096C000FB60FB68002B01D10123FB60FB68013BC1
:1096D000334A52F823301846F7F73EFA0346194644
:1096E0000220F8F791FB0246BB681344BB60254B90
:1096F000012283F84B20274B1B6B1846F7F74AFCD7
:109700000146204B93F83D30DBB2002B0CBF012308
:109710000023DBB21A46234B0093BB680220F8F704
:1097200021FD5CE0174B002283F84B20154B93F88A
:109730002230DBB2002B37D0164B1B6B1846F7F7E5
:1097400029FC04460F4B93F83D30DBB2002B0CBFD5
:1097500001230023DBB21D460E4B5B6B0D4A926B5F
:1097600011461846F7F748F903461846F7F712FC72
:1097700003462A4621460220F7F77EFC2FE000BF71
:1097800030350020603400203C350020CC5D0108DD
:10979000DC5D0108BC34002000002041CDCCCC3D74
:1097A00048350020A0860100A24B1B6B1846F7F736
:1097B000F1FB0446A04B93F83D30DBB2002B0CBF0D
:1097C00001230023DBB21D469A4B5B6B1846F7F76B
:1097D000E1FB03462A4621460220F7F74DFC022012
:1097E00007F0F4FC0346002B00F0A380924B93F8A3
:1097F0003130DBB2002B00F09C808F4B1B7DDBB245
:10980000012B40F09680022007F089FA022007F031
:10981000DDFC0346002B00F08C80874B5B7DDBB2C8
:10982000002B04D10C21854804F062FA08E0824B39
:109830005B7DDBB2012B03D10C21814804F058FA87
:109840007D4B002283F83A207B4B93F83530DBB216
:10985000002B18D0784B022283F84C20754B1B68E4
:109860001846F7F797FB0146734B93F83B30DAB293
:10987000704BDB6918466F4B9B68009303460020D2
:10988000F8F770FC55E06B4B5B69002B39DD6A4BD8
:1098900093F83530DBB2002B33D1674B012283F8CC
:1098A0004C20644B9A68634B5B699A4214DC614BB1
:1098B0001B681846F7F76EFB01465F4B93F83B3089
:1098C000DAB25C4BDB6918465A4B9B68009303463F
:1098D0000020F8F747FC2CE0564B1B681846F7F7BA
:1098E00059FB0146544B93F83B30DAB2514BDB69DC
:1098F0001846504B5B69009303460020F8F732FC92
:1099000017E04D4B012283F84C204A4B1B68184648
:10991000F7F740FB0146484B93F83B30DAB2454B32
:10992000DB691846434B9B68009303460020F8F719
:1099300019FC444B1B8801339AB2424B1A8076E0E3
:10994000414B03F5805393F82430002B6ED1012056
:1099500007F03CFC0346002B23D0022007F0DFF980
:10996000012007F033FC0346002B1AD0324B5B7DFD
:10997000DBB2002B04D11C21344804F0B9F908E013
:109980002D4B5B7DDBB2012B03D12521304804F048
:10999000AFF9294B042283F84520002003F00EFB89
:1099A00045E0284B1B8801339AB2264B1A803DE0D4
:1099B000214B5B7DDBB2002B04D10D21254804F047
:1099C00097F908E01C4B5B7DDBB2012B03D11A2118
:1099D000214804F0A7F91B4B1B8801339AB2194B9D
:1099E0001A8024E0012003F03FFA052003F066F915
:1099F000114B00225A77104B0022DA750E4B0022D1
:109A000083F821200C4B002283F822200A4B0122EC
:109A100083F82420084B002283F82320094B0022DE
:109A20001A8004E000BF02E000BF00E000BF103772
:109A3000BD46B0BDBC34002060340020F85D010894
:109A4000085E010830350020A4030020145E0108E0
:109A5000345E01085C5E01086C5E0108B0B586B03A
:109A600002AF7860A34B1B880E2B00F2F28201A29A
:109A700052F823F0B19A0008D19A0008FF9A000822
:109A80002F9B0008F99B0008179C0008199D0008EF
:109A9000AD9D0008E19D0008119F0008739F00081C
:109AA000F19F0008FF9F00080DA0000821A00008FA
:109AB000914B9B7FDBB2002B00F0C2828E4B0322C6
:109AC000DA758C4B1B8801339AB28A4B1A80C0E23C
:109AD000012007F09DFB0346002B09D0002003F076
:109AE0008FFA844B1B8801339AB2824B1A80B0E202
:109AF000804B1B8802339AB27E4B1A80A9E20A205F
:109B000007F00DF97D4B1B8801339AB27B4B1A800D
:109B10007A4B1B88082B40F29582784B00221A80E2
:109B2000744B1B8801339AB2724B1A808AE2744BD1
:109B3000DB6B4FF000011846F7F722FA0346002BC3
:109B400053D06D4B5B7DDBB2002B04D111216D48EE
:109B500004F0CEF808E0684B5B7DDBB2012B03D14B
:109B60001621694804F0C4F8634B002283F84B20A7
:109B7000634B5B6B624AD26B11461846F7F700FAEB
:109B80000346002B15D05E4BDB6A1846F7F702FA46
:109B90000546594B93F83D30DCB2594BDB6B184608
:109BA000F7F7F8F90346224629460220F7F764FA48
:109BB00014E0534BDB6A1846F7F7ECF905464E4BB9
:109BC00093F83D30DCB24E4B5B6B1846F7F7E2F989
:109BD0000346224629460220F7F74EFA454B1B88DA
:109BE00001339AB2434B1A8033E2424B1B88023353
:109BF0009AB2404B1A802CE2444B03F5805393F801
:109C00002430002B40F020823A4B1B8801339AB25B
:109C1000384B1A8018E2384B5B7DDBB2002B04D145
:109C20000D213B4804F064F808E0334B5B7DDBB268
:109C3000012B03D11121374804F05AF82E4B002292
:109C400083F84B202E4B5B6B2D4AD26B1146184686
:109C5000F7F778F90346002B15D0294B9B6A184675
:109C6000F7F798F90546244B93F83D30DCB2244BC6
:109C70009B6B1846F7F78EF90346224629460220C9
:109C8000F7F7FAF92EE01E4B5B6B1D4AD26B1146BB
:109C90001846F7F76BF90346002B23D0184B9B6A45
:109CA0001846F7F777F90546134B93F83D30DCB2C9
:109CB000134B5B6B124A926B11461846F6F79CFEEB
:109CC00003461A460E4BDB6B19461046F6F792FE1A
:109CD00003461846F7F75EF9034622462946022056
:109CE000F7F7CAF9034B1B8801339AB2014B1A806C
:109CF000AFE100BF3235002060340020363500204F
:109D0000BC340020345C0108485C0108A403002036
:109D1000605C0108705C0108A34B03F5805393F865
:109D20002430002B40F09281012007F04FFA0346C7
:109D3000002B33D19D4B5C6B9C4BDB6C9C491846D4
:109D4000F6F75AFE034619462046F7F70FF9034681
:109D5000002B23D0052006F0E2FF012007F036FAA1
:109D60000346002B21D1934B5B7DDBB2002B04D14A
:109D70001821914803F0BCFF08E08E4B5B7DDBB2FD
:109D8000012B03D11F218D4803F0B2FF894B09221B
:109D900083F84520002003F011F95AE1884B1B8815
:109DA00001339AB2864B1A8050E14FE1814B5B7DC3
:109DB000DBB2002B04D10D21824803F099FF08E0AB
:109DC0007C4B5B7DDBB2012B03D114217E4803F079
:109DD000A9FF7B4B1B8801339AB2794B1A8038E17B
:109DE000744B5B7DDBB2002B04D10F21774803F06D
:109DF0007FFF08E06F4B5B7DDBB2012B03D11921A4
:109E0000734803F08FFF694B5B6B684A926B114696
:109E10001846F6F7F1FD03461C46644BDB6C6449BB
:109E20001846F6F7E9FD034619462046F7F79EF86F
:109E30000346002B3FD05D4B1B6DBB605B4B1B6B28
:109E400064491846F6F7E0FE03461846F7F7A2F80D
:109E50000346FB60FB68002B01D10123FB60FB681C
:109E6000013B5D4A52F823301846F6F775FE03466B
:109E700019460220F7F7C8FF0246BB681344BB60CF
:109E80004C4B012283F84B20484B1B6B1846F7F7CD
:109E900081F80146474B93F83D30DBB2002B0CBFF5
:109EA00001230023DBB21A464C4B0093BB6802200F
:109EB000F8F758F925E03F4B002283F84B203B4B45
:109EC0001B6B1846F7F766F804463A4B93F83D309B
:109ED000DBB2002B0CBF01230023DBB21D46334B4A
:109EE0005B6B324A926B11461846F6F785FD0346C6
:109EF0001846F7F74FF803462A4621460220F7F79F
:109F0000BBF82F4B1B8801339AB22D4B1A80A0E06F
:109F1000254B03F5805393F82430002B40F09880B4
:109F2000214B03F5805393F80838012B1AD1214BAC
:109F30005B7DDBB2002B04D11C21294803F0D8FE45
:109F400008E01C4B5B7DDBB2012B03D125212548AA
:109F500003F0CEFE174B042283F84520002003F0C7
:109F60002DF876E0164B1B8801339AB2144B1A80F9
:109F70006EE0104B5B7DDBB2002B04D10D211A4843
:109F800003F0B6FE08E00B4B5B7DDBB2012B03D187
:109F90001A21164803F0C6FE094B1B8801339AB2FA
:109FA000074B1A8055E000BFA4030020BC340020FA
:109FB0000000204160340020845C0108A05C01089E
:109FC00032350020C05C0108D05C0108CC5D01087E
:109FD000DC5D0108CDCCCC3D48350020A0860100D9
:109FE000145E0108345E01085C5E01086C5E0108C5
:109FF000194B1B8801339AB2174B1A8029E0164B74
:10A000001B8801339AB2144B1A8022E0052002F01B
:10A0100055FE114B1B8801339AB20F4B1A8018E082
:10A020000E4B0022DA750D4B0122DA770B4B002222
:10A030005A770A4B00229A77074B00221A8008E0D1
:10A0400000BF06E000BF04E000BF02E000BF00E088
:10A0500000BF1037BD46B0BD32350020603400204F
:10A0600080B582B000AF786003F09AFB0346012B05
:10A0700004D0044B012283F8412000E000BF0837E0
:10A08000BD4680BD6034002080B582B000AF7860EE
:10A090000E4B5B7EDBB2012B03D1786800F018F821
:10A0A00010E00A4B5B7EDBB2022B03D1786800F034
:10A0B0001BFC07E0054B5B7EDBB2032B02D178680B
:10A0C00001F0B4F800BF0837BD4680BD6034002001
:10A0D000B0B588B002AF78603023BB600023FB606E
:10A0E000A84B93F83130DBB2002B0FD0022006F0E2
:10A0F0001DFF0346002B09D1A24B0022DA76A14BAB
:10A100000022DA75A04B00221A80C9E39E4B1B88FF
:10A11000102B00F2C58301A252F823F061A10008C0
:10A1200031A2000877A20008A5A20008D5A2000865
:10A1300003A3000833A3000841A3000867A3000895
:10A14000CBA400080FA5000845A500081DA600081F
:10A1500077A60008C3A60008FDA600082DA70008E2
:10A16000884BDB7EDBB2012B40F08F83854B1B7D60
:10A17000DBB2012B1DD0834B93F82430DBB2002BD4
:10A1800017D1804B0022DA767E4B5B7DDBB2002B51
:10A1900004D10A217D4803F0ABFD78E3794B5B7D68
:10A1A000DBB2012B40F073831321794803F0A0FD4B
:10A1B0006DE3022007F00AF80346002B25D1714B0E
:10A1C0005B7DDBB2002B04D11E21724803F090FDB1
:10A1D00008E06C4B5B7DDBB2012B03D124216E4880
:10A1E00003F086FD674B0022DA76664B01225A7730
:10A1F000644B072283F84520684B072283F8BD2073
:10A200000821674806F078FC4AE3022002F02CFEA1
:10A21000042002F029FE5B4B00225A77594B0222A0
:10A22000DA75594B1B8801339AB2574B1A8037E3C2
:10A23000544B93F82D30DBB2002B0BD1032006F0EA
:10A24000E7FF0346002B05D00A2006F0BFFF0346B8
:10A25000002B09D1012002F039FF0346002B03D166
:10A26000002002F0ABFE1BE3474B1B8801339AB280
:10A27000454B1A8014E3012006F0CAFF0346002B69
:10A2800009D1012002F0BCFE3F4B1B8801339AB27A
:10A290003D4B1A8004E33C4B1B8802339AB23A4B85
:10A2A0001A80FDE20A2006F03AFD3E4B1B8801337E
:10A2B0009AB23C4B1A803B4B1B88072B40F2E98239
:10A2C000384B00221A80304B1B8801339AB22E4B38
:10A2D0001A80DEE2022006F09BFF0346002B09D124
:10A2E000002002F099FF284B1B8801339AB2264BBD
:10A2F0001A80D5E2244B1B8802339AB2224B1A8073
:10A30000CEE20A2006F00BFD264B1B8801339AB2E1
:10A31000244B1A80234B1B88092B40F2BC82214B13
:10A3200000221A80184B1B8801339AB2164B1A80F0
:10A33000B1E2154B1B8801339AB2134B1A80AFE27E
:10A34000194B00221A70002002F02AFA174B002243
:10A350001A70002002F062F90B4B1B8801339AB28D
:10A36000094B1A809CE2124B1B7F002B40F0A68009
:10A37000044B5B7DDBB2002B1ED10C210D4803F09A
:10A38000B7FC22E06034002024350020E45B0108A3
:10A39000F05B0108885E0108A85E0108000000204B
:10A3A000B80000203835002041350020403500201D
:10A3B000A4030020F85D01089E4B5B7DDBB2012BFE
:10A3C00003D10C219C4803F093FC9A4B002283F8A4
:10A3D0003A20984B93F83530DBB2002B18D0954BD0
:10A3E000022283F84C20954B1B681846F6F7D2FDE5
:10A3F0000146904B93F83B30DAB2904BDB6918463C
:10A400008E4B9B68009303460020F7F7ABFE55E0A8
:10A410008A4B5B69002B39DD864B93F83530DBB214
:10A42000002B33D1834B012283F84C20834B9A6855
:10A43000824B5B699A4214DC804B1B681846F6F726
:10A44000A9FD01467B4B93F83B30DAB27B4BDB69CD
:10A4500018467A4B9B68009303460020F7F782FE6C
:10A460002CE0764B1B681846F6F794FD0146714BBD
:10A4700093F83B30DAB2714BDB6918466F4B5B697E
:10A48000009303460020F7F76DFE17E0694B0122A9
:10A4900083F84C20694B1B681846F6F77BFD014694
:10A4A000644B93F83B30DAB2644BDB691846634B7C
:10A4B0009B68009303460020F7F754FE604B1B880F
:10A4C00001339AB25E4B1A80EAE15E4B1B7F002B90
:10A4D00010D1022006F07AFE0346002B06D0584B1E
:10A4E0001B8801339AB2564B1A80D9E1544B0D2286
:10A4F0001A80D5E1544B00221A70002002F050F966
:10A50000524B00221A70002002F088F8C8E1494B33
:10A5100093F83A30DBB2022B06D0494B1B8801334B
:10A520009AB2474B1A80B8E1424B93F83A30DBB20B
:10A53000022B40F0B281424B1B8803339AB2404B4E
:10A540001A80AAE13D4B5B69002B05DD394B93F87E
:10A550003530DBB2002B05D0364B93F83A30DBB206
:10A56000012B54D1334B5B7DDBB2002B04D10D2189
:10A57000374803F0BDFB08E02E4B5B7DDBB2012BBF
:10A5800003D10F21334803F0CDFB2C4B9A682B4BA2
:10A590005B699A421FDC274B93F83530DBB2002B06
:10A5A00019D164233B61234B0A2283F84C20234BAF
:10A5B000DB681846F6F7EEFC01461E4B93F83B307D
:10A5C000DAB21E4BDB6918463B6900930346002054
:10A5D000F7F7C8FD1BE0174B0A2283F84C20174BF6
:10A5E000DB681846F6F7D6FC0146124B93F83B3071
:10A5F000DAB2124BDB691C46104B9B681846164BAF
:10A600001B68C31A009323460020F7F7ABFD0C4BE1
:10A610001B8801339AB20A4B1A8041E1094B1B7F18
:10A62000002B1BD1064B1B8801339AB2044B1A80B6
:10A6300036E100BF60340020085E0108BC34002011
:10A6400024350020A403002041350020403500209F
:10A65000D05E0108E05E01081C360020924B00220B
:10A660001A70002002F09CF8904B00221A70002013
:10A6700001F0D4FF14E18E4B93F80038012B19D16F
:10A680008C4B93F83630DBB2002B03D0894B02227F
:10A690005A770FE0874B93F85230DBB2002B09D189
:10A6A00002F0DEF9834B012283F82420824B002242
:10A6B0001A80F5E0804B1B8801339AB27E4B1A80DA
:10A6C000EEE07C4B93F83230DBB2002B0FD101204F
:10A6D00006F09EFD0346002B02D0002002F090FC05
:10A6E000754B1B8801339AB2734B1A80D8E0724BBA
:10A6F0001B8802339AB2704B1A80D1E00A2006F010
:10A700000EFB6E4B1B8801339AB26C4B1A806B4B5D
:10A710001B88082B40F2C380684B00221A80664BCE
:10A720001B8801339AB2644B1A80B8E0614B5B7F9F
:10A73000DBB2022B38D0624BD3E90023541C43F127
:10A7400000055F4BC3E900455D4BD3E9002307F1EA
:10A7500008005C490AF04CF80346FB8208225A497B
:10A760004FF4004003F0E4F9FB8ADAB207F1080382
:10A7700019464FF4004003F0DBF9022002F09EFA84
:10A780004C4B5B7DDBB2002B04D109214F4803F019
:10A79000AFFA1CE0474B5B7DDBB2012B17D11221D6
:10A7A0004B4803F0A5FA12E0424B5B7DDBB2002B75
:10A7B00004D12021474803F09BFA08E03D4B5B7D24
:10A7C000DBB2012B03D12821434803F091FA394B26
:10A7D00093F85030DBB2002B22D1364B1B7DDBB21D
:10A7E000012B1DD1334B012283F85020314B5B7D6F
:10A7F000DBB2002B04D12021384803F079FA08E0BD
:10A800002C4B5B7DDBB2012B03D13521344803F0A7
:10A810006FFA284B052283F84520042002F04EFAF7
:10A82000234B93F82038002B1ED1082006F0CEFCD5
:10A830000346002B18D01F4B012283F84D20294BD3
:10A840001B6A1846F6F7A6FB05461A4B93F83C30F0
:10A85000DCB2244B5B6A1846F6F79CFB03462246A3
:10A8600029460120F6F708FC114B002283F8012845
:10A87000104B0022DA760F4B01225A770D4B002243
:10A88000DA750D4B00221A800AE000BF08E000BF15
:10A8900006E000BF04E000BF02E000BF00E000BF30
:10A8A0001837BD46B0BD00BF4135002040350020FF
:10A8B000A403002060340020243500203835002017
:10A8C00018350020F05E0108F45E0108005F010801
:10A8D0000C5F0108205F0108445F0108705F0108F8
:10A8E000945F0108BC340020B0B588B002AF786036
:10A8F0003023BB600023FB60B44B1B88132B00F29A
:10A90000838401A252F823F059A900082BAA000859
:10A91000C1AA00081BAB000807AC000835AC000852
:10A9200065AC000893AC0008C3AC0008D1AC0008CB
:10A93000F7AC000891AD0008C1AD0008F5AE000805
:10A9400025AF000871AF0008FFAF00082DB0000868
:10A9500069B0000899B000089D4B1B78002B1ED0F1
:10A960009C4BDB7DDBB2042B19D1002006F0DEFA14
:10A970000346002B13D1974B1B7DDBB2012B0ED16D
:10A98000052006F0CCF9002006F0D0FA0346002B93
:10A9900005D18F4B00221A708E4B0222DA760020EE
:10A9A00006F0C4FA0346002B02D0894B01221A702C
:10A9B000884BDB7EDBB2022B40F01B84854B1B7D7A
:10A9C000DBB2012B1ED0834B93F82430DBB2002B7B
:10A9D00018D1804B0022DA767E4B5B7DDBB2002BF8
:10A9E00005D10A217C4803F083F900F004BC794BBF
:10A9F0005B7DDBB2012B40F0FE831321774803F02F
:10AA000077F9F8E3022002F02FFA042002F02CFA82
:10AA1000704B00225A776F4B0222DA756B4B1B8802
:10AA200001339AB2694B1A80EEE36A4B93F83930DE
:10AA3000DBB2002B3DD0022006F0C8FB0346002B02
:10AA400037D1052006F06BF9022006F0BFFB034664
:10AA5000002B2ED15F4B5B7DDBB2002B04D11E217E
:10AA60005F4803F045F908E05A4B5B7DDBB2012BF0
:10AA700003D124215B4803F03BF9564B072283F8AE
:10AA80004520594B072283F8BD200821574806F07E
:10AA900033F8022002F012F94C4B00221A804D4B81
:10AAA00001225A774B4B0022DA754A4B0022DA76A4
:10AAB000AAE3464B1B8801339AB2444B1A80A3E3A6
:10AAC000444B93F82D30DBB2002B09D0002002F06C
:10AAD000FDFA0346002B19D1002002F06FFA93E330
:10AAE000032006F095FB0346002B05D00A2006F054
:10AAF0006DFB0346002B09D1012002F0E7FA034663
:10AB0000002B03D1002002F059FA7DE32F4B1B8864
:10AB100001339AB22D4B1A8076E3032006F056FBE0
:10AB20000346002B64D1022006F0F9F8032006F05A
:10AB30004DFB0346002B5FD1264B9B7EDBB2012BE6
:10AB40003ED1244B93F82D30DBB2002B09D00120ED
:10AB500002F0BCFA0346002B03D1002002F02EFACB
:10AB600052E31C4B5B7DDBB2002B04D11E211C4841
:10AB700003F0BEF808E0174B5B7DDBB2012B03D17D
:10AB80002421184803F0B4F8124B072283F845201B
:10AB9000154B072283F8BD200821144805F0ACFFAF
:10ABA000022002F08BF8094B00221A80094B012287
:10ABB0005A77084B0022DA75064B0022DA7623E337
:10ABC000044B012283F84F2016E000BF26350020F9
:10ABD000F902002060340020E45B0108F05B01080A
:10ABE000885E0108A85E010800000020B80000206F
:10ABF0009D4B002283F84F209C4B1B8801339AB257
:10AC00009A4B1A8000E3012006F002FB0346002B5A
:10AC100009D1012002F0F4F9944B1B8801339AB258
:10AC2000924B1A80F0E2914B1B8802339AB28F4B01
:10AC30001A80E9E20A2006F072F88D4B1B88013376
:10AC40009AB28B4B1A808A4B1B88082B40F2D58214
:10AC5000874B00221A80854B1B8801339AB2834BA5
:10AC60001A80CAE2022006F0D3FA0346002B09D16B
:10AC7000002002F0D1FA7D4B1B8801339AB27B4B46
:10AC80001A80C1E2794B1B8802339AB2774B1A8043
:10AC9000BAE20A2006F043F8754B1B8801339AB2DA
:10ACA000734B1A80724B1B880A2B40F2A882704BA0
:10ACB00000221A806D4B1B8801339AB26B4B1A80AD
:10ACC0009DE26A4B1B8801339AB2684B1A809BE263
:10ACD000684B00221A70002001F062FD664B0022D2
:10ACE0001A70002001F09AFC604B1B8801339AB265
:10ACF0005E4B1A8088E2614B5B69002B41DD5A4B49
:10AD0000012283F84C205D4B9A685C4B5B699A4248
:10AD100018DC5A4B1B681846F6F73CF9524B93F86F
:10AD20003B30D9B2554BDB691C46544B9A68534BA8
:10AD3000DB69D31A009323460A4601460020F7F741
:10AD400011FA17E04D4B1B681846F6F723F9464BEE
:10AD500093F83B30D9B2494BDB691C46474B5A69E3
:10AD6000464BDB69D31A009323460A46014600206E
:10AD7000F7F7F8F93D4B1B8801339AB23B4B1A8029
:10AD800042E23A4B1B8802339AB2384B1A803BE2BC
:10AD90003B4B1B7F002B06D1344B1B8801339AB2EF
:10ADA000324B1A8030E2334B00221A70002001F03F
:10ADB000F7FC314B00221A70002001F02FFC23E237
:10ADC0002E4B5B69002B63DD274B5B7DDBB2002BD9
:10ADD00004D10D212B4802F08BFF08E0224B5B7D54
:10ADE000DBB2012B03D10F21274802F09BFF234B3D
:10ADF0009A68224B5B699A4219DC64233B611A4BC7
:10AE00000A2283F84C201D4BDB681846F6F7C2F87F
:10AE10000146154B93F83B30DAB2184BDB69184604
:10AE20003B69009303460020F7F79CF95BE00E4B6B
:10AE30000A2283F84C20114BDB681846F6F7AAF873
:10AE40000146094B93F83B30DAB20C4BDB691C46E8
:10AE50000A4B9B6818460D4B1B68C31A0093234688
:10AE60000020F7F77FF93EE060340020263500200F
:10AE7000383500204135002040350020BC3400200A
:10AE8000A4030020D05E0108E05E01081C3600200B
:10AE9000A04B5B7DDBB2002B04D109219E4802F060
:10AEA00027FF08E09B4B5B7DDBB2012B03D10C211C
:10AEB0009A4802F01DFF974B012283F84C20984BD3
:10AEC0001B681846F6F766F80146924B93F83B303C
:10AED000DAB2934BDB691846914B9B6800930346AB
:10AEE0000020F7F73FF98F4B1B8801339AB28D4B47
:10AEF0001A8089E18C4B1B7F002B06D1894B1B8864
:10AF000001339AB2874B1A807EE1884B00221A7077
:10AF1000002001F045FC864B00221A70002001F051
:10AF20007DFB71E1804B93F80038012B19D1794BEF
:10AF300093F83630DBB2002B03D0764B02225A77DF
:10AF40000FE0744B93F85230DBB2002B09D101F0C3
:10AF500087FD704B012283F82420724B00221A8057
:10AF600052E1704B1B8801339AB26E4B1A804BE151
:10AF7000684B93F83930DBB2002B39D0022006F051
:10AF800025F90346002B30D1052005F0C8FE02202C
:10AF900006F01CF90346002B2AD1664B1B880133AF
:10AFA0009AB2644B1A80634B1B88042B19D9594BF6
:10AFB0005B7DDBB2002B04D120215F4802F098FEBC
:10AFC00008E0544B5B7DDBB2012B03D128215B48A9
:10AFD00002F08EFE002001F0F1FF564B00221A8095
:10AFE00012E1504B03221A800EE1524B00221A80CC
:10AFF0004C4B1B8801339AB24A4B1A8004E1454BF3
:10B0000093F82D30DBB2012B09D1012002F05EF85C
:10B010000346002B03D1002001F0D0FFF4E0414BA8
:10B020001B8801339AB23F4B1A80EDE0394B93F8FD
:10B030003230DBB2002B10D1012006F0E9F80346D4
:10B04000002B00F0DE80002001F0DAFF354B1B887A
:10B0500001339AB2334B1A80D3E0324B1B88023350
:10B060009AB2304B1A80CCE00A2005F058FE344BDF
:10B070001B8801339AB2324B1A80314B1B880A2B42
:10B0800040F2C1802E4B00221A80264B1B880133D0
:10B090009AB2244B1A80B6E01E4B5B7FDBB2022BC8
:10B0A0005AD0284BD3E90023541C43F10005254B0B
:10B0B000C3E90045234BD3E9002307F108002249E7
:10B0C00009F096FB0346FB82082220494FF400401A
:10B0D00002F02EFDFB8ADAB207F1080319464FF49D
:10B0E000004002F025FD022001F0E8FD094B5B7DE8
:10B0F000DBB2002B04D10921154802F0F9FD3EE036
:10B10000044B5B7DDBB2012B39D11221114802F0D7
:10B11000EFFD34E060340020CC5F0108085E0108D8
:10B12000BC34002026350020A40300204135002037
:10B13000403500203E350020205F0108445F0108B3
:10B140003835002018350020F05E0108F45E010853
:10B15000005F01080C5F01082D4B5B7DDBB2002B0B
:10B1600004D120212B4802F0C3FD08E0284B5B7D71
:10B17000DBB2012B03D12821274802F0B9FD244B73
:10B1800093F85030DBB2002B22D1214B1B7DDBB278
:10B19000012B1DD11E4B012283F850201C4B5B7DDF
:10B1A000DBB2002B04D120211C4802F0A1FD08E0F5
:10B1B000174B5B7DDBB2012B03D13521184802F020
:10B1C00097FD134B052283F84520042001F076FDFE
:10B1D000144B002283F801280D4B0022DA760C4B29
:10B1E00001225A770A4B0022DA750F4B00221A808F
:10B1F0000AE000BF08E000BF06E000BF04E000BFB7
:10B2000002E000BF00E000BF1837BD46B0BD00BF80
:10B2100060340020205F0108445F0108705F01086E
:10B22000945F0108A403002026350020B0B586B045
:10B2300000AF78603023FB6000233B61A44B1B8888
:10B240000E2B00F2D68201A252F823F089B2000838
:10B2500063B3000871B3000807B4000835B40008F0
:10B2600065B4000893B40008C3B40008F5B400083E
:10B270001BB5000881B50008B1B500083FB600084D
:10B280007BB60008ABB60008924BDB7EDBB2032B2B
:10B2900040F0A4828F4B1B7DDBB2012B1DD08D4B68
:10B2A00093F82430DBB2002B17D18A4B0022DA76D8
:10B2B000884B5B7DDBB2002B04D10A21864802F06B
:10B2C00017FD8DE2834B5B7DDBB2012B40F0888262
:10B2D0001321824802F00CFD82E27E4B9B7EDBB2A2
:10B2E000012B2BD1022005F071FF0346002B25D145
:10B2F000784B5B7DDBB2002B04D11E21784802F035
:10B30000F7FC08E0734B5B7DDBB2012B03D12421FA
:10B31000744802F0EDFC6F4B0022DA766D4B01228F
:10B320005A776C4B072283F845206F4B072283F82E
:10B33000BD2008216D4805F0DFFB5AE2022001F034
:10B3400093FD042001F090FD624B00225A77614B7F
:10B350000222DA755E4B1B8801339AB25C4B1A806D
:10B3600047E25B4B1B8801339AB2594B1A8040E28B
:10B37000584B93F83930DBB2002B3DD0022005F05A
:10B3800025FF0346002B37D1022005F0C8FC022020
:10B3900005F01CFF0346002B2ED14E4B5B7DDBB22C
:10B3A000002B04D11E214E4802F0A2FC08E0494BBC
:10B3B0005B7DDBB2012B03D124214A4802F098FCCB
:10B3C000444B072283F84520474B072283F8BD20D2
:10B3D0000821464805F090FB022001F06FFC3C4B31
:10B3E00000221A803B4B01225A773A4B0022DA7531
:10B3F000384B0022DA76FCE1354B1B8801339AB2D8
:10B40000334B1A80F5E1012005F002FF0346002BC3
:10B4100009D1012001F0F4FD2D4B1B8801339AB2B4
:10B420002B4B1A80E5E12A4B1B8802339AB2284B3A
:10B430001A80DEE10A2005F072FC2D4B1B880133D7
:10B440009AB22B4B1A802A4B1B88082B40F2CA81D8
:10B45000274B00221A801E4B1B8801339AB21C4BCB
:10B460001A80BFE1022005F0D3FE0346002B09D16C
:10B47000002001F0D1FE164B1B8801339AB2144B09
:10B480001A80B6E1124B1B8802339AB2104B1A8015
:10B49000AFE10A2005F043FC154B1B8801339AB23B
:10B4A000134B1A80124B1B880A2B40F29D81104BC4
:10B4B00000221A80064B1B8801339AB2044B1A8073
:10B4C00092E1034B1B8801339AB2014B1A8090E141
:10B4D0002835002060340020E45B0108F05B01089F
:10B4E000885E0108A85E010800000020B800002066
:10B4F00038350020A64B00221A70002001F050F9C8
:10B50000A44B00221A70002001F088F8A24B1B887F
:10B5100001339AB2A04B1A806BE1A04B5B7DDBB28A
:10B52000002B04D10C219E4802F0E2FB08E09B4B6B
:10B530005B7DDBB2012B03D10C219A4802F0D8FBD2
:10B54000964B002283F84C20974B1B681846F5F762
:10B5500021FD0546914B93F83B30DCB2924B5B6882
:10B560001846F5F717FD0346224629460020F5F751
:10B5700083FD894B1B8801339AB2874B1A8038E1CF
:10B580008A4B1B7F002B06D1834B1B8801339AB259
:10B59000814B1A802DE17E4B00221A70002001F0B1
:10B5A000FFF87C4B00221A70002001F037F820E1F0
:10B5B0007A4B93F83930DBB2002B39D0022005F0FA
:10B5C00005FE0346002B30D1022005F0A8FB022027
:10B5D00005F0FCFD0346002B2AD1754B1B88013377
:10B5E0009AB2734B1A80724B1B88042B19D96B4B80
:10B5F0005B7DDBB2002B04D120216E4802F078FB8A
:10B6000008E0664B5B7DDBB2012B03D12E216A483B
:10B6100002F06EFB002001F0D1FC654B00221A8085
:10B62000E7E05D4B07221A80E3E0614B00221A80BD
:10B63000594B1B8801339AB2574B1A80D9E0574BAC
:10B6400093F83230DBB2002B10D1012005F0E0FD81
:10B650000346002B00F0CA80002001F0D1FC4E4BC5
:10B660001B8801339AB24C4B1A80BFE04A4B1B88AF
:10B6700002339AB2484B1A80B8E00A2005F04FFB1B
:10B680004E4B1B8801339AB24C4B1A804B4B1B8894
:10B690000A2B40F2AD80494B00221A803E4B1B889A
:10B6A00001339AB23C4B1A80A2E0454BD3E9002308
:10B6B000541C43F10005424BC3E90045404BD3E91C
:10B6C000002307F10C003F4909F092F80346FB8282
:10B6D00008223D494FF4004002F02AFAFB8ADAB210
:10B6E00007F10C0319464FF4004002F021FA022042
:10B6F00001F0E4FA294B5B7DDBB2002B04D1092178
:10B70000324802F0F5FA08E0244B5B7DDBB2012BF6
:10B7100003D112212E4802F0EBFA204B93F850305F
:10B72000DBB2002B22D11D4B1B7DDBB2012B1DD1C7
:10B730001A4B012283F85020184B5B7DDBB2002BA3
:10B7400004D12021234802F0D3FA08E0134B5B7D9B
:10B75000DBB2012B03D135211F4802F0C9FA0F4B90
:10B76000052283F84520042001F0A8FA0F4B00229F
:10B7700083F80128094B0022DA76084B01225A7718
:10B78000064B0022DA75044B00221A8031E000BF1C
:10B79000413500204035002028350020603400204D
:10B7A000F85D0108085E0108BC340020A4030020F5
:10B7B0003E350020D85F0108FC5F010838350020C5
:10B7C00018350020F05E0108F45E0108005F0108F2
:10B7D0000C5F0108705F0108945F010800BF08E07A
:10B7E00000BF06E000BF04E000BF02E000BF00E0D1
:10B7F00000BF1837BD46B0BDB0B586B000AF7860A9
:10B800003023FB6000233B61A94B1B881A2B00F2FD
:10B81000258201A252F823F085B8000893B80008E9
:10B82000C7B80008F7B8000825B90008D7B900085C
:10B830000BBA000839BA00086DBA00089DBA0008B2
:10B84000DDBA00080DBB000823BB000845BB00089B
:10B850005BBB00087BBB0008A9BB0008B7BB0008A6
:10B860005DBC00085DBC00085DBC00085DBC000854
:10B870005DBC00085DBC00085DBC0008BFBB0008E3
:10B8800017BC00088A4B1B8801339AB2884B1A8078
:10B89000E4E1884B5B7DDBB2002B04D10B218648B1
:10B8A00002F026FA08E0834B5B7DDBB2012B03D16B
:10B8B0000B21824802F01CFA7D4B1B8801339AB29F
:10B8C0007B4B1A80CAE10A2005F029FA7C4B1B88C1
:10B8D00001339AB27A4B1A80794B1B88142B40F2B1
:10B8E000AE81774B00221A80714B1B8801339AB2CC
:10B8F0006F4B1A80A3E16F4B93F82D30DBB2002B16
:10B9000009D0002001F0E2FB0346002B03D1002008
:10B9100001F054FBA2E1664B1B8801339AB2644BE1
:10B920001A809BE1634B5B7DDBB2002B04D10C21C1
:10B93000644802F0DDF908E05E4B5B7DDBB2012B71
:10B9400003D10A21604802F0D3F9604B1B68184606
:10B95000F5F720FB0546574B93F83B30DCB25B4BC9
:10B960005B681846F5F716FB034622462946002079
:10B97000F5F782FB554B1B6C1846F5F70BFB05469C
:10B980004C4B93F83E30DCB2504B5B6C1846F5F7ED
:10B9900001FB0346224629460320F5F76DFB4B4B7E
:10B9A0001B6A1846F5F7F6FA0546424B93F83C3009
:10B9B000DCB2464B5B6A1846F5F7ECFA03462246C2
:10B9C00029460120F5F758FB394B1B8801339AB201
:10B9D000374B1A8042E13E4B1B7F002B40F03181F8
:10B9E0003B4B03F5805393F82838002B40F0298116
:10B9F000374B93F82038002B40F023812C4B1B88C9
:10BA000001339AB22A4B1A801BE12A4B93F82D304E
:10BA1000DBB2002B09D0012001F058FB0346002BBC
:10BA200003D1002001F0CAFA18E1214B1B88013331
:10BA30009AB21F4B1A8011E11E4B5B7DDBB2002BCB
:10BA400004D10921234802F053F908E0194B5B7D2A
:10BA5000DBB2012B03D112211F4802F049F9144B2C
:10BA60001B8801339AB2124B1A80F7E00A2005F0C6
:10BA700056F9134B1B8801339AB2114B1A80104BA5
:10BA80001B88142B40F2DF800D4B00221A80084BDC
:10BA90001B8801339AB2064B1A80D4E0002001F0D3
:10BAA000AFFA034B1B8801339AB2014B1A80D5E0E1
:10BAB00020350020603400202C6001083860010827
:10BAC00036350020F85D0108085E0108BC3400200E
:10BAD000A4030020446001080C5F01080A2005F05F
:10BAE0001EF9604B1B8801339AB25E4B1A805D4B86
:10BAF0001B88142B40F2A9805A4B00221A805A4B03
:10BB00001B8801339AB2584B1A809EE0574B012292
:10BB100083F82020544B1B8801339AB2524B1A8071
:10BB20009CE0524B93F82130DBB2012B40F08F8028
:10BB30004D4B1B8801339AB24B4B1A80642005F0A1
:10BB4000EEF884E0494B012283F82320464B1B8802
:10BB500001339AB2444B1A8080E0444B93F824306E
:10BB6000DBB2012B75D1404B1B8801339AB23E4B9F
:10BB70001A80642005F0D3F86BE00A2005F0CFF8B6
:10BB8000384B1B8801339AB2364B1A80354B1B88D1
:10BB9000142B60D9334B00221A80334B1B8801339E
:10BBA0009AB2314B1A8056E02F4B1B8801339AB260
:10BBB0002D4B1A8052E02C4B19221A804EE00120A6
:10BBC00001F01EFA284B1B8801339AB2264B1A80CB
:10BBD000274BD3E90023541C43F10005244BC3E950
:10BBE0000045234BD3E9002307F10C00214908F05D
:10BBF000FFFD0346FB8208221F494FF4004001F07D
:10BC000097FFFB8ADAB207F10C0319464FF40040A4
:10BC100001F08EFF22E00A2005F081F8114B1B880D
:10BC200001339AB20F4B1A800E4B1B88142B14D978
:10BC30000C4B00221A800C4B00221A800DE000BF32
:10BC40000CE000BF0AE000BF08E000BF06E000BF54
:10BC500004E000BF02E000BF00E000BF1837BD46AF
:10BC6000B0BD00BF363500202035002060340020F4
:10BC700018350020F05E0108F45E010880B586B03A
:10BC800002AF7860A34B1B88052B00F28B8101A2C9
:10BC900052F823F0ADBC0008EBBC0008F9BC00086A
:10BCA00009BE0008EBBE0008F9BE00089A4B93F8E5
:10BCB0004130DBB2002B04D1974B002283F84120A6
:10BCC00070E1954BDB7DDBB2012B07D0924B1B7DE6
:10BCD000DBB2032B02D0904B0722DA758D4B1B8809
:10BCE00001339AB28B4B1A805CE18A4B1B8801337B
:10BCF0009AB2884B1A8055E1012005F067FA034695
:10BD0000002B28D1844B5B7DDBB2002B04D10B21AF
:10BD1000824801F0EDFF08E07F4B5B7DDBB2012B39
:10BD200003D113217E4801F0FDFF7B4B022283F8F3
:10BD30004B207C4B9B6C1846F5F72CF90146764B53
:10BD400093F83D30DAB24FF4FA63009300230220F7
:10BD5000F6F708FA51E0734B1B6DBB60714B9B6C9F
:10BD600071491846F4F750FF03461846F5F712F9E3
:10BD70000346FB60FB68002B01D10123FB60FB68DD
:10BD8000013B6A4A52F823301846F4F7E5FE0346B1
:10BD900019460220F6F738F80246BB681344BB6028
:10BDA0005D4B5B7DDBB2002B04D10B21604801F0C1
:10BDB0009FFF08E0584B5B7DDBB2012B03D10F21C5
:10BDC0005C4801F0AFFF544B012283F84B20554BE8
:10BDD0009B6C1846F5F7DEF801464F4B93F83D3063
:10BDE000DBB2002B0CBF01230023DBB21A46524BFF
:10BDF0000093BB680220F6F7B5F9464B1B88013368
:10BE00009AB2444B1A80CDE04C4B03F5805393F823
:10BE10002430002B40F0C580012005F0D7F90346FF
:10BE2000002B25D03C4B93F84B30DBB2012B1FD1BC
:10BE3000394B002283F84B20374B5B7DDBB2002B64
:10BE400004D11C213E4801F053FF08E0324B5B7DDA
:10BE5000DBB2012B03D125213A4801F049FF2E4BDB
:10BE6000042283F84520002001F0A8F8002399E07F
:10BE7000012005F0ABF90346002B25D1264B93F8A2
:10BE80004B30DBB2022B1FD1234B002283F84B2017
:10BE9000214B5B7DDBB2002B04D118212A4801F035
:10BEA00027FF08E01C4B5B7DDBB2012B03D1222175
:10BEB000264801F01DFF184B032283F8452000207F
:10BEC00001F07CF800236DE0012005F07FF90346C6
:10BED000002B03D00F4B02221A8062E00D4B1B880F
:10BEE00001339AB20B4B1A805BE00A4B1B8801337B
:10BEF0009AB2084B1A8055E0074B002283F8412084
:10BF0000054B5B7DDBB2002B24D10B21104801F0E7
:10BF1000EFFE28E02A350020603400205060010840
:10BF20005C600108BC340020CDCCCC3D48350020FD
:10BF3000706001087C600108A0860100A403002055
:10BF4000145E0108345E01088C600108A8600108D5
:10BF5000CC600108154B5B7DDBB2012B03D11821AE
:10BF6000134801F0DFFE114BDB7DDBB2012B07D064
:10BF70000E4B1B7DDBB2032B02D00C4B0022DA757B
:10BF80000A4B002283F82120084B002283F822204C
:10BF9000064B012283F82420064B00221A8001233D
:10BFA00000E000BF18461037BD4680BD6034002059
:10BFB000D86001082A35002098B500AF5C4B1B7D86
:10BFC000DBB2032B0ED15A4B5B7DDBB2002B04D1CD
:10BFD0002621584801F06CFEA8E01E21564801F0C9
:10BFE00067FEA3E0524B1B7DDBB2012B0ED1504B01
:10BFF0005B7DDBB2002B04D12021504801F058FEBC
:10C0000094E020214E4801F053FE8FE0484BDB7D49
:10C01000DBB2002B36D1012000F026FF022000F019
:10C0200023FF032000F020FF042000F01DFF052067
:10C0300000F01AFF002003F06BFD01F04FF9012022
:10C0400001F0EAF8012000F0DBFF112001F028FDEB
:10C05000012005F0BBF80346002B21D1344B002210
:10C0600083F84B20324B93F83D30DCB2354B5B6D9F
:10C070001846F4F78FFF034622460A210220F4F700
:10C08000FBFF0DE02A4B5B7DDBB2002B04D12321AB
:10C090002D4801F00DFE03E023212C4801F008FE9D
:10C0A00000BF2B4B03F5805393F82430002BF8D1BD
:10C0B00000210120F5F738F900210220F5F734F9C5
:10C0C00000210320F5F730F900210420F5F72CF9C1
:10C0D00020494FF000024FF00003C1E9002308227D
:10C0E0001D494FF4004001F023FD01221B494FF48C
:10C0F000004001F01DFD0E4B5B7DDBB2002B04D137
:10C100000D21174801F0F4FD08E0094B5B7DDBB21F
:10C11000012B03D12821134801F0EAFD044B012231
:10C1200083F855200821104804F0E6FC98BD00BFB4
:10C1300060340020F460010808610108805B010898
:10C14000945B0108BC3400202861010840610108AB
:10C15000A403002018350020F45E01086461010882
:10C1600068610108786101086800002080B500AFAF
:10C17000324B93F82630DBB2002B03D0304B1B78C8
:10C18000012B04D12D4B002283F8262054E02B4BA9
:10C190009B7DDBB2002B02D0002000F045FD274B39
:10C1A0001B7DDBB2012B02D1002001F031F901200F
:10C1B00001F032F8012000F023FF012005F006F81D
:10C1C0000346002B12D11F4B1B88002B0ED01B4B9C
:10C1D00093F83D30DAB21B4B1B881B49A1FB0313BC
:10C1E000DB089BB21946104601F030FA00BF174B2E
:10C1F00003F5805393F82430002BF8D10F4B5B7D6F
:10C20000DBB2002B04D11A21114801F071FD08E0C6
:10C210000A4B5B7DDBB2012B03D128210D4801F0D5
:10C2200067FD08210C4804F067FC054B01221A70D9
:10C23000024B002283F8262080BD00BF603400201E
:10C240004235002046350020CDCCCCCCA4030020C4
:10C25000A4610108786101086800002080B582B0FF
:10C2600000AF7860A94B1B88092B00F2C78101A29F
:10C2700052F823F09DC2000877C30008E5C3000808
:10C28000F9C300083FC400086DC400089DC400083D
:10C29000D9C40008FFC4000839C500089C4B93F8B6
:10C2A0003F30DBB2002B04D0994BDB7DDBB2002B9F
:10C2B00004D0974B002283F83F209FE1F5F746F822
:10C2C000934B93F84530DBB2012B06D100210020BF
:10C2D00004F038F9642004F022FD0121002004F06C
:10C2E00031F98B4B93F84530DBB2022B06D100219C
:10C2F000022004F027F9642004F011FD012102203E
:10C3000004F020F9824B002283F84520804B93F8FB
:10C310002930DBB2002B03D00121012004F012F9F7
:10C320007B4B93F82A30DBB2002B03D00121032092
:10C3300004F008F9764B5B7DDBB2002B04D10B21B6
:10C34000744801F0D5FC08E0714B5B7DDBB2012B3A
:10C3500003D11521704801F0CBFC6D4B0122DA7539
:10C360006B4B002283F82420684B1B8801339AB260
:10C37000664B1A8042E1664B5B7DDBB2002B04D139
:10C380000D21664801F0B4FC08E0614B5B7DDBB237
:10C39000012B03D11921624801F0C4FC012000F0F7
:10C3A00063FD022000F060FD032000F05DFD04202D
:10C3B00000F05AFD052000F057FD5A4B1B78002B6A
:10C3C00006D0584B00221A700821574804F094FBFD
:10C3D000642004F0A4FC4D4B1B8801339AB24B4BF4
:10C3E0001A800BE1002000F017FF484B1B88013337
:10C3F0009AB2464B1A8001E1454B93F82D30DBB2DF
:10C40000002B0BD1032004F003FF0346002B05D0C3
:10C410000A2004F0DBFE0346002B09D1012000F0C6
:10C4200055FE0346002B03D1002000F0C7FDE5E0D8
:10C43000364B1B8801339AB2344B1A80DEE0012060
:10C4400004F0E6FE0346002B09D0002000F0D8FDE2
:10C450002E4B1B8801339AB22C4B1A80CEE02B4B0B
:10C460001B8802339AB2294B1A80C7E00A2004F0D5
:10C4700056FC2E4B1B8801339AB22C4B1A802B4B47
:10C480001B880F2B40F2B980284B00221A801F4BCB
:10C490001B8801339AB21D4B1A80AEE01C4B5B7DAA
:10C4A000DBB2002B04D10921214801F021FC08E076
:10C4B000174B5B7DDBB2012B03D111211D4801F02D
:10C4C00017FC134B012283F84120104B1B880133CA
:10C4D0009AB20E4B1A8091E00D4B93F84130DBB2CB
:10C4E000002B05D00020FFF7C9FB0346002B85E099
:10C4F000064B1B8801339AB2044B1A807EE0034B33
:10C500001B8801339AB2014B1A8077E02C3500204A
:10C5100060340020C0610108CC610108E4610108B9
:10C52000F46101084235002060000020363500200B
:10C53000106201081C620108324B1B78DBB20A2B27
:10C5400007D9304B1B7DDBB2032B02D1202001F039
:10C55000A7FA2C4B5B7DDBB2002B04D10B212A48C0
:10C5600001F0C6FB08E0274B5B7DDBB2012B03D15A
:10C570001B21264801F0BCFB032000F09FFB052097
:10C5800000F09CFB224B00221A70002000F046F8BD
:10C59000204B00221A70002000F002F9012003F065
:10C5A000B7FA184B002283F83F20164B00225A7727
:10C5B000144B002283F82120124B012283F82420FF
:10C5C000104B01221A760F4B0022DA750D4B012217
:10C5D0009A750C4B012283F850200A4B002283F8F5
:10C5E0005520084B002283F85620064B002283F882
:10C5F0005720094B00221A8000E000BF0837BD46D3
:10C6000080BD00BF60340020306201084062010834
:10C6100040350020413500202C350020B0B582B0D7
:10C6200000AF7860594B03F5805393F82838002BFE
:10C6300040F0A880564B93F82A30DBB2002B00F074
:10C64000A280534B93F82E30DBB2002B19D1504B04
:10C65000002283F84E204F4B1B6C1846F4F79AFCCF
:10C6600005464B4B93F83E30DCB24A4B5B6C1846A8
:10C67000F4F790FC0346224629460320F4F7FCFC1D
:10C6800081E0434B93F82E30DBB2012B2FD10520F4
:10C6900004F09CFD0346002B1FD13F4B1B78002B61
:10C6A0001BD13D4B01221A70394B012283F84E20D9
:10C6B000384B1B6C1846F4F76DFC0546344B93F869
:10C6C0003E30DCB2334B5B6C1846F4F763FC034638
:10C6D000224629460320F4F7CFFC052004F076FD1E
:10C6E0000346002B4FD02C4B00221A704BE0284BF6
:10C6F00093F82E30DBB2022B45D1062004F066FD04
:10C700000346002B22D0244B1B78002B1ED1224B3A
:10C7100001221A70214B00221A801D4B012283F83E
:10C720004E201C4B1B6C1846F4F734FC0546184B86
:10C7300093F83E30DCB2174B5B6C1846F4F72AFCDA
:10C740000346224629460320F4F796FC062004F00F
:10C750003DFD0346002B16D0104B1B8801339AB2C7
:10C760000E4B1A800D4B1B88B3F5FA7F03D80120BE
:10C7700004F0D5FA07E0094B00221A80064B00228C
:10C780001A7000E000BF0837BD46B0BDA40300200A
:10C7900060340020BC340020403500209835002053
:10C7A000B0B582B000AF7860584B93F82038002BBA
:10C7B00040F0A880564B93F82B30DBB2002B00F0F2
:10C7C000A280534B93F82F30DBB2002B19D1504B82
:10C7D000002283F84D204F4B1B6A1846F4F7DAFB12
:10C7E00005464B4B93F83C30DCB24A4B5B6A18462B
:10C7F000F4F7D0FB0346224629460120F4F73CFC1F
:10C8000081E0434B93F82F30DBB2012B2FD107206F
:10C8100004F0DCFC0346002B1FD13F4B1B78002BA0
:10C820001BD13D4B01221A70394B012283F84D2058
:10C83000384B1B6A1846F4F7ADFB0546344B93F8AA
:10C840003C30DCB2334B5B6A1846F4F7A3FB03467B
:10C85000224629460120F4F70FFC072004F0B6FC1D
:10C860000346012B4FD12C4B00221A704BE0284B72
:10C8700093F82F30DBB2022B45D1082004F0A6FC40
:10C880000346002B22D0244B1B78002B1ED1234BB8
:10C8900000221A80204B01221A701D4B012283F8BE
:10C8A0004D201C4B1B6A1846F4F774FB0546184BC9
:10C8B00093F83C30DCB2174B5B6A1846F4F76AFB1E
:10C8C0000346224629460120F4F7D6FB082004F04F
:10C8D0007DFC0346012B16D1104B1B8801339AB205
:10C8E0000E4B1A800D4B1B88B3F5FA6F03D801204D
:10C8F00004F015FA07E0094B00221A80064B0022CB
:10C900001A7000E000BF0837BD46B0BDA403002088
:10C9100060340020BC340020413500209A350020CE
:10C9200080B500AF484B1B88032B00F28B8001A21F
:10C9300052F823F045C90008C7C900080DCA00080D
:10C9400029CA00080B2004F041FC0346002B2FD11C
:10C950003E4B93F85330DBB2002B29D1052004F075
:10C96000DEF90B2004F032FC0346002B20D1374BBC
:10C97000012283F85320354B012283F85420334B96
:10C980005B7DDBB2002B04D11E21314801F0B0F9F0
:10C9900008E02E4B5B7DDBB2012B03D133212D4808
:10C9A00001F0A6F9284B1B8801339AB2264B1A8056
:10C9B0000B2004F00BFC0346012B04D1234B002277
:10C9C00083F853203EE0214B93F85430DBB2012B27
:10C9D00035D11E4B002283F854201C4B002283F8D3
:10C9E0004B201D4B9B6A1846F4F7D4FA0146174BAF
:10C9F00093F83D30DAB232230220F4F73DFB124BBC
:10CA00001B8801339AB2104B1A8018E0134B03F5C0
:10CA1000805393F82430002B13D10B4B1B88013328
:10CA20009AB2094B1A800CE00021022003F08AFD23
:10CA3000002000F0C3FA044B00221A8002E000BF7D
:10CA400000E000BF80BD00BF34350020603400200E
:10CA50005C6201087C620108BC340020A403002051
:10CA600080B500AF124B5B7DDBB2002B04D12621D9
:10CA7000104801F03DF908E00D4B5B7DDBB2012B66
:10CA800003D130210C4801F033F9094B082283F817
:10CA90004520042000F012F9032000F0E5F9F4F736
:10CAA00055FC002003F034F800F018FC00BF80BDF6
:10CAB00060340020B0620108D862010880B582B0FD
:10CAC00000AF7860F4F76AFC022003F021F8144B01
:10CAD0005B7DDBB2002B04D11021124801F008F974
:10CAE00008E00F4B5B7DDBB2012B03D111210E4817
:10CAF00001F0FEF8012000F0B7F9022000F0B4F9CF
:10CB0000032000F0B1F9042000F0AEF9052000F098
:10CB1000ABF900F0E3FB00BF0837BD4680BD00BFA6
:10CB2000603400200C6301082063010880B582B0E6
:10CB300000AF7860364B93F82530DBB2002B62D023
:10CB4000334B93F82530DBB2022B12D1304B5B7D97
:10CB5000DBB2002B04D110212E4801F0E3F808E0ED
:10CB60002B4B5B7DDBB2012B03D118212A4801F04E
:10CB7000D9F80821294803F0BFFFF4F7E7FB0021AB
:10CB80000020F4F7D1FB00210120F4F7CDFB0021B8
:10CB90000220F4F7C9FB00210320F4F7C5FB0020B5
:10CBA00002F0B6FF1A4B93F83730DBB2002B18D0E7
:10CBB0000C2004F00BFB0346002B12D0144B5B7DC2
:10CBC000DBB2002B04D11821154801F0ABF808E0C6
:10CBD0000F4B5B7DDBB2012B03D12921114801F002
:10CBE000A1F8012000F040F9022000F03DF90320F7
:10CBF00000F03AF9042000F037F9052000F034F98C
:10CC000000F06CFB00E000BF0837BD4680BD00BFF0
:10CC100060340020346301084863010808000020E4
:10CC2000646301088063010880B582B000AF78605A
:10CC30001E4B1B78DBB20A2B07D91C4B1B7DDBB2CA
:10CC4000032B02D1002000F02BFF184B5B7DDBB2E1
:10CC5000002B04D11021164801F04AF808E0134BCC
:10CC60005B7DDBB2012B03D10F21124801F040F8AC
:10CC7000F4F76CFB0821104803F03EFF002002F09F
:10CC800047FF012000F0F0F8022000F0EDF803204B
:10CC900000F0EAF8042000F0E7F8052000F0E4F8DE
:10CCA00000F01CFB00BF0837BD4680BD603400208B
:10CCB000AC630108BC6301080800002080B582B0A5
:10CCC00000AF0346FB71624B1B7DDBB2012B40F0D2
:10CCD000B380FB79013B042B00F2B78001A252F82C
:10CCE00023F000BFF9CC000821CD000849CD000891
:10CCF0006FCD00084BCE0008022004F037F9034640
:10CD0000002B00F09B800021022004F0DBF80021C2
:10CD10000A2002F03DFF08214E4803F0EDFE8DE0B1
:10CD2000032004F023F90346002B00F08980002142
:10CD3000032004F0C7F800210B2002F029FF08218E
:10CD4000454803F0D9FE7BE0002004F00FF90346CC
:10CD5000002B77D00021002004F0B4F80021082037
:10CD600002F016FF08213D4803F0C6FE6AE00120EC
:10CD700004F0FCF80346002B66D00021012004F0EB
:10CD8000A1F80021092002F003FF314B93F8453050
:10CD9000DBB2013B092B49D801A252F823F000BFB6
:10CDA000C9CD0008D3CD0008DDCD0008E7CD0008CF
:10CDB000F1CD0008FBCD000805CE00080FCE00081D
:10CDC00019CE000823CE0008254B012283F8BD2090
:10CDD0002DE0234B022283F8BD2028E0204B0322C4
:10CDE00083F8BD2023E01E4B042283F8BD201EE003
:10CDF0001B4B052283F8BD2019E0194B062283F84E
:10CE0000BD2014E0164B072283F8BD200FE0144B21
:10CE1000082283F8BD200AE0114B092283F8BD20C7
:10CE200005E00F4B0A2283F8BD2000E000BF082177
:10CE30000C4803F061FE07E000BF06E000BF04E01D
:10CE400000BF02E000BF00E000BF0837BD4680BD64
:10CE500060340020580000204800002028000020F6
:10CE600000000020B800002080B582B000AF03466B
:10CE7000FB71FB79013B042B61D801A252F823F02E
:10CE800095CE0008BBCE0008E1CE000807CF000811
:10CE90002DCF0008022004F069F80346002B47D18B
:10CEA0000121022004F00EF801210A2002F070FE98
:10CEB0000821254803F020FE3AE0032004F056F84C
:10CEC0000346002B36D10121032003F0FBFF012193
:10CED0000B2002F05DFE08211C4803F00DFE29E046
:10CEE000002004F043F80346002B25D10121002047
:10CEF00003F0E8FF0121082002F04AFE082114484F
:10CF000003F0FAFD18E0012004F030F80346002B8E
:10CF100014D10121012003F0D5FF0121092002F0E5
:10CF200037FE08210B4803F0E7FD07E000BF06E0ED
:10CF300000BF04E000BF02E000BF00E000BF00BF90
:10CF40000837BD4680BD00BF5000002040000020D3
:10CF500020000020B000002080B584B000AF034660
:10CF6000FB710B46BB711346BB800023FB81142071
:10CF700003F0D5FE1AE0012003F0D1FEFB7918463C
:10CF800004F024F903467B737A7BBB799A4201D182
:10CF900001230FE0FA89BB889A4204D3002000F0F5
:10CFA0000DF8002306E0FB890133FB81FA89BB8879
:10CFB0009A42E0D918461037BD4680BD80B582B090
:10CFC00000AF78600D4B1B7DDBB2012B0BD1042031
:10CFD000FFF774FE0120FFF747FF0220FFF744FF31
:10CFE0000320FFF741FFF4F7B1F9002002F090FDB4
:10CFF00000F074F900BF0837BD4680BD60340020E2
:10D0000080B582B000AF0346FB71FB79002B23D1C2
:10D01000254B5B7DDBB2002B04D10D21234800F0B2
:10D0200067FE08E0204B5B7DDBB2012B03D11E21A4
:10D030001F4800F05DFE0021012004F093F800215C
:10D04000002002F0A5FD0F211A4800F06BFE082118
:10D05000194803F051FD22E0134B5B7DDBB2002B3E
:10D0600004D10D21154800F043FE08E00E4B5B7D16
:10D07000DBB2012B03D11F21114800F039FE012141
:10D08000012004F06FF80121002002F081FD0F2142
:10D090000C4800F047FE08210B4803F02DFD00BFAF
:10D0A0000837BD4680BD00BF60340020045C010825
:10D0B000145C0108CC63010888000020DC630108CF
:10D0C000EC6301080C6401088000002080B582B088
:10D0D00000AF0346FB71FB79002B41D1434B5B7DD5
:10D0E000DBB2002B04D10F21414800F001FE08E023
:10D0F0003E4B5B7DDBB2012B03D11C213D4800F090
:10D10000F7FD0021032004F02DF80021022002F099
:10D110003FFD4FF4FA6200210A20FFF71DFF03468E
:10D12000002B14D1314B5B7DDBB2002B04D11E21CF
:10D13000314800F0DDFD08E02C4B5B7DDBB2012BBC
:10D1400003D131212D4800F0D3FD00234AE00F2107
:10D15000274800F0E7FD0821294803F0CDFC40E016
:10D16000224B5B7DDBB2002B04D10F21254800F060
:10D17000BFFD08E01D4B5B7DDBB2012B03D11D2100
:10D18000214800F0B5FD0121032003F0EBFF012150
:10D19000022002F0FDFC4FF4FA6200210920FFF7A3
:10D1A000DBFE0346002B14D1104B5B7DDBB2002B62
:10D1B00004D11D21154800F09BFD08E00B4B5B7D61
:10D1C000DBB2012B03D13021114800F091FD002387
:10D1D00008E00F210B4800F0A5FD08210D4803F0E1
:10D1E0008BFC012318460837BD4680BD6034002003
:10D1F0001C6401082C6401084C6401086C6401087B
:10D2000088000020A0640108B0640108D06401080F
:10D21000F06401088000002080B582B000AF0346B2
:10D22000FB71FB79012B23D1254B5B7DDBB2002BFE
:10D2300004D10D21234800F05BFD08E0204B5B7D0D
:10D24000DBB2012B03D11D211F4800F051FD00214D
:10D25000022003F087FF0121012002F099FC0F2139
:10D260001A4800F05FFD0821194803F045FC22E050
:10D27000134B5B7DDBB2002B04D10D21114800F074
:10D2800037FD08E00E4B5B7DDBB2012B03D11D2186
:10D290000D4800F02DFD0121022003F063FF002165
:10D2A000012002F075FC0F210A4800F03BFD082127
:10D2B000094803F021FC00BF0837BD4680BD00BF10
:10D2C0006034002024650108B06401083465010859
:10D2D00088000020446501088000002080B400AF71
:10D2E0003A4B00221A76394B00229A75374B0122AD
:10D2F00083F85020354B002283F83F20334B002227
:10D3000083F84120314B0022DA76304B00229A77A5
:10D310002E4B002283F820202C4B002283F8232060
:10D320002A4B002283F82520284B0022DA77274B4E
:10D33000002283F82220254B00225A77234B00221B
:10D3400083F82420214B0022DA75204B002283F839
:10D3500055201E4B002283F856201C4B002283F8D8
:10D3600057201B4B00221A801A4B00221A801A4B9E
:10D3700000221A80194B00221A80194B00221A80B1
:10D38000184B00221A80184B00221A80174B0022DB
:10D390001A80174B00221A80164B00221A80164B57
:10D3A00000221A80154B00221A80154B00221A8089
:10D3B000144B00221A80144B00221A70134B0022C7
:10D3C0001A8000BFBD4680BC704700BF603400209B
:10D3D000203500202235002024350020263500206D
:10D3E000283500202A3500202C3500202E3500203D
:10D3F0003035002032350020363500203835002009
:10D400003A3500203C350020423500203E350020D2
:10D4100080B582B000AF0346FB71FB79012B60D170
:10D42000554B01221A75544B1B7DDBB21946462021
:10D4300000F018FA504B1B7DDBB2184602F01CFBC3
:10D440004D4B5B7DDBB2002B04D10F214B4800F02C
:10D450004FFC08E0484B5B7DDBB2012B03D116216A
:10D46000474800F045FC0821464803F045FB2020D2
:10D4700000F016FB012003F0A9FE0346002B13D198
:10D480003D4B9B7DDBB2012B0ED10320FFF716FC39
:10D490000520FFF713FC384B5B7FDBB2012B66D115
:10D4A0000220FFF70BFC62E0334B00229A7500204C
:10D4B00002F02EFB304B00221A762F4B5B7DDBB245
:10D4C000002B04D11721304800F012FC4FE02A4B0A
:10D4D0005B7DDBB2012B4AD11D212C4800F008FCFA
:10D4E00045E0254B1B78DBB2092B03D8202000F048
:10D4F000D7FA02E0002000F0D3FA0120FFF7B4FCD5
:10D500000220FFF7B1FC0320FFF7AEFC0420FFF779
:10D51000ABFC0520FFF7A8FC174B0022DA76164B70
:10D5200002221A75144B1B7DDBB21946462000F00F
:10D5300099F9114B1B7DDBB2184602F09DFA0E4B98
:10D540005B7DDBB2002B04D10F21114800F0D0FB32
:10D5500008E0094B5B7DDBB2012B03D115210D489F
:10D5600000F0C6FB08210C4803F0C6FAFFE700BF35
:10D570000837BD4680BD00BF6034002054650108F7
:10D5800064650108C80000207C65010894650108F5
:10D59000B4650108C4650108C000002080B582B0F0
:10D5A00000AF03460A46FB711346BB80BB88002BC5
:10D5B00005D1FB7901211846F4F7A8FB0BE0BB88E5
:10D5C0001B4AA2FB0323DB089BB21A46FB791146D8
:10D5D0001846F4F79BFB00BF164B1B7F002BFBD1BB
:10D5E000FB79002B04D00821134803F085FA03E0EF
:10D5F0000821124803F080FA114B012283F85620CB
:10D600000F4B5B7DDBB2002B04D113210D4800F0E2
:10D610006FFB08E00A4B5B7DDBB2012B03D11A21C3
:10D62000094800F065FB00BF0837BD4680BD00BF5C
:10D63000CDCCCCCCA40300207000002078000020CA
:10D6400060340020DC650108EC65010880B582B01B
:10D6500000AF03460A46FB711346BB80BB88002B14
:10D6600005D1FB7901211846F4F76CFB0BE0BB8870
:10D670001C4AA2FB0323DB089BB21A46FB79114626
:10D680001846F4F75FFB00BF174B03F5805393F880
:10D690002430002BF8D1FB79002B04D1082113484A
:10D6A00003F02AFA03E00821114803F025FA114B90
:10D6B000012283F857200F4B5B7DDBB2002B04D196
:10D6C00013210D4800F014FB08E00A4B5B7DDBB230
:10D6D000012B03D12021094800F00AFB00BF0837C5
:10D6E000BD4680BDCDCCCCCCA40300208000002062
:10D6F00088000020603400200866010818660108D0
:10D7000080B500AF0F4B5B7DDBB2002B04D11A213B
:10D710000D4800F0EDFA08E00A4B5B7DDBB2012B0F
:10D7200003D12021094800F0E3FA0021002002F093
:10D7300009FF044B012283F845200020FFF73EFC3F
:10D7400000BF80BD603400203C66010858660108B7
:10D7500080B500AF0F4B5B7DDBB2002B04D11A21EB
:10D760000D4800F0C5FA08E00A4B5B7DDBB2012BE7
:10D7700003D12321094800F0BBFA0021022002F066
:10D78000E1FE044B022283F845200020FFF716FC3F
:10D7900000BF80BD603400207C66010898660108E7
:10D7A00080B500AF114B93F83730DBB2002B1AD0A5
:10D7B0000C2003F00BFD0346002B14D00B4B5B7DBC
:10D7C000DBB2002B04D11221094800F071FA08E005
:10D7D000064B5B7DDBB2012B03D11C21054800F019
:10D7E00067FA012300E00023184680BD6034002062
:10D7F0004C5B0108605B010880B500AF02F02CFCB7
:10D8000000BF80BD80B584B000AF0346FB8000231D
:10D81000FB7302F05BFCFB881B0A9BB2DBB25B0074
:10D82000DBB2603BDBB2184602F022FD02F09AFC4C
:10D83000FB88DBB2184602F01BFD02F093FC02F0FD
:10D8400045FCA12002F014FD02F08CFC002002F047
:10D8500055FD0346FB7302F05FFCFB7B1846103757
:10D86000BD4680BD80B582B000AF03460A46FB804E
:10D8700013467B7102F02AFCFB881B0A9BB2DBB2C9
:10D880005B00DBB2603BDBB2184602F0F1FC02F059
:10D8900069FCFB88DBB2184602F0EAFC02F062FC8D
:10D8A0007B79184602F0E4FC02F05CFC02F034FCE8
:10D8B0000A2003F034FA00BF0837BD4680BD0000DF
:10D8C00080B582B000AF3B4600221A605A600D4B13
:10D8D0000D4A1A600B4804F028F900233B6000232E
:10D8E0007B603B4600221946064804F08AF93B4615
:10D8F00010221946034804F084F900BF0837BD46DA
:10D9000080BD00BF9C3500200074004080B588B009
:10D9100000AF786007F1100300221A605A609A6025
:10D92000DA607B681B68144A934221D1134BDB6990
:10D93000124A43F00053D361104BDB6903F00053EC
:10D94000FB60FB680D4B9B690C4A43F00403936139
:10D950000A4B9B6903F00403BB60BB6830233B6147
:10D9600003237B6107F110031946054804F0B4F95D
:10D9700000BF2037BD4680BD00740040001002404B
:10D98000000801400000000080B584B000AF0346ED
:10D990003960FB713B68FB604FF08B41F868F3F72F
:10D9A00033F903461846F2F747FD19A3D3E90023DC
:10D9B000F2F7C4FE02460B4610461946F2F7C6FFC0
:10D9C0000346FB60FB79012B02D0032B0ED01BE03A
:10D9D000F868F3F7DFFA0346002200210E4804F04E
:10D9E00056F900210C4804F0C2F80DE0F868F3F78E
:10D9F000D1FA034600221021074804F048F910210B
:10DA0000054804F0B4F800BF00BF1037BD4680BD24
:10DA10006666666666660A409C35002080B59CB0E6
:10DA200000AF786007E097F86C2007F10803114613
:10DA3000184603F027F907F1080319460548F5F7DA
:10DA40005DFC0346002BEED100BF00BF7037BD4622
:10DA500080BD00BFC023002080B5B4B018AF78608F
:10DA60000B46FB70FA7807F108037968184606F050
:10DA7000A9FEFB7887F86C30684607F11403592239
:10DA8000194606F09FFE07F108030ECB0348F5F791
:10DA9000EDFB00BF7037BD4680BD00BFC023002036
:10DAA00080B582B000AF0346FB800D4B5B7DDBB2DF
:10DAB000012B02D1FB883233FB80FB881B0A9BB20F
:10DAC000DAB2084B1A72FB88DAB2064B5A720A2194
:10DAD0000448FFF7C1FF00BF0837BD4680BD00BF47
:10DAE00060340020FC02002080B582B000AF034605
:10DAF000FB800D4B5B7DDBB2012B02D1FB88323307
:10DB0000FB80FB881B0A9BB2DAB2084B1A72FB88B7
:10DB1000DAB2064B5A720A21044803F0B3F800BF88
:10DB20000837BD4680BD00BF60340020FC020020E5
:10DB300080B59CB000AF03463960FB8013467B7113
:10DB4000032387F86F3097F86F305A1C87F86F20DF
:10DB500070333B44822203F8682CFB881B0A9AB27C
:10DB600097F86F30591C87F86F10D2B270333B446E
:10DB700003F8682C97F86F305A1C87F86F20FA88E2
:10DB8000D2B270333B4403F8682C002387F86E3020
:10DB900014E097F86F305A1C87F86F2019463B68DD
:10DBA0001A7801F170033B4403F8682C3B68013399
:10DBB0003B6097F86E30013387F86E3097F86E202F
:10DBC0007B799A42E5D35A233B72A5237B7297F85F
:10DBD0006F30033BDBB2BB7297F86F2007F108038D
:10DBE00011461846FFF738FF00BF7037BD4680BDAD
:10DBF00080B58EB000AF03463960FB8013467B7161
:10DC0000032387F8373097F837305A1C87F83720C6
:10DC100038333B44822203F82C2CFB881B0A9AB22F
:10DC200097F83730591C87F83710D2B238333B4455
:10DC300003F82C2C97F837305A1C87F83720FA88CD
:10DC4000D2B238333B4403F82C2C002387F836300B
:10DC500014E097F837305A1C87F8372019463B688C
:10DC60001A7801F138033B4403F82C2C3B6801334C
:10DC70003B6097F83630013387F8363097F8362016
:10DC80007B799A42E5D35A233B73A5237B7397F89C
:10DC90003730033BDBB2BB7397F8372007F10C0337
:10DCA0001146184602F0EEFF00BF3837BD4680BD72
:10DCB00080B582B000AF78600B46FB702E220A4917
:10DCC00047F20850FFF734FFFB781A46796847F2AD
:10DCD0000850FFF72DFF07210448FFF7BDFE00BFE6
:10DCE0000837BD4680BD00BFBC66010808030020A0
:10DCF00080B582B000AF78600B46FB7040220849C7
:10DD00004FF4F040FFF714FFFB781A4679684FF4A0
:10DD1000F040FFF70DFF00BF0837BD4680BD00BFD4
:10DD2000F066010880B582B000AF78600B46FB70EA
:10DD3000402208494FF4F040FFF75AFFFB781A469B
:10DD400079684FF4F040FFF753FF00BF0837BD4636
:10DD500080BD00BFF066010880B598B000AF786064
:10DD6000012387F85F307B6804331B781B021AB2EB
:10DD70007B6805331B781BB213431BB2A7F85C30DA
:10DD80007B6807331B781B021AB27B6808331B7849
:10DD90001BB213431BB2A7F85A30B7F85C30A3F597
:10DDA000A043192B00F2388701A252F823F000BFDC
:10DDB00019DE0008F1E00008A9DF0008F1E0000822
:10DDC00019DE00084BE30008A9DF0008F1E00008B5
:10DDD000B9E400080DE70008A5E700081FEA0008FD
:10DDE000E5E800081FEA0008A5E700081FEA0008A8
:10DDF000E5E800081FEA0008A5E20008CBE30008F8
:10DE0000A5E2000819DE0008CBE30008ADE5000834
:10DE1000CBE30008ADE50008B7F85A3044F62062BD
:10DE200093425ED942F24E03A7F8583007F15801E9
:10DE3000B7F85C3002221846FFF77AFEBA4B5B7DDA
:10DE4000DBB2002B04D11621B848FFF731FF08E000
:10DE5000B54B5B7DDBB2012B03D12821B448FFF722
:10DE600027FF44F62063A7F85A30B7F85C30B3F5C3
:10DE7000A04F0CD1AF4B4E221A70AF4B20221A701C
:10DE8000B7F85A3019461020FAF7E6FD24E0B7F843
:10DE90005C3045F2040293420CD1A64B4E221A711B
:10DEA000A54B20221A71B7F85A3019461820FAF7F4
:10DEB000D3FD11E0B7F85C3045F2150293420BD167
:10DEC0009C4B4E225A759C4B20225A75B7F85A30FB
:10DED00019463A20FAF7C0FD002387F85F3000F0BA
:10DEE0009FBEB7F85A30632B00F29A864FF4C843AE
:10DEF000A7F8543007F15401B7F85C3002221846F5
:10DF0000FFF716FE884B5B7DDBB2002B04D1162198
:10DF10008648FFF7CDFE08E0834B5B7DDBB2012B2B
:10DF200003D128218248FFF7C3FE6423A7F85A30A3
:10DF3000B7F85C30B3F5A04F0CD17E4B00221A70BD
:10DF40007D4B64221A70B7F85A3019461020FAF740
:10DF500083FD24E0B7F85C3045F2040293420CD113
:10DF6000744B00221A71744B64221A71B7F85A303C
:10DF700019461820FAF770FD11E0B7F85C3045F249
:10DF8000150293420BD16B4B00225A756A4B6422E7
:10DF90005A75B7F85A3019463A20FAF75DFD002352
:10DFA00087F85F3000F03CBEB7F85A3043F698224D
:10DFB00093424CD949F63A03A7F8503007F1500183
:10DFC000B7F85C3002221846FFF7B2FD564B5B7D76
:10DFD000DBB2002B04D116215848FFF769FE08E098
:10DFE000514B5B7DDBB2012B03D128215448FFF755
:10DFF0005FFE43F69823A7F85A30B7F85C3045F235
:10E00000020293420CD14B4B3A229A704A4B98220F
:10E010009A70B7F85A3019461420FAF71DFD11E02E
:10E02000B7F85C3045F2060293420BD1414B3A22DD
:10E030009A71414B98229A71B7F85A3019461C20B0
:10E04000FAF70AFD002387F85F3000F0EBBDB7F860
:10E050005A30632B00F2E6854FF4C843A7F84C30E2
:10E0600007F14C01B7F85C3002221846FFF760FD5B
:10E070002D4B5B7DDBB2002B04D116212F48FFF71F
:10E0800017FE08E0284B5B7DDBB2012B03D1282172
:10E090002B48FFF70DFE6423A7F85A30B7F85C3021
:10E0A00045F2020293420CD1224B00229A70224B7D
:10E0B00064229A70B7F85A3019461420FAF7CCFC4B
:10E0C00011E0B7F85C3045F2060293420BD1194BD0
:10E0D00000229A71184B64229A71B7F85A30194687
:10E0E0001C20FAF7B9FC002387F85F3000F09ABDD6
:10E0F000B7F85A3044F6206293426FD942F24E0389
:10E10000A7F8483007F14801B7F85C3002221846FA
:10E11000FFF70EFD044B5B7DDBB2002B14D1172102
:10E120000848FFF7C5FD18E0603400202C6701089F
:10E1300044670108CC330020B03300207067010829
:10E1400088670108B4670108C74B5B7DDBB2012B10
:10E1500003D12921C548FFF7ABFD44F62063A7F89A
:10E160005A30B7F85C3045F2010293420CD1C04BF3
:10E170004E225A70BF4B20225A70B7F85A301946B7
:10E180001220FAF769FC24E0B7F85C3045F203028C
:10E1900093420CD1B64B4E22DA70B64B2022DA7085
:10E1A000B7F85A3019461620FAF756FC11E0B7F8BE
:10E1B0005C3045F2070293420BD1AD4B4E22DA712F
:10E1C000AC4B2022DA71B7F85A3019461E20FAF704
:10E1D00043FC002387F85F3000F026BDB7F85A30C3
:10E1E000132B00F221854FF4A053A7F8443007F118
:10E1F0004401B7F85C3002221846FFF799FC9A4BAD
:10E200005B7DDBB2002B04D117219B48FFF750FD4B
:10E2100008E0954B5B7DDBB2012B03D129219348AC
:10E22000FFF746FD1423A7F85A30B7F85C3045F2E3
:10E23000010293420CD18E4B00225A708D4B142256
:10E240005A70B7F85A3019461220FAF705FC24E044
:10E25000B7F85C3045F2030293420CD1844B0022A4
:10E26000DA70844B1422DA70B7F85A301946162047
:10E27000FAF7F2FB11E0B7F85C3045F2070293427F
:10E280000BD17B4B0022DA717A4B1422DA71B7F88A
:10E290005A3019461E20FAF7DFFB002387F85F305B
:10E2A00000F0C2BCB7F85A304CF25032934240F200
:10E2B000BD8445F2C303A7F8403007F14001B7F829
:10E2C0005C3002221846FFF733FC674B5B7DDBB204
:10E2D000002B04D116216948FFF7EAFC08E0624BE5
:10E2E0005B7DDBB2012B03D128216548FFF7E0FC01
:10E2F0004CF25033A7F85A30B7F85C3045F21202AE
:10E3000093420BD15A4BC3229A745A4B50229A749F
:10E31000B7F85A3019463420FAF79EFBB7F85C304C
:10E3200045F2140293420BD1514BC3229A74514BC4
:10E3300050229A74B7F85A3019463820FAF78CFBF5
:10E34000002387F85F3000F071BCB7F85A304CF208
:10E350005032934240F26C8445F2C303BB8707F10D
:10E360003C01B7F85C3002221846FFF7E1FB3E4B58
:10E370005B7DDBB2002B04D116214248FFF798FCED
:10E3800008E0394B5B7DDBB2012B03D128213E48ED
:10E39000FFF78EFC4CF25033A7F85A30B7F85C30D8
:10E3A00045F2050293420BD1314BC3225A71314BD6
:10E3B00050225A71B7F85A3019461A20FAF74CFB16
:10E3C000002387F85F3000F033BCB7F85A304CF2C6
:10E3D0005032934240F22E8445F2C3033B8707F14B
:10E3E0003801B7F85C3002221846FFF7A1FB1E4B3C
:10E3F0005B7DDBB2002B04D116212248FFF758FCCD
:10E4000008E0194B5B7DDBB2012B03D128211E48AC
:10E41000FFF74EFC4CF25033A7F85A30B7F85C3097
:10E4200045F2130293420CD1114BC322DA74114B03
:10E430005022DA74B7F85A3019463620FAF70CFB36
:10E4400036E0B7F85C3045F2160293421ED1084B15
:10E45000C3229A75074B50229A75B7F85A3019465D
:10E460003C20FAF7F9FA23E060340020CC67010879
:10E47000CC330020B0330020B4670108F8670108EE
:10E48000106801083C68010854680108B7F85C305E
:10E4900045F2180293420BD1BB4BC3221A76BB4BF9
:10E4A00050221A76B7F85A3019464020FAF7D4FAB3
:10E4B000002387F85F30BDE3B7F85A3042F210729C
:10E4C000934237D941F22703BB8607F13401B7F8ED
:10E4D0005C3002221846FFF72BFBAD4B5B7DDBB2B5
:10E4E000002B04D11621AB48FFF7E2FB08E0A84B54
:10E4F0005B7DDBB2012B03D12821A748FFF7D8FBB6
:10E5000042F21073A7F85A30B7F85C3045F20802AF
:10E5100093420BD19C4B27221A729C4B10221A72E9
:10E52000B7F85A3019462020FAF796FA002387F8F0
:10E530005F3081E3B7F85A30632B00F27D834FF4EC
:10E54000C8433B8607F13001B7F85C300222184619
:10E55000FFF7EEFA8E4B5B7DDBB2002B04D1162168
:10E560008C48FFF7A5FB08E0894B5B7DDBB2012BF4
:10E5700003D128218848FFF79BFB6423A7F85A3072
:10E58000B7F85C3045F2080293420BD17E4B002273
:10E590001A727E4B64221A72B7F85A30194620203C
:10E5A000FAF75AFA002387F85F3045E3B7F85A3094
:10E5B00042F21072934249D941F22703BB8507F119
:10E5C0002C01B7F85C3002221846FFF7B1FA704B05
:10E5D0005B7DDBB2002B04D116216E48FFF768FB90
:10E5E00008E06B4B5B7DDBB2012B03D128216A482D
:10E5F000FFF75EFB42F21073A7F85A30B7F85C30B1
:10E6000045F2170293420BD15F4B2722DA755F4B1D
:10E610001022DA75B7F85A3019463E20FAF71CFA7C
:10E62000B7F85C3045F2190293420BD1564B2722C2
:10E630005A76564B10225A76B7F85A30194642206D
:10E64000FAF70AFA002387F85F30F7E2B7F85A3092
:10E65000632B00F2F3824FF4C8433B8507F1280196
:10E66000B7F85C3002221846FFF762FA484B5B7D30
:10E67000DBB2002B04D116214648FFF719FB08E056
:10E68000434B5B7DDBB2012B03D128214248FFF7CE
:10E690000FFB6423A7F85A30B7F85C3045F2080244
:10E6A00093420BD1384B00221A72384B64221A72F3
:10E6B000B7F85A3019462020FAF7CEF9B7F85C308F
:10E6C00045F2170293420BD12F4B0022DA752F4BE4
:10E6D0006422DA75B7F85A3019463E20FAF7BCF9C9
:10E6E000B7F85C3045F2190293420BD1264B002259
:10E6F0005A76264B64225A76B7F85A301946422089
:10E70000FAF7AAF9002387F85F3097E2B7F85A3092
:10E71000B3F57A7F40F294824EF60303BB8407F18F
:10E720002401B7F85C3002221846FFF701FA184BB3
:10E730005B7DDBB2002B04D115211848FFF7B8FA36
:10E7400008E0134B5B7DDBB2012B03D1272114487A
:10E75000FFF7AEFA4FF47A73A7F85A30B7F85C3087
:10E7600045F2080293420BD1074B03225A72074B22
:10E77000E8225A72B7F85A3019462220FAF76CF993
:10E78000002387F85F305BE2CC330020B0330020F9
:10E79000603400208068010898680108C468010896
:10E7A000DC680108B7F85A30B3F57A7F4AD94EF2DF
:10E7B0000373BB8307F11C01B7F85C3002221846D3
:10E7C000FFF7B6F9BC4B5B7DDBB2002B04D1162101
:10E7D000BA48FFF76DFA08E0B74B5B7DDBB2012B5F
:10E7E00003D12821B648FFF763FA40F2E733A7F8D0
:10E7F0005A30B7F85C3045F20A0293420CD1B14B63
:10E8000003229A72B04BE7229A72B7F85A3019462F
:10E810002420FAF721F911E0B7F85C3045F20E0236
:10E8200093420BD1A74B03229A73A74BE7229A730B
:10E83000B7F85A3019462C20FAF70EF9002387F85A
:10E840005F30FFE1B7F85A30002B40F0FB814FF406
:10E8500080733B8307F11801B7F85C300222184639
:10E86000FFF766F9944B5B7DDBB2002B04D11621D8
:10E870009248FFF71DFA08E08F4B5B7DDBB2012B5E
:10E8800003D128218E48FFF713FA4FF47A73A7F8C3
:10E890005A30B7F85C3045F20A0293420CD1894BEA
:10E8A00000229A72884B01229A72B7F85A301946A0
:10E8B0002420FAF7D1F811E0B7F85C3045F20E02E7
:10E8C00093420BD17F4B00229A737F4B01229A73A4
:10E8D000B7F85A3019462C20FAF7BEF8002387F80B
:10E8E0005F30AFE1B7F85A30FA2B49D94FF47A4389
:10E8F000BB8207F11401B7F85C3002221846FFF71B
:10E9000017F96D4B5B7DDBB2002B04D117216F48EB
:10E91000FFF7CEF908E0684B5B7DDBB2012B03D13A
:10E920002A216B48FFF7C4F9FA23A7F85A30B7F841
:10E930005C3045F20C0293420CD1624B00229A7279
:10E94000614BFA229A72B7F85A3019462820FAF722
:10E9500083F811E0B7F85C3045F2100293420BD116
:10E96000584B00221A74584BFA221A74B7F85A30CE
:10E9700019463020FAF770F8002387F85F3063E11A
:10E98000B7F85A30092B00F25F814FF420633B82C5
:10E9900007F11001B7F85C3002221846FFF7C8F8FB
:10E9A000454B5B7DDBB2002B04D117214748FFF7B5
:10E9B0007FF908E0404B5B7DDBB2012B03D12A21BC
:10E9C0004348FFF775F90A23A7F85A30B7F85C30C7
:10E9D00045F20C0293420CD13A4B00229A723A4B08
:10E9E0000A229A72B7F85A3019462820FAF734F8F2
:10E9F00011E0B7F85C3045F2100293420BD1314B75
:10EA000000221A74304BFA221A74B7F85A30194699
:10EA10003020FAF721F8002387F85F3014E1B7F8C7
:10EA20005A30042B40F283804FF48063BB8107F19E
:10EA30000C01B7F85C3002221846FFF779F81E4B3C
:10EA40005B7DDBB2002B04D114212248FFF730F9A3
:10EA500008E0194B5B7DDBB2012B03D126211E4858
:10EA6000FFF726F90423A7F85A30B7F85C3045F2CF
:10EA70000B0293420CD1134B0022DA72124B042288
:10EA8000DA72B7F85A3019462620F9F7E5FF4AE05E
:10EA9000B7F85C3045F20D0293421FD1094B0022BA
:10EAA0005A73094B04225A73B7F85A3019462A2070
:10EAB000F9F7D2FF37E000BF603400200469010895
:10EAC0001C690108CC330020B033002048690108DC
:10EAD0006469010890690108A8690108B7F85C3009
:10EAE00045F20F0293420CD15C4B0022DA735C4B6F
:10EAF0000422DA73B7F85A3019462E20F9F7ACFF22
:10EB000011E0B7F85C3045F2110293420BD1534B40
:10EB100000225A74524B04225A74B7F85A301946DC
:10EB20003220F9F799FF002387F85F308EE0B7F8BD
:10EB30005A30002B40F08A804FF480733B8107F1FC
:10EB40000801B7F85C3002221846FEF7F1FF454B8A
:10EB50005B7DDBB2002B04D114214348FFF7A8F8FA
:10EB600008E0404B5B7DDBB2012B03D126213F48FF
:10EB7000FFF79EF80123A7F85A30B7F85C3045F24A
:10EB80000B0293420CD1354B0022DA72344B012236
:10EB9000DA72B7F85A3019462620F9F75DFF37E0E8
:10EBA000B7F85C3045F20D0293420CD12B4B00229A
:10EBB0005A732B4B01225A73B7F85A3019462A2040
:10EBC000F9F74AFF24E0B7F85C3045F20F029342B0
:10EBD0000CD1224B0022DA73214B0122DA73B7F8F1
:10EBE0005A3019462E20F9F737FF11E0B7F85C309C
:10EBF00045F2110293420BD1184B00225A74184B64
:10EC000001225A74B7F85A3019463220F9F724FF16
:10EC1000002387F85F3019E0012387F85F3016E0A2
:10EC200000BF14E000BF12E000BF10E000BF0EE024
:10EC300000BF0CE000BF0AE000BF08E000BF06E034
:10EC400000BF04E000BF02E000BF00E000BF97F893
:10EC50005F3018466037BD4680BD00BFCC33002012
:10EC6000B03300206034002090690108A8690108D1
:10EC700080B582B000AF0023FB7110E0FB799BB23E
:10EC800003F5A04398B2FB79BB4AD15CFB79BB4A40
:10EC9000D35C1A4600F0A6FEFB790133FB71FB79C9
:10ECA0001B2BEBD9B64B1B78DBB20B2B06D1082202
:10ECB000B44947F21060FEF73BFF32E0B04B1B78DF
:10ECC000DBB20C2B06D10822AF4947F21060FEF7E9
:10ECD0002FFF26E0AA4B1B78DBB2162B06D10822A9
:10ECE000AA4947F21060FEF723FF1AE0A44B1B78F5
:10ECF000DBB20A2B15D8A24B5B7DDBB2002B05D112
:10ED00000A22A34947F21060FEF772FF9C4B5B7D1D
:10ED1000DBB2012B05D10A229E4947F21060FEF7B3
:10ED200067FF974B5B7DDBB2002B40F0F0810E223A
:10ED3000994947F21560FEF75BFF0E22974947F2AB
:10ED40001D60FEF755FF8E4B93F82D30DBB2002B84
:10ED500006D00F22924947F22560FEF749FF05E0F1
:10ED60000522904947F22560FEF742FF05228D49B2
:10ED700047F22D60FEF73CFF05228A4947F23560D5
:10ED8000FEF736FF0522874947F23D60FEF730FF68
:10ED90000522844947F24560FEF72AFF0522814992
:10EDA00047F24D60FEF724FF0E227F4947F26E6066
:10EDB000FEF71EFF0E227D4947F27660FEF718FF30
:10EDC0000E227B4947F27E60FEF712FF0E22794940
:10EDD00047F28660FEF70CFF0522724947F6B00045
:10EDE000FEF706FF05226F4947F6B800FEF700FF61
:10EDF00005226C4947F6C000FEF7FAFE0522694974
:10EE000047F6C800FEF7F4FE0B226B4947F63000C8
:10EE1000FEF7EEFE1022694947F64000FEF7E8FED5
:10EE20001522674947F65000FEF7E2FE0C226549BD
:10EE300047F66000FEF7DCFE05225A4947F67000EF
:10EE4000FEF7D6FE052257494FF4F140FEF7D0FEFB
:10EE50000522544947F69000FEF7CAFE05225149A3
:10EE600047F6A000FEF7C4FE172257494FF4EE40C4
:10EE7000FEF7BEFE1222554947F21070FEF7B8FEAB
:10EE80001222534947F22070FEF7B2FE0F22514979
:10EE900047F23070FEF7ACFE14224F4947F2407043
:10EEA000FEF7A6FE364B93F83530DBB2002B0CD0C4
:10EEB00015224A4947F25070FEF79AFE152248493A
:10EEC00047F26070FEF794FE1EE02D4B93F8393048
:10EED000DBB2002B0CD01522424947F25070FEF7EE
:10EEE00087FE15223D4947F26070FEF781FE0BE078
:10EEF00015223D4947F25070FEF77AFE15223B4934
:10EF000047F26070FEF774FE1B22394947F27070B9
:10EF1000FEF76EFE1A4B93F82E30DBB2012B12D1A6
:10EF2000174B93F82A30DBB2002B0CD01722314953
:10EF30004FF4EF40FEF75CFE16222F4947F2907027
:10EF4000FEF756FE66E00E4B93F82E30DBB2022B36
:10EF500054D10B4B93F82A30DBB2002B4ED0172242
:10EF600010494FF4EF40FEF743FE1622224947F2C4
:10EF70009070FEF73DFE4DE0CC330020B033002012
:10EF800060340020D8690108E4690108F0690108CB
:10EF9000FC690108086A0108146A0108206A01086E
:10EFA0002C6A0108386A0108406A0108506A0108A1
:10EFB000606A0108706A0108806A01088C6A0108A9
:10EFC000986A0108A46A0108B06A0108C06A0108C9
:10EFD000D46A0108E86A0108F86A0108086B0108A8
:10EFE000186B0108286B0108386B0108486B010891
:10EFF000586B01086C6B01087C6B01081722B7493C
:10F000004FF4EF40FEF7F4FD1622B44947F290703A
:10F01000FEF7EEFDB24B93F82F30DBB2012B12D18D
:10F02000AF4B93F82B30DBB2002B0CD01722AD493D
:10F0300047F2A070FEF7DCFD1622AB4947F2B07034
:10F04000FEF7D6FD24E0A64B93F82F30DBB2022B5F
:10F0500012D1A34B93F82B30DBB2002B0CD017222C
:10F060009E4947F2A070FEF7C3FD16229E4947F263
:10F07000B070FEF7BDFD0BE01722984947F2A07073
:10F08000FEF7B6FD1622954947F2B070FEF7B0FDC7
:10F09000934B93F82D30DBB2002B0CD01622934902
:10F0A00047F2C070FEF7A4FD1622914947F2D070D6
:10F0B000FEF79EFD0BE01622884947F2C070FEF76E
:10F0C00097FD1622854947F2D070FEF791FD1B226D
:10F0D000884947F2E070FEF78BFD814B93F837309B
:10F0E000DBB2002B06D01622834947F2F070FEF700
:10F0F0007FFD05E01622794947F2F070FEF778FDB2
:10F1000008227E494FF4E440FEF772FDECE1744BB7
:10F110005B7DDBB2012B40F0E7810E22784947F29C
:10F120001560FEF765FD0E22764947F21D60FEF779
:10F130005FFD6B4B93F82D30DBB2002B06D00F2216
:10F14000714947F22560FEF753FD05E005226F493E
:10F1500047F22560FEF74CFD05226C4947F22D6011
:10F16000FEF746FD0522694947F23560FEF740FD8E
:10F170000522664947F23D60FEF73AFD05226349E4
:10F1800047F24560FEF734FD0522604947F24D60C5
:10F19000FEF72EFD0E225E4947F26E60FEF728FD57
:10F1A0000E225C4947F27660FEF722FD0E225A4994
:10F1B00047F27E60FEF71CFD0E22584947F286603A
:10F1C000FEF716FD0522514947F6B000FEF710FD87
:10F1D00005224E4947F6B800FEF70AFD05224B49C5
:10F1E00047F6C000FEF704FD0522484947F6C8006F
:10F1F000FEF7FEFC0B224A4947F63000FEF7F8FC0A
:10F200001022484947F64000FEF7F2FC1522464915
:10F2100047F65000FEF7ECFC0B22444947F660002D
:10F22000FEF7E6FC0522394947F67000FEF7E0FCE0
:10F23000052236494FF4F140FEF7DAFC0522334946
:10F2400047F69000FEF7D4FC0522304947F6A000AF
:10F25000FEF7CEFC172236494FF4EE40FEF7C8FC0D
:10F260001222344947F21070FEF7C2FC12223249D2
:10F2700047F22070FEF7BCFC0F22304947F2307095
:10F28000FEF7B6FC14222E4947F24070FEF7B0FCA0
:10F29000134B93F83530DBB2002B0CD015222949E3
:10F2A00047F25070FEF7A4FC1522274947F2607020
:10F2B000FEF79EFC58E00A4B93F83930DBB2002B86
:10F2C00046D01522214947F25070FEF791FC1522D5
:10F2D0001C4947F26070FEF78BFC45E0386A010874
:10F2E000603400208C6B01089C6B0108AC6B01083A
:10F2F000C06B0108D46B0108E86B0108F86B0108CA
:10F30000006C0108106C0108206C0108306C0108C9
:10F31000386C0108486C0108586C0108686C0108D9
:10F32000786C0108846C0108986C0108B06C0108C5
:10F33000BC6C0108C06A0108D46A0108E86A0108C7
:10F34000D46C0108EC6C0108046D01081C6D010807
:10F350001522CA4947F25070FEF74AFC1522C849E7
:10F3600047F26070FEF744FC1B22C64947F27070FA
:10F37000FEF73EFCC44B93F82E30DBB2012B12D1CA
:10F38000C14B93F82A30DBB2002B0CD01722BF49B7
:10F390004FF4EF40FEF72CFC1622BD4947F2907067
:10F3A000FEF726FC24E0B84B93F82E30DBB2022B9C
:10F3B00012D1B54B93F82A30DBB2002B0CD01722B8
:10F3C000B4494FF4EF40FEF713FC1622B04947F260
:10F3D0009070FEF70DFC0BE01722AE494FF4EF40A2
:10F3E000FEF706FC1622AB4947F29070FEF700FCD0
:10F3F000A54B93F82F30DBB2012B12D1A24B93F81F
:10F400002B30DBB2002B0CD01722A34947F2A0709F
:10F41000FEF7EEFB1622A14947F2B070FEF7E8FBBB
:10F4200024E0994B93F82F30DBB2022B12D1964B8C
:10F4300093F82B30DBB2002B0CD01722954947F202
:10F44000A070FEF7D5FB1622944947F2B070FEF784
:10F45000CFFB0BE017228F4947F2A070FEF7C8FBE5
:10F4600016228C4947F2B070FEF7C2FB864B93F828
:10F470002D30DBB2002B0CD01622894947F2C07028
:10F48000FEF7B6FB1622874947F2D070FEF7B0FBB5
:10F490000BE016227F4947F2C070FEF7A9FB162247
:10F4A0007C4947F2D070FEF7A3FB1B227E4947F24E
:10F4B000E070FEF79DFB744B93F83730DBB2002B06
:10F4C00006D01622794947F2F070FEF791FB05E06D
:10F4D0001622704947F2F070FEF78AFB0822744941
:10F4E0004FF4E440FEF784FB402272494FF4F040B1
:10F4F000FEF77EFB01220021002000F073FA624B30
:10F500009B7DDBB2002B0CD10122002147F29860D9
:10F5100000F068FA0022002147F2976000F062FADA
:10F520000BE00022002147F2986000F05BFA012214
:10F53000002147F2976000F055FA534B93F82F30B3
:10F54000DBB2012B12D10122002147F6501000F04E
:10F55000FFF90022002147F6511000F0F9F90022CE
:10F56000002147F6521000F0F3F92AE0464B93F8D9
:10F570002F30DBB2022B12D10022002147F65010AF
:10F5800000F0E6F90122002147F6511000F0E0F901
:10F590000022002147F6521000F0DAF911E00022B3
:10F5A000002147F6501000F0D3F90022002147F661
:10F5B000511000F0CDF90122002147F6521000F061
:10F5C000C7F9314B93F82E30DBB2012B12D1012257
:10F5D000002147F6581000F0BBF90022002147F641
:10F5E000591000F0B5F90022002147F65A1000F03A
:10F5F000AFF92AE0244B93F82E30DBB2022B12D164
:10F600000022002147F6581000F0A2F90122002143
:10F6100047F6591000F09CF90022002147F65A10D5
:10F6200000F096F911E00022002147F6581000F092
:10F630008FF90022002147F6591000F089F90122C4
:10F64000002147F65A1000F083F90F4B5B7EDBB2C6
:10F65000012B31D10122002147F2996000F0C2F95B
:10F660000022002147F29A6000F0BCF9002200213C
:10F6700047F29D6000F0B6F94DE000BF346D01081F
:10F680004C6D0108646D010860340020806D010834
:10F69000986D0108306C0108B06D0108C86D010853
:10F6A000E06D0108F86D0108106E01082C6E01086C
:10F6B000446E0108F0660108A44B5B7EDBB2022BAE
:10F6C00012D10022002147F2996000F08BF901224B
:10F6D000002147F29A6000F085F90022002147F2EC
:10F6E0009D6000F07FF916E0984B5B7EDBB2032B48
:10F6F00011D10022002147F2996000F073F9002235
:10F70000002147F29A6000F06DF90122002147F2D2
:10F710009D6000F067F98D4B9B7EDBB2012B0CD115
:10F720000122002147F29B6000F05CF900220021D9
:10F7300047F29C6000F056F90BE00022002147F2EE
:10F740009B6000F04FF90122002147F29C6000F01D
:10F7500049F97E4B1B7DDBB2032B2CD0032B3DDC08
:10F76000012B02D0022B13D038E00122002147F2F6
:10F77000946000F037F90022002147F2956000F014
:10F7800031F90022002147F2966000F02BF925E0C4
:10F790000022002147F2946000F024F901220021A8
:10F7A00047F2956000F01EF90022002147F29660B2
:10F7B00000F018F912E00022002147F2946000F0F6
:10F7C00011F90022002147F2956000F00BF90122A7
:10F7D000002147F2966000F005F900BF5B4B93F8FB
:10F7E0002930DBB21A46002147F6201000F0FAF863
:10F7F000564B93F82A30DBB21A46002147F6211007
:10F8000000F0F0F8514B93F82B30DBB21A46002190
:10F8100047F6221000F0E6F84C4B93F82C30DBB2A0
:10F820001A46002147F6231000F0DCF8474B93F806
:10F830002D30DBB21A46002147F6241000F0D2F832
:10F84000424B93F83130DBB21A46002147F62610BE
:10F8500000F0C8F83D4B93F83230DBB21A46002175
:10F8600047F6271000F0BEF8384B93F83330DBB280
:10F870001A46002147F6281000F0B4F8334B93F8ED
:10F880003430DBB21A46002147F6291000F0AAF8FE
:10F890002E4B93F83530DBB21A46002147F62A107A
:10F8A00000F0A0F8294B93F83630DBB21A4600215D
:10F8B00047F62B1000F096F8244B93F83730DBB264
:10F8C0001A46002147F62C1000F08CF81F4B93F8D5
:10F8D0003930DBB21A46002147F62D1000F082F8CD
:10F8E0001A4B93F83830DBB21A46002147F62E1037
:10F8F00000F078F8154B93F83B30DBB21A46002144
:10F9000047F6401000F06EF8104B93F83C30DBB235
:10F910001A46002147F6411000F064F80B4B93F8AB
:10F920003D30DBB21A46002147F6421000F05AF88B
:10F93000064B93F83E30DBB21A46002147F64310DF
:10F9400000F050F800BF0837BD4680BD603400208D
:10F9500080B586B000AF0346FB800B467B71134633
:10F960003B710323FB75FB7D5A1CFA7518333B442E
:10F97000822203F80C2CFB881B0A9AB2FB7D591CCF
:10F98000F975D2B218333B4403F80C2CFB7D5A1C9A
:10F99000FA75FA88D2B218333B4403F80C2CFB7D7D
:10F9A0005A1CFA7518333B447A7903F80C2CFB7D0A
:10F9B0005A1CFA7518333B443A7903F80C2C5A2335
:10F9C0003B73A5237B73FB7D033BDBB2BB73FA7DEB
:10F9D00007F10C0311461846FEF73EF800BF183732
:10F9E000BD4680BD80B586B000AF0346FB800B46A8
:10F9F0007B7113463B710323FB75FB7D5A1CFA7523
:10FA000018333B44822203F80C2CFB881B0A9AB261
:10FA1000FB7D591CF975D2B218333B4403F80C2C0A
:10FA2000FB7D5A1CFA75FA88D2B218333B4403F8AE
:10FA30000C2CFB7D5A1CFA7518333B447A7903F879
:10FA40000C2CFB7D5A1CFA7518333B443A7903F8A9
:10FA50000C2C5A233B73A5237B73FB7D033BDBB24A
:10FA6000BB73FA7D07F10C031146184601F00AF941
:10FA700000BF1837BD4680BD80B582B000AF0346D9
:10FA8000FB71FB79032B2CD0032B3DDC012B02D027
:10FA9000022B13D038E00122002147F29460FFF7D7
:10FAA00057FF0022002147F29560FFF751FF002227
:10FAB000002147F29660FFF74BFF25E0002200216E
:10FAC00047F29460FFF744FF0122002147F295605E
:10FAD000FFF73EFF0022002147F29660FFF738FF54
:10FAE00012E00022002147F29460FFF731FF00226C
:10FAF000002147F29560FFF72BFF0122002147F21A
:10FB00009660FFF725FF00BF00BF0837BD4680BDE8
:10FB100080B582B000AF0346FB71FB79022B23D086
:10FB2000022B2EDC002B02D0012B10D029E0012269
:10FB3000002147F29860FFF70BFF0022002147F2F7
:10FB40009760FFF705FF114B00229A7519E000221C
:10FB5000002147F29860FFF7FBFE0122002147F2E7
:10FB60009760FFF7F5FE0CE00022002147F2986055
:10FB7000FFF7EEFE0022002147F29760FFF7E8FE54
:10FB800000BF00BF0837BD4680BD00BF6034002005
:10FB900080B584B000AF03460A46FB711346BB71C3
:10FBA000FB790B2B0ED847F26063FB81FB799AB28D
:10FBB000FB891344FB81BA79FB8900211846FFF7C2
:10FBC000C7FE0FE047F6D003FB81FB799AB2FB89B1
:10FBD00013449BB20C3BFB81BA79FB890021184688
:10FBE000FFF7B6FE00BF1037BD4680BD80B59CB0A4
:10FBF00000AFF1E1FB79832B40F0EE813B7A1B02F1
:10FC00001AB27B7A1BB213431BB2A7F86C303B1DB0
:10FC10001846FEF7A1F80346002B00D1DCE10023D3
:10FC200087F86F3027E097F86F305B000733703349
:10FC30003B4413F86C3C1B021AB297F86F305B0020
:10FC4000083370333B4413F86C3C1BB213431BB2B4
:10FC50009BB27B8097F86F309AB2B7F86C30134440
:10FC60009BB27A8811461846F8F744F997F86F3036
:10FC7000013387F86F30BB7A97F86F209A42D2D35E
:10FC8000B7F86C3045F6FF7293428CBF0123002316
:10FC9000DAB2B7F86C3046F6FF718B4294BF01239D
:10FCA0000023DBB21340DBB2002B09D0B7F86C3075
:10FCB000A3F5C043BC4A52F82330BA1C10469847FB
:10FCC000BA4B00221A60B7F86C30B3F5A04F1FD3BF
:10FCD000B7F86C3045F69912934219D8B7F86C30E2
:10FCE000DBB25B00DBB21033DBB27A881146184618
:10FCF000F8F7B2FEB7F86C3045F20E02934207D126
:10FD000045F20E00F8F79AF803461846F8F746FF52
:10FD1000B7F86C3047F61712934200F35C81B3F5E5
:10FD2000F24F22DA47F29262934200F3548147F293
:10FD30008E62934252DA47F20402934200F09D80B1
:10FD400047F20402934200F3468147F202029342D3
:10FD500000F0898047F20202934200F33C81142BA9
:10FD600050D0B3F5E04F74D035E1A3F5F243172B33
:10FD700000F2318101A252F823F000BFFFFE00081B
:10FD8000D7FF0008D7FF0008D7FF0008D7FF0008FB
:10FD9000D7FF0008D7FF0008D7FF0008D7FF0008EB
:10FDA000D7FF0008D7FF0008D7FF0008D7FF0008DB
:10FDB000D7FF0008D7FF0008D7FF00080FFF000893
:10FDC00017FF000849FF0008D7FF0008D7FF000809
:10FDD00051FF000859FF00089FFF0008A3F5ED43FD
:10FDE0000E3B042B00F2F78001A252F823F000BF73
:10FDF0008FFE0008A1FE0008D7FF0008E7FE0008FC
:10FE0000F7FE0008FB7A1B021AB23B7B1BB21343BE
:10FE10001BB29AB2664B1A80654B1B880C2B03D021
:10FE2000634B1B883E2B10D1624B1B78DBB2092B36
:10FE300004D9604B1B7DDBB2012B03D15C4B20222C
:10FE40001A8002E05A4B00221A800C20FDF728FE8F
:10FE5000C1E00622584947F20550FDF769FE554BAF
:10FE600001225A70B7E00622534947F22050FDF7AD
:10FE70005FFE504B02225A70ADE006224E4947F217
:10FE80002350FDF755FE4B4B03225A70A3E0FDF7BC
:10FE900087FC0346012B00F0A980F1F709FF9AE0E7
:10FEA0000020F1F70FFB0020F1F7A6FA03461A46EF
:10FEB000424B1B8813449AB2404B1A803F4B1B881D
:10FEC000194645F21200F8F715F83C4B1B881B0A3F
:10FED0009BB2DBB2394A1288D2B2194645F21200FF
:10FEE000FFF736FD77E0FDF75BFC0346012B7FD083
:10FEF000F1F7DEFE6FE00020F1F7E4FA6BE0FDF7CA
:10FF00004FFC0346012B75D0FCF756F863E02C4BF1
:10FF100001221A705FE02A4B01221A70294BD3E9A3
:10FF20000023B2F5FA6F73F1000351D325494FF066
:10FF300000024FF00003C1E90023214B00221A7098
:10FF40000D20FDF7ADFD43E01D4B00221A7042E08D
:10FF50001D4B01221A703EE01B4B01221A701B4BF5
:10FF6000D3E9002340F6B8318A4273F1000331D35C
:10FF700016494FF000024FF00003C1E90023124B75
:10FF800000221A700B4B1B78DBB20A2B03D900201E
:10FF9000FDF786FD1EE02020FDF782FD1AE00A4BEA
:10FFA00000221A7017E000BF70010020B435002055
:10FFB000B035002060340020D0690108B23500203F
:10FFC000B8350020C0350020C8350020D0350020CD
:10FFD00000BF00E000BF00BF3B1D19460748F3F714
:10FFE0008DF90346002B7FF405AE04E000BF02E06C
:10FFF00000BF00E000BF7037BD4680BDA82B0020C9
:020000040801F1
:1000000080B584B000AF01237B600323FB604FF415
:1000100080533B603B461946034801F05DFE00BF3C
:100020001037BD4680BD00BF0008014080B584B0D8
:1000300000AF00237B600123BB604FF480533B6023
:100040003B461946034801F047FE00BF1037BD4646
:1000500080BD00BF0008014080B586B000AF194BDD
:100060009B69184A43F004039361164B9B6903F0A4
:1000700004037B607B680123FB6003237B614FF4F7
:100080008053BB6007F1080319460F4801F024FEB6
:100090004FF40063BB6007F1080319460A4801F0FA
:1000A0001BFE01224FF48051074801F0C4FF0122DA
:1000B0004FF40061044801F0BEFF00BF1837BD4691
:1000C00080BD00BF001002400008014080B500AFB5
:1000D000FFF796FF01224FF480510E4801F0ABFF6D
:1000E00001224FF400610B4801F0A5FF042000F04D
:1000F000FBFD00224FF48051064801F09CFF0420D4
:1001000000F0F2FD00224FF40061024801F093FF7D
:1001100000BF80BD0008014080B500AFFFF770FF51
:1001200000224FF400610E4801F085FF00224FF4D9
:1001300080510B4801F07FFF042000F0D5FD012223
:100140004FF40061064801F076FF01224FF4805120
:10015000034801F070FF042000F0C6FD00BF80BD21
:100160000008014080B582B000AF0023FB71FFF7AB
:100170005DFF01224FF48051164801F05CFF012021
:1001800000F0B2FD01224FF40061124801F053FF6C
:10019000012000F0A9FD09E0FB790133FB71FB7937
:1001A000FA2B03D9FFF7B8FF01230EE04FF480517B
:1001B000084801F029FF0346002BEDD100224FF43F
:1001C0000061044801F037FF002318460837BD4698
:1001D00080BD00BF0008014080B500AF00224FF491
:1001E00000610F4801F027FFFFF70AFF00224FF4DC
:1001F00080510B4801F01FFF022000F075FD012225
:100200004FF40061064801F016FF022000F06CFD7B
:1002100000224FF40061024801F00DFF00BF80BDD5
:100220000008014080B500AF00224FF400610F4884
:1002300001F001FFFFF7E4FE01224FF480510B486B
:1002400001F0F9FE022000F04FFD01224FF40061A1
:10025000064801F0F0FE022000F046FD00224FF4B7
:100260000061024801F0E7FE00BF80BD00080140C8
:1002700080B584B000AF0346FB71FFF7C1FE0022DA
:100280004FF400611C4801F0D6FE0023FB732BE005
:1002900097F90730002B06DA01224FF480511648F7
:1002A00001F0C9FE05E000224FF48051124801F030
:1002B000C2FEFB795B00FB71022000F015FD0122FC
:1002C0004FF400610C4801F0B6FE022000F00CFD76
:1002D00000224FF40061084801F0ADFE022000F05A
:1002E00003FDFB7B0133FB73FB7B072BD0D900BFE6
:1002F00000BF1037BD4680BD0008014080B584B006
:1003000000AF0346FB710023BB73FFF78FFE002392
:10031000FB7322E000224FF40061184801F08BFECD
:10032000022000F0E1FC01224FF40061134801F0CB
:1003300082FEBB7B5B00BB734FF480510F4801F022
:1003400063FE0346002B02D0BB7B0133BB7301204D
:1003500000F0CAFCFB7B0133FB73FB7B072BD9D975
:10036000FB79002B02D1FFF75DFF01E0FFF734FFBF
:10037000BB7B18461037BD4680BD00BF000801405A
:1003800080B586B000AF124B9B69114A43F0100351
:1003900093610F4B9B6903F010037B607B68012323
:1003A000FB604FF48043BB6000233B6103237B6110
:1003B00007F108031946074801F08EFC054BDB687E
:1003C000044A23F48043D36000BF1837BD4680BD84
:1003D000001002400010014080B582B000AF78608C
:1003E0000D4B1B78002B09D00B4B00221A700022FA
:1003F0004FF48041094801F01EFE08E0064B01223F
:100400001A7001224FF48041044801F014FE00BF2D
:100410000837BD4680BD00BFD83500200010014020
:1004200080B586B000AF454B9B69444A43F4FE73E8
:1004300093610123BB600023FB6003233B61002326
:10044000FB7522E0FB7D3E4A5B01134404331B88AD
:100450007B60FB7D3A4A5B0113441B683A1D1146E1
:10046000184601F039FCFB7D354A5B0113441868DE
:10047000FB7D334A5B01134404331B880022194679
:1004800001F0D9FDFB7D0133FB75FB7D032BD9D931
:100490000023FB7514E0FB7D294A5B0113440C33F8
:1004A0001B887B60FB7D264A5B01134408331B6875
:1004B0003A1D1146184601F00FFCFB7D0133FB7518
:1004C000FB7D032BE7D90023FB7514E0FB7D1C4A61
:1004D0005B01134414331B887B60FB7D184A5B016E
:1004E000134410331B683A1D1146184601F0F4FB03
:1004F000FB7D0133FB75FB7D032BE7D90023FB75E7
:1005000014E0FB7D0E4A5B0113441C331B887B60A7
:10051000FB7D0B4A5B01134418331B683A1D1146DF
:10052000184601F0D9FBFB7D0133FB75FB7D032BE6
:10053000E7D900BF00BF1837BD4680BD001002409C
:100540008080010880B582B000AF03460A46FB7187
:100550001346BB71BB79002B0FD0FB79104A5B01AE
:1005600013441868FB790E4A5B01134404331B885B
:100570000122194601F05FFD0EE0FB79084A5B019C
:1005800013441868FB79064A5B01134404331B8843
:100590000022194601F04FFD00BF0837BD4680BD5F
:1005A0008080010880B582B000AF03460A46FB7127
:1005B0001346BB71BB79013BBB71BB79032B00F2C6
:1005C0008F8001A252F823F0D90501081B0601080B
:1005D0005D0601089F060108FB79544A5B0113443C
:1005E00010331868FB79514A5B01134414331B889C
:1005F0000022194601F01FFDFB794C4A5B011344B0
:1006000018331868FB79494A5B0113441C331B8873
:100610000022194601F00FFD83E0FB79434A5B019C
:10062000134410331868FB79404A5B0113441433B8
:100630001B880122194601F0FEFCFB793B4A5B0155
:10064000134418331868FB79384A5B0113441C3390
:100650001B880022194601F0EEFC62E0FB79334A68
:100660005B01134410331868FB79304A5B01134473
:1006700014331B880022194601F0DDFCFB792B4A5C
:100680005B01134418331868FB79284A5B01134453
:100690001C331B880122194601F0CDFC41E0FB7997
:1006A000224A5B01134410331868FB791F4A5B012F
:1006B000134414331B880122194601F0BCFCFB795A
:1006C0001A4A5B01134418331868FB79174A5B0117
:1006D00013441C331B880122194601F0ACFC20E0B6
:1006E000FB79124A5B01134410331868FB790F4AF7
:1006F0005B01134414331B880122194601F09BFC53
:10070000FB790A4A5B01134418331868FB79074ADE
:100710005B0113441C331B880122194601F08BFC3A
:1007200000BF00BF0837BD4680BD00BF8080010804
:1007300080B582B000AF03460A46FB711346BB7119
:10074000FB79094A5B01134408331868FB79064AB0
:100750005B0113440C331B88BA79194601F06BFC1A
:1007600000BF0837BD4680BD8080010880B586B0D7
:1007700000AF164B9B69154A43F008039361134B76
:100780009B6903F008033B603B680023BB600123C7
:10079000FB600023FB7511E0FB7D0D4ADB00134479
:1007A0009B887B60FB7D0A4A52F833303A1D114624
:1007B000184601F091FAFB7D0133FB75FB7D012B9F
:1007C000EAD900BF00BF1837BD4680BD0010024007
:1007D0000081010880B584B000AF03460A46FB7172
:1007E0001346BB710123FB73FB79164A52F8332081
:1007F000FB791449DB000B449B881946104601F035
:1008000003FC0346002B17D1BB79002B02D002203A
:1008100000F085FAFB790B4A52F83320FB7909493D
:10082000DB000B449B881946104601F0EDFB0346A4
:10083000002B01D10023FB73FB7B18461037BD460C
:1008400080BD00BF0081010880B594B000AF07F102
:10085000400300221A605A609A60DA6007F1380398
:1008600000221A605A6007F11C0300221A605A60C5
:100870009A60DA601A615A619A613B4600221A60F6
:100880005A609A60DA601A615A619A612E4B2F4A57
:100890001A602D4B23225A602B4B00229A602A4B60
:1008A00042F20F72DA60284B00221A61264B0022B6
:1008B0005A61254B80229A61234801F0F5FF4FF4DD
:1008C00080533B6407F1400319461F4802F0A6F924
:1008D0001D4802F01DF80023BB630023FB6307F1F2
:1008E00038031946184802F0E6FD6023FB6141F227
:1008F00087333B6202237B620023BB620023FB62DF
:1009000000233B6300237B6307F11C03002219468D
:100910000D4802F0BDF800233B6000237B600023FC
:10092000BB600023FB6000233B614FF400537B61FD
:100930000023BB613B461946034802F064FD00BF3B
:100940005037BD4680BD00BFDC350020002C014083
:1009500080B586B000AF07F1080300221A605A6024
:100960009A60DA601F4B9B691E4A43F0040393614F
:100970001C4B9B6903F004037B607B68194B9B69EC
:10098000184A43F400639361164B9B6903F40063B8
:100990003B603B68FFF758FF134B1B69124A23F07B
:1009A00002031361104BDB680F4A43F00203D3606C
:1009B000002202211B2001F074F81B2001F08DF8A9
:1009C0004FF48073BB600223FB6002237B6107F15D
:1009D00008031946054801F07FF900BF1837BD46E6
:1009E00080BD00BF00100240002C01400008014003
:1009F00080B500AF044B00221A600021034801F0CB
:100A0000BBFF00BF80BD00BF1C360020DC350020CE
:100A100080B500AF0021024801F0E2FF00BF80BDB9
:100A2000DC35002080B596B000AF304B9B692F4A73
:100A300043F4804393612D4B9B6903F480437B60B7
:100A40007B682A4B9B69294A43F004039361274B37
:100A50009B6903F004033B603B680223FB604FF497
:100A60000073BB6001233B6103237B6107F1080333
:100A700019461F4801F030F90023FB604FF48063F2
:100A8000BB6007F108031946194801F025F9194B15
:100A9000BB614FF4E133FB6100233B6200237B62C7
:100AA0000023BB620C23FB6200233B6300237B63B8
:100AB000104B1B680F4A23F020031360BB69DA68F0
:100AC000BB6942F02002DA60252001F006F803221B
:100AD0000121252000F0E5FF07F11803184602F078
:100AE0002EFD00BF5837BD4680BD00BF001002403C
:100AF000000801400038014080B483B000AF786046
:100B00000B46FB7010E07B681A780C4B5A607B68D0
:100B100001337B6000BF094B1B6803F08003802B0F
:100B2000F9D1FB78013BFB70FB78002BEBD100BFC8
:100B300000BF0C37BD4680BC704700BF0038014085
:100B400080B582B000AF154B5B69144A43F00103D6
:100B50005361124B5B6903F001037B607B680022E9
:100B60000121112000F09DFF112000F0B6FF0C4B79
:100B70005B690B4A43F0800353610A4B0A4A9A604F
:100B8000084B0A4ADA60074B1B68064A43F0900399
:100B9000136000BF0837BD4680BD00BF0010024093
:100BA0000044004080000240044400402036002001
:100BB00080B596B000AF304BDB692F4A43F4003369
:100BC000D3612D4BDB6903F400337B607B682A4BD8
:100BD0009B69294A43F004039361274B9B6903F007
:100BE00004033B603B680223FB600423BB600123DA
:100BF0003B6103237B6107F1080319461F4801F09D
:100C00006BF80023FB600823BB6007F1080319465B
:100C10001A4801F061F81A4BBB614FF4E133FB61F4
:100C200000233B6200237B620023BB620C23FB6238
:100C300000233B6300237B63114B1B68104A23F0A6
:100C400020031360BB69DA68BB6942F02002DA60F6
:100C5000262000F042FF03220121262000F021FF80
:100C600007F11803184602F06AFCFFF769FF00BF9E
:100C70005837BD4680BD00BF00100240000801404B
:100C80000044004080B483B000AF78600B46FB7036
:100C900010E07B681A780C4B5A607B6801337B60EC
:100CA00000BF094B1B6803F08003802BF9D1FB7850
:100CB000013BFB70FB78002BEBD100BF00BF0C3772
:100CC000BD4680BC704700BF0044004080B400AF08
:100CD000044B5B68034A43F08073536000BFBD461A
:100CE00080BC70470000024080B485B000AF03466E
:100CF000FB800BE03223FB7302E0FB7B013BFB73C9
:100D0000FB7B002BF9D1FB88013BFB80FB88002B90
:100D1000F0D100BF00BF1437BD4680BC704780B51E
:100D200082B000AF0346FB8005E06420FFF7DCFFE4
:100D3000FB88013BFB80FB88002BF6D100BF00BF86
:100D40000837BD4680BD000080B58CB000AF5A4B5F
:100D50009B69594A43F004039361574B9B6903F025
:100D60000403BB61BB69544B9B69534A43F00803BE
:100D70009361514B9B6903F008037B617B694E4B88
:100D80009B694D4A43F0100393614B4B9B6903F001
:100D900010033B613B69484B9B69474A43F0200382
:100DA0009361454B9B6903F02003FB60FB68424B5A
:100DB0009B69414A43F0400393613F4B9B6903F0B9
:100DC0004003BB60BB683C4B9B693B4A43F001035B
:100DD0009361394B9B6903F001037B607B68374B60
:100DE0005B68364A43F000735360082387F82F305E
:100DF00013E097F82F30324A52F8330097F82F302B
:100E00002F4ADB0013449B880122194601F013F995
:100E100097F82F30013387F82F3097F82F300F2BAA
:100E2000E7D901233B620323BB62082387F82F30F5
:100E300016E097F82F30224ADB0013449B88FB61B1
:100E400097F82F301E4A52F8333007F11C02114632
:100E5000184600F041FF97F82F30013387F82F3004
:100E600097F82F300F2BE4D900233B6201237B62DC
:100E7000002387F82F3016E097F82F30104ADB0058
:100E800013449B88FB6197F82F300D4A52F833309A
:100E900007F11C021146184600F01EFF97F82F308C
:100EA000013387F82F3097F82F30072BE4D900BF94
:100EB00000BF3037BD4680BD001002400000014039
:100EC0001081010880B582B000AF03460A46FB716D
:100ED0001346BB71BB79002B11D0012B1FD1FB79BD
:100EE0000833114A52F83300FB7908330E4ADB000D
:100EF00013449B880122194601F09DF80FE0FB790D
:100F00000833094A52F83300FB790833064ADB00FC
:100F100013449B880022194601F08DF800BF00BFE2
:100F20000837BD4680BD00BF1081010880B584B080
:100F300000AF0346FB710123FB73FB790A4A52F8A9
:100F40003320FB790849DB000B449B881946104687
:100F500001F05AF80346002B01D10023FB73FB7B01
:100F600018461037BD4680BD1081010880B584B099
:100F700000AF0346FB710123FB73FB790833164A6C
:100F800052F83320FB7908331349DB000B449B886C
:100F90001946104601F038F80346002B16D10220FE
:100FA000FFF7BDFEFB7908330B4A52F83320FB797B
:100FB00008330949DB000B449B881946104601F0B1
:100FC00023F80346002B01D10023FB73FB7B18465B
:100FD0001037BD4680BD00BF1081010880B58CB0C0
:100FE00000AF5E4B9B695D4A43F0040393615B4B2A
:100FF0009B6903F00403BB61BB69584B9B69574A6B
:1010000043F008039361554B9B6903F008037B6130
:101010007B69524B9B69514A43F0100393614F4BDC
:101020009B6903F010033B613B694C4B9B694B4A46
:1010300043F020039361494B9B6903F02003FB605D
:10104000FB68464B9B69454A43F040039361434B21
:101050009B6903F04003BB60BB68404B9B693F4A00
:1010600043F0800393613D4B9B6903F080037B60F9
:101070007B683A4B9B69394A43F480739361374BE1
:101080009B6903F480733B603B680C2387F82F3027
:1010900013E097F82F30324A52F8330097F82F3088
:1010A0002F4ADB0013449B880122194600F0C3FF3E
:1010B00097F82F30013387F82F3097F82F30132B04
:1010C000E7D901233B620323BB620C2387F82F304F
:1010D00016E097F82F30224ADB0013449B88FB610F
:1010E00097F82F301E4A52F8333007F11C02114690
:1010F000184600F0F1FD97F82F30013387F82F30B4
:1011000097F82F30132BE4D900233B6201237B6235
:10111000002387F82F3016E097F82F30104ADB00B5
:1011200013449B88FB6197F82F300D4A52F83330F7
:1011300007F11C021146184600F0CEFD97F82F303B
:10114000013387F82F3097F82F300B2BE4D900F0BC
:1011500093F800BF3037BD4680BD00BF001002408D
:101160009081010880B582B000AF03460A46FB714A
:101170001346BB71BB79002B02D0012B10D01FE0AE
:10118000FB790B33104A52F83300FB790B330E4ACC
:10119000DB0013449B880022194600F04CFF0FE04F
:1011A000FB790B33084A52F83300FB790B33064ABC
:1011B000DB0013449B880122194600F03CFF00BF6E
:1011C00000BF0837BD4680BD9081010880B584B05E
:1011D00000AF0346FB710123FB73FB79013B0B4A14
:1011E00052F83320FB79013B0849DB000B449B8814
:1011F0001946104600F008FF0346002B01D10023DA
:10120000FB73FB7B18461037BD4680BD90810108FB
:1012100080B584B000AF0346FB710123FB73FB79FB
:101220000B33144A52F83320FB790B331149DB009E
:101230000B449B881946104600F0E6FE0346002B3F
:1012400013D1FB790B330B4A52F83320FB790B3364
:101250000849DB000B449B881946104600F0D4FE79
:101260000346002B01D10023FB73FB7B184610378C
:10127000BD4680BD9081010880B500AF282000F0F8
:101280003AFC0A2000F037FC172000F034FC002262
:101290000021282000F005FC002200210A2000F097
:1012A00000FC00220021172000F0FBFB1D4B9B6976
:1012B0001C4A43F0010393611B4BDB681A4A43F05D
:1012C0003303D360184B1B69174A43F44853136127
:1012D000154B5B69144A43F44C7343F003035361A9
:1012E000124BDB68114A43F4784343F03003D36078
:1012F0000E4B9B680D4A43F4806393600B4B1B6855
:101300000A4A23F47C4323F030031360282000F0C2
:10131000E4FB0A2000F0E1FB172000F0DEFB00BF39
:1013200080BD00BF001002400000014000040140E9
:1013300080B58EB000AF07F1280300221A605A6012
:101340009A60DA6007F1200300221A605A603B1DA0
:1013500000221A605A609A60DA601A615A619A61D2
:101360001F4B4FF080421A601D4B23225A601C4BCA
:1013700000229A601A4B42F20F72DA60184B002278
:101380001A61174B80229A61154801F08DFA4FF4CB
:101390008053BB6207F128031946114801F03EFC57
:1013A0000F4801F0B5FA00233B6200237B6207F18E
:1013B000200319460A4802F07EF860237B6040F261
:1013C000F313BB600223FB6000237B613B1D002203
:1013D0001946034801F05CFB00BF3837BD4680BDAD
:1013E0004036002080B586B000AF07F10803002228
:1013F0001A605A609A60DA60204B9B691F4A43F07A
:10140000040393611D4B9B6903F004037B607B68BD
:101410001A4BDB69194A43F00103D361174BDB69AF
:1014200003F001033B603B680123BB600223FB60C8
:1014300002237B6107F108031946114800F04CFCB8
:10144000FFF776FF4FF080431B694FF0804223F097
:10145000010313614FF08043DB684FF0804243F09B
:101460000103D360012202211C2000F01AFB1C2082
:1014700000F033FB00BF1837BD4680BD00100240AE
:101480000008014080B500AF044B00221A60002123
:10149000034801F071FA00BF80BD00BF8036002014
:1014A0004036002080B500AF0021024801F098FAD4
:1014B00000BF80BD4036002080B58AB000AF07F184
:1014C000200300221A605A603B1D00221A605A60F5
:1014D0009A60DA601A615A619A61194B194A1A6066
:1014E000174B23225A60164B00229A60144B42F28B
:1014F0000F72DA60124B00221A61114B80229A613E
:101500000F4801F005FA00233B6200237B6207F1DC
:10151000200319460A4801F0CEFF60237B6041F2A8
:101520008733BB600223FB6000237B613B1D0822E5
:101530001946034801F0ACFA00BF2837BD4680BD0C
:10154000843600200004004080B586B000AF07F16B
:10155000080300221A605A609A60DA601E4BDB6949
:101560001D4A43F00203D3611B4BDB6903F0020306
:101570007B607B68184B9B69174A43F008039361B3
:10158000154B9B6903F008033B603B680123BB607C
:101590000223FB6002237B6107F1080319460F4811
:1015A00000F09AFBFFF788FF0D4B1B690C4A23F0F4
:1015B000010313610A4BDB68094A43F00103D3605E
:1015C000002201211D2000F06CFA1D2000F085FA98
:1015D00000BF1837BD4680BD00100240000C01401E
:1015E0000004004080B500AF044B00221A600821BF
:1015F000034801F0C1F900BF80BD00BFC436002020
:101600008436002080B500AF0821024801F0E8F9D7
:1016100000BF80BD8436002080B58AB000AF07F1DE
:10162000200300221A605A603B1D00221A605A6093
:101630009A60DA601A615A619A61194B194A1A6004
:10164000174B23225A60164B00229A60144B40F22B
:10165000E732DA60124B00221A61114B80229A6144
:101660000F4801F055F900233B6200237B6207F12C
:10167000200319460A4801F01EFF60237B6040F2F8
:10168000F313BB600223FB6000237B613B1D002240
:101690001946034801F0FCF900BF2837BD4680BD5C
:1016A000C83600200008004080B586B000AF07F1C2
:1016B000080300221A605A609A60DA601E4B9B6928
:1016C0001D4A43F0080393611B4B9B6903F0080319
:1016D0007B607B68184BDB69174A43F00403D361D6
:1016E000154BDB6903F004033B603B684023BB60A0
:1016F0000223FB6002237B6107F1080319460F48B0
:1017000000F0EAFAFFF788FF0D4B1B690C4A23F043
:10171000010313610A4BDB68094A43F00103D360FC
:10172000022202211E2000F0BCF91E2000F0D5F993
:1017300000BF1837BD4680BD00100240000C0140BC
:101740000008004080B500AF044B00221A60002161
:10175000034801F011F900BF80BD00BF0837002029
:10176000C836002080B500AF0021024801F038F9EA
:1017700000BF80BDC836002080B586B000AF07F13D
:10178000080300221A605A609A60DA603B46002221
:101790001A605A60164B174A1A60154B41F61F42E1
:1017A0005A60134B00229A60114B41F28732DA6083
:1017B0000F4B00221A610E4B80229A610C4801F0F7
:1017C00073F84FF48053BB6007F1080319460848CB
:1017D00001F024FA00233B6000237B603B4619465E
:1017E000034801F068FE00BF1837BD4680BD00BF4A
:1017F0000C370020000C004080B582B000AF134BC6
:10180000DB69124A43F00803D361104BDB6903F034
:1018100008037B607B68FFF7AFFF0D4B1B690C4A29
:1018200023F0010313610A4BDB68094A43F001030B
:10183000D36000220321322000F033F9322000F07F
:101840004CF900BF0837BD4680BD00BF0010024004
:10185000000C004080B582B000AF7860124B1A686F
:10186000124B1B7819464FF47A73B3FBF1F3B2FBBA
:10187000F3F3184600F04DF90346002B01D0012385
:101880000EE07B680F2B0AD8002279684FF0FF30FA
:1018900000F007F9064A7B681360002300E001238B
:1018A00018460837BD4680BD1C03002014030020E5
:1018B0001003002080B400AF024B1B681846BD46E1
:1018C00080BC70474C37002080B485B000AF786092
:1018D0007B6803F00703FB600C4BDB68BB60BA68F6
:1018E0004FF6FF031340BB60FB681A02BB6813434B
:1018F00043F0BF6343F40033BB60044ABB68D3606A
:1019000000BF1437BD4680BC704700BF00ED00E04B
:1019100080B400AF044BDB681B0A03F007031846D2
:10192000BD4680BC704700BF00ED00E080B483B0CE
:1019300000AF0346FB71FB7903F01F02064997F9DC
:1019400007305B09012000FA02F241F8232000BFB2
:101950000C37BD4680BC704700E100E080B483B026
:1019600000AF0346FB71FB7903F01F02074997F9AB
:1019700007305B09012000FA02F2203341F82320EE
:1019800000BF0C37BD4680BC704700BF00E100E0DF
:1019900080B483B000AF03463960FB7197F907301C
:1019A000002B0BDA3B68DAB20C49FB7903F00F032A
:1019B000043B1201D2B20B441A7609E03B68DAB25A
:1019C000074997F907301201D2B20B4483F800237C
:1019D00000BF0C37BD4680BC704700BF00ED00E083
:1019E00000E100E080B489B000AFF860B9607A60CF
:1019F000FB6803F00703FB61FB69C3F10703042BDA
:101A000028BF0423BB61FB690433062B02D9FB69A1
:101A1000033B00E000237B614FF0FF32BB6902FA19
:101A200003F3DA43BB681A407B699A404FF0FF31F9
:101A30007B6901FA03F3D9437B680B4013431846D3
:101A40002437BD4680BC704780B582B000AF786057
:101A50007B68013BB3F1807F01D301230FE00A4A89
:101A60007B68013B53600F214FF0FF30FFF790FF81
:101A7000054B00229A60044B07221A600023184687
:101A80000837BD4680BD00BF10E000E080B582B0E1
:101A900000AF78607868FFF717FF00BF0837BD46D2
:101AA00080BD80B586B000AF0346B9607A60FB7335
:101AB00000237B61FFF72CFF78617A68B968786949
:101AC000FFF790FF024697F90F3011461846FFF7CF
:101AD0005FFF00BF1837BD4680BD80B582B000AF44
:101AE0000346FB7197F907301846FFF71FFF00BF49
:101AF0000837BD4680BD80B582B000AF0346FB719C
:101B000097F907301846FFF729FF00BF0837BD4691
:101B100080BD80B582B000AF78607868FFF794FF31
:101B2000034618460837BD4680BD80B582B000AF79
:101B300078607B68002B01D1012314E07B681B795E
:101B4000DBB2002B05D17B6800225A717868FBF765
:101B5000DDFE7B6802221A717B6800221A617B68B5
:101B600001221A71002318460837BD4680BD80B493
:101B700083B000AF786039607B685B79012B01D15D
:101B8000022339E07B6801225A717B6802221A71B4
:101B90007B681B68196801223B689A407B681B6858
:101BA0000A431A603B68002B0FD17B681B681B68D7
:101BB00003F03C033C2B18D17B681B685A687B6898
:101BC0001B6842F001025A600FE07B681B681B68CB
:101BD00003F47013B3F5701F07D17B681B685A6854
:101BE0007B681B6842F002025A607B6801221A710E
:101BF0007B6800225A71002318460C37BD4680BC12
:101C0000704780B487B000AFF860B9607A60002395
:101C10007B61FB685B79012B01D1022332E0FB6819
:101C200001225A71FB6802221A71BB681A68BB68EC
:101C30005B6813437A6913437B61FB681B681A680E
:101C400040F6FE717B6801FA03F3DB4302EA03010D
:101C50007A697B689A40FB681B680A431A60FB68D4
:101C60001B681968C0227B6802FA03F3DA43FB6839
:101C70001B680A401A60FB6801221A71FB68002287
:101C80005A71002318461C37BD4680BC704780B48B
:101C900087B000AFF860B9607A603B6000237B6179
:101CA000FB681B687B61BB68002B05D17A697B6888
:101CB000134408337B6104E07A697B68134414336E
:101CC0007B617B691A463B681360002318461C370A
:101CD000BD4680BC7047000080B48BB000AF786018
:101CE00039600023FB610023BB6100237B6100237B
:101CF0003B6200233B6100237B6279E101227B6A26
:101D000002FA03F3FB613B681B68FA691340BB618D
:101D1000BA69FB699A4240F068813B685B68964A01
:101D200093425ED0944A934275D8944A934258D0D5
:101D3000924A93426FD8924A934252D0904A934229
:101D400069D8904A93424CD08E4A934263D88E4AC7
:101D5000934246D08C4A93425DD8122B2AD8122B3C
:101D600059D801A252F823F0E31D0108BD1D010856
:101D7000CF1D0108111E0108171E0108171E0108BA
:101D8000171E0108171E0108171E0108171E01085B
:101D9000171E0108171E0108171E0108171E01084B
:101DA000171E0108171E0108171E0108C51D01088E
:101DB000D91D0108754A934213D02CE03B68DB68BB
:101DC0003B6229E03B68DB6804333B6224E03B680C
:101DD000DB6808333B621FE03B68DB680C333B6227
:101DE0001AE03B689B68002B02D104233B6213E09E
:101DF0003B689B68012B05D108233B627B68FA692D
:101E00001A6109E008233B627B68FA695A6103E0C2
:101E100000233B6200E000BFBB69FF2B01D87B6859
:101E200001E07B680433FB60BB69FF2B02D87B6A4F
:101E30009B0002E07B6A083B9B003B61FB681A68E1
:101E40000F213B6901FA03F3DB431A40396A3B690E
:101E500001FA03F31A43FB681A603B685B6803F0FE
:101E60008053002B00F0C180494B9B69484A43F0E6
:101E700001039361464B9B6903F00103BB60BB68A0
:101E8000444A7B6A9B08023352F823307B617B6AA9
:101E900003F003039B000F2202FA03F3DB437A698A
:101EA00013407B617B683C4A93421FD07B683B4A6E
:101EB000934219D07B683A4A934213D07B68394ADF
:101EC00093420DD07B68384A934207D07B68374AEB
:101ED000934201D105230AE0062308E0042306E02B
:101EE000032304E0022302E0012300E000237A6AD6
:101EF00002F00302920093407A6913437B61254903
:101F00007B6A9B0802337A6941F823203B685B684F
:101F100003F48033002B06D0254B1A682449BB6993
:101F200013430B6006E0224B1A68BB69DB43204970
:101F300013400B603B685B6803F40033002B06D052
:101F40001B4B5A681A49BB6913434B6006E0184B98
:101F50005A68BB69DB43164913404B603B685B68BA
:101F600003F48013002B25D0114B9A681049BB69EC
:101F700013438B6025E000BF0000321000003110D9
:101F800000002210000021100000121000001110AB
:101F9000001002400000014000080140000C014018
:101FA000001001400014014000180140001C0140D5
:101FB00000040140134B9A68BB69DB43114913408D
:101FC0008B603B685B6803F40013002B06D00D4B5D
:101FD000DA680C49BB691343CB6006E0094BDA6849
:101FE000BB69DB4307491340CB607B6A01337B62EB
:101FF0007B6A0F2B7FF682AE00BF00BF2C37BD4639
:1020000080BC70470004014080B485B000AF7860A8
:102010000B467B807B689A687B881340002B02D03C
:102020000123FB7301E00023FB73FB7B184614378D
:10203000BD4680BC704780B483B000AF78600B466B
:102040007B8013467B707B78002B03D07A887B687B
:102050001A6103E07B881A047B681A6100BF0C37A1
:10206000BD4680BC7047000080B586B000AF786088
:1020700000233B617B681B6803F00103002B00F029
:102080008780924B5B6803F00C03042B0CD08F4BC2
:102090005B6803F00C03082B12D18C4B5B6803F4D4
:1020A0008033B3F5803F0BD1884B1B6803F40033BA
:1020B000002B6CD07B685B68002B68D101232DE27C
:1020C0007B685B68B3F5803F06D1804B1B687F4A15
:1020D00043F4803313602EE07B685B68002B0CD1E7
:1020E0007A4B1B68794A23F480331360774B1B6863
:1020F000764A23F4802313601DE07B685B68B3F5A8
:10210000A02F0CD1714B1B68704A43F480231360DD
:102110006E4B1B686D4A43F4803313600BE06B4BCE
:102120001B686A4A23F480331360684B1B68674A54
:1021300023F4802313607B685B68002B13D0FFF7C8
:10214000B9FB386108E0FFF7B5FB02463B69D31ADB
:10215000642B01D90323E1E15C4B1B6803F40033DA
:10216000002BF0D014E0FFF7A5FB386108E0FFF783
:10217000A1FB02463B69D31A642B01D90323CDE1AD
:10218000524B1B6803F40033002BF0D100E000BF7A
:102190007B681B6803F00203002B63D04B4B5B682A
:1021A00003F00C03002B0BD0484B5B6803F00C03CF
:1021B000082B1CD1454B5B6803F48033002B16D1F0
:1021C000424B1B6803F00203002B05D07B681B69A0
:1021D000012B01D00123A1E13C4B1B6823F0F80245
:1021E0007B685B69DB00394913430B603AE07B682D
:1021F0001B69002B20D0364B01221A60FFF75AFBD7
:10220000386108E0FFF756FB02463B69D31A022B00
:1022100001D9032382E12D4B1B6803F00203002B3D
:10222000F0D02A4B1B6823F0F8027B685B69DB0067
:10223000264913430B6015E0254B00221A60FFF777
:1022400039FB386108E0FFF735FB02463B69D31ADA
:10225000022B01D9032361E11C4B1B6803F002032D
:10226000002BF0D17B681B6803F00803002B39D0EA
:102270007B689B69002B19D0164B01221A60FFF76F
:1022800019FB386108E0FFF715FB02463B69D31ADA
:10229000022B01D9032341E10C4B5B6A03F00203DB
:1022A000002BF0D0012000F0DFFA1BE0094B0022E8
:1022B0001A60FFF7FFFA38610EE0FFF7FBFA0246FB
:1022C0003B69D31A022B07D9032327E100100240F0
:1022D0000000424280044242924B5B6A03F00203D8
:1022E000002BEAD17B681B6803F00403002B00F08D
:1022F000A6800023FB758B4BDB6903F08053002B1A
:102300000DD1884BDB69874A43F08053D361854BFD
:10231000DB6903F08053FB60FB680123FB75824B94
:102320001B6803F48073002B18D17F4B1B687E4A17
:1023300043F480731360FFF7BDFA386108E0FFF7DC
:10234000B9FA02463B69D31A642B01D90323E5E0AD
:10235000754B1B6803F48073002BF0D07B68DB683F
:10236000012B06D16F4B1B6A6E4A43F001031362C7
:102370002DE07B68DB68002B0CD16A4B1B6A694A35
:1023800023F001031362674B1B6A664A23F00403C0
:1023900013621CE07B68DB68052B0CD1614B1B6A68
:1023A000604A43F0040313625E4B1B6A5D4A43F0CC
:1023B000010313620BE05B4B1B6A5A4A23F00103D3
:1023C0001362584B1B6A574A23F0040313627B685D
:1023D000DB68002B15D0FFF76DFA38610AE0FFF7D4
:1023E00069FA02463B69D31A41F28832934201D915
:1023F000032393E04B4B1B6A03F00203002BEED048
:1024000014E0FFF757FA38610AE0FFF753FA024683
:102410003B69D31A41F28832934201D903237DE00C
:10242000404B1B6A03F00203002BEED1FB7D012B16
:1024300005D13C4BDB693B4A23F08053D3617B6879
:10244000DB69002B69D0374B5B6803F00C03082B6A
:1024500061D07B68DB69022B46D1344B00221A60C5
:10246000FFF728FA386108E0FFF724FA02463B69D3
:10247000D31A022B01D9032350E02A4B1B6803F027
:102480000073002BF0D17B681B6AB3F5803F08D145
:10249000244B5B6823F400327B689B68214913431B
:1024A0004B60204B5B6823F474127B68196A7B686D
:1024B0005B6A0B431B4913434B601C4B01221A60A0
:1024C000FFF7F8F9386108E0FFF7F4F902463B69D5
:1024D000D31A022B01D9032320E0124B1B6803F00F
:1024E0000073002BF0D018E0104B00221A60FFF7A9
:1024F000E1F9386108E0FFF7DDF902463B69D31ADC
:10250000022B01D9032309E0064B1B6803F000737B
:10251000002BF0D101E0012300E00023184618371A
:10252000BD4680BD00100240007000406000424285
:1025300080B584B000AF786039600023FB607E4BCB
:102540001B6803F007033A689A4210D97A4B1B685C
:1025500023F0070278493B6813430B60764B1B68F6
:1025600003F007033A689A4201D00123E0E07B6858
:102570001B6803F00203002B20D07B681B6803F06C
:102580000403002B05D06D4B5B686C4A43F4E06399
:1025900053607B681B6803F00803002B05D0674B72
:1025A0005B68664A43F460535360644B5B6823F096
:1025B000F0027B689B68614913434B607B681B6832
:1025C00003F00103002B6AD07B685B68012B07D105
:1025D0005A4B1B6803F40033002B15D10123A7E0ED
:1025E0007B685B68022B07D1544B1B6803F00073B8
:1025F000002B09D101239BE0504B1B6803F0020321
:10260000002B01D1012393E04C4B5B6823F00302C4
:102610007B685B68494913434B60FFF74BF9F860EF
:102620007B685B68012B12D10AE0FFF743F9024691
:10263000FB68D31A41F28832934201D9032377E031
:102640003E4B5B6803F00C03042BEED127E07B6864
:102650005B68022B1DD10AE0FFF72CF90246FB68EC
:10266000D31A41F28832934201D9032360E0334BFD
:102670005B6803F00C03082BEED110E0FFF71AF9AA
:102680000246FB68D31A41F28832934201D90323F0
:102690004EE02A4B5B6803F00C03002BEED1264B77
:1026A0001B6803F007033A689A4210D2224B1B685A
:1026B00023F0070220493B6813430B601E4B1B6845
:1026C00003F007033A689A4201D0012330E07B68A7
:1026D0001B6803F00403002B08D0184B5B6823F43D
:1026E000E0627B68DB68154913434B607B681B68BD
:1026F00003F00803002B09D0104B5B6823F46052F1
:102700007B681B69DB000D4913434B6000F01CF82C
:1027100002460A4B5B681B0903F00F030849CB5CB8
:1027200022FA03F3074A13600F20FFF793F8002300
:1027300018461037BD4680BD002002400010024000
:10274000308201081C03002090B48AB000AF294BEE
:102750003C1D0FCB84E80F0040F201233B80002397
:10276000FB610023BB6100237B6200237B610023AC
:102770003B62214B5B68FB61FB6903F00C03042B9C
:1027800002D0082B03D02BE01C4B3B622BE0FB69F3
:102790009B0C03F00F0328333B4413F8243C7B616C
:1027A000FB6903F48033002B12D0134B5B685B0C86
:1027B00003F0010328333B4413F8283CBB617B69D9
:1027C0000E4A03FB02F2BB69B2FBF3F37B6204E047
:1027D0007B690B4A02FB03F37B627B6A3B6202E08C
:1027E000064B3B6200BF3B6A18462837BD4690BC8B
:1027F000704700BF4C6E01080010024000127A00C2
:1028000000093D0080B400AF024B1B681846BD466E
:1028100080BC70471C03002080B500AFFFF7F2FFBB
:102820000246054B5B681B0A03F007030349CB5CB8
:1028300022FA03F3184680BD0010024040820108CE
:1028400080B500AFFFF7DEFF0246054B5B68DB0A91
:1028500003F007030349CB5C22FA03F3184680BD5B
:10286000001002404082010880B485B000AF78605B
:102870000B4B1B680B4AA2FB03235B0A7A6802FB23
:1028800003F3FB6000BF00BFFB685A1EFA60002B19
:10289000F8D100BF00BF1437BD4680BC704700BFF1
:1028A0001C030020D34D621080B582B000AF786069
:1028B0007B68002B01D101231DE07B6893F83D303C
:1028C000DBB2002B06D17B68002283F83C207868BD
:1028D00000F015F87B68022283F83D207B681A68B7
:1028E0007B6804331946104600F084FA7B680122A5
:1028F00083F83D20002318460837BD4680BD80B4CC
:1029000083B000AF786000BF0C37BD4680BC704715
:1029100080B582B000AF78607B68002B01D10123C5
:102920001DE07B6893F83D30DBB2002B06D17B685D
:10293000002283F83C20786800F015F87B680222BA
:1029400083F83D207B681A687B680433194610467B
:1029500000F050FA7B68012283F83D2000231846DE
:102960000837BD4680BD80B483B000AF786000BF3B
:102970000C37BD4680BC704780B582B000AF786030
:1029800039607B681B6801223968184600F019FD20
:102990007B681B68104A934204D07B681B680F4A0F
:1029A000934201D1012300E00023002B07D07B6874
:1029B0001B685A6C7B681B6842F400425A647B684F
:1029C0001B681A687B681B6842F001021A600023CA
:1029D00018460837BD4680BD002C01400034014038
:1029E00080B582B000AF786039607B681B680022D8
:1029F0003968184600F0E5FC7B681B68224A934260
:102A000004D07B681B68214A934201D1012300E076
:102A10000023002B17D07B681B681A6A41F2111340
:102A20001340002B0FD17B681B681A6A40F24443A5
:102A30001340002B07D17B681B685A6C7B681B68AE
:102A400022F400425A647B681B681A6A41F211132F
:102A50001340002B0FD17B681B681A6A40F2444375
:102A60001340002B07D17B681B681A687B681B68C2
:102A700022F001021A607B68012283F83D200023C6
:102A800018460837BD4680BD002C01400034014087
:102A900080B584B000AFF860B9607A60FB6893F8E5
:102AA0003C30012B01D10223B4E0FB68012283F802
:102AB0003C20FB68022283F83D207B680C2B00F24F
:102AC0009F8001A252F823F0FD2A0108012C010881
:102AD000012C0108012C01083D2B0108012C0108E3
:102AE000012C0108012C01087F2B0108012C010891
:102AF000012C0108012C0108BF2B0108FB681B6891
:102B0000B968184600F0F4F9FB681B689A69FB681D
:102B10001B6842F008029A61FB681B689A69FB68AF
:102B20001B6822F004029A61FB681B689969BB6804
:102B30001A69FB681B680A439A6162E0FB681B68BC
:102B4000B968184600F04AFAFB681B689A69FB6886
:102B50001B6842F400629A61FB681B689A69FB6813
:102B60001B6822F480629A61FB681B689969BB68E4
:102B70001B691A02FB681B680A439A6141E0FB6803
:102B80001B68B968184600F0A3FAFB681B68DA698D
:102B9000FB681B6842F00802DA61FB681B68DA69AF
:102BA000FB681B6822F00402DA61FB681B68D969C4
:102BB000BB681A69FB681B680A43DA6121E0FB689D
:102BC0001B68B968184600F0FDFAFB681B68DA69F3
:102BD000FB681B6842F40062DA61FB681B68DA6913
:102BE000FB681B6822F48062DA61FB681B68D969A4
:102BF000BB681B691A02FB681B680A43DA6100E0C4
:102C000000BFFB68012283F83D20FB68002283F8A7
:102C10003C20002318461037BD4680BD80B584B0E7
:102C200000AF786039600023FB607B6893F83C302C
:102C3000012B01D10223D8E07B68012283F83C20DC
:102C40007B68022283F83D207B681B689B68FB60E1
:102C5000FB6823F07703FB60FB6823F47F43FB6092
:102C60007B681B68FA689A603B681B68B3F5005F75
:102C700052D0B3F5005F00F2AE80B3F5805F27D08D
:102C8000B3F5805F00F2A780702B2AD0702B00F282
:102C9000A280602B63D0602B00F29D80502B4ED021
:102CA000502B00F29880402B69D0402B00F293808B
:102CB000302B00F08980302B00F28D80202B7CD0CF
:102CC000202B00F28880002B69D0102B6ED082E080
:102CD0007B681B689A687B681B6822F007029A6011
:102CE0007AE07B6818683B6899683B685A683B687B
:102CF000DB6800F045FB7B681B689B68FB60FB683A
:102D000023F07703FB60FB6843F07703FB607B688D
:102D10001B68FA689A605FE07B6818683B6899688E
:102D20003B685A683B68DB6800F02AFB7B681B68DD
:102D30009A687B681B6842F480429A604CE07B682A
:102D400018683B6859683B68DB681A4600F094FADB
:102D50007B681B685021184600F0F3FA3CE07B6862
:102D600018683B6859683B68DB681A4600F0B6FA99
:102D70007B681B686021184600F0E3FA2CE07B6852
:102D800018683B6859683B68DB681A4600F074FABB
:102D90007B681B684021184600F0D3FA1CE07B6872
:102DA0001B680021184600F0CCFA15E07B681B6810
:102DB0001021184600F0C5FA0EE07B681B68202140
:102DC000184600F0BEFA07E07B681B683021184601
:102DD00000F0B7FA00E000BF7B68012283F83D20D5
:102DE0007B68002283F83C20002318461037BD463C
:102DF00080BD000080B485B000AF786039600023EA
:102E0000FB607B681B68FB607B68344A934213D08D
:102E10007B68334A93420FD07B68B3F1804F0BD06D
:102E20007B68304A934207D07B682F4A934203D095
:102E30007B682E4A934208D1FB6823F07003FB6045
:102E40003B685B68FA681343FB607B68234A9342E4
:102E500013D07B68224A93420FD07B68B3F1804F36
:102E60000BD07B681F4A934207D07B681E4A93426F
:102E700003D07B681D4A934208D1FB6823F440735A
:102E8000FB603B68DB68FA681343FB60FB6823F078
:102E90008003FB603B685B69FA681343FB607B68F7
:102EA000FA681A603B689A687B68DA623B681A685D
:102EB0007B689A627B68094A934203D07B68084A20
:102EC000934203D13B681A697B681A637B680122CD
:102ED0005A6100BF1437BD4680BC7047002C0140CA
:102EE000003401400004004000080040000C004095
:102EF00080B487B000AF786039600023FB600023A6
:102F00007B6100233B617B681B6A23F001027B68C5
:102F10001A627B681B6A7B617B685B683B617B68CC
:102F20009B69FB60FB6823F07003FB60FB6823F088
:102F30000303FB603B681B68FA681343FB607B6913
:102F400023F002037B613B689B687A6913437B61D2
:102F50007B68204A934203D07B681F4A93420CD17E
:102F60007B6923F008037B613B68DB687A69134364
:102F70007B617B6923F004037B617B68154A934284
:102F800003D07B68144A934211D13B6923F48073C8
:102F90003B613B6923F400733B613B685B693A69C1
:102FA00013433B613B689B693A6913433B617B6810
:102FB0003A695A607B68FA689A613B685A687B682C
:102FC0005A637B687A691A6200BF1C37BD4680BCB1
:102FD000704700BF002C01400034014080B487B02E
:102FE00000AF786039600023FB6000237B61002321
:102FF0003B617B681B6A23F010027B681A627B6866
:103000001B6A7B617B685B683B617B689B69FB60DB
:10301000FB6823F4E043FB60FB6823F44073FB6030
:103020003B681B681B02FA681343FB607B6923F053
:1030300020037B613B689B681B017A6913437B61BA
:103040007B68214A934203D07B68204A93420DD18A
:103050007B6923F080037B613B68DB681B017A6935
:1030600013437B617B6923F040037B617B68164AD5
:10307000934203D07B68154A934213D13B6923F4F2
:1030800080633B613B6923F400633B613B685B69A0
:103090009B003A6913433B613B689B699B003A691B
:1030A00013433B617B683A695A607B68FA689A61AE
:1030B0003B685A687B689A637B687A691A6200BFCA
:1030C0001C37BD4680BC7047002C014000340140D5
:1030D00080B487B000AF786039600023FB600023C4
:1030E0007B6100233B617B681B6A23F480727B68F1
:1030F0001A627B681B6A7B617B685B683B617B68EB
:10310000DB69FB60FB6823F07003FB60FB6823F066
:103110000303FB603B681B68FA681343FB607B6931
:1031200023F400737B613B689B681B027A6913433D
:103130007B617B68214A934203D07B68204A93429B
:103140000DD17B6923F400637B613B68DB681B0264
:103150007A6913437B617B6923F480637B617B68BD
:10316000164A934203D07B68154A934213D13B69B8
:1031700023F480533B613B6923F400533B613B687C
:103180005B691B013A6913433B613B689B691B0107
:103190003A6913433B617B683A695A607B68FA6815
:1031A000DA613B685A687B68DA637B687A691A621D
:1031B00000BF1C37BD4680BC704700BF002C0140DB
:1031C0000034014080B487B000AF786039600023DC
:1031D0003B610023FB6000237B617B681B6A23F457
:1031E00080527B681A627B681B6AFB607B685B6845
:1031F0007B617B68DB693B613B6923F4E0433B61B6
:103200003B6923F440733B613B681B681B023A69CE
:1032100013433B61FB6823F40053FB603B689B68EE
:103220001B03FA681343FB607B68114A934203D087
:103230007B68104A934209D17B6923F480437B6108
:103240003B685B699B017A6913437B617B687A69A0
:103250005A607B683A69DA613B685A687B681A642D
:103260007B68FA681A6200BF1C37BD4680BC704795
:10327000002C01400034014080B487B000AFF860FA
:10328000B9607A6000237B6100233B61FB681B6AA5
:103290003B61FB681B6A23F00102FB681A62FB6852
:1032A0009B697B617B6923F0F0037B617B681B0179
:1032B0007A6913437B613B6923F00A033B613A69F6
:1032C000BB6813433B61FB687A699A61FB683A69A2
:1032D0001A6200BF1C37BD4680BC704780B487B0FF
:1032E00000AFF860B9607A6000237B6100233B6126
:1032F000FB681B6A23F01002FB681A62FB689B697B
:103300007B61FB681B6A3B617B6923F470437B61D3
:103310007B681B037A6913437B613B6923F0A0033D
:103320003B61BB681B013A6913433B61FB687A69E7
:103330009A61FB683A691A6200BF1C37BD4680BCBF
:10334000704780B485B000AF78600B467B80002367
:10335000FB607B689B68FB60FB6823F07003FB608D
:103360007B8843F007039BB21A46FB681343FB605C
:103370007B68FA689A6000BF1437BD4680BC70470E
:1033800080B487B000AFF860B9607A603B6000231A
:103390007B61FB689B687B617B6923F47F437B6176
:1033A0003B681A027B681A43BB6813437A6913436C
:1033B0007B61FB687A699A6000BF1C37BD4680BCA0
:1033C000704780B487B000AFF860B9607A600023BE
:1033D0007B610122BB6802FA03F37B61FB681A6A16
:1033E0007B69DB431A40FB681A62FB681A6A7968DA
:1033F000BB6801FA03F31A43FB681A6200BF1C376B
:10340000BD4680BC704780B485B000AF786039603D
:103410000023FB607B6893F83C30012B01D1022331
:1034200044E07B68012283F83C20FB6823F0FF0224
:103430003B68DB681343FB60FB6823F440723B6826
:103440009B681343FB60FB6823F480623B685B6806
:103450001343FB60FB6823F400623B681B68134363
:10346000FB60FB6823F480523B681B691343FB60DD
:10347000FB6823F400523B685B691343FB60FB6805
:1034800023F480423B689B691343FB60FB6823F491
:1034900000423B689B691343FB607B681B68FA68CA
:1034A0005A647B68002283F83C20002318461437B6
:1034B000BD4680BC704780B483B000AF786039608F
:1034C0007B6893F83C30012B01D1022332E07B680A
:1034D000012283F83C207B68022283F83D207B6830
:1034E0001B685A687B681B6822F070025A607B6810
:1034F0001B6859683B681A687B681B680A435A60F6
:103500007B681B689A687B681B6822F080029A605F
:103510007B681B6899683B685A687B681B680A432C
:103520009A607B68012283F83D207B68002283F843
:103530003C20002318460C37BD4680BC704780B540
:1035400082B000AF78607B68002B01D101233FE09F
:103550007B6893F83930DBB2002B06D17B68002200
:1035600083F83820786800F037F87B68242283F8E5
:1035700039207B681B68DA687B681B6822F400527C
:10358000DA60786800F032F87B681B681A697B683B
:103590001B6822F490421A617B681B685A697B6839
:1035A0001B6822F02A025A617B681B68DA687B6814
:1035B0001B6842F40052DA607B680022DA637B68A1
:1035C000202283F839207B68202283F83A200023C8
:1035D00018460837BD4680BD80B483B000AF786020
:1035E00000BF0C37BD4680BC70470000B0B584B04A
:1035F00000AF78600023FB607B681B681B6923F4C5
:1036000040517B68DA687B681B680A431A617B68F3
:103610009A687B681B691A437B685B691343FA6885
:103620001343FB607B681B68DB6823F4B05323F013
:103630000C037A681268F9680B43D3607B681B68D7
:103640005B6923F440717B689A697B681B680A4355
:103650005A617B681B686F4A93426BD1FFF7F0F8A1
:10366000024613469B0013449A001A447B685B6829
:103670009B00B2FBF3F3684AA2FB03235B091C0126
:10368000FFF7DEF8024613469B0013449A001A44E3
:103690007B685B689B00B2FBF3F5FFF7D1F802464D
:1036A00013469B0013449A001A447B685B689B0096
:1036B000B2FBF3F3584AA2FB03235B09642202FB2B
:1036C00003F3EB1A1B013233534AA2FB03235B09BA
:1036D00003F0F0031C44FFF7B3F8024613469B00C7
:1036E00013449A001A447B685B689B00B2FBF3F5B5
:1036F000FFF7A6F8024613469B0013449A001A44AB
:103700007B685B689B00B2FBF3F3434AA2FB032395
:103710005B09642202FB03F3EB1A1B0132333E4ABE
:10372000A2FB03235B0903F00F027B681B682244A2
:103730009A606AE0FFF770F8024613469B00134454
:103740009A001A447B685B689B00B2FBF3F3324A31
:10375000A2FB03235B091C01FFF75EF80246134638
:103760009B0013449A001A447B685B689B00B2FB81
:10377000F3F5FFF751F8024613469B0013449A00F5
:103780001A447B685B689B00B2FBF3F3224AA2FBFE
:1037900003235B09642202FB03F3EB1A1B013233A0
:1037A0001D4AA2FB03235B0903F0F0031C44FFF74F
:1037B00033F8024613469B0013449A001A447B6870
:1037C0005B689B00B2FBF3F5FFF726F80246134651
:1037D0009B0013449A001A447B685B689B00B2FB11
:1037E000F3F30D4AA2FB03235B09642202FB03F3FC
:1037F000EB1A1B013233084AA2FB03235B0903F0D7
:103800000F027B681B6822449A6000BF1037BD46D8
:10381000B0BD00BF003801401F85EB5180B400AF40
:10382000054B1B7D054B5B69044A43F00103536163
:1038300000BFBD4680BC70476034002000040140DA
:1038400080B400AF084B1B7DDBB2012B01D1064BCE
:10385000DB7D064B5B69054A43F00203536100BF01
:10386000BD4680BC704700BF6034002000040140AA
:1038700080B400AF0B4B1B7DDBB2012B08D1094B91
:103880001B7EDBB2012B03D1064BDB7DDBB2002BB1
:10389000054B5B69044A43F00403536100BFBD4616
:1038A00080BC7047603400200004014080B400AF49
:1038B0000A4B1B7DDBB2012B06D1084B1B7EDBB212
:1038C000012B01D1054BDB7D054B5B69044A43F0BD
:1038D0000803536100BFBD4680BC704760340020C0
:1038E0000004014080B400AF044B5B69034A43F01D
:1038F0001003536100BFBD4680BC70470004014007
:1039000080B400AF2C4B5B6903F48063B3F5806F28
:1039100005D1294B5B69284A43F480635361264BE8
:103920005B6903F40053002B05D0234B5B69224AEB
:1039300043F400535361204B5B6903F48043002B35
:1039400005D01D4B5B691C4A43F4804353611A4BFD
:103950005B6903F48053002B05D0174B5B69164A53
:1039600043F480535361144B5B6903F40063002BF1
:1039700005D0114B5B69104A43F4006353610E4B51
:103980005B6903F48063002B05D00B4B5B690A4A2B
:1039900043F480635361084B5B6903F40043002BDD
:1039A00005D0054B5B69044A43F40043536100BFF3
:1039B000BD4680BC704700BF0004014090B599B07F
:1039C00018AF354B5968354B1B781A46C9B2344B82
:1039D0009954324B1B780133DAB2304B1A702F4BAB
:1039E0001B78012B07D12E4B1B785A2B44D02B4B25
:1039F00000221A704DE0294B1B78022B0BD1284B6B
:103A00001B785A2B03D1264B5B78A52B34D0234B44
:103A100000221A703DE0214B1B78022B2CD91F4B42
:103A20001B78033B1E4A9278934225D11B4B1A7890
:103A30001B4B83F86420194B00221A70184BDB785B
:103A4000832B0CD1164B1B79602B08D1144B5B795F
:103A5000002B04D1134B1B68134898470CE0104C03
:103A6000684604F10C035922194600F0ABFE94E8B5
:103A70000E000E48EFF7FAFB084B1B781E2B02D9FD
:103A8000064B00221A70044B1B68034A23F02003E4
:103A900013600437BD4690BD00440040B537002098
:103AA000503700207001002058370020A82B00203C
:103AB0002DE9B04300AF4B4B1B680133494A1360FB
:103AC000484B1B68B3F5FA7F05D9464B00221A60B4
:103AD0000020FCF781FC444B1B680133424A136011
:103AE000414B1B68322B06D93F4B00221A603F4BDB
:103AF000012283F828203D4B1B78DBB20A2B3DD9ED
:103B00003B4B1B6801333A4A1360394B1B68B3F5D2
:103B10007A7F33D3364B00221A60364B1B68013351
:103B2000344A1360334B1B68772B27D9314B002263
:103B30001A602E4B00221A702020F9F7B1FF2B4B90
:103B40005B7DDBB2002B0AD10A222B4947F21060C1
:103B5000FAF74EF811212948FAF7CAF80EE0234B7C
:103B60005B7DDBB2012B09D10A22254947F21060A7
:103B7000FAF73EF818212348FAF7BAF81B4B1B78DE
:103B8000DBB20A2B15D9204B1B78002B0AD01F4B18
:103B9000D3E9002312F1010843F100091B4BC3E9EB
:103BA000008906E019494FF000024FF00003C1E917
:103BB0000023174B1B78002B09D0164BD3E90023A9
:103BC000541C43F10005134BC3E9004506E01149BD
:103BD0004FF000024FF00003C1E9002300BFBDE831
:103BE000B08300BFB8370020BC370020603400200D
:103BF000C0370020B43500205C6E0108686E0108F3
:103C00007C6E0108886E0108B8350020C0350020A0
:103C1000C8350020D035002080B500AF084B1B69A7
:103C200003F00103002B08D00020F4F70FF8044B39
:103C30001B69034A23F00103136100BF80BD00BF6D
:103C4000000C004080B400AF194B1B68184A23F0E9
:103C500020031360164B5968164B1B781A46C9B2DD
:103C6000154B9954134B1B780133DAB2114B1A7070
:103C7000114B1B78002B03D00E4B00221A7013E05F
:103C80000C4B1B78013B0C4AD35CFF2B0CD1094B2E
:103C90001B78023B084AD35CFF2B05D1054B002261
:103CA0001A70064B01221A70BD4680BC704700BFD7
:103CB00000380140C43700209433002090330020A6
:103CC00080B500AF00F0EEFC40F2DC50FDF727F8C5
:103CD0000520FDF7DBFEEDF77DF9F4F701FEFDF7BA
:103CE0007DF9FDF731F8FCF74BFB2748EFF7ACFA0D
:103CF0002648EFF7A9FAFCF75BFFFCF793FEFAF70B
:103D0000B7FF2020F9F7F0FE214B002283F847206F
:103D1000FDF772FDEDF742FB08221E494FF400400B
:103D2000F9F706FF01221C494FF40040F9F700FFA4
:103D3000174B0022DA75164B00229A75144B01229C
:103D400083F8502008211548FCF7D6FEFBF74EFFFC
:103D50000020F9F763FE00F023F8EFF711FBF8F706
:103D6000DFFD01210020FCF735FD0346002B01D1CA
:103D7000F9F7C6FC01210120FCF72CFD0346002BBE
:103D8000E4D1F9F7E5FCE1E7A82B0020C0230020EF
:103D900060340020A46E0108B06E01080800002005
:103DA00080B500AF0020F8F7C1FE00F091F9B04BEC
:103DB00093F83730DBB2002B56D00C20FDF706FA13
:103DC0000346012B25D1AB4B01221A70A84B5B7D1A
:103DD000DBB2002B04D11821A748F9F7A3FF08E0B4
:103DE000A34B5B7DDBB2012B03D12021A348F9F764
:103DF00099FF0120F9F738F80220F9F735F8032088
:103E0000F9F732F80420F9F72FF80520F9F72CF824
:103E10005AE10C20FDF7DAF90346002B24D1954B2B
:103E20001B78012B20D10220FCF779FF0C20FDF735
:103E3000CDF90346002B17D18E4B00221A708C4B04
:103E40005B7DDBB2002B04D114218D48F9F76AFFAA
:103E500008E0874B5B7DDBB2012B03D1142189483D
:103E6000F9F760FFF9F73AFA814B1B7DDBB2012BC2
:103E700056D10320FDF75AF80346002B2ED105201A
:103E8000FCF74DFF0320FDF751F80346002B47D107
:103E90007D4B01221A70764B5B7DDBB2002B04D187
:103EA00020217A48F9F724FF08E0714B5B7DDBB2F3
:103EB000012B03D124217648F9F71AFF0120F8F7E6
:103EC000D3FF0220F8F7D0FF0320F8F7CDFF04203E
:103ED000F8F7CAFF0520F8F7C7FFF5E00320FDF764
:103EE00025F80346012B1BD1674B1B78012B17D1FB
:103EF000654B00221A705E4B5B7DDBB2002B04D158
:103F000018216448F9F70EFF08E0594B5B7DDBB2DE
:103F1000012B03D11D216048F9F704FFF9F7DEF901
:103F20000020F8F79BF9F8F721F9514B9B7DDBB2A4
:103F3000012B11D14E4B93F82E30DBB2002B02D067
:103F40000020F8F76BFB4A4B93F82F30DBB2002BC5
:103F500002D00020F8F724FC454B1B7DDBB2032B7D
:103F600000F09E80032B00F3AF80012B02D0022BC8
:103F700031D0A9E03E4B9B7DDBB2012B40F09F800E
:103F80003B4BDB7DDBB2012B02D00020F7F776FE46
:103F90000020F4F727FF0020F5F7D2FA344B93F80E
:103FA0003130DBB2002B10D00120FCF7BFFF0346FD
:103FB000002B0AD1394B03F5805393F82430002BA2
:103FC00003D02B4B0022DA767EE00020F6F75CF877
:103FD000F3F7BEFE73E00020F6F756F80020F4F782
:103FE00001FF0020F5F7ACFA0020F5F737FD204B74
:103FF000DB7DDBB2012B02D00020F7F73FFE1C4B2C
:1040000093F84730DBB2042B5BD00020FCF7AEFF07
:104010000346002B17D00120FCF7A8FF0346002B16
:1040200011D00220FCF7A2FF0346002B0BD0032087
:10403000FCF79CFF0346002B05D00420FCF796FFFD
:104040000346002B3DD10120F8F70EFF0220F8F7C0
:104050000BFF0320F8F708FF054B012283F84620E9
:104060000420F8F701FF0520F8F7FEFE29E000BF65
:1040700060340020C5370020B46E0108D06E0108FE
:10408000F46E01080C6F0108C6370020246F010888
:10409000446F01086C6F0108886F0108A4030020B9
:1040A0000A4B9B7DDBB2012B0DD10020F7F7A4FB5F
:1040B0000020F4F797FE0020F5F742FA03E000BF76
:1040C00002E000BF00E000BF80BD00BF6034002000
:1040D00080B500AFA94B93F83730DBB2002B22D06C
:1040E0000C20FDF773F80346012B13D1A44B1B786A
:1040F000012B0FD10220FCF712FE0C20FDF766F811
:104100000346012B06D19E4B00221A709B4B0222C4
:1041100083F825200C20FDF759F80346002B02D127
:10412000974B01221A700220FCF700FF0346002B78
:1041300072D1944B1B78012B6ED10A20FCF7EFFD56
:104140000220FCF7F3FE0346002B65D18D4B0022C5
:104150001A708A4B93F83830DBB2002B40D0874B73
:104160001B7DDBB2012B3BD0844B5B7DDBB2002B94
:1041700004D10F218448F9F7BBFD08E07F4B5B7D3C
:10418000DBB2012B03D116218048F9F7B1FD7B4B3F
:1041900001221A75794B1B7DDBB219464620F9F7CF
:1041A00061FB764B1B7DDBB21846FBF765FC0120FB
:1041B000FDF70CF80346002B12D1704B9B7DDBB250
:1041C000012B0DD16D4B5B7FDBB2012B02D10220A5
:1041D000F8F774FD0320F8F771FD0520F8F76EFD80
:1041E000664B1B7DDBB2012B40F0DB810120FCF72D
:1041F000BDFE0346002B06D1604B002283F846200B
:104200000420F8F731FE5D4B9B7DDBB2002B03D120
:104210005A4B012283F83F200220FCF787FE034619
:10422000012B02D1574B01221A70544B1B7DDBB27C
:10423000012B40F0B8810320FCF778FE0346002BE9
:1042400013D1534B1B78012B0FD10520FCF767FDD1
:104250000320FCF76BFE0346002B06D14C4B0022DB
:104260001A70464B012283F825200320FCF75EFEDE
:104270000346012B02D1464B01221A703F4B9B7D16
:10428000DBB2002B05D13D4BDB7DDBB2002B40F0D8
:104290008C813A4B93F83130DBB2002B40F0B28086
:1042A000364B93F82C30DBB2012B3AD1334B93F8D9
:1042B0002030DBB2002B34D1364B03F5805393F81A
:1042C0002430002B2DD10220FCF780FF0346002B69
:1042D0007DD02A4B93F82430DBB2002B77D00A2014
:1042E000FCF71DFD0220FCF771FF0346002B6ED08A
:1042F000224B5B7DDBB2002B04D10D212648F9F760
:10430000F7FC08E01D4B5B7DDBB2012B03D11421D0
:104310002248F9F7EDFC194B5B7EDAB2174BDA76DF
:1043200055E00020FCF702FE0346002B45D11C4B54
:104330001B78012B41D10A20FCF7F1FC0F4B93F8BD
:104340002430DBB2002B0ED00020FCF7EFFD03463B
:10435000002B32D1124B00221A70084B5B7EDAB26E
:10436000064BDA7629E0054B5B7DDBB2002B1BD1D7
:104370000A210C48F9F7BCFC1FE000BF60340020A4
:104380001503002016030020A86F0108B86F01086C
:1043900017030020A4030020D06F0108E06F01087C
:1043A00018030020F86F0108814B5B7DDBB2012B05
:1043B00003D113217F48F9F79BFC0020FCF7B6FDE1
:1043C0000346012B04D17C4B01221A7000E000BF90
:1043D000774B93F82130DBB2002B7CD00120FCF727
:1043E000A5FD0346002B76D00A20FCF798FC01209F
:1043F000FCF79CFD0346002B6DD06D4B012283F82A
:10440000232068E06A4BDB7EDBB2002B3ED102202A
:10441000FCF7DCFE0346002B38D0654B93F82430C4
:10442000DBB2002B04D1624BDB7DDBB2042B2DD140
:104430000A20FCF774FC614B1B8801339AB25F4B76
:104440001A805E4B1B88092B20D95C4B00221A80F6
:104450000220FCF7BBFE0346002B17D0544B5B7DBC
:10446000DBB2002B04D10D215548F9F741FC08E0DF
:104470004F4B5B7DDBB2012B03D114215148F9F77F
:1044800037FC4B4B5B7EDAB2494BDA76484B93F8FC
:104490002330DBB2002B1ED1454B93F82130DBB229
:1044A000002B05D1424B93F82230DBB2002B12D007
:1044B0000120FCF73BFD0346002B0CD00A20FCF743
:1044C0002EFC0120FCF732FD0346002B03D0384BB5
:1044D000012283F823203C4B1B7F002B57D1344B08
:1044E00093F82130DBB2002B51D10120FCF71EFDE7
:1044F0000346002B4BD1354B1B78012B47D10A20AB
:10450000FCF70DFC0120FCF711FD0346002B3ED10A
:10451000274B93F83230DBB2002B25D12C4B5B6B51
:104520004FF000011846ECF72BFD0346002B07D097
:10453000264B00221A701E4B012283F8202026E011
:104540001B4B5B7DDBB2002B04D11B212148F9F70B
:10455000CFFB1CE0164B5B7DDBB2012B17D1212179
:104560001D48F9F7C5FB12E0114B5B7DDBB2002B58
:1045700004D110211948F9F7BBFB08E00C4B5B7D17
:10458000DBB2012B03D11D211548F9F7B1FB012046
:10459000FCF7CCFC0346012B08D10C4B01221A700E
:1045A00004E000BF02E000BF00E000BF80BD00BF2C
:1045B000603400200470010818030020C837002070
:1045C000D06F0108E06F0108A40300201903002048
:1045D000BC340020187001083470010858700108BC
:1045E0006C70010880B584B000AF7860114B1B6817
:1045F000002B02D10F4B104A1A600E4B1B68FB6058
:104600000C4B1A687B6813446A46934207D900F042
:10461000AFF803460C221A604FF0FF3306E0054B5B
:104620001A687B681344034A1360FB681846103706
:10463000BD4680BDCC370020E037002080B400AFFD
:10464000154B1B68144A43F001031360124B5A6860
:104650001149124B13404B600F4B1B680E4A23F05D
:10466000847323F4803313600B4B1B680A4A23F4D2
:1046700080231360084B5B68074A23F4FE035360F2
:10468000054B4FF41F029A60054B4FF000629A6091
:1046900000BFBD4680BC7047001002400000FFF81C
:1046A00000ED00E080B590B000AF07F118032822BC
:1046B0000021184600F094F83B1D00221A605A6051
:1046C0009A60DA601A610123BB614FF48033FB61A9
:1046D00000233B620123BB6202237B634FF48033E0
:1046E000BB634FF4E013FB6307F118031846FDF7B3
:1046F000BBFC0F237B600223BB600023FB604FF4F5
:1047000080633B6100237B613B1D02211846FDF75E
:104710000FFF00BF4037BD4680BD00000D488546F5
:104720000D480E490E4A002302E0D458C450043309
:10473000C4188C42F9D30B4A0B4C002301E01360E0
:104740000432A242FBD3FFF779FF00F017F8FFF71E
:10475000B7FAFEE7000001200000002084030020DB
:104760008482010888030020E0370020FEE7000073
:10477000014B1868704700BF2003002070B5002669
:104780000C4D0D4C641BA410A64209D100F09CFCFA
:1047900000260A4D0A4C641BA410A64205D170BD28
:1047A00055F8043B98470136EEE755F8043B984727
:1047B0000136F2E77C8201087C8201087C820108D4
:1047C000808201080A44914200F1FF3300D1704712
:1047D00010B511F8014B914203F8014FF9D110BD0A
:1047E00003460244934200D1704703F8011BF9E7E6
:1047F0000EB46FF0004100B59CB01DAB0290069066
:10480000079104910848094953F8042B0591006861
:1048100002A9019300F068F80022029B1A701CB0F4
:104820005DF804EB03B07047200300200802FFFF8F
:104830002DE9F0478E6882469E420C4690461F4600
:1048400038D88A8912F4906F32D02568096901330B
:10485000A5EB010965694B4405EB450505EBD575ED
:104860006D109D4238BF1D46530531D5294600F0D5
:1048700061FB064650B90C234FF0FF30CAF80030F8
:10488000A38943F04003A381BDE8F0874A4621692C
:10489000FFF798FFA38923F4906343F08003A3817B
:1048A00026614E4426603E466561A5EB0905A5607C
:1048B000BE4200D93E4632464146206800F0B8FA72
:1048C000A36800209B1BA360236833442360DBE7BD
:1048D0002A4600F0A3FB06460028E1D15046216994
:1048E00000F0C0FAC7E700002DE9F04F98468B8929
:1048F00007461B060D4614469DB00ED50B6963B9DD
:10490000402100F017FB2860286120B90C233B6090
:104910004FF0FF30D1E040236B6100230993202347
:104920008DF8293030234FF00109CDF80C80DFF8E5
:10493000A4818DF82A3023469A4613F8012B0AB138
:10494000252AF9D1BAEB040B0BD05B462246294647
:104950003846FFF76DFF013000F0AA80099A5A44EB
:1049600009929AF80030002B00F0A28000234FF04B
:10497000FF32CDE905230AF1010A049307938DF86C
:1049800053301A935446052214F8011B514800F085
:1049900041FA049AD8B9D00644BF20238DF8533089
:1049A000110744BF2B238DF853309AF800302A2B7F
:1049B00015D0544600204FF00A0C079A214611F8F2
:1049C000013B303B092B4ED9B0B1079214E0A0EB6C
:1049D000080309FA03F31343A2460493D2E7039BA7
:1049E000191D1B680391002BBBBF5B4242F0020202
:1049F00007930793B8BF049223782E2B0CD16378CA
:104A00002A2B35D1039B02341A1D1B680392002BFD
:104A1000B8BF4FF0FF330593DFF8BCA00322504628
:104A2000217800F0F7F940B14023A0EB0A0003FA27
:104A300000F0049B01340343049314F8011B062285
:104A400026488DF8281000F0E5F9002838D0244BCE
:104A50001BBB039B073323F0070308330393099B16
:104A60003344099367E70C4601200CFB0232A5E7AB
:104A700000234FF00A0C194601340593204610F824
:104A8000012B303A092A03D9002BC5D00591C3E781
:104A9000044601230CFB0121F0E703AB00932A46F7
:104AA0003846104B04A9AFF30080421C0646D6D10D
:104AB000AB895B063FF52CAF09981DB0BDE8F08FC0
:104AC00003AB00932A463846064B04A900F07CF855
:104AD000EBE700BF488201084E82010852820108BC
:104AE00000000000314801082DE9F04716469946BC
:104AF0008A680B6907469342B8BF1346336091F842
:104B000043200C46DDF820800AB10133336023686E
:104B1000990642BF336802333360256815F00605F5
:104B200006D104F1190AE36832689B1AAB4228DC0B
:104B300094F84320131E226818BF012392062DD437
:104B40004946384604F14302C047013020D023686B
:104B5000E56803F00603042B18BF002532684FF008
:104B60000006A36808BFAD1A226908BF25EAE575EB
:104B70009342C4BF9B1AED181A34B5421AD10020D3
:104B800008E00123524649463846C047013003D168
:104B90004FF0FF30BDE8F0870135C4E73020E11861
:104BA00081F843005A1C94F845102244023382F8DD
:104BB0004310C5E70123224649463846C047013025
:104BC000E6D00136D9E700002DE9FF470F7E914678
:104BD000782F80460C469A460C9D01F1430207D877
:104BE000622F0AD8002F00F0D980582F00F0A4803F
:104BF00004F1420584F842703AE0A7F16303152BF3
:104C0000F6D801A151F823F0614C0108754C010858
:104C1000F14B0108F14B0108F14B0108F14B010880
:104C2000754C0108F14B0108F14B0108F14B0108EB
:104C3000F14B0108834D0108A54C0108654D0108A1
:104C4000F14B0108F14B0108A54D0108F14B01089A
:104C5000A54C0108F14B0108F14B01086D4D01080D
:104C60002B681A1D1B682A6004F1420584F8423043
:104C70000123A4E020682968060601F104030AD58F
:104C80000E682B60002E03DA2D23764284F8433021
:104C90000A235E4819E00E6810F0400F2B6018BF21
:104CA00036B2EFE72B682068191D2960010601D58F
:104CB0001E6802E04606FBD51E886F2F0CBF082336
:104CC0000A235248002184F843106568002DA8BFCC
:104CD0002168A560A4BF21F0040121600EB9002D58
:104CE0004DD01546B6FBF3F103FB1167C75D05F820
:104CF000017D3746BB420E46F4D9082B0BD1236801
:104D0000DE0708D5236961689942DEBF302305F8C4
:104D1000013C05F1FF35521B22614B4621464046BE
:104D2000CDF800A003AAFFF7DFFE01304CD14FF011
:104D3000FF3004B0BDE8F087344881F84570296839
:104D4000236851F8046B29601D0614D5DF0744BFA2
:104D500043F0200323601EB9236823F0200323605F
:104D60001023AFE7236843F020032360782328480B
:104D700084F84530E3E7590648BFB6B2E6E7154682
:104D8000BBE72B682668181D6169286035061B681B
:104D900001D5196002E07006FBD519800023154685
:104DA0002361BAE72B6800211A1D2A601D6862681A
:104DB000284600F02FF808B1401B6060636823614B
:104DC000002384F84330A8E72A4649464046236931
:104DD000D0470130ABD023689B0713D4E068039B16
:104DE0009842B8BF1846A4E70123324649464046D8
:104DF000D04701309BD00135E36803995B1AAB4281
:104E0000F2DCEBE7002504F11906F5E75982010809
:104E10006A820108034610B5C9B20244934218469B
:104E200001D1002003E0047801338C42F6D110BD9B
:104E3000884210B501EB020402D98442234607D808
:104E4000431EA14208D011F8012B03F8012FF8E707
:104E5000014602448A4200D110BD13F8014D02F808
:104E6000014DF7E738B50546002940D051F8043C1C
:104E70000C1F002BB8BFE41800F010F91C4A13688F
:104E800033B9636014602846BDE8384000F00CB9BF
:104E9000A34208D9206821188B4201BF19685B68BA
:104EA00009182160EDE71A465B680BB1A342FAD9F5
:104EB00011685018A0420BD1206801445018834259
:104EC0001160E0D118685B68014411605360DAE753
:104ED00002D90C232B60D6E7206821188B4201BF32
:104EE00019685B680918216063605460CBE738BDBE
:104EF000D037002070B50E4E0C463168054611B90A
:104F000000F0BCF830602146284600F0B7F8431C9A
:104F10000AD0C41C24F00304A04207D0211A28465A
:104F200000F0ACF8013001D14FF0FF34204670BDE5
:104F3000D43700202DE9F041CD1C25F003050835BC
:104F40000C2D38BF0C25002D074601DBA94205D9E1
:104F50000C2300263B603046BDE8F0812E4E00F069
:104F60009DF833681C4634BB29463846FFF7C2FF1C
:104F7000431C04464DD134682646002E40D1236898
:104F80003146384604EB030800F078F880453AD102
:104F9000216803356D1A25F0030508350C2D38BF3F
:104FA0000C2538462946FFF7A5FF01302BD0236892
:104FB0002B4423600EE02268521B1ED40B2A16D904
:104FC0006119A342256018BF5960636808BF31604A
:104FD00062514B60384604F10B0600F065F826F08C
:104FE0000706231DF21AB6D09B1BA350B3E76268D5
:104FF000A3420CBF32605A60ECE723466468B2E714
:1050000034467668B9E70C2338463B6000F04CF82C
:10501000A1E72560DEE700BFD03700202DE9F04191
:10502000804614460E4621B91146BDE8F041FFF70F
:1050300081BF2AB9FFF716FF25462846BDE8F08153
:1050400000F038F88442074602D8B4EB500F12D86B
:1050500021464046FFF76EFF05460028EDD0BC42D2
:105060002246314628BF3A46FFF7ACFB3146404660
:10507000FFF7F8FEE1E73546DFE7000038B500232B
:10508000054D044608462B60FFF7ACFA431C02D1DD
:105090002B6803B1236038BDD8370020014800F0E9
:1050A00011B800BFDC370020014800F00CB800BF89
:1050B000DC37002051F8043C181F002BBCBF0B58F4
:1050C000C018704770477047F8B500BFF8BC08BCFF
:1050D0009E467047F8B500BFF8BC08BC9E467047B6
:1050E000E4BCA0E6849FE599A8E5878FE9809FE569
:1050F0008A9FE883BDE5B7B2E5BC80E590AFEFBC21
:105100008CE8AFB7E585B3E997ADEFBC810000004F
:10511000506C65617365207475726E206F666620D1
:1051200073656E736F7220646563656C657261741C
:10513000696F6E2100000000E5BD93E5898DE6846E
:105140009FE5BA94E599A8E6A8A1E5BC8FE4B88DDF
:10515000E58FAFE98089E6ADA4E6A8A1E5BC8FEFB5
:10516000BC81000046656564206D6F646520646FD6
:105170006573206E6F7420737570706F7274207415
:1051800068697320666561747572652E00000000A1
:10519000C1AABBFAC4A3CABDBDFBD6B9B2D9D7F761
:1051A000A3A100004F6E6C696E65206D6F64652071
:1051B00070726F686962697473206F706572617470
:1051C000696F6E2100000000C7EBD1A1D4F1D3C3F9
:1051D000BBA7A3A100000000506C6561736520733C
:1051E000656C65637420757365722100C7EBCAE452
:1051F000C8EBC3DCC2EBA3A100000000506C6561EA
:10520000736520656E7465722070617373776F7259
:1052100064210000202020202020000055736572AA
:105220002020202000000000C3DCC2EBB4EDCEF350
:105230000000000057726F6E672070617373776FA4
:105240007264210056656E646F72202000000000B9
:105250005375706572202020000000005573657240
:105260002020000056656E646F720000B5C7B3F66B
:10527000D6D02E2E2E0000004C6F6767696E672017
:105280006F75742E2E2E0000D2D1CDCBB3F6B5C7DC
:10529000C2BC00004C6F6767696E67206F75740051
:1052A000D3C3BBA7B5C7C2BC00000000557365726D
:1052B000204C6F67696E0000C7EBCAE4C8EBBEC93B
:1052C000C3DCC2EBA3A10000506C6561736520656F
:1052D0006E746572206F6C642070617373776F7287
:1052E00064210000C7EBCAE4C8EBD0C2C3DCC2EB48
:1052F000A3A10000506C6561736520656E746572D2
:10530000206E65772070617373776F72642100007F
:10531000C7EBCAE4C8EBC8B7C8CFD0C2C3DCC2EB86
:10532000A3A10000506C6561736520656E746572A1
:105330002061206E65772070617373776F726420CF
:10534000746F20636F6E6669726D2100C3DCC2EBFF
:10535000D0DEB8C4CDEAB3C9000000005061737359
:10536000776F7264206368616E676520636F6D702C
:105370006C657465642E0000C3DCC2EBB2BBD2BBAB
:10538000D6C200005468652070617373776F7264D1
:10539000732061726520696E636F6E7369737465E3
:1053A0006E742E0050617373776F7264206368614E
:1053B0006E676520636F6D706C65746564000000D6
:1053C000BFD5C5DCC4A3CABDD4CBD0D0D6D0A3A191
:1053D000000000004167696E67206D6F6465206999
:1053E000732072756E6E696E67210000C7EBB5C8D9
:1053F000B4FDB5B1C7B0B6AFD7F7BDE1CAF8A3A148
:10540000000000007761697420666F72207468651F
:105410002063757272656E7420616374696F6E20AB
:10542000746F20656E642100CFC8CDA3D6B9C8CEF5
:10543000CEF1000053746F7020746865207461733E
:105440006B20666972737400C7D0BBBBB5BDBFD596
:10545000C5DCC4A3CABD2E00537769746368207489
:105460006F20616E696E67206D6F64652E000000AD
:10547000BAF3B3B7B9A6C4DCD2D1C6C1B1CEA3A129
:10548000000000004261636B2066756E6374696F93
:105490006E206973206E6F7420656E61626C656446
:1054A0002E000000CCE1CABED0C5CFA2A3BABAF389
:1054B000B3B7D0D0B3CC31CEB4C9E8D6C3A3A10022
:1054C0005469703A20526574726561742073747205
:1054D0006F6B652031206973206E6F742073657463
:1054E00021000000C7EBCFC8B8B4CEBBA3A1000019
:1054F000506C6561736520726573657420666972AE
:1055000073742E00CFC8CDEAB3C9BAF3B3B7B6FEF1
:10551000B6CEA3A100000000436F6D706C6574658A
:1055200020746865207365636F6E642072657472A1
:10553000656174206669727374210000CFC2CAD598
:10554000C1CFB9A6C4DCCEB4C6F4D3C3A3A10000B6
:10555000444F574E2052656379636C652066696CD1
:105560006D2066656174757265206E6F7420656E5E
:1055700061626C65642E0000C9CFCAD5C1CFB9A6DF
:10558000C4DCCEB4C6F4D3C3A3A10000555020524E
:10559000656379636C652066696C6D20666561740E
:1055A000757265206E6F7420656E61626C65642E25
:1055B00000000000C7EBCFC8B3F5CABCBBAFB2D97F
:1055C000D7F7A3A100000000506C656173652069E6
:1055D0006E697469616C697A652066697273742199
:1055E000000000004C6F7765722066696C6D206664
:1055F000656174757265206E6F7420656E61626C92
:1056000065642E00CFC2CAD5C1CFC6F4B6AFD0C52F
:10561000BAC50000CFC2CAD5C1CFCDA3D6B9D0C5B7
:10562000BAC500004C6F7765722066696C6D207397
:1056300074617274207369676E616C004C6F77657A
:10564000722066696C6D2073746F70207369676E69
:10565000616C0000B1B8D3C30000000053706172E8
:105660006500000055707065722066696C6D20667B
:10567000656174757265206E6F7420656E61626C11
:1056800065642E00C9CFCAD5C1CFC6F4B6AFD0C5A8
:10569000BAC50000C9CFCAD5C1CFCDA3D6B9D0C530
:1056A000BAC5000055707065722066696C6D207314
:1056B00074617274207369676E616C0055707065F7
:1056C000722066696C6D2073746F70207369676EE9
:1056D000616C0000B4ABB8D0C6F7BCF5CBD9B9A6A5
:1056E000C4DCD2D1BFAAC6F4A3ACC7EBB9D8B1D53C
:1056F000A3A10000506C65617365207475726E2003
:105700006F66662073656E736F7220646563656C87
:1057100065726174696F6E2100000000B5B1C7B099
:10572000B8D0D3A6C6F7C4A3CABDB2BBBFC9D1A166
:10573000B4CBC4A3CABDA3A1000000004665656444
:10574000206D6F646520646F6573206E6F742073C5
:105750007570706F72742074686973206665617407
:105760007572652E000000002020202020202020BF
:1057700020202020202020202020202000000000A9
:10578000D5FDD4DABBD6B8B4B3F6B3A7B2CECAFD52
:105790002E2E2E00526573746F72696E67206661DB
:1057A00063746F727920706172616D657465727374
:1057B0002E2E2E00202020202020202020202020DF
:1057C00020202020202020202020202020202020D9
:1057D0002020202020202020202020200000000049
:1057E000BBD6B8B4CDEAB3C92C20C7EBB6CFB5E76A
:1057F000D6D8C6F4A3A10000506C65617365207013
:105800006F776572206F666620616E6420726573C3
:105810007461727421000000CBCDC1CFCAA7B0DC87
:10582000B2BBC7D0BBBBCDA3D6B9D2D1BFAAC6F439
:105830000000000046656564696E67206661696CFA
:1058400075726520646F65736E2774207377697451
:1058500063682073746F7020697320656E61626C79
:1058600065640000C9CFB9E2CFCBCAB5CAB1CAE4FA
:10587000B3F6D3D0C1CFD0C5BAC5D2D1BFAAC6F472
:10588000A3A100004F70746963616C206669626552
:1058900072207265616C2D74696D65206F7574700E
:1058A0007574207369676E616C206973204F4E2E8A
:1058B00000000000B4ABB8D0C6F7C6F8B8D70000F7
:1058C000B4ABB8D0C6F7C6F8B8D7D4ADB5E3D0C539
:1058D000BAC50000B4ABB8D0C6F7C6F8B8D7B6AFF3
:1058E000B5E3D0C5BAC5000053656E736F7220432F
:1058F000796C696E6465720053656E736F722063B4
:10590000796C696E646572206F726967696E0000F8
:1059100053656E736F722063796C696E6465722073
:105920006D6F76696E670000D7A2D2E2A3BABFAAF4
:10593000C6F4B4CBC4A3CABDD3D0D2BBB6A8B5C439
:10594000CEA3CFD5A3A100004E6F74653A547572F3
:105950006E696E672074686973206665617475721C
:1059600065206F6E2069732064616E6765726F7564
:10597000732E0000B4ABB8D0C6F7C6F8B8D7B9A636
:10598000C4DCD2D1BFAAC6F4A3ACC7EBB9D8B1D599
:10599000A3A10000506C65617365207475726E2060
:1059A0006F6666207468652073656E736F7220631E
:1059B000796C696E6465722066756E6374696F6E6A
:1059C00021000000CFC2B9E2CFCBBCECB2E2D0C51F
:1059D000BAC50000C9CFB9E2CFCBBCECB2E2D0C5AA
:1059E000BAC500004C6F7765722064657465637496
:1059F000696F6E206669626572000000557070659F
:105A00007220646574656374696F6E20666962658F
:105A1000720000004F70746963616C206669626592
:105A200072207265616C2D74696D65206F7574707C
:105A30007574207369676E616C206973204F4E2105
:105A400000000000B1EAC7A9B6A8CEBBD0C5BAC550
:105A500000000000BFAACABCBCF5CBD9D0C5BAC5EE
:105A6000000000004C6162656C206C6F63617469BA
:105A70006F6E207369676E616C0000005374617211
:105A80007420736C6F77646F776E207369676E61D3
:105A90006C000000D7D4B6AFCBCDC1CFB9A6C4DC63
:105AA000D2D1BFAAC6F4A3ACC7EBB9D8B1D5A3A1D4
:105AB00000000000506C6561736520636C6F736556
:105AC00020746865206175746F6D61746963206608
:105AD000656564696E672066756E6374696F6E21B3
:105AE00000000000C4DAB2BFBCB1CDA3D0C5BAC5B6
:105AF00000000000496E7465726E616C20452D7364
:105B0000746F70207369676E616C0000B1EAC7A999
:105B1000D3D0CEDED0C5BAC5000000005265616C9E
:105B20002D74696D6520746167207369676E616C9F
:105B30000000000030303030303000003635343373
:105B4000323100003732393138330000B5C8B4FD86
:105B5000BDE2B3FDBCB1CDA3A3A1A3A1A3A100004D
:105B6000506C656173652072656C65617365207446
:105B7000686520452D73746F70212121000000009D
:105B8000C1AABBFAC4A3CABDBDFBD6B9B2D9D7F767
:105B9000A3A100004F6E6C696E65206D6F64652077
:105BA00070726F686962697473206F706572617476
:105BB000696F6E2100000000BFD5C5DCC4A3CABD5B
:105BC000D4CBD0D0D6D0A3A1000000004167696E2D
:105BD00067206D6F64652069732072756E6E696EE3
:105BE00067210000C7EBCFC8B8B4CEBBA3A10000AB
:105BF000506C6561736520726573657420666972A7
:105C000073742E00D1B9C1CFC6F8B8D7C9ECB3F6BA
:105C10002E000000546865207072657373696E67AA
:105C20002063796C696E64657220657874656E6452
:105C3000732E0000B0FEB5B6C2FDCBD9BAF3B3B730
:105C4000BFAACABC2E000000536C6F772073747219
:105C5000697070696E67207374617274732E0000CE
:105C6000B0FEB5B6BAF3B3B7BFAACABC2E000000E7
:105C7000537472697070696E6720626567696E73CC
:105C80002E000000B1A8BEAFD0C5CFA2A3BAB0FE0F
:105C9000C1CFBAF3B3B7CAA7B0DCA3A1000000001C
:105CA000416C61726D20696E666F3A4661696C6520
:105CB0006420746F207065656C206261636B2100E5
:105CC000B0FEB5B6BAF3B3B7B5BDCEBB2E0000007B
:105CD000537472697070696E6720636F6D706C6564
:105CE0007465642E00000000B5C8B4FDB0FEC1CFDD
:105CF000D0C5BAC5B6CFBFAA2E00000057616974DF
:105D000020666F72207468652073747269707069A0
:105D10006E67207369676E616C20746F20646973AD
:105D2000636F6E6E6563742E00000000B5C8B4FD2D
:105D300032B4CEB0FEC1CFD0C5BAC52E000000002F
:105D40005761697420666F7220746865207365639B
:105D50006F6E6420737472697070696E6720736906
:105D6000676E616C2E00000032B4CEB0FEB5B6BADC
:105D7000F3B3B7BFAACABC2E00000000537461720F
:105D800074206F6620746865207365636F6E64208D
:105D9000737472697070696E672E000032B4CEB091
:105DA000FEB5B6BAF3B3B7B5BDCEBB2E000000004A
:105DB0005365636F6E6420737472697070696E6787
:105DC00020636F6D706C657465642E00B0FEB5B6AF
:105DD000B8B4CEBBBFAACABC2E2E2E0053747269B3
:105DE0007070696E67207265736574207374617278
:105DF00074732E2E2E000000CBCDC1CFD6D02E2E08
:105E00002E2E2E2E0000000046656564696E672EFA
:105E10002E2E0000B1A8BEAFD0C5CFA2A3BACEB47B
:105E2000BCECB2E2B5BDD4ADB5E3D0C5BAC5A3A153
:105E300000000000416C61726D20696E666F3A4E21
:105E40006F206F726967696E207369676E616C207D
:105E5000646574656374656421000000B0FEB5B6C6
:105E6000B8B4CEBBBDE1CAF82E000000537472690D
:105E70007070696E6720726573657420636F6D70F2
:105E80006C657465642E0000CCE1CABED0C5CFA29B
:105E9000A3BACBCDC1CFCAA7B0DCA3ACBCECB2E2F5
:105EA000B5BDC1CFA3A10000546970733A466565C2
:105EB00064696E67206661696C65642C206C616240
:105EC000656C20646574656374656421000000007E
:105ED000C2FDCBD9D1B0B1EAD6D02E2E2E00000013
:105EE000496E20736C6F77207365617263682E0052
:105EF0002564000020202020202020200000000019
:105F0000CBCDC1CFCDEAB3C92E0000004665656494
:105F1000696E6720636F6D706C657465642E000038
:105F2000CCE1CABED0C5CFA2A3BACBCDC1CFCAA740
:105F3000B0DCA3ACCEB4BCECB2E2B5BDC1CFA3A182
:105F400000000000546970733A46656564696E67C5
:105F5000206661696C65642C206C6162656C206EE2
:105F60006F742064657465637465642100000000CB
:105F7000B1A8BEAFD0C5CFA2A3BAC1CFB4F8D3C326
:105F8000CDEAA3ACC7EBB2B9B3E4D0C2C1CFA3A1F1
:105F900000000000416C61726D20696E666F3A54BA
:105FA0006865206D6174657269616C206F766572D9
:105FB0002C706C6561736520616464206E65772068
:105FC0006D6174657269616C21000000CBCDC1CF39
:105FD000D6D02E2E2E000000B1A8BEAFD0C5CFA2C5
:105FE000A3BACBCDC1CFCAA7B0DCA3ACCEB4BCECB6
:105FF000B2E2B5BDC1CFA3A100000000416C617247
:106000006D20696E666F3A46656564696E672066E5
:1060100061696C65642C206C6162656C206E6F74C4
:10602000206465746563746564210000BFD5C5DCB8
:10603000BFAACABC2E2E2E00496E206167696E670A
:106040002E2E2E00CBCDC1CFBDE1CAF82E00000010
:10605000B1DCBFAAD4ADB5E32E2E2E0041766F6918
:106060006420746865206F726967696E2E2E2E0039
:10607000BCECB2E2D4ADB5E32E2E2E004261636BD0
:1060800020746F206F726967696E2E00B1A8BEAF71
:10609000D0C5CFA2A3BAB1DCBFAAD4ADB5E3CAA71D
:1060A000B0DCA3A100000000416C61726D20696E3C
:1060B000666F3A4661696C656420746F2061766F23
:1060C0006964206F726967696E210000BBD8D4AD26
:1060D000B5E3CDEAB3C92E004261636B20746F2033
:1060E0006F726967696E20636F6D706C6574652E81
:1060F00000000000BFD5C5DCC4A3CABDBDFBD6B936
:10610000B2D9D7F7A3A100004167696E67206D6F10
:10611000646520696E686962697473206F70657266
:106120006174696F6E210000C7EBB5C8B4FDB5B1ED
:10613000C7B0B6AFD7F7BDE1CAF8A3A10000000011
:106140007761697420666F72207468652063757268
:1061500072656E7420616374696F6E20746F206560
:106160006E64210030000000BBBBC1CFB6AFD7F7D3
:10617000CDEAB3C92E000000546865206D617465D6
:106180007269616C206368616E6765206163746920
:106190006F6E20697320636F6D706C657465642128
:1061A00000000000BBBBC1CFB6AFD7F7CDEAB3C983
:1061B000A3ACC7EBB8FCBBBBCEEFC1CFA3A1000023
:1061C000BFAACABCB3F5CABCBBAF2E005374617280
:1061D0007420696E697469616C697A6174696F6E43
:1061E0002E000000C7E5B3FDBDBBBBA5D0C5BAC539
:1061F0002E000000436C65617220696E74657261E7
:106200006374697665207369676E616C2E000000A7
:10621000B8B4CEBBD6D02E2E2E0000004261636BE8
:1062200020746F206F726967696E2E2E2E00000039
:10623000B3F5CABCBBAFCDEAB3C9A3A1000000004F
:10624000496E697469616C697A6174696F6E2069FD
:106250007320636F6D706C6574652100B1A8BEAF6B
:10626000CCE1CABEA3BAB0FEB5B6B8B4CEBBBCECE6
:10627000B2E2B5BDCEEFCCE5A3A10000416C6172E6
:106280006D20696E666F3A20537472697070696E22
:1062900067206B6E6966652072657365742064653E
:1062A000746563746564206F626A656374210000BD
:1062B000B1A8BEAFD0C5CFA2A3BACBCDC1CFD0D0ED
:1062C000B3CCD7DFCDEAA3ACCEB4BCECB2E2B5BD63
:1062D000D3D0C1CFA3A10000416C61726D20696E63
:1062E000666F3A66656564696E67206F7672652CC5
:1062F0006E6F206D6174657269616C2069732064D2
:106300006574656374656421000000005549BDF43F
:10631000BCB1CDA3D6B9B6AFD7F7A3A1000000009A
:10632000554920452D73746F7020616374696F6ED9
:1063300021000000CDE2B2BF494FCDA3D6B9B6AF20
:10634000D7F7A3A10000000045787465726E616CF8
:1063500020494F2073746F7020616374696F6E2ED3
:1063600000000000B4A5B7A2BCB1CDA3A3ACCDA3DF
:10637000D6B9CBF9D2D4B6AFD7F7A3A100000000AD
:106380005472696767657220656D657267656E63D3
:10639000792073746F702C2073746F7020616C6C33
:1063A00020616374696F6E73210000005549CDA3AD
:1063B000D6B9B6AFD7F7A3A10000000055492073A6
:1063C000746F7020616374696F6E2E00D1B9C1CF94
:1063D000C6F8B8D7D1B9BDF42E000000D1B9C1CFED
:1063E000C6F8B8D7CBF5BBD82E000000546865209E
:1063F0007072657373696E672063796C696E64652A
:10640000722072657472616374732E00D1B9C1CF4A
:10641000C6F8B8D7CBC9BFAA2E000000B4ABB8D01D
:10642000C6F7C6F8B8D7C9ECB3F62E005468652095
:1064300053656E736F722063796C696E6465722048
:10644000657874656E64732E00000000B1A8BEAF5D
:10645000D0C5CFA2A3BAB4ABB8D0C6F7C6F8B8D7E8
:10646000C9ECB3F6D2ECB3A3A3A10000416C6172F6
:106470006D20696E666F3A61626E6F726D616C203D
:10648000657874656E73696F6E206F662073656ED4
:10649000736F722063796C696E646572210000000D
:1064A000B4ABB8D0C6F7C6F8B8D7CBF5BBD82E007A
:1064B0005468652053656E736F722063796C696EE2
:1064C0006465722072657472616374732E000000DB
:1064D000B1A8BEAFD0C5CFA2A3BAB4ABB8D0C6F7EF
:1064E000C6F8B8D7CBF5BBD8D2ECB3A321000000D7
:1064F000416C61726D20696E666F3A61626E6F7297
:106500006D616C207265747261637473206F6620B4
:1065100073656E736F722063796C696E6465722146
:1065200000000000BCD0C1CFC6F8B8D7CBF5BBD8AF
:106530002E000000BCD0C1CFC6F8B8D7CBC9BFAAC7
:106540002E000000BCD0C1CFC6F8B8D7BCD0BDF477
:106550002E000000C7D0BBBBB5BDC1AABBFAC4A307
:10656000CABD2E0053776974636820746F206F6E04
:106570006C696E65206D6F64652E0000CCE1CABE4B
:10658000D0C5CFA2A3BAC7EBCFC8B3F5CABCB6AFCC
:10659000D7F72E00546970733A506C6561736520AB
:1065A000696E697469616C697A6520666972737471
:1065B0002E000000C7D0BBBBB5BDB5F7CAD4C4A37D
:1065C000CABD2E0053776974636820746F206465B8
:1065D000627567206D6F64652E000000CBCDC1CF62
:1065E000CEA2B5F7CDEAB3C92E00000046656564BA
:1065F0002066696E652D74756E696E6720636F6DB8
:10660000706C657465642E00B0FEC1CFCEA2B5F784
:10661000CDEAB3C92E000000537472697070696EC0
:10662000672066696E652D74756E696E6720636F8D
:106630006D706C657465642E00000000B1A8BEAF7B
:10664000D0C5CFA2A3BACBCDC1CFC7FDB6AFC6F7D9
:10665000B1A8BEAFA3A10000416C61726D20696E4C
:10666000666F3A46656564696E672064726976652F
:106670007220616C61726D2100000000B1A8BEAF94
:10668000D0C5CFA2A3BAB0FEC1CFC7FDB6AFC6F783
:10669000B1A8BEAFA3A10000416C61726D20696E0C
:1066A000666F3A20537472697070696E6720647205
:1066B0006976657220616C61726D21002020202056
:1066C00020202020202020202020202020202020CA
:1066D00020202020202020202020202020202020BA
:1066E00020202020202020202020202020202000CA
:1066F000202020202020202020202020202020209A
:106700002020202020202020202020202020202089
:106710002020202020202020202020202020202079
:10672000202000005AA5058200000000B2CECAFD5C
:10673000D4BDBDE72CC9E8D6C3B7B6CEA7312D323C
:1067400030300000506172616D657465722069734C
:1067500020696E76616C69642C73657474696E6708
:106760002072616E67653A312D32303000000000D2
:10677000B2CECAFDD4BDBDE72CC9E8D6C3B7B6CEEC
:10678000A7312D3135300000506172616D6574653F
:106790007220697320696E76616C69642C7365740C
:1067A00074696E672072616E67653A312D313530DC
:1067B00000000000B2CECAFDD4BDBDE72CC9E8D6AA
:1067C000C3B7B6CEA7322D3230303000506172617F
:1067D0006D6574657220697320696E76616C696499
:1067E0002C73657474696E672072616E67653A32E6
:1067F0002D32303030000000B2CECAFDD4BDBDE72E
:106800002CC9E8D6C3B7B6CEA7302D333030000040
:10681000506172616D6574657220697320696E766E
:10682000616C69642C73657474696E672072616E43
:1068300067653A302D33303000000000B2CECAFD1B
:10684000D4BDBDE72CC9E8D6C3B7B6CEA7302D3529
:1068500030300000506172616D657465722069733B
:1068600020696E76616C69642C73657474696E67F7
:106870002072616E67653A302D35303000000000BF
:10688000B2CECAFDD4BDBDE72CC9E8D6C3B7B6CEDB
:10689000A7312D3130300000506172616D65746533
:1068A0007220697320696E76616C69642C736574FB
:1068B00074696E672072616E67653A312D313030D0
:1068C00000000000B2CECAFDD4BDBDE72CC9E8D699
:1068D000C3B7B6CEA7302D313000000050617261D1
:1068E0006D6574657220697320696E76616C696488
:1068F0002C73657474696E672072616E67653A30D7
:106900002D313000B2CECAFDD4BDBDE72CC9E8D6CA
:10691000C3B7B6CEA7312D39393900005061726145
:106920006D6574657220697320696E76616C696447
:106930002C73657474696E672072616E67653A3195
:106940002D39393900000000B2CECAFDD4BDBDE7F3
:106950002CC9E8D6C3B7B6CEA7302E312D322E358E
:1069600000000000506172616D657465722069738A
:1069700020696E76616C69642C73657474696E67E6
:106980002072616E67653A302E312D322E3500004F
:10699000B2CECAFDD4BDBDE72CC9E8D6C3B7B6CECA
:1069A000A7312D3400000000506172616D6574657F
:1069B0007220697320696E76616C69642C736574EA
:1069C00074696E672072616E67653A312D3400001C
:1069D0002A2A2A2A2A2A000055736572202020209C
:1069E0000000000056656E646F72202000000000F9
:1069F000537570657220202000000000D3C3BBA730
:106A0000B5C7C2BC0000000055736572204C6F67AB
:106A1000696E0000D1B9C1CFC6F8B8D70000000038
:106A2000BCD0C1CFC6F8B8D700000000B4ABB8D016
:106A3000C6F7C6F8B8D70000B1B8D3C3000000004D
:106A4000B3F5CABCBBAFCDEAB3C9D0C5BAC5000067
:106A5000D2ECB3A3B1A8BEAFD0C5BAC50000000048
:106A6000B0FEC1CFCDEAB3C9D0C5BAC500000000A1
:106A700020CBCDC1CFCDEAB3C9D0C5BAC520000067
:106A8000CBCDC1CFD0C5BAC500000000B0FEC1CF8C
:106A9000D0C5BAC500000000B3F5CABCBBAFD0C5B5
:106AA000BAC50000CDA3D6B9D0C5BAC52000000034
:106AB000BAF3B3B7BEEDCABDB9A9C1CFC6F70000DE
:106AC0004152442D4C42482D41312D41452D434EDC
:106AD000454E00004152442D32324D2D313249385D
:106AE0004F2D41452D41000056312E302E3420329D
:106AF0003032363033313900B9A9C1CFC6F7D4AD01
:106B0000B5E3D0C5BAC50000B1EAC7A9B6A8CEBBE7
:106B1000D0C5BAC500000000BFAACABCBCF5CBD91D
:106B2000D0C5BAC500000000B1EAC7A9D3D0CEDEF7
:106B3000D0C5BAC500000000CFC2B9E2CFCBBCECD3
:106B4000B2E2D0C5BAC50000C9CFB9E2CFCBBCEC28
:106B5000B2E2D0C5BAC50000B1EAC7A9BEEDC1CF47
:106B6000BCECB2E2D0C5BAC500000000C9CFCAD59E
:106B7000C1CFC6F4B6AFD0C5BAC50000C9CFCAD51B
:106B8000C1CFCDA3D6B9D0C5BAC50000CFC2CAD532
:106B9000C1CFC6F4B6AFD0C5BAC50000CFC2CAD502
:106BA000C1CFCDA3D6B9D0C5BAC50000B4ABB8D05B
:106BB000C6F7C6F8B8D7D4ADB5E3D0C5BAC500009E
:106BC000B4ABB8D0C6F7C6F8B8D7B6AFB5E3D0C542
:106BD000BAC50000B0FEB5B6B8B4CEBBBCECB2E2EC
:106BE000D0C5BAC500000000C4DAB2BFBCB1CDA3A5
:106BF000D0C5BAC500000000456E676C69736800B7
:106C000050726573732043796C696E64657200001D
:106C1000436C616D702043796C696E64657200002D
:106C200053656E736F722043796C696E6465720090
:106C3000537061726500000020496E697469616C6F
:106C4000697A65204F4B000041626E6F726D616C16
:106C500020616C61726D0000537472697020636F03
:106C60006D706C6574650000204665656420636F17
:106C70006D706C65746500004665656420736967B6
:106C80006E616C00537472697070696E672073690D
:106C9000676E616C00000000496E697469616C691F
:106CA0007A6174696F6E207369676E616C000000B1
:106CB00053746F70207369676E616C0052657472F3
:106CC00061637461626C6520726F6C6C20666565CF
:106CD00064657200466565646572206F72696769F4
:106CE0006E207369676E616C000000004C61626524
:106CF0006C206C6F636174696F6E207369676E617D
:106D00006C000000537461727420736C6F77646F51
:106D1000776E207369676E616C0000005265616C6C
:106D20002D74696D6520746167207369676E616C8D
:106D3000000000004C6F77657220646574656374B1
:106D4000696F6E206669626572000000557070653B
:106D50007220646574656374696F6E20666962652C
:106D6000720000004C6162656C20726F6C6C206474
:106D70006574656374696F6E207369676E616C001A
:106D800055707065722066696C6D207374617274E1
:106D9000207369676E616C0055707065722066695A
:106DA0006C6D2073746F70207369676E616C000086
:106DB0004C6F7765722066696C6D207374617274B4
:106DC000207369676E616C004C6F7765722066692D
:106DD0006C6D2073746F70207369676E616C000056
:106DE00053656E736F722063796C696E646572208F
:106DF0006F726967696E000053656E736F7220630E
:106E0000796C696E646572206D6F76696E670000DB
:106E1000416E74692D70696E636820646574656382
:106E200074696F6E207369676E616C00496E74657A
:106E3000726E616C20452D73746F70207369676E7C
:106E4000616C0000D6D0CEC400000000020304052F
:106E5000060708090A0B0C0D0E0F1010D3C3BBA7B1
:106E6000B5C7C2BC00000000CFB5CDB3D7D4B6AF14
:106E7000CDCBB3F6B3C9B9A62E0000005573657229
:106E8000204C6F67696E00004175746F20657869EA
:106E90007473207375636365737366756C6C792E98
:106EA00000000000202020202020202000000000E2
:106EB00030000000CCE1CABED0C5CFA2A3BAB5C88D
:106EC000B4FDBDE2B3FDBCB1CDA3A3A100000000A1
:106ED000546970733A57616974696E6720666F729E
:106EE0002072656C6561736520452D73746F702128
:106EF00000000000CCE1CABED0C5CFA2A3BABDE25B
:106F0000B3FDBCB1CDA3A3A1000000005469707310
:106F10003A52656C6561736520452D73746F7021FD
:106F200000000000CCE1CABED0C5CFA2A3BAB5C84C
:106F3000B4FDBDE2B3FDCDE2B2BFBCB1CDA3A3A110
:106F400000000000546970733A45787465726E6190
:106F50006C2065787465726E616C20452D73746F5A
:106F6000702073746174652100000000CCE1CABE1A
:106F7000D0C5CFA2A3BABDE2B3FDCDE2B2BFBCB1D2
:106F8000CDA3A3A100000000546970733A52656C50
:106F9000656173652065787465726E616C20452D3E
:106FA00073746F7021000000C7D0BBBBB5BDC1AA10
:106FB000BBFAC4A3CABD2E005377697463682074FA
:106FC0006F206F6E6C696E65206D6F64652E0000BA
:106FD000D7D4B6AFCBCDC1CFD6D02E2E2E00000049
:106FE0004175746F6D617469632066656564696E6F
:106FF000672E2E2E00000000C7EBCFC8B8B4CEBB62
:10700000A3A10000506C656173652072657365749F
:107010002066697273742E00CCE1CABED0C5CFA2BF
:10702000A3BABAF3B3B7D0D0B3CC31CEB4C9E8D693
:10703000C3A3A1005469703A2052657472656174EB
:10704000207374726F6B652031206973206E6F74CA
:107050002073657421000000BAF3B3B7B9A6C4DC8D
:10706000D2D1C6C1B1CEA3A1000000004261636BC2
:107070002066756E6374696F6E206973206E6F741D
:1070800020656E61626C65642E000000211FF43D76
:10709000D8F0F43D8FC2F53DB4C8F63D6B9AF73D8C
:1070A000226CF83DD93DF93DFE43FA3DB515FB3D57
:1070B0006DE7FB3D91EDFC3D48BFFD3D0091FE3D80
:1070C0002497FF3D6E34003E499D003E5C20013E0A
:1070D0003789013E4A0C023E2575023E38F8023ED1
:1070E0001361033E26E4033E014D043E14D0043EEA
:1070F000EF38053E02BC053EDD24063EF0A7063E05
:10710000CB10073EDE93073EB9FC073ECC7F083E1E
:10711000DE02093EBA6B093ECCEE093EDE710A3E44
:10712000BADA0A3ECC5D0B3EDFE00B3EF1630C3E6B
:10713000CDCC0C3EDF4F0D3EF2D20D3E04560E3E3E
:10714000E0BE0E3EF2410F3E05C50F3E1748103E11
:1071500029CB103E3C4E113E17B7113E2A3A123E43
:107160003CBD123E4F40133E61C3133E7446143E75
:1071700086C9143E984C153EABCF153EBD52163E07
:10718000D0D5163EE258173EF5DB173E075F183E96
:1071900019E2183E2C65193E3EE8193E516B1A3E25
:1071A0009A081B3EAC8B1B3EBF0E1C3ED1911C3E71
:1071B000E4141D3EF6971D3E3F351E3E52B81E3E5E
:1071C000643B1F3E77BE1F3EC05B203ED3DE203EA9
:1071D000E561213E2EFF213E4182223E5305233EA2
:1071E0009CA2233EAF25243EC1A8243E0B46253E4B
:1071F0001DC9253E6666263E79E9263EC286273EA3
:10720000D509283E1EA7283E302A293E7AC7293EA6
:107210008C4A2A3ED5E72A3EE86A2B3E31082C3EAE
:10722000448B2C3E8D282D3ED6C52D3EE9482E3E62
:1072300032E62E3E7B832F3E8E06303ED7A3303E75
:107240002041313E33C4313E7C61323EC5FE323E88
:107250000F9C333E5839343E6ABC343EB459353EF7
:10726000FDF6353E4694363E9031373ED9CE373E18
:10727000226C383E35EF383E7E8C393EC7293A3E87
:1072800011C73A3E5A643B3EA3013C3EED9E3C3E54
:10729000363C3D3E7FD93D3EC9763E3E12143F3ED0
:1072A0005BB13F3EDC68403E2506413E6EA3413E59
:1072B000B840423E01DE423E4A7B433E9318443E84
:1072C00014D0443E5D6D453EA60A463EF0A7463EBC
:1072D000705F473EB9FC473E029A483E4C37493EF4
:1072E000CCEE493E158C4A3E96434B3EDFE04B3E8A
:1072F000287E4C3EA8354D3EF2D24D3E728A4E3E1F
:10730000BB274F3E05C54F3E857C503ECE19513EB2
:107310004ED1513E986E523E1826533E98DD533E54
:10732000E17A543E6132553EABCF553E2B87563EF7
:10733000AB3E573EF5DB573E7593583EF54A593EF6
:107340003EE8593EBE9F5A3E3F575B3E88F45B3E47
:1073500008AC5C3E88635D3E091B5E3E89D25E3EA2
:10736000D26F5F3E5227603ED3DE603E5396613E51
:10737000D34D623E5305633ED3BC633E1D5A643E0B
:107380009D11653E1DC9653E9D80663E1D38673E68
:107390009EEF673E1EA7683E9E5E693E1E166A3ED1
:1073A0009FCD6A3E569F6B3ED6566C3E560E6D3E46
:1073B000D6C56D3E567D6E3ED7346F3E57EC6F3E60
:1073C0000EBE703E8E75713E0E2D723E8FE4723E83
:1073D0000F9C733EC66D743E4625753EC6DC753EF9
:1073E0007DAE763EFE65773E7E1D783E35EF783E7B
:1073F000B5A6793E355E7A3EEC2F7B3E6DE77B3E4F
:1074000024B97C3EA4707D3E24287E3EDBF97E3E7E
:107410005BB17F3E8941803E499D803E2506813E8D
:10742000E561813EC1CA813E9C33823E5C8F823ED3
:1074300038F8823EF853833ED3BC833EAF25843E6A
:107440006F81843E4BEA843E2653853EE6AE853E00
:10745000C217863E9D80863E79E9863E3945873E45
:1074600014AE873EF016883ECC7F883EA7E8883E63
:107470008351893E43AD893E1E168A3EFA7E8A3E7E
:10748000D5E78A3EB1508B3E8CB98B3E68228C3E4C
:10749000448B8C3E1FF48C3EFB5C8D3ED6C58D3EEE
:1074A000B22E8E3E8D978E3E69008F3E44698F3E90
:1074B00020D28F3EFB3A903ED7A3903EB30C913E34
:1074C0008E75913E85EB913E6154923E3CBD923E5D
:1074D0001826933EF38E933EEA04943EC66D943E86
:1074E000A1D6943E7D3F953E58A8953E4F1E963EB0
:1074F0002B87963E07F0963EFE65973ED9CE973E87
:10750000B537983EACAD983E8716993E7E8C993E35
:107510005AF5993E355E9A3E2CD49A3E083D9B3EE4
:10752000FFB29B3EDA1B9C3ED1919C3EADFA9C3E45
:10753000A4709D3E7FD99D3E764F9E3E52B89E3EA2
:10754000492E9F3E24979F3E1B0DA03E1283A03ED6
:10755000EEEBA03EE561A13EC1CAA13EB840A23E0D
:10756000AEB6A23E8A1FA33E8195A33E780BA43EF1
:107570006F81A43E4BEAA43E4260A53E39D6A53EAB
:10758000304CA63E0BB5A63E022BA73EF9A0A73E67
:10759000F016A83EE78CA83EC3F5A83EBA6BA93EFC
:1075A000B1E1A93EA857AA3E9FCDAA3E9643AB3E65
:1075B0008CB9AB3E832FAC3E7AA5AC3E560EAD3EA9
:1075C0004D84AD3E44FAAD3E3B70AE3E32E6AE3E3B
:1075D000295CAF3E20D2AF3E1748B03E0EBEB03E53
:1075E0002041B13E17B7B13E0E2DB23E05A3B23ECB
:1075F000FC18B33EF38EB33EEA04B43EE17AB43EE7
:10760000D8F0B43ECF66B53EE2E9B53ED95FB63EAE
:10761000D0D5B63EC74BB73EBEC1B73ED044B83E4C
:10762000C7BAB83EBE30B93EB5A6B93EAC1CBA3EEC
:10763000BE9FBA3EB515BB3EAC8BBB3EBF0EBC3E3B
:10764000B684BC3EADFABC3EBF7DBD3EB6F3BD3E8A
:10765000AD69BE3EC0ECBE3EB762BF3EAED8BF3ED7
:10766000C05BC03EB7D1C03EAE47C13EC1CAC13EFD
:10767000B840C23ECAC3C23EC139C33ED3BCC33EFA
:10768000CA32C43EC1A8C43ED42BC53ECBA1C53E20
:10769000DD24C63ED49AC63EE71DC73EDE93C73EF4
:1076A000F016C83EE78CC83EF90FC93EF085C93ECA
:1076B0000309CA3E158CCA3E0C02CB3E1F85CB3E49
:1076C00016FBCB3E287ECC3E3B01CD3E3277CD3EF5
:1076D00044FACD3E3B70CE3E4DF3CE3E6076CF3E7B
:1076E00057ECCF3E696FD03E7CF2D03E7368D13EFE
:1076F00085EBD13E986ED23E8FE4D23EA167D33E59
:10770000B3EAD33EAA60D43EBDE3D43ECF66D53EB5
:10771000E2E9D53ED95FD63EEBE2D63EFE65D73EE6
:1077200010E9D73E075FD83E19E2D83E2C65D93E16
:107730003EE8D93E355EDA3E48E1DA3E5A64DB3E49
:107740006DE7DB3E7F6ADC3E76E0DC3E8863DD3E53
:107750009BE6DD3EAD69DE3EC0ECDE3EB762DF3E5D
:10776000C9E5DF3EDC68E03EEEEBE03E006FE13E67
:1077700013F2E13E2575E23E1CEBE23E2F6EE33E46
:1077800041F1E33E5474E43E66F7E43E787AE53E28
:107790008BFDE53E9D80E63EB003E73EA779E73EE0
:1077A000B9FCE73ECC7FE83EDE02E93EF085E93EEB
:1077B0000309EA3E158CEA3E280FEB3E3A92EB3E77
:1077C0004D15EC3E5F98EC3E711BED3E849EED3E08
:1077D0009621EE3EA9A4EE3EA01AEF3EB29DEF3EEA
:1077E000C520F03ED7A3F03EE926F13EFCA9F13ECC
:1077F0000E2DF23E21B0F23E3333F33E46B6F33E59
:107800005839F43E6ABCF43E7D3FF53E8FC2F53EEA
:10781000A245F63EB4C8F63EC74BF73ED9CEF73E7A
:10782000EC51F83EFED4F83E1058F93E23DBF93E09
:10783000355EFA3E48E1FA3E5A64FB3E6DE7FB3E98
:107840007F6AFC3E91EDFC3EA470FD3EB6F3FD3E2A
:10785000C976FE3EDBF9FE3EEE7CFF3E0000003FB7
:107860008941003F1283003F9CC4003F2506013F31
:10787000AE47013F3789013FC1CA013F4A0C023F71
:10788000D34D023F5C8F023FE5D0023F6F12033FB2
:10789000F853033F8195033F0AD7033F9318043FF2
:1078A0001D5A043FA69B043F2FDD043FB81E053F31
:1078B0004260053FCBA1053F54E3053FDD24063F71
:1078C0006666063FF0A7063F79E9063F022B073FB1
:1078D0008B6C073F14AE073F9EEF073F2731083FF1
:1078E000B072083FACAD083F35EF083FBE30093FEE
:1078F0004772093FD0B3093F5AF5093FE3360A3FC3
:107900006C780A3FF5B90A3F7FFB0A3F083D0B3F01
:10791000917E0B3F1AC00B3FA3010C3F2D430C3F40
:10792000287E0C3FB1BF0C3F3B010D3FC4420D3FD1
:107930004D840D3FD6C50D3F5F070E3FE9480E3F12
:10794000728A0E3F6DC50E3FF7060F3F80480F3F0E
:10795000098A0F3F92CB0F3F1B0D103FA54E103FE2
:10796000A089103F29CB103FB30C113F3C4E113F73
:10797000C58F113FC1CA113F4A0C123FD34D123F70
:107980005C8F123FE5D0123FE10B133F6A4D133F6E
:10799000F38E133F7DD0133F780B143F014D143FFE
:1079A0008A8E143F14D0143F0F0B153F984C153F8F
:1079B000228E153FABCF153FA60A163F304C163F1F
:1079C000B98D163FB4C8163F3D0A173FC74B173F46
:1079D000C286173F4BC8173FD509183FD044183F00
:1079E0005986183FE3C7183FDE02193F6744193F25
:1079F000637F193FECC0193F75021A3F713D1A3F72
:107A0000FA7E1A3FF5B91A3F7FFB1A3F083D1B3F2C
:107A100003781B3F8CB91B3F88F41B3F11361C3F7A
:107A20000D711C3F96B21C3F91ED1C3F1B2F1D3F5B
:107A3000166A1D3F9FAB1D3F9BE61D3F96211E3FD3
:107A400020631E3F1B9E1E3FA4DF1E3FA01A1F3F48
:107A5000295C1F3F24971F3F20D21F3FA913203FBF
:107A6000A54E203FA089203F29CB203F2506213F5E
:107A70002041213FAA82213FA5BD213FA1F8213FFE
:107A80002A3A223F2575223F21B0223FAAF1223F08
:107A9000A52C233FA167233F9CA2233F98DD233FD2
:107AA000211F243F1D5A243F1895243F14D0243F02
:107AB0000F0B253F984C253F9487253F8FC2253FCC
:107AC0008BFD253F8638263F8273263F7DAE263FBD
:107AD00079E9263F7424273F705F273FF9A0273FAD
:107AE000F5DB273FF016283FEC51283FE78C283F75
:107AF000E3C7283FDE02293FD93D293FD578293FFA
:107B000043AD293F3EE8293F3A232A3F355E2A3FCD
:107B100031992A3F2CD42A3F280F2B3F234A2B3F51
:107B20001F852B3F8CB92B3F88F42B3F832F2C3F95
:107B30007F6A2C3F7AA52C3FE8D92C3FE4142D3FD7
:107B4000DF4F2D3FDB8A2D3F48BF2D3F44FA2D3FAD
:107B50003F352E3F3B702E3FA9A42E3FA4DF2E3F82
:107B6000A01A2F3F0E4F2F3F098A2F3F77BE2F3F7E
:107B700072F92F3F6E34303FDC68303FD7A3303F7F
:107B800045D8303F4013313FAE47313FAA82313FA5
:107B900017B7313F13F2313F8126323F7C61323FCC
:107BA000EA95323FE5D0323F5305333FC139333F89
:107BB000BC74333F2AA9333F26E4333F9318343F44
:107BC000014D343FFD87343F6ABC343FD8F0343F29
:107BD000D42B353F4260353FAF94353F1DC9353F0B
:107BE0008BFD353F8638363FF46C363F62A1363F19
:107BF000D0D5363F3D0A373F3945373FA779373F24
:107C000014AE373F82E2373FF016383F5E4B383FC5
:107C1000CC7F383F39B4383FA7E8383F151D393F8E
:107C20008351393FF085393F5EBA393FCCEE393F59
:107C30003A233A3FA8573A3F158C3A3F83C03A3F20
:107C4000F1F43A3F5F293B3F3F573B3FAC8B3B3F13
:107C50001AC03B3F88F43B3FF6283C3F645D3C3F05
:107C6000448B3C3FB1BF3C3F1FF43C3F8D283D3F20
:107C70006D563D3FDB8A3D3F48BF3D3F29ED3D3FCF
:107C800096213E3F04563E3FE4833E3F52B83E3F7E
:107C900032E63E3FA01A3F3F0E4F3F3FEE7C3F3F54
:107CA0005BB13F3F3BDF3F3FA913403F8941403F2E
:107CB000F775403FD7A3403FB7D1403F2506413F2E
:107CC0000534413F7368413F5396413F33C4413FC0
:107CD000A1F8413F8126423F6154423FCE88423F56
:107CE000AEB6423F8FE4423FFC18433FDC46433F81
:107CF000BC74433F9CA2433F7DD0433FEA04443FD2
:107D0000CA32443FAA60443F8A8E443F6ABC443F23
:107D10004BEA443F2B18453F984C453F787A453F06
:107D200058A8453F39D6453F1904463FF931463FEB
:107D3000D95F463FB98D463F99BB463F79E9463FFB
:107D4000CB10473FAB3E473F8B6C473F6B9A473F5B
:107D50004BC8473F2BF6473F0B24483F5E4B483FFD
:107D60003E79483F1EA7483FFED4483FDE02493FC8
:107D7000302A493F1058493FF085493F43AD493FBC
:107D800023DB493F03094A3F55304A3F355E4A3FAE
:107D9000158C4A3F68B34A3F48E14A3F9A084B3F37
:107DA0007A364B3F5A644B3FAC8B4B3F8CB94B3FC1
:107DB000DFE04B3FBF0E4C3F11364C3F645D4C3F04
:107DC000448B4C3F96B24C3F76E04C3FC8074D3F4A
:107DD0001B2F4D3FFB5C4D3F4D844D3F2DB24D3F22
:107DE0007FD94D3FD2004E3F24284E3F04564E3F90
:107DF000567D4E3FA9A44E3FFBCB4E3FDBF94E3F95
:107E00002D214F3F80484F3FD26F4F3F24974F3F28
:107E100077BE4F3FC9E54F3FA913503FFB3A503F54
:107E20004E62503FA089503FF2B0503F45D8503F7E
:107E300097FF503FE926513F3C4E513F8E75513FD1
:107E4000E09C513F33C4513FF7E4513F4A0C523F4D
:107E50009C33523FEE5A523F4182523F93A9523FC8
:107E6000E5D0523FAAF1523FFC18533F4F40533FD9
:107E7000A167533FF38E533FB8AF533F0AD7533FE9
:107E80005DFE533F211F543F7446543FC66D543F1F
:107E90008A8E543FDDB5543F2FDD543FF4FD543FEF
:107EA0004625553F0B46553F5D6D553F228E553F4C
:107EB00074B5553F39D6553F8BFD553F4F1E563F44
:107EC000A245563F6666563FB98D563F7DAE563F3A
:107ED000D0D5563F94F6563F5917573FAB3E573FC4
:107EE000705F573F3480573F87A7573F4BC8573F76
:107EF00010E9573F6210583F2731583FEC51583F27
:107F0000B072583F029A583FC7BA583F8CDB583F6F
:107F100050FC583F151D593FD93D593F2C65593FDD
:107F2000F085593FB5A6593F7AC7593F3EE8593FBA
:107F300003095A3FC7295A3F8C4A5A3F516B5A3F4F
:107F4000158C5A3FDAAC5A3F9FCD5A3F63EE5A3FE9
:107F5000280F5B3FEC2F5B3FB1505B3F76715B3F7F
:107F60003A925B3F71AC5B3F36CD5B3FFAED5B3FD6
:107F7000BF0E5C3F832F5C3F48505C3F7F6A5C3F95
:107F8000448B5C3F08AC5C3FCDCC5C3F04E75C3F7E
:107F9000C8075D3F8D285D3F52495D3F88635D3F67
:107FA0004D845D3F12A55D3F48BF5D3F0DE05D3FE5
:107FB000D2005E3F091B5E3FCD3B5E3F04565E3FF5
:107FC000C9765E3F00915E3FC4B15E3FFBCB5E3F32
:107FD000C0EC5E3FF7065F3FBB275F3FF2415F3F6C
:107FE000B7625F3FEE7C5F3FB29D5F3FE9B75F3FA7
:107FF000AED85F3FE5F25F3F1B0D603FE02D603F75
:108000001748603F4E62603F1283603F499D603F6A
:1080100080B7603F45D8603F7CF2603FB30C613F62
:10802000E926613FAE47613FE561613F110A010802
:10803000A51401080516010865170108F1090108D2
:1080400085140108E5150108451701088813F40196
:108050008813F4018813D0078813F401B80B0000CB
:1080600028000300780003002000030078000300CC
:1080700000000000A00F88130000B80B0000B80B30
:10808000001001400002000000100140000100004B
:10809000001001404000000000100140800000007E
:1080A00000140140800000000010014000080000A2
:1080B00000140140400000000010014000100000CA
:1080C000000C014080000000000C0140080000008E
:1080D000000C014020000000000C014010000000D6
:1080E00000180140040000000018014020000000BA
:1080F00000180140080000000018014010000000B6
:10810000000C014020000000000C014010000000A5
:1081100000140140080000000014014004000000A9
:1081200000140140020000000014014001000000A2
:1081300000080140800000000008014040000000ED
:10814000001801400100000000180140020000007A
:10815000001401400004000000140140000200006F
:108160000014014000010000000C014000800000EC
:1081700000180140400000000010014000200000F5
:108180000010014000800000001401400080000049
:108190000014014020000000001401401000000005
:1081A00000100140000400000008014000800000B1
:1081B00000140140004000000014014000200000B5
:1081C00000140140001000000014014000080000ED
:1081D00000180140001000000018014000200000BD
:1081E000001801400040000000180140008000001D
:1081F00000180140000800000018014000040000C1
:1082000000180140000200000018014000010000B9
:108210000018014080000000000C01400200000036
:10822000001001402000000000100140100000007C
:108230000000000000000000010203040607080916
:108240000000000001020304232D302B2000686C85
:108250004C00656667454647003031323334353669
:1082600037383941424344454600303132333435A2
:0C827000363738396162636465660000CF
:04827C0055010008A0
:0482800031010008C0
:1082840000037D000000FFFF00037D000001FFFFED
:1082940000037D010000FFFF00037D010001FFFFDB
:1082A40000037D020000FFFF00037D020001FFFFC9
:1082B40000037D030000FFFF00037D030001FFFFB7
:1082C40000037D040000FFFF00037D040001FFFFA5
:1082D40000037D050000FFFF00037D050001FFFF93
:1082E40000037D060000FFFF00037D060001FFFF81
:1082F40000037D070001FFFF00037D070002FFFF6D
:1083040000037D080001FFFF00037D080002FFFF5A
:1083140000037D090000FFFF00037D090001FFFF4A
:1083240000037D0A0000FFFF00037D0A0001FFFF38
:1083340000037D0B0000FFFF00037D0B0001FFFF26
:1083440000037D0C0000FFFF00037D0C0001FFFF14
:1083540000037D0D0001FFFF00037D0E0001FFFF00
:1083640000037D0F0001FFFF00037D100001FFFFEC
:1083740000037D110001FFFF00037D120001FFFFD8
:1083840000037D130001FFFF00037D140001FFFFC4
:1083940000037D150001FFFF00037D160001FFFFB0
:1083A40000037D170001FFFF00037D180001FFFF9C
:1083B40000037D190001FFFF00037D1A0001FFFF88
:1083C40000037D1B0001FFFF00037D1C0001FFFF74
:1083D40000037D1C0002FFFF00037D1D0001FFFF61
:1083E40000037D1D0002FFFF00037D1E0000FFFF50
:1083F4001947000885470008414B0008914B0008C5
:10840400E1500008FD4B0008DD4C0008495300080A
:10841400E1540008F95F0008ED600008E961000814
:10842400FD460008FD460008FD460008FD4600081C
:10843400ED5C00088D560008E5590008015B000852
:10844400295C000801590008FD46000861A00008E5
:10845400FD460008FD460008295E0008FD460008A8
:10846400FD460008FD460008FD460008FD460008DC
:10847400FD460008FD460008FD460008FD460008CC
:10848400FD460008FD460008FD460008118C000862
:108494009D7B0008FD460008C1630008D5650008FF
:1084A400E9670008FD690008816B0008596C000841
:1084B400F56A0008FF000000000000000000000052
:1084C40000000000000000004E0000004B0000000F
:1084D4004800000046000000440000004100000085
:1084E4003C000000370000003400000032000000AF
:1084F400300000002D0000002B00000029000000C7
:1085040027000000260000002400000023000000D3
:108514002200000020000000B4000000AA000000B7
:10852400A0000000960000008C0000008200000003
:10853400780000006E000000640000005A00000093
:1085440050000000460000003C000000370000001E
:108554003000000023000000200000001200000092
:108564000A000000050000000101010101010101F0
:108574000101010101010101010100005AA5078265
:1085840000845A01000000005AA50483001401006D
:1085940010000000010101010101000000A24A04D1
:1085A4002403002000000000000000000000000080
:1085B40000000000000000000000000000000000B7
:1085C40000000000000000000000000000000000A7
:1085D4000000000000000000000000000000000097
:1085E4000000000000000000000000000000000087
:1085F4000000000000000000000000000000000077
:048604000000000072
:040000050801471D8A
:00000001FF
