:020000040800F2
:1000000000000120AD450108FD450108FD4501083E
:10001000FD450108FD450108FD45010800000000FF
:10002000000000000000000000000000FD45010885
:10003000FD45010800000000FD45010811390108D7
:10004000FD450108FD450108FD450108FD45010884
:10005000FD450108FD4501087D360108A13601086E
:10006000D13601080D37010845370108FD45010863
:10007000FD450108FD450108FD450108FD45010854
:10008000FD4501082D0B0108FD450108FD4501084E
:10009000FD450108FD450108FD450108FD45010834
:1000A000FD450108FD450108FD450108D123000873
:1000B000812800086D2B0008112F0008FD4501085C
:1000C000FD450108FD450108FD450108FD45010804
:1000D000FD450108A53A01081D380108FD45010844
:1000E00061370108FD45010800000000FD450108D9
:1000F000FD450108FD450108FD450108FD450108D4
:10010000FD450108FD450108793A0108FD45010852
:10011000FD450108FD450108FD450108FD450108B3
:10012000FD450108FD450108FD450108FD450108A3
:1001300010B5054C237833B9044B13B10448AFF321
:1001400000800123237010BD880300200000000000
:10015000584F010808B5034B1BB103490348AFF3DF
:10016000008008BD000000008C030020584F0108EB
:1001700081F0004102E000BF83F0004330B54FEA58
:1001800041044FEA430594EA050F08BF90EA020FC5
:100190001FBF54EA000C55EA020C7FEA645C7FEA58
:1001A000655C00F0E2804FEA5454D4EB5555B8BF7B
:1001B0006D420CDD2C4480EA020281EA030382EAEC
:1001C000000083EA010180EA020281EA0303362D7E
:1001D00088BF30BD11F0004F4FEA01314FF4801C51
:1001E0004CEA113102D0404261EB410113F0004F63
:1001F0004FEA03334CEA133302D0524263EB43031A
:1002000094EA050F00F0A780A4F10104D5F1200EB7
:100210000DDB02FA0EFC22FA05F2801841F1000112
:1002200003FA0EF2801843FA05F359410EE0A5F1E6
:1002300020050EF1200E012A03FA0EFC28BF4CF017
:10024000020C43FA05F3C01851EBE37101F00045CD
:1002500007D54FF0000EDCF1000C7EEB00006EEBDA
:100260000101B1F5801F1BD3B1F5001F0CD3490864
:100270005FEA30004FEA3C0C04F101044FEA4452BB
:1002800012F5800F80F09A80BCF1004F08BF5FEA42
:10029000500C50F1000041EB045141EA050130BD22
:1002A0005FEA4C0C404141EB0101013C28BFB1F534
:1002B000801FE9D291F0000F04BF01460020B1FA7F
:1002C00081F308BF2033A3F10B03B3F120020CDA52
:1002D0000C3208DD02F1140CC2F10C0201FA0CF030
:1002E00021FA02F10CE002F11402D8BFC2F1200C95
:1002F00001FA02F120FA0CFCDCBF41EA0C0190404B
:10030000E41AA2BF01EB0451294330BD6FEA040493
:100310001F3C1CDA0C340EDC04F11404C4F120027E
:1003200020FA04F001FA02F340EA030021FA04F390
:1003300045EA030130BDC4F10C04C4F1200220FAE7
:1003400002F001FA04F340EA0300294630BD21FA25
:1003500004F0294630BD94F0000F83F4801306BFEB
:1003600081F480110134013D4EE77FEA645C18BFDF
:100370007FEA655C29D094EA050F08BF90EA020F76
:1003800005D054EA000C04BF1946104630BD91EA6E
:10039000030F1EBF0021002030BD5FEA545C05D171
:1003A0004000494128BF41F0004130BD14F58004B0
:1003B0003CBF01F5801130BD01F0004545F0FE4124
:1003C00041F470014FF0000030BD7FEA645C1ABF59
:1003D000194610467FEA655C1CBF0B46024650EA90
:1003E000013406BF52EA033591EA030F41F40021BC
:1003F00030BD00BF90F0000F04BF0021704730B542
:100400004FF4806404F132044FF000054FF0000116
:1004100050E700BF90F0000F04BF0021704730B5D7
:100420004FF4806404F1320410F0004548BF4042AC
:100430004FF000013EE700BF42004FEAE2014FEA01
:1004400031014FEA02701FBF12F07F4393F07F4FDC
:1004500081F06051704732F07F4208BF704793F0DF
:100460007F4F04BF41F40021704730B54FF46074F2
:1004700001F0004521F000411CE700BF50EA0102F5
:1004800008BF704730B54FF000050AE050EA01029E
:1004900008BF704730B511F0004502D5404261EB0E
:1004A00041014FF4806404F132045FEA915C3FF44F
:1004B000D8AE4FF003025FEADC0C18BF03325FEAEC
:1004C000DC0C18BF033202EBDC02C2F1200300FA9D
:1004D00003FC20FA02F001FA03FE40EA0E0021FAC2
:1004E00002F11444BDE600BF70B54FF0FF0C4CF4B0
:1004F000E06C1CEA11541DBF1CEA135594EA0C0F62
:1005000095EA0C0F00F0DEF82C4481EA030621EA9C
:100510004C5123EA4C5350EA013518BF52EA0335D7
:1005200041F4801143F4801338D0A0FB02CE4FF089
:100530000005E1FB02E506F00042E0FB03E54FF0B9
:100540000006E1FB03569CF0000F18BF4EF0010EB1
:10055000A4F1FF04B6F5007F64F5407404D25FEAAD
:100560004E0E6D4146EB060642EAC62141EA555160
:100570004FEAC52040EA5E504FEACE2EB4F1FD0CA2
:1005800088BFBCF5E06F1ED8BEF1004F08BF5FEA20
:10059000500E50F1000041EB045170BD06F00046D2
:1005A00046EA010140EA020081EA0301B4EB5C047F
:1005B000C2BFD4EB0C0541EA045170BD41F4801177
:1005C0004FF0000E013C00F3AB8014F1360FDEBF9C
:1005D000002001F0004170BDC4F10004203C35DA78
:1005E0000C341BDC04F11404C4F1200500FA05F3FB
:1005F00020FA04F001FA05F240EA020001F000429C
:1006000021F0004110EBD37021FA04F642EB060111
:100610005EEA430E08BF20EAD37070BDC4F10C043B
:10062000C4F1200500FA04F320FA05F001FA04F2FF
:1006300040EA020001F0004110EBD37041F10001EB
:100640005EEA430E08BF20EAD37070BDC4F12005F6
:1006500000FA05F24EEA020E20FA04F301FA05F25E
:1006600043EA020321FA04F001F0004121FA04F206
:1006700020EA020000EBD3705EEA430E08BF20EAD6
:10068000D37070BD94F0000F0FD101F00046400010
:1006900041EB010111F4801F08BF013CF7D041EA92
:1006A000060195F0000F18BF704703F00046520096
:1006B00043EB030313F4801F08BF013DF7D043EA67
:1006C0000603704794EA0C0F0CEA135518BF95EA1D
:1006D0000C0F0CD050EA410618BF52EA4306D1D1A4
:1006E00081EA030101F000414FF0000070BD50EAC3
:1006F000410606BF1046194652EA430619D094EA4D
:100700000C0F02D150EA013613D195EA0C0F05D136
:1007100052EA03361CBF104619460AD181EA03018A
:1007200001F0004141F0FE4141F470014FF0000042
:1007300070BD41F0FE4141F4780170BD70B54FF0DD
:10074000FF0C4CF4E06C1CEA11541DBF1CEA13555D
:1007500094EA0C0F95EA0C0F00F0A7F8A4EB05043F
:1007600081EA030E52EA03354FEA013100F0888036
:100770004FEA03334FF0805545EA131343EA1263FF
:100780004FEA022245EA111545EA10654FEA0026B4
:100790000EF000419D4208BF964244F1FD0404F56D
:1007A000407402D25B084FEA3202B61A65EB0305C9
:1007B0005B084FEA32024FF480104FF4002CB6EB86
:1007C000020E75EB030E22BFB61A754640EA0C0006
:1007D0005B084FEA3202B6EB020E75EB030E22BF46
:1007E000B61A754640EA5C005B084FEA3202B6EB87
:1007F000020E75EB030E22BFB61A754640EA9C0046
:100800005B084FEA3202B6EB020E75EB030E22BF15
:10081000B61A754640EADC0055EA060E18D04FEAD3
:10082000051545EA16754FEA06164FEAC30343EA73
:1008300052734FEAC2025FEA1C1CC0D111F4801F40
:100840000BD141EA00014FF000004FF0004CB6E739
:1008500011F4801F04BF01430020B4F1FD0C88BFD8
:10086000BCF5E06F3FF6AFAEB5EB030C04BFB6EBE3
:10087000020C5FEA500C50F1000041EB045170BDD6
:100880000EF0004E4EEA113114EB5C04C2BFD4EB03
:100890000C0541EA045170BD41F480114FF0000E87
:1008A000013C90E645EA060E8DE60CEA135594EA03
:1008B0000C0F08BF95EA0C0F3FF43BAF94EA0C0F06
:1008C0000AD150EA01347FF434AF95EA0C0F7FF47B
:1008D00025AF104619462CE795EA0C0F06D152EACF
:1008E00003353FF4FDAE1046194622E750EA4106B3
:1008F00018BF52EA43067FF4C5AE50EA41047FF4C4
:100900000DAF52EA43057FF4EBAE12E74A0011D275
:1009100012F5001211D20DD56FF47873B3EB625259
:100920000ED44FEAC12343F0004343EA505323FA65
:1009300002F070474FF00000704750EA013002D1DA
:100940004FF0FF3070474FF0000070474FEA410210
:10095000B2F1E04324BFB3F5001CDCF1FE5C0DD91D
:1009600001F0004C4FEAC0024CEA5070B2F1004F67
:1009700040EB830008BF20F00100704711F0804F6A
:1009800021D113F13872BCBF01F00040704741F42F
:1009900080114FEA5252C2F11802C2F1200C10FA33
:1009A0000CF320FA02F018BF40F001004FEAC12317
:1009B0004FEAD32303FA0CFC40EA0C0023FA02F3BB
:1009C0004FEA4303CCE77FEA625307D150EA013391
:1009D0001EBF4FF0FE4040F44000704701F0004061
:1009E00040F0FE4040F40000704700BF80F000403F
:1009F00002E000BF81F0004142001FBF5FEA4103F7
:100A000092EA030F7FEA226C7FEA236C6AD04FEAF6
:100A10001262D2EB1363C1BFD2184140484041403B
:100A2000B8BF5B42192B88BF704710F0004F40F4ED
:100A3000000020F07F4018BF404211F0004F41F409
:100A4000000121F07F4118BF494292EA030F3FD0D5
:100A5000A2F1010241FA03FC10EB0C00C3F12003E8
:100A600001FA03F100F0004302D5494260EB400077
:100A7000B0F5000F13D3B0F1807F06D340084FEAE2
:100A8000310102F10102FE2A51D2B1F1004F40EBD7
:100A9000C25008BF20F0010040EA0300704749003F
:100AA00040EB0000013A28BFB0F5000FEDD2B0FADC
:100AB00080FCACF1080CB2EB0C0200FA0CF0AABFFF
:100AC00000EBC25052421843BCBFD040184370479D
:100AD00092F0000F81F4000106BF80F400000132A3
:100AE000013BB5E74FEA41037FEA226C18BF7FEA7A
:100AF000236C21D092EA030F04D092F0000F08BFBC
:100B00000846704790EA010F1CBF0020704712F0A2
:100B10007F4F04D1400028BF40F00040704712F1E1
:100B200000723CBF00F50000704700F0004343F046
:100B3000FE4040F4000070477FEA226216BF08467C
:100B40007FEA23630146420206BF5FEA412390EA3F
:100B5000010F40F4800070474FF0000304E000BF35
:100B600010F0004348BF40425FEA000C08BF7047E6
:100B700043F0964301464FF000001CE050EA0102AA
:100B800008BF70474FF000030AE000BF50EA0102BF
:100B900008BF704711F0004302D5404261EB4101AC
:100BA0005FEA010C02BF84460146002043F0B643D1
:100BB00008BFA3F18053A3F50003BCFA8CF2083AF6
:100BC000A3EBC25310DB01FA02FC634400FA02FCFF
:100BD000C2F12002BCF1004F20FA02F243EB020006
:100BE00008BF20F00100704702F1200201FA02FC68
:100BF000C2F1200250EA4C0021FA02F243EB02005B
:100C000008BF20EADC7070474FF0FF0C1CEAD0529E
:100C10001EBF1CEAD15392EA0C0F93EA0C0F6FD05F
:100C20001A4480EA010C400218BF5FEA41211ED03D
:100C30004FF0006343EA501043EA5111A0FB013129
:100C40000CF00040B1F5000F3EBF490041EAD371FE
:100C50005B0040EA010062F17F02FD2A1DD8B3F17A
:100C6000004F40EBC25008BF20F00100704790F0E9
:100C7000000F0CF0004C08BF49024CEA502040EA3B
:100C800051207F3AC2BFD2F1FF0340EAC250704701
:100C900040F400004FF00003013A5DDC12F1190F3F
:100CA000DCBF00F000407047C2F10002410021FAB1
:100CB00002F1C2F1200200FA02FC5FEA310040F1C9
:100CC000000053EA4C0308BF20EADC70704792F042
:100CD000000F00F0004C02BF400010F4000F013A7A
:100CE000F9D040EA0C0093F0000F01F0004C02BF75
:100CF000490011F4000F013BF9D041EA0C018FE7E4
:100D00000CEAD15392EA0C0F18BF93EA0C0F0AD0E9
:100D100030F0004C18BF31F0004CD8D180EA01000F
:100D200000F00040704790F0000F17BF90F0004FA8
:100D3000084691F0000F91F0004F14D092EA0C0F8A
:100D400001D142020FD193EA0C0F03D14B0218BF1D
:100D5000084608D180EA010000F0004040F0FE4063
:100D600040F40000704740F0FE4040F440007047FF
:100D70004FF0FF0C1CEAD0521EBF1CEAD15392EA7E
:100D80000C0F93EA0C0F69D0A2EB030280EA010C6E
:100D900049024FEA402037D04FF0805343EA111107
:100DA00043EA10130CF000408B4238BF5B0042F165
:100DB0007D024FF4000C8B4224BF5B1A40EA0C000A
:100DC000B3EB510F24BFA3EB510340EA5C00B3EB3C
:100DD000910F24BFA3EB910340EA9C00B3EBD10F2A
:100DE00024BFA3EBD10340EADC001B0118BF5FEA7C
:100DF0001C1CE0D1FD2A3FF650AF8B4240EBC250A5
:100E000008BF20F0010070470CF0004C4CEA502065
:100E10007F32C2BFD2F1FF0340EAC250704740F4B4
:100E200000004FF00003013A37E792F0000F00F0A6
:100E3000004C02BF400010F4000F013AF9D040EA24
:100E40000C0093F0000F01F0004C02BF490011F4B8
:100E5000000F013BF9D041EA0C0195E70CEAD153B0
:100E600092EA0C0F08D142027FF47DAF93EA0C0F97
:100E70007FF470AF084676E793EA0C0F04D14B027B
:100E80003FF44CAF08466EE730F0004C18BF31F02D
:100E9000004CCAD130F000427FF45CAF31F0004327
:100EA0007FF43CAF5FE700BF4FF0FF3C06E000BFC0
:100EB0004FF0010C02E000BF4FF0010C4DF804CDE3
:100EC0004FEA40024FEA41037FEA226C18BF7FEAF3
:100ED000236C11D001B052EA530C18BF90EA010FF5
:100EE00058BFB2EB030088BFC81738BF6FEAE17084
:100EF00018BF40F0010070477FEA226C02D15FEA20
:100F0000402C05D17FEA236CE4D15FEA412CE1D08B
:100F10005DF8040B704700BF844608466146FFE752
:100F20000FB5FFF7C9FF002848BF10F1000F0FBD34
:100F30004DF808EDFFF7F4FF0CBF012000205DF82D
:100F400008FB00BF4DF808EDFFF7EAFF34BF0120B2
:100F500000205DF808FB00BF4DF808EDFFF7E0FF4B
:100F600094BF012000205DF808FB00BF4DF808ED9C
:100F7000FFF7D2FF94BF012000205DF808FB00BFFF
:100F80004DF808EDFFF7C8FF34BF012000205DF8E1
:100F900008FB00BF42000ED2B2F1FE4F0BD34FF060
:100FA0009E03B3EB126209D44FEA002343F00043DF
:100FB00023FA02F070474FF00000704712F1610F02
:100FC00001D1420202D14FF0FF3070474FF00000D4
:100FD000704700BF80B582B000AF0023FB710CE00A
:100FE000FA79244913465B0213449B000B441C33DB
:100FF00000221A70FB790133FB71FB79032BEFD9C7
:101000000FF03EF90FF0D4FB10F01CF910F0CCF902
:1010100010F07AFA0CF0DAFB0FF0D8FA154B1A88B8
:10102000144BDA83134B1422A3F82228114B03F537
:1010300080531A890F4B03F58053DA840D4B03F567
:1010400080531422A3F82A28012000F0BBFA0320C1
:1010500000F0B8FA002000F035FA012000F032FA72
:10106000022000F02FFA032000F02CFA00BF08370E
:10107000BD4680BDA403002080B586B000AFB96036
:101080007B600346FB731346BB7300237B617B6865
:10109000002B40D0FB7BB968184600F0C9FAFB7BF7
:1010A000012B02D0FB7B032B03D1FB7B184600F006
:1010B000F5FCBA7BFB7B114618460FF069FAFB7B07
:1010C000184600F0B9FD0346FB74FA7B1449134639
:1010D0005B0213449B000B441E331B881A467B683B
:1010E00002FB03F3FA7C02FB03F37B61FA7B0C49FE
:1010F00013465B0213449B000B4408331A68FB7BC6
:101100001146184600F0D6FEB97BFB7B7A6918467B
:1011100000F008F800E000BF1837BD4680BD00BFF2
:10112000A403002080B582B000AF03463A60FB7193
:101130000B46BB71BA79FB79114618460FF028FAB5
:10114000FA790D4913465B0213449B000B440233AA
:101150001A78FB79114618460FF054F9FB791846B6
:1011600000F000FAFB793968184600F007F800BF74
:101170000837BD4680BD00BFA403002080B584B001
:1011800000AF03463960FB71FB79002B02D1C82305
:10119000FB6010E0FB79012B02D1C823FB600AE061
:1011A000FB79022B02D1C823FB6004E0FB79032BFF
:1011B00001D1C823FB60FB685B003A689A4203D800
:1011C0003B685B08023BFB60FA794E4913465B02C1
:1011D00013449B000B4418333A681A60FB790121D1
:1011E00018460FF0DFF8FA79464913465B021344BC
:1011F0009B000B4420331B887B81FA7941491346BD
:101200005B0213449B000B441033FA681A60FA79AE
:101210003C4913465B0213449B000B441833196886
:10122000FA79384813465B0213449B000344103399
:101230001B68FA79C91A334813465B0213449B00B2
:10124000034414331960FA792E4913465B021344A0
:101250009B000B441C3301221A70FA79294913466A
:101260005B0213449B000B4403F5FE6300221A80CB
:10127000FB79032B3DD801A252F823F08D12000810
:10128000A5120008C3120008DB1200081E4B002242
:101290001A601E4A7B89D3621C4BDB6A1B4A5B08BF
:1012A000536326E04FF080427B89D3624FF0804346
:1012B000DB6A4FF080425B085363154B00221A60D3
:1012C00017E0144A7B89D362124BDB6A114A5B0830
:1012D000D363114B00221A600BE0104A7B89D36262
:1012E0000E4BDB6A0D4A5B0853630D4B00221A60FC
:1012F00000BFFB790B4A52F82330984700BF1037E4
:10130000BD4680BDA40300201C360020002C0140F7
:101310008036002000040040C43600200008004051
:1013200008370020087E010880B582B000AF034670
:101330000A46FB711346BB71BA79FB791146184610
:101340000FF030F800BF0837BD4680BD80B582B0D1
:1013500000AF0023FB7115E0FB790E4A52F82330F1
:101360009847FA790C4913465B0213449B000B44DF
:101370001C3300221A70FB79184600F023F9FB7920
:101380000133FB71FB79032BE6D900BF00BF08379F
:10139000BD4680BDF87D0108A403002080B582B061
:1013A00000AF0023FB711AE0FB79114A52F8233099
:1013B0009847FA790F4913465B0213449B000B448C
:1013C0001C3300221A70FB79184600F0FBF8FB79F9
:1013D000002118460EF0E6FFFB790133FB71FB7923
:1013E000032BE1D900BF00BF0837BD4680BD00BF59
:1013F000F87D0108A403002090B585B000AF034636
:10140000FB71FB79032B1BD801A252F823F000BF1C
:1014100021140008291400083114000839140008A8
:10142000224B1B68FB600BE0214B1B68FB6007E055
:10143000204B1B68FB6003E01F4B1B68FB6000BF79
:10144000FB79184600F0F8FB0346FB72F868FFF7DB
:1014500083FB0446FA79194913465B0213449B0047
:101460000B441E331B881846FFF77AFB03461946C8
:101470002046FFF77DFC03461C46FB7A1846FFF723
:101480006FFB034619462046FFF772FC03460C49E2
:101490001846FFF7B9FB03461846FFF77BFD0346E6
:1014A0009BB218461437BD4690BD00BF1C360020C5
:1014B00080360020C436002008370020A403002016
:1014C0000000C84280B582B000AF0346FB71FB79D3
:1014D0000A4A52F823309847FA79094913465B02C1
:1014E00013449B000B441C3300221A70FB791846EE
:1014F00000F068F800BF0837BD4680BDF87D0108E0
:10150000A403002080B483B000AF0346FB71FA79D6
:10151000064913465B0213449B000B441C33032211
:101520001A7000BF0C37BD4680BC7047A403002072
:1015300080B582B000AF0346FB71FA7908491346C3
:101540005B0213449B000B4402331A78FB7911466B
:1015500018460EF057FF00BF0837BD4680BD00BFDC
:10156000A403002080B584B000AF0346FB71FA7974
:10157000114913465B0213449B000B441B88184619
:10158000FFF7EEFA03460D491846FFF73DFB034609
:10159000FB600B49F868FFF7F3FC0346002B01D012
:1015A000074BFB60FB79F96818460CF071F900BF36
:1015B0001037BD4680BD00BFA40300205839343C1D
:1015C0000000504080B584B000AF0346FB71FA794B
:1015D000144913465B0213449B000B441B881846B6
:1015E000FFF7BEFA03464FF07C511846FFF70CFB9D
:1015F00003460D491846FFF707FB0346FB600B49FE
:10160000F868FFF7BDFC0346002B01D0074BFB60D9
:10161000FB79F96818460CF03BF900BF1037BD465E
:1016200080BD00BFA40300205839343C0000504066
:1016300090B583B000AF03463960FB71FB79022B94
:1016400039D13868FFF788FA03464FF07F511846C2
:10165000FFF7DAFA03461C46FA79274913465B027C
:1016600013449B000B441E331B881846FFF778FA7F
:10167000034619462046FFF7C7FA03461C46FB7986
:10168000184600F0D9FA03461846FFF769FA0346F0
:1016900019462046FFF7B8FA0346FC791846FFF7CB
:1016A00079FC0246144923465B0223449B000B4409
:1016B00008331A601CE0FA790F4913465B021344A1
:1016C0009B000B441E331B881A463B6803FB02F445
:1016D000FB79184600F0B0FA0346FA7903FB04F1EF
:1016E000054813465B0213449B000344083319600A
:1016F00000BF0C37BD4690BDA403002080B500AFED
:1017000045F20B0006F0E2FA0346DAB2B84B9A70E3
:1017100045F20D0006F0DAFA0346DAB2B44B83F86C
:10172000062845F20F0006F0D1FA0346DAB2B04BB4
:1017300003F580539A7245F2110006F0C7FA03468A
:10174000DAB2AB4B03F5805383F80E2845F20A005A
:1017500006F0BCFA03461A46A54B1A8045F20C0067
:1017600006F0B4FA03461A46A14BA3F8042845F242
:101770000E0006F0ABFA03461A469D4B03F5805364
:101780001A8145F2100006F0A1FA03461A46984B5A
:1017900003F58053A3F80C28954B1A88944BDA83F1
:1017A000934B1422A3F82228914B03F580531A89F6
:1017B0008F4B03F58053DA848D4B03F5805314224D
:1017C000A3F82A284FF4A04006F080FA03461846F2
:1017D000FFF7C6F9034687491846FFF715FA03468F
:1017E0001A46854B1A6045F2010006F06FFA03466F
:1017F0001846FFF7B5F9034680491846FFF704FA83
:1018000003461A467C4B5A607B4B5B6819460020A6
:1018100000F0B8FA03461A46774B9A6045F2170073
:1018200006F054FA03461846FFF79AF90346714941
:101830001846FFF7E9F903461A466F4BDA6045F29E
:10184000160006F043FA03461846FFF789F90346E7
:1018500068491846FFF7D8F903461A46664B1A61DD
:10186000654B1B691946002000F08CFA03461A46A6
:10187000614B5A6145F2120006F028FA03461846F9
:10188000FFF76EF903465B491846FFF7BDF90346BB
:101890001A46594B9A61584B9B691946002000F033
:1018A00071FA03461A46544BDA6145F2020006F01B
:1018B0000DFA03461846FFF753F903464D491846FB
:1018C000FFF7A2F903461A464B4B1A6245F2030092
:1018D00006F0FCF903461846FFF742F9034647496C
:1018E0001846FFF791F903461A46434B5A6245F2F0
:1018F000040006F0EBF903461846FFF731F90346FA
:101900003C491846FFF780F903461A463A4B9A625B
:1019100045F2050006F0DAF903461846FFF720F90C
:10192000034634491846FFF76FF903461A46324B0F
:101930005A6345F2190006F0C9F903461846FFF745
:101940000FF903462B491846FFF75EF903461A467E
:10195000294BDA6245F2150006F0B8F9034618463D
:10196000FFF7FEF8034623491846FFF74DF90346F3
:101970001A46214B1A6345F2130006F0A7F90346F5
:101980001846FFF7EDF803461A491846FFF73CF9E9
:1019900003461A46184B9A6345F2180006F096F96A
:1019A00003461846FFF7DCF8034612491846FFF7CE
:1019B0002BF903461A46104BDA6345F2060006F08F
:1019C00085F903461846FFF7CBF803460949184640
:1019D000FFF71AF903461A46074B1A6445F2070047
:1019E00006F074F903461846FFF7BAF8034607E015
:1019F000A40300200AD7233CBC340020CDCCCC3D2E
:101A000023491846FFF700F903461A46214B5A644A
:101A100045F2080006F05AF903461846FFF7A0F809
:101A200003461D491846FFF7EFF803461A46194BBF
:101A30009A6445F2090006F049F903461846FFF793
:101A40008FF8034614491846FFF7DEF803461A4696
:101A5000104BDA640F4BDB6C1946022000F092F950
:101A600003461A460B4B1A6545F2140006F02EF990
:101A700003461846FFF774F8034607491846FFF770
:101A8000C3F803461A46034B5A6500BF80BD00BF2A
:101A9000CDCCCC3DBC3400200AD7233C80B582B0ED
:101AA00000AF0346FB71FA790A4913465B021344FF
:101AB0009B000B4402331A78FB79114618460EF04E
:101AC000A1FCFB791846FFF74DFD00BF0837BD4666
:101AD00080BD00BFA403002080B582B000AF0346E4
:101AE000FB71FB790A3B072B00F2A08001A252F8A0
:101AF00023F000BF151B0008351B0008551B00080C
:101B0000771B0008991B0008BD1B0008E11B00089B
:101B1000071C0008FB799BB203F5A0439BB2184653
:101B200006F0D4F803461A46424B1A800020FFF70D
:101B300019FD7BE0FB799BB203F5A0439BB21846ED
:101B400006F0C4F80346DAB23A4B9A700020FFF769
:101B5000EFFC6BE0FB799BB203F5A0439BB2184608
:101B600006F0B4F803461A46324BA3F804280120C5
:101B7000FFF7F8FC5AE0FB799BB203F5A0439BB258
:101B8000184606F0A3F80346DAB22A4B83F8062873
:101B90000120FFF7CDFC49E0FB799BB203F5A043A0
:101BA0009BB2184606F092F803461A46214B03F5FD
:101BB00080531A810220FFF7D5FC37E0FB799BB2F6
:101BC00003F5A0439BB2184606F080F80346DAB24C
:101BD000184B03F580539A720220FFF7A9FC25E009
:101BE000FB799BB203F5A0439BB2184606F06EF852
:101BF00003461A460F4B03F58053A3F80C28032025
:101C0000FFF7B0FC12E0FB799BB203F5A0439BB257
:101C1000184606F05BF80346DAB2064B03F580532C
:101C200083F80E280320FFF783FC00BF00BF0837AE
:101C3000BD4680BDA403002080B485B000AF03463C
:101C4000FB71FA79194913465B0213449B000B445C
:101C500002331B78013B032B1FD801A252F823F05B
:101C6000711C0008771C00087D1C0008831C0008FC
:101C70000123FB7314E00223FB7311E00423FB73C5
:101C80000EE0FB79002B02D0FB79022B02D1082356
:101C9000FB7305E01023FB7302E00123FB7300BF1D
:101CA000FB7B18461437BD4680BC7047A403002058
:101CB00080B500AF0BF0FAFC0346012B1FD00120CA
:101CC0000FF0D6F90346002B02D101200BF028F9C2
:101CD00002200FF0CDF90346002B02D001200BF0BB
:101CE0002BFA084B1B7F002B0AD1074B93F83B3094
:101CF000DBB21A460A21002000F048F900E000BFDC
:101D000080BD00BFA40300206034002080B582B0F5
:101D100000AF03463960FB710BF0C8FC0346012B92
:101D20000AD0074B1B7F002B07D1FA793B680A21A9
:101D30000020FFF7A1F900E000BF0837BD4680BDD5
:101D4000A403002080B582B000AF03463960FB7168
:101D50000BF0ACFC0346012B0DD0094B03F580536F
:101D600093F82430002B07D1FA793B680A2102202E
:101D7000FFF782F900E000BF0837BD4680BD00BF15
:101D8000A403002090B585B000AF03463960FB7115
:101D90004FF000013868FFF7CBF80346002B01D065
:101DA000002328E0FB791846FFF746FF0346FB7344
:101DB000FA79134913465B0213449B000B441E330C
:101DC0001B881846FEF7CCFE034639681846FEF716
:101DD0001BFF03461C46FB7B1846FEF7C1FE03466D
:101DE00019462046FEF710FF03461846FFF7D2F8C3
:101DF0000346BB60BB6818461437BD4690BD00BFA4
:101E0000A403002000000000B0B584B000AF03467A
:101E10003960FB714FF000013868FFF789F803461D
:101E2000002B01D000233AE0FB791846FFF704FFAE
:101E30000346FB733868FEF7FFFA1BA3D3E90023C0
:101E4000FEF752FB02460B4614461D46FA79184926
:101E500013465B0213449B000B441E331B88184639
:101E6000FEF7D8FA02460B4620462946FEF73CFB11
:101E700002460B4614461D46FB7B1846FEF7CAFA7F
:101E800002460B4620462946FEF72EFB02460B462D
:101E900010461946FEF73AFD0346BB60BB6818467C
:101EA0001037BD46B0BD00BF7B14AE47E17A843F1A
:101EB000A4030020B0B584B000AF03463960FB71C5
:101EC0003B68B3F5167F36D93B68A3F51673BB6044
:101ED0000023FB8129E0B868FEF73EFE0246FB893D
:101EE000254951F8233019461046FEF78DFE03466A
:101EF00022491846FEF780FD034619462048FEF7A2
:101F000037FF0346FC79FD891846FFF743F803467F
:101F100099B21C4A23465B0223445B002B441033D6
:101F200022F81310FB890133FB81FB8940F2E63272
:101F30009342D0D91BE00023FB8113E0124A3B6897
:101F4000B2FBF3F3FA79F9899CB20E4813465B02AF
:101F500013445B000B441033224620F81320FB8906
:101F60000133FB81FB8940F2E6329342E6D900BFA0
:101F70001037BD46B0BD00BF586E010800001644C2
:101F80000024F449A403002080841E0080B582B0A0
:101F900000AF03463960FB711346BB71FB793968AA
:101FA0001846FFF745FBFB79012B02D0FB79032B89
:101FB00003D1FB791846FFF771FDBA79FB79114619
:101FC00018460EF0E5FAFA795D4913465B021344B0
:101FD0009B000B4402331A78FB79114618460EF029
:101FE00011FAFB791846FFF7BDFAFA7954491346FE
:101FF0005B0213449B000B4408331A68FB791146BB
:102000001846FFF757FFFB79032B5ED801A252F861
:1020100023F000BF252000084D2000087B20000889
:10202000A3200008474B00221A60FA79444913465E
:102030005B0213449B000B4420331A88424BDA6244
:10204000414BDB6A404A5B0853633EE0FA793C4906
:1020500013465B0213449B000B4420331A884FF055
:102060008043DA624FF08043DB6A4FF080425B08C6
:102070005363364B00221A6027E0FA793049134641
:102080005B0213449B000B4420331A88304BDA6206
:102090002F4BDB6A2E4A5B08D3632E4B00221A605B
:1020A00013E0FA79264913465B0213449B000B4464
:1020B00020331A88284BDA62274BDB6A264A5B08F2
:1020C0005363264B00221A6000BFFA791C4913465D
:1020D0005B0213449B000B4403F5FE6300221A804D
:1020E000FA79174913465B0213449B000B441433DF
:1020F0004FF0FF321A60FA79114913465B0213441C
:102100009B000B441C3304221A70FA790C491346C5
:102110005B0213449B000B4403F2F4734FF0FF3255
:102120001A60FB79012118460EF03CF9FB790C4A44
:1021300052F82330984700BF0837BD4680BD00BF26
:10214000A40300201C360020002C01408036002013
:1021500000040040C436002000080040083700207A
:10216000087E010880B586B000AFB9607B60034689
:10217000FB731346BB73FB7BB9681846FFF758FA2D
:10218000BA7BFB7B114618460EF002FAFB7B01215D
:1021900018460EF007F9FA7B844913465B02134494
:1021A0009B000B4408331A68FB7B11461846FFF767
:1021B00081FEFB7B012B02D0FB7B032B03D1FB7B3E
:1021C0001846FFF76BFCFB7B002B02D1C8237B6119
:1021D00010E0FB7B012B02D1C8237B610AE0FB7B73
:1021E000022B02D1C8237B6104E0FB7B032B01D1CE
:1021F000C8237B613A6A7B699A4202D83B6A5B08D2
:102200007B61FB7B032B5ED801A252F823F000BF59
:102210002122000849220008772200089F22000896
:10222000634B00221A60FA7B604913465B02134439
:102230009B000B4420331A885E4BDA625D4BDB6AED
:102240005C4A5B0853633EE0FA7B584913465B02E5
:1022500013449B000B4420331A884FF08043DA620A
:102260004FF08043DB6A4FF080425B085363524B70
:1022700000221A6027E0FA7B4C4913465B021344A4
:102280009B000B4420331A884C4BDA624B4BDB6AC1
:102290004A4A5B08D3634A4B00221A6013E0FA7B78
:1022A000424913465B0213449B000B4420331A88B7
:1022B000444BDA62434BDB6A424A5B085363424B4E
:1022C00000221A6000BFFA7B384913465B021344B0
:1022D0009B000B4403F5006300221A70FA7B33491C
:1022E00013465B0213449B000B4403F5FE6300227C
:1022F0001A80FA7B2D4913465B0213449B000B4462
:102300001C3306221A70FA7B396A284813465B028E
:1023100013449B00034403F2F4731960FA7B2349CE
:1023200013465B0213449B000B4410337A691A6016
:10233000FA7B1E4913465B0213449B000B4403F2D5
:10234000F4731B681846FA7B184913465B02134462
:102350009B000B4410331B68FA7BC11A13481346C9
:102360005B0213449B00034414331960FA7B0F494A
:1023700013465B0213449B000B4403F5FF630022EA
:102380001A70FA7B094913465B0213449B000B4405
:1023900003F2FC737A681A60FB7B0C4A52F8233014
:1023A000984700BF1837BD4680BD00BFA40300207A
:1023B0001C360020002C0140803600200004004024
:1023C000C43600200008004008370020087E0108BD
:1023D00080B500AF984B1B6903F00203022B40F05D
:1023E0004882964B1B680133944A1360944B93F8D0
:1023F0003730DBB2002B11D0924B1B780133DAB2AD
:10240000904B1A708F4B1B78042B07D90C200EF0C1
:102410000DFE0346002B01D0FEF7C0FF874B1B6863
:10242000642B1CD9864B93F83330DBB2002B16D0CB
:10243000854B1B780133DAB2834B1A70824B1B78C1
:10244000132B0CD904200EF0F1FD0346002B06D00F
:102450007D4B00221A707A4B002283F85020784B73
:1024600093F84C30DBB2012B05D0754B93F84C3010
:10247000DBB20A2B7FD1754B1B780133DAB2734B79
:102480001A70724B1B78012B23D96D4B5B7EDBB22C
:10249000012B1ED102200EF0C9FD0346002B05D0F2
:1024A00003200EF0C3FD0346002B12D1674B002220
:1024B0001A70634B002283F84C20654B012283F88D
:1024C000F827634B06221A77614B002283F8002815
:1024D0009BE05B4B5B7EDBB2022B40F09680584B5F
:1024E00093F84F30DBB2002B22D0584B1B780133CE
:1024F000DAB2564B1A70554B1B78312B0DD903208D
:102500000EF094FD0346002B07D0504B00221A70AA
:102510004B4B002283F84F20ABE14C4B1B78012B37
:1025200073D94A4B1B78013BDAB2484B1A706CE006
:10253000464B1B780133DAB2444B1A70434B1B787D
:10254000042B62D903200EF071FD0346002B5CD1F1
:102550003E4B00221A703A4B002283F84C203C4B31
:10256000012283F8F8273A4B06221A77384B0022CB
:1025700083F8002849E0324B93F84C30DBB2022B51
:1025800044D1324B1B780133DAB2304B1A702F4BE7
:102590001B78042B13D903200EF048FD0346002BB3
:1025A0000DD12A4B00221A70254B002283F84C20B3
:1025B000234B012283F83A20254B03221A77254B1F
:1025C0001B780133DAB2234B1A70224B1B78042B91
:1025D0001CD902200EF02AFD0346002B05D0032053
:1025E0000EF024FD0346002B10D11A4B00221A7066
:1025F000134B002283F84C20114B022283F83A201F
:10260000134B012283F8F82700E000BF104B1B7F1B
:10261000062B00F2288101A252F823F06728000857
:102620005926000819270008A92600082F270008A6
:102630007127000885270008002C01401C36002067
:1026400060340020B5230020B6230020B7230020EB
:10265000A4030020B8230020864BB3F9F0371946B5
:10266000844B1A6913469B001344994218D2814B3C
:10267000B3F9F0377F4A103332F813207E4BDA6219
:102680007D4BDB6A7C4A5B0853637A4BB3F9F037C6
:102690009BB205339BB21AB2764BA3F8F027E2E067
:1026A000744B02221A77DEE0724B9A69734B1B68F7
:1026B0009A4229D96F4BB3F9F037052B40F3CA8002
:1026C0006C4BB3F9F037B3F57A7F04DD694B4FF407
:1026D0007A72A3F8F027674BB3F9F0379BB2053B4A
:1026E0009BB21AB2634BA3F8F027624BB3F9F037F1
:1026F000604A103332F813205F4BDA625E4BDB6ABC
:102700005D4A5B085363A5E00020FEF7DBFE594BF2
:102710000022A3F8F0279DE0564B5A69574B1B68DF
:102720009A4280F09980534B03221A7794E0514BE0
:10273000B3F9F03740F2E232934200F38F804D4B11
:10274000B3F9F0374B4A103332F813204A4BDA62B0
:10275000494BDB6A484A5B085363464BB3F9F03791
:102760009BB205339BB21AB2424BA3F8F02775E037
:10277000404B9A69414B1B689A4271D80020FEF782
:10278000A1FE6DE03B4BB3F9F0371946394B1A699E
:1027900013469B001344994217D2364BB3F9F037D6
:1027A000344A103332F81320334BDA62324BDB6A8F
:1027B000314A5B0853632F4BB3F9F0379BB20533B3
:1027C0009BB21AB22B4BA3F8F0272A4B93F8F83799
:1027D000002B2CD0274B002283F8F827254BD3F869
:1027E000FC37C72B16D9234BD3F8FC27234B1B6888
:1027F000134414331F4A93611E4BC8221A611D4BA8
:102800009A691C4B1B69D31A1A4A5361194B02224D
:102810001A7727E0174BD3F8FC27184B1B68134493
:102820001433144A9361134B03221A771AE0114BA5
:10283000D3F8F437002B15DD0E4B5A690F4B1B688C
:102840009A420FD80B4B012283F80028094B032230
:102850001A7707E000BF06E000BF04E000BF02E017
:1028600000BF00E000BF044B1B69034A23F00203D2
:10287000136180BDA4030020002C01401C36002001
:1028800080B500AF4FF080431B6903F00103012BBB
:1028900040F05F81B04B1B680133AF4A1360AF4B10
:1028A00093F83730DBB2002B11D0AD4B1B780133DE
:1028B000DAB2AB4B1A70AA4B1B78042B07D90C2049
:1028C0000EF0B4FB0346002B01D0FEF767FDA34BCF
:1028D00093F84D30DBB2012B1AD1A24B1B78013398
:1028E000DAB2A04B1A709F4B1B78042B10D908202A
:1028F0000EF09CFB0346002B0AD19A4B00221A7063
:10290000964B002283F84D20974B032283F8202812
:10291000954B93F82038062B00F2138101A252F850
:1029200023F000BF432B000841290008F1290008CB
:102930009D2900080B2A0008552A00086B2A000868
:10294000894BB3F9F43F1946874BD3F81428134643
:102950009B00134499421CD2834BB3F9F43F824A43
:1029600003F2124332F813204FF08043DA624FF043
:102970008043DB6A4FF080425B0853637A4BB3F9C4
:10298000F43F9BB205339BB21AB2774BA3F8F42FF6
:10299000D7E0754B022283F82028D2E0724BB3F9BE
:1029A000F43F052B1CDD704BB3F9F43F9BB2053BA4
:1029B0009BB21AB26C4BA3F8F42F6B4BB3F9F43FF4
:1029C000694A03F2124332F813204FF08043DA626F
:1029D0004FF08043DB6A4FF080425B085363B0E006
:1029E0000120FEF76FFD604B0022A3F8F42FA8E052
:1029F0005D4BD3F81828584B1B689A4280F09A8098
:102A0000594B032283F8202894E0574BB3F9F43F45
:102A100040F2E232934200F38F80534BB3F9F43F1C
:102A2000514A03F2124332F813204FF08043DA6226
:102A30004FF08043DB6A4FF080425B0853634A4BA0
:102A4000B3F9F43F9BB205339BB21AB2464BA3F8DD
:102A5000F42F71E0444BD3F81C283F4B1B689A427B
:102A60006CD80120FEF72EFD68E03F4BB3F9F43F30
:102A700019463D4BD3F8142813469B001344994242
:102A80001BD2394BB3F9F43F374A03F2124332F801
:102A900013204FF08043DA624FF08043DB6A4FF03F
:102AA00080425B085363304BB3F9F43F9BB205336C
:102AB0009BB21AB22C4BA3F8F42F2B4B93F8FC3F8C
:102AC000002B20D0284B03F580531A68224B1B683B
:102AD0009A4218D8244B03F58053B3F9F83740F2E3
:102AE000E232934206DC204B03F5805340F2E3329E
:102AF000A3F8F8271C4B032283F820281A4B002246
:102B000083F8FC2F1CE0184BD3F8F83F002B17DD9F
:102B1000154BD3F8F83F1A460F4B1B689A420FD853
:102B2000114B03F5805301221A710F4B032283F8D6
:102B3000202805E000BF04E000BF02E000BF00E085
:102B400000BF4FF080431B694FF0804223F0010328
:102B5000136100BF80BD00BF8036002060340020BC
:102B6000B9230020BA230020A403002080B500AFC1
:102B7000984B1B6903F00103012B40F0C081964B79
:102B80001B680133944A1360944B93F83730DBB2DF
:102B9000002B11D0924B1B780133DAB2904B1A7094
:102BA0008F4B1B78042B07D90C200EF03FFA0346FD
:102BB000002B01D0FEF7F2FB884B93F84B30DBB2D1
:102BC000012B1DD1874B1B780133DAB2854B1A706C
:102BD000844B1B78042B13D901200EF027FA0346EF
:102BE000002B0DD17F4B00221A707C4B002283F802
:102BF0004B207D4B03F58053012283F8002822E00F
:102C0000764B93F84B30DBB2022B1CD1774B1B7801
:102C10000133DAB2754B1A70744B1B78042B12D93E
:102C200001200EF003FA0346002B0CD06F4B00225C
:102C30001A706A4B002283F84B206B4B03F58053CC
:102C4000032283F82420684B03F5805393F8243043
:102C5000062B00F24E8101A252F823F0F32E000859
:102C6000792C0008472D0008E52C0008672D000886
:102C7000BB2D0008F12D00085B4B03F58053B3F921
:102C8000F8371946584B03F580539A6913469B0051
:102C9000134499421FD2544B03F58053B3F9F837CC
:102CA000514A03F6140332F813204A4BDA62494BB7
:102CB000DB6A484A5B08D3634B4B03F58053B3F997
:102CC000F8379BB205339BB21AB2474B03F58053DA
:102CD000A3F8F8270DE1444B03F58053022283F853
:102CE000242006E1404B03F58053B3F9F837052B58
:102CF0001FDD3D4B03F58053B3F9F8379BB2053B1D
:102D00009BB21AB2384B03F58053A3F8F827364B21
:102D100003F58053B3F9F837334A03F6140332F856
:102D200013202C4BDA622B4BDB6A2A4A5B08D363F5
:102D3000DFE00220FEF7C6FB2B4B03F58053002299
:102D4000A3F8F827D5E0284B03F58053DA69224B26
:102D50001B689A4200F2C680234B03F5805303227E
:102D600083F82420BEE0204B03F58053B3F9F837F5
:102D700040F2E232934240F3B7801B4B03F580539D
:102D8000B3F9F837184A03F6140332F81320114B3D
:102D9000DA62104BDB6A0F4A5B08D363124B03F510
:102DA0008053B3F9F8379BB205339BB21AB20E4B7E
:102DB00003F58053A3F8F82796E00B4B03F58053F7
:102DC0001A6A054B1B689A4200F290800220FEF7B7
:102DD00079FB8BE000040040C43600206034002002
:102DE000BB230020BC230020A4030020BD2300201F
:102DF000444B03F58053B3F9F8371946414B03F5BB
:102E000080539A6913469B00134499421ED23D4B4E
:102E100003F58053B3F9F8373A4A03F6140332F84E
:102E20001320394BDA62384BDB6A374A5B08D363CD
:102E3000344B03F58053B3F9F8379BB205339BB29B
:102E40001AB2304B03F58053A3F8F8272D4B03F546
:102E5000805393F80038002B28D02A4B03F5805379
:102E6000002283F80028274B03F58053D3F8042869
:102E7000264B1B681344234A02F58052D361214B31
:102E800003F58053B3F9F83740F2E232934206DC9F
:102E90001C4B03F5805340F2E332A3F8F827194B9B
:102EA00003F58053022283F8242021E0154B03F51B
:102EB0008053D3F8FC37002B1ADD124B03F58053F7
:102EC000DA69124B1B689A4212D80E4B03F58053F5
:102ED000012283F808280B4B03F58053032283F863
:102EE000242005E000BF04E000BF02E000BF00E0D6
:102EF00000BF054B1B69044A23F00103136100BFA7
:102F000080BD00BFA403002000040040C4360020A0
:102F100080B500AFB44B1B6903F00103012B40F0F7
:102F20009781B24B1B680133B04A1360B04B93F8E2
:102F30003730DBB2002B11D0AE4B1B780133DAB245
:102F4000AC4B1A70AB4B1B78042B07D90C200EF03E
:102F50006DF80346002B01D0FEF720FAA44B93F83E
:102F60004E30DBB2012B1CD1A34B1B780133DAB2FC
:102F7000A14B1A70A04B1B78042B12D906200EF01F
:102F800055F80346002B0CD19B4B00221A70984B2E
:102F9000002283F84E20994B03F58053032283F8D7
:102FA0002828964B03F5805393F82838062B00F217
:102FB000498101A252F823F045320008D52F0008BC
:102FC000A530000843300008C73000081B31000856
:102FD00037310008894B03F58053B3F9FC3F19469C
:102FE000864B03F58053D3F81C2813469B001344EB
:102FF00099421FD2814B03F58053B3F9FC3F7F4ABE
:1030000003F6164332F81320774BDA62764BDB6A0D
:10301000754A5B085363794B03F58053B3F9FC3F62
:103020009BB205339BB21AB2744B03F58053A3F8DD
:10303000FC2F07E1714B03F58053022283F8282807
:1030400000E16E4B03F58053B3F9FC3F052B1FDD08
:103050006A4B03F58053B3F9FC3F9BB2053B9BB22F
:103060001AB2664B03F58053A3F8FC2F634B03F5AC
:103070008053B3F9FC3F614A03F6164332F813203C
:10308000594BDA62584BDB6A574A5B085363D9E005
:103090000320FEF717FA594B03F580530022A3F8DB
:1030A000FC2FCFE0554B03F58053D3F820284F4B2E
:1030B0001B689A4200F2BF80504B03F580530322F5
:1030C00083F82828B7E04D4B03F58053B3F9FC3F54
:1030D00040F2E232934200F3B080484B03F5805354
:1030E000B3F9FC3F454A03F6164332F813203E4B32
:1030F000DA623D4BDB6A3C4A5B0853633F4B03F5A6
:103100008053B3F9FC3F9BB205339BB21AB23B4BE1
:1031100003F58053A3F8FC2F8FE0384B03F5805361
:10312000D3F82428314B1B689A4200F28880032090
:10313000FEF7C8F983E0314B03F58053B3F9FC3F48
:1031400019462E4B03F58053D3F81C2813469B00D9
:10315000134499421ED2294B03F58053B3F9FC3F27
:10316000264A03F6164332F813201F4BDA621E4B31
:10317000DB6A1D4A5B085363204B03F58053B3F9A8
:10318000FC3F9BB205339BB21AB21C4B03F5805334
:10319000A3F8FC2F194B03F500531B79002B2FD0FC
:1031A000164B03F500539A68104B1B689A4227D8B8
:1031B000124B03F58053B3F9F83740F2E2329342F1
:1031C00006DC0E4B03F5805340F2E332A3F8F827F8
:1031D0000A4B03F58053032283F82828074B03F595
:1031E000005300221A712CE000080040083700202C
:1031F00060340020BE230020BF230020A403002051
:10320000144B03F500531B68002B1ADD114B03F51B
:103210008053D3F82028104B1B689A4211D80D4BCD
:1032200003F5005301221A730A4B03F5805303225E
:1032300083F8282805E000BF04E000BF02E000BFDB
:1032400000E000BF054B1B69044A23F00103136132
:1032500000BF80BDA4030020083700200008004004
:1032600080B483B000AF78607B6800221A707B68FE
:1032700000225A707B6801229A7000BF0C37BD464D
:1032800080BC704784B080B584B000AF786007F12F
:103290001C0080E80E000023FB7372B600BF7B6841
:1032A0005B785A1C194B83FB0213D910D317C91A28
:1032B0000B469B000B449B00D11ACAB2144B1A70E8
:1032C0007B681A78124B1B789A4215D07B685B7822
:1032D0001A46652302FB03F37A6813440333184646
:1032E00007F11C036522194611F0B4F9084B1A784E
:1032F0007B685A700123FB7362B600BFFB7B1846E4
:103300001037BD46BDE8804004B07047676666660A
:103310008F33002080B584B000AF7860396000231F
:10332000FB733B68002B02D07B68002B01D100238C
:103330002BE072B600BF7B681A787B685B789A4294
:1033400020D07B681B781A46652302FB03F37A685A
:103350001344033365221946386811F07BF97B6802
:103360001B785A1C0B4B83FB0213D910D317C91AB5
:103370000B469B000B449B00D11ACAB27B681A70A3
:103380000123FB7362B600BFFB7B18461037BD46B6
:1033900080BD00BF6766666680B582B000AF00235F
:1033A000FB80A34B1B78002B01F09781A04B0022E0
:1033B0001A7008219F480DF0CFFA9E4B9B781B0294
:1033C0001AB29C4BDB781BB213431BB2BB80994BE8
:1033D0001B791B021AB2974B5B791BB213431BB2CA
:1033E0007B80944B5B78032B00F04B86062B41F0DF
:1033F0007981BB8847F6181293420BD18E4B9B7D87
:10340000DBB2002B01F06B818B4B012283F825206E
:1034100001F065B9BB8847F61912934201F05F814C
:10342000BB8847F61A1293420BD1834BDB7DDBB28C
:10343000002B41F05481804B012283F83F2001F0A2
:103440004EB9BB8847F61B12934211D17A4BDB7DF4
:10345000DBB2002B41F04381774B9B7DDBB2002B2D
:1034600001F03D81744B012283F8232001F037B92C
:10347000BB8847F61C12934212D16F4BDB7DDBB247
:10348000002B41F02C816C4B9B7DDBB2002B01F0BB
:103490002681694B5B7EDAB2674BDA7601F01FB9A1
:1034A000BB8847F61D12934211D1634BDB7DDBB223
:1034B000002B41F01481604B9B7DDBB2002B01F0AF
:1034C0000E815D4B012283F8202001F008B9BB88F2
:1034D00047F61E12934217D1574BDB7DDBB2002B10
:1034E00041F0FD80544B012283F826207B88002B7D
:1034F00004D0524A7B88138001F0F1B84F4B40F65C
:10350000B8321A8001F0EBB8BB8847F61F1293421D
:103510000AD1494B93F83B30DBB27A881146184602
:1035200009F0C2FF01F0DBB8BB8847F620129342D6
:103530000AD1414B93F83D30DBB27A8811461846E8
:103540000AF00AF801F0CBB8BB8847F62112934283
:1035500001F0C580BB8847F62212934201F0BF807C
:10356000BB8847F62312934206D17B88DBB218460C
:1035700009F0DEFE01F0B3B8BB8847F6241293428F
:103580003AD12F4A7B8813802D4B1B88632B05D99A
:103590002B4B1B8844F62062934209D9294BFF220A
:1035A00083F8D520082128480DF0D6F900F068BD31
:1035B000234B1B8819464FF4A04004F0E3FB204B3B
:1035C0001B881946102005F08FF91D4B1B881B0A1C
:1035D0009BB2DBB21A4A1288D2B219464FF4A0400D
:1035E0000CF0E6F8174B012283F8D5200821164885
:1035F0000DF0B2F901F073B8BB8847F6251293427B
:103600004AD10F4A7B8813800D4B1B88632B05D949
:103610000B4B1B8844F62062934219D9094BFF22B9
:1036200083F8DD20082109480DF096F900F028BD47
:103630009033002094330020603400204635002071
:103640004435002000000020D0000020D8000020D9
:10365000AD4B1B88194645F2010004F093FBAA4BC1
:103660001B881946122005F03FF9A74B1B881B0A3F
:103670009BB2DBB2A44A1288D2B2194645F20100CD
:103680000CF096F8A14B012283F8DD200821A04818
:103690000DF062F901F023B8BB8847F62612934279
:1036A00036D1994A7B881380974B1B8840F6B832F5
:1036B000934209D9954BFF2283F8E52008219548CC
:1036C0000DF04AF901F00BB88F4B1B88194645F2F3
:1036D000120004F057FB8C4B1B881946342005F070
:1036E00003F9894B1B881B0A9BB2DBB2864A1288FE
:1036F000D2B2194645F212000CF05AF8834B01225F
:1037000083F8E520082183480DF026F900F0E7BF93
:10371000BB8847F62712934236D17B4A7B881380B9
:10372000794B1B884CF25032934209D9774BFF22D8
:1037300083F8ED20082178480DF00EF900F0CFBF96
:10374000714B1B88194645F2160004F01BFB6E4BAB
:103750001B8819463C2005F0C7F86B4B1B881B0AD9
:103760009BB2DBB2684A1288D2B2194645F2160003
:103770000CF01EF8654BFF2283F8ED200821664807
:103780000DF0EAF800F0ABBFBB8847F62812934271
:103790003AD15D4A7B8813805B4B1B88632B05D92C
:1037A000594B1B8842F21072934209D9574BFF22A2
:1037B00083F8F520082159480DF0CEF800F060BCE0
:1037C000514B1B88194645F2170004F0DBFA4E4BAB
:1037D0001B8819463E2005F087F84B4B1B881B0AB7
:1037E0009BB2DBB2484A1288D2B2194645F21700A2
:1037F0000BF0DEFF454B012283F8F52008214748F6
:103800000DF0AAF800F06BBFBB8847F6291293426F
:103810003AD13D4A7B8813803B4B1B88632B05D9EB
:10382000394B1B8844F62062934209D9374BFF225B
:1038300083F8FD2008213A480DF08EF800F020BCF6
:10384000314B1B88194645F2040004F09BFA2E4BBD
:103850001B881946182005F047F82B4B1B881B0ABC
:103860009BB2DBB2284A1288D2B2194645F2040054
:103870000BF09EFF254B012283F8FD2008212848EC
:103880000DF06AF800F02BBFBB8847F62A1293426E
:103890004AD11D4A7B8813801B4B1B88632B05D99B
:1038A000194B1B8844F62062934208D9174BFF221C
:1038B00083F8052108211B480DF04EF8E0E3124B78
:1038C0001B88194645F2150004F05CFA0E4B1B8864
:1038D00019463A2005F008F80B4B1B881B0A9BB2CF
:1038E000DBB2094A1288D2B2194645F215000BF034
:1038F0005FFF064B012283F80521082109480DF0DE
:103900002BF800F0ECBE00BF443500200000002082
:10391000D8000020E0000020E8000020F000002097
:10392000F800002000010020BB8847F62B129342CC
:1039300036D1B24A7B881380B04B1B884CF2503290
:10394000934209D9AE4BFF2283F80D210821AD48DF
:103950000DF002F800F0C3BEA84B1B88194645F2D3
:10396000050004F00FFAA54B1B8819461A2004F035
:10397000BBFFA24B1B881B0A9BB2DBB29F4A12887B
:10398000D2B2194645F205000BF012FF9C4B012202
:1039900083F80D2108219B480CF0DEFF00F09FBE4C
:1039A000BB8847F62C12934236D1944A7B88138009
:1039B000924B1B884CF25032934209D9904BFF2214
:1039C00083F81521082190480CF0C6FF00F087BE4F
:1039D0008A4B1B88194645F2130004F0D3F9874B34
:1039E0001B881946362004F07FFF844B1B881B0A76
:1039F0009BB2DBB2814A1288D2B2194645F213005B
:103A00000BF0D6FE7E4B012283F8152108217E485B
:103A10000CF0A2FF00F063BEBB8847F62D12934264
:103A200036D1764A7B881380744B1B884CF2503217
:103A3000934209D9724BFF2283F81D210821734854
:103A40000CF08AFF00F04BBE6C4B1B88194645F208
:103A5000180004F097F9694B1B881946402004F0C0
:103A600043FF664B1B881B0A9BB2DBB2634A12887A
:103A7000D2B2194645F218000BF09AFE604B0122B3
:103A800083F81D21082161480CF066FF00F027BE75
:103A9000BB8847F62E12934238D1584A7B88138050
:103AA000564B1B884CF25032934209D9544BFF229B
:103AB00083F82521082156480CF04EFF00F00FBE78
:103AC0004E4B1B88194645F2190004F05BF94B4B2D
:103AD0001B881946422004F007FF484B1B881B0A2D
:103AE0009BB2DBB2454A1288D2B2194645F21900A0
:103AF0000BF05EFE424B03F58053012283F8252A2A
:103B0000082143480CF028FF00F0E9BDBB8847F6C8
:103B10002F12934236D1394A7B881380374B1B884A
:103B20004CF25032934209D9354BFF2283F82D21B4
:103B3000082138480CF010FF00F0D1BD2F4B1B8836
:103B4000194645F2020004F01DF92C4B1B8819465A
:103B5000142004F0C9FE294B1B881B0A9BB2DBB260
:103B6000264A1288D2B2194645F202000BF020FE16
:103B7000234B012283F82D21082126480CF0ECFE6E
:103B800000F0ADBDBB8847F63012934246D11B4AC8
:103B90007B881380194B1B884CF25032934209D911
:103BA000174BFF2283F8352108211B480CF0D4FE67
:103BB00000F095BD114B1B88194645F2030004F037
:103BC000E1F80E4B1B881946162004F08DFE0B4BB6
:103BD0001B881B0A9BB2DBB2084A1288D2B2194674
:103BE00045F203000BF0E4FD054B012283F835217B
:103BF000082109480CF0B0FE00F071BD44350020EA
:103C00000000002008010020100100201801002001
:103C1000200100202801002030010020BB8847F649
:103C20003112934236D1B74A7B881380B54B1B883B
:103C30004CF25032934209D9B34BFF2283F83D2115
:103C40000821B2480CF088FE00F049BDAD4B1B883E
:103C5000194645F2060004F095F8AA4B1B88194650
:103C60001C2004F041FEA74B1B881B0A9BB2DBB251
:103C7000A44A1288D2B2194645F206000BF098FD0C
:103C8000A14B012283F83D210821A0480CF064FEDD
:103C900000F025BDBB8847F63212934236D1994ACF
:103CA0007B881380974B1B884CF25032934209D982
:103CB000954BFF2283F84521082195480CF04CFED6
:103CC00000F00DBD8F4B1B88194645F2070004F02C
:103CD00059F88C4B1B8819461E2004F005FE894BB1
:103CE0001B881B0A9BB2DBB2864A1288D2B21946E5
:103CF00045F207000BF05CFD834B012283F8452160
:103D0000082183480CF028FE00F0E9BCBB8847F688
:103D10003312934240F008817B88012B43D101226A
:103D2000002147F299600BF043FD0022002147F289
:103D30009A600BF03DFD0022002147F29D600BF0E0
:103D400037FD744B01225A760121442009F010FD01
:103D50006D4B012283F84D2108216F480CF0FCFDCA
:103D60006C4B9B7EDBB2022B40F0B9840122002118
:103D700047F29B600BF01CFD0022002147F29C6083
:103D80000BF016FD634B01229A760121452009F0C4
:103D9000EFFC5D4B012283F85D2108215F480CF0A8
:103DA000DBFD00F09CBC7B88022B61D1594B93F862
:103DB0003530DBB2002B1CD0564B5B7DDBB2002BC9
:103DC00004D11E21564809F0F7FE08E0514B5B7DF7
:103DD000DBB2012B03D12421524809F0EDFE4A4BFE
:103DE000FF2283F84D2108214B480CF0B5FD00F06F
:103DF00079BC0022002147F299600BF0D9FC012226
:103E0000002147F29A600BF0D3FC0022002147F218
:103E10009D600BF0CDFC3F4B02225A7602214420DC
:103E200009F0A6FC384B022283F84D2108213A48BC
:103E30000CF092FD374B002283F82C200022002149
:103E400047F623100BF0B4FC0021732009F090FC1E
:103E5000304B002283F831200022002147F6261043
:103E60000BF0A6FC0021762009F082FC00F037BCA4
:103E70007B88032B3DD10022002147F299600BF093
:103E800097FC0022002147F29A600BF091FC01227E
:103E9000002147F29D600BF08BFC1E4B03225A76EB
:103EA0000321442009F064FC174B032283F84D21C1
:103EB000082119480CF050FD164B002283F82C20E5
:103EC0000022002147F623100BF072FC0021732022
:103ED00009F04EFC0F4B002283F831200022002114
:103EE00047F626100BF064FC0021762009F040FC18
:103EF000F5E3054BFF2283F84D21082106480CF01D
:103F00002BFDECE3443500200000002038010020A8
:103F100040010020603400204801002058010020AA
:103F2000704F0108A04F0108BB8847F63412934236
:103F300067D17B88012B1BD10122002147F29B60B6
:103F40000BF036FC0022002147F29C600BF030FCA5
:103F5000AC4B01229A760121452009F009FCAA4BBD
:103F6000012283F85D210821A8480CF0F5FCB6E396
:103F70007B88022B3CD1A34B5B7EDBB2012B1BD198
:103F8000A04B5B7DDBB2002B04D11E21A04809F0C1
:103F900013FE08E09B4B5B7DDBB2012B03D1282194
:103FA0009C4809F009FE984B032283F85D21082103
:103FB00096480CF0D1FC95E30022002147F29B606B
:103FC0000BF0F6FB0122002147F29C600BF0F0FBA6
:103FD0008C4B02229A760221452009F0C9FB8A4BBC
:103FE000022283F85D21082188480CF0B5FC76E3B5
:103FF000854BFF2283F85D21082184480CF0ACFC3E
:104000006DE3BB8847F63512934240F06883824ADD
:104010007B881380804B1B88632B05D97E4B1B88C4
:1040200047F23052934208D9774BFF2283F86D2034
:1040300008217A480CF090FC22E0774B1B88194647
:1040400045F2140003F09EFE734B1B88194638207E
:1040500004F04AFC704B1B881B0A9BB2DBB26E4A11
:104060001288D2B2194645F214000BF0A1FB664B40
:10407000012283F86D20082168480CF06DFC2EE3C6
:104080002DE3BB88B3F5FA4F14D15E4B9B7DDBB2B9
:10409000012B04D108215C480CF05EFC21E3594B54
:1040A0009B7DDBB2002B40F01C8308215C480CF0A8
:1040B00053FC16E3BB8847F60152934200F011838C
:1040C000BB8847F6025293420ED14E4B9B7DDBB22A
:1040D000012B04D1082153480CF03EFC01E30821D8
:1040E00051480CF039FCFCE2BB8847F6035293427E
:1040F0000FD1444B93F82430DBB2012B04D10821BB
:104100004A480CF029FCECE2082149480CF024FC58
:10411000E7E2BB8847F6045293420ED1394B5B7FEE
:10412000DBB2012B04D1082142480CF015FCD8E287
:10413000082141480CF010FCD3E2BB8847F6055239
:1041400093420FD12F4B93F82130DBB2012B04D1D6
:1041500008213A480CF000FCC3E2082138480CF072
:10416000FBFBBEE2BB8847F6065293420FD1254BBC
:1041700093F85530DBB2012B04D1082127480CF00D
:10418000EBFBAEE208212F480CF0E6FBA9E2BB886E
:1041900047F60752934217D11A4B93F85630DBB2C9
:1041A000012B04D1082128480CF0D6FB99E2164BCC
:1041B000002283F87520082123480CF0CDFB124B18
:1041C000012283F875208CE2BB8847F6085293429F
:1041D0003ED10C4B93F85630DBB2012B04D10821B1
:1041E0001A480CF0B9FB7CE2074B002283F88520CB
:1041F000082116480CF0B0FB034B012283F8852000
:104200006FE200BF60340020000000205801002051
:10421000C84F0108F44F0108443500206800002011
:104220000800002028000020200000203800002086
:1042300030000020480000204000002058000020EE
:10424000500000206000002070000020800000204E
:10425000BB8847F60952934200F04382BB8847F679
:104260000A52934200F03D82BB8847F60B529342BC
:104270000BD1AD4B93F84530DAB2AC4B83F8BD208F
:104280000821AB480CF068FB2BE2BB8847F60C52C8
:10429000934214D1A44B1B7DDBB2012B04D1082126
:1042A000A4480CF059FB1CE29F4B1B7DDBB2022B98
:1042B00040F017820821A0480CF04EFB11E2BB88A9
:1042C00047F60D52934216D14FF4A04003F0FEFC86
:1042D0000346FB80FB881B0A9BB2DAB2934B83F840
:1042E000D420FB88DAB2914B83F8D520082193487B
:1042F0000CF032FBF5E1BB8847F60E52934216D123
:1043000045F2010003F0E2FC0346FB80FB881B0A38
:104310009BB2DAB2854B83F8DC20FB88DAB2834BA0
:1043200083F8DD20082186480CF016FBD9E1BB8814
:1043300047F60F52934216D145F2120003F0C6FC25
:104340000346FB80FB881B0A9BB2DAB2774B83F8EB
:10435000E420FB88DAB2754B83F8E5200821794820
:104360000CF0FAFABDE1BB8847F61052934216D121
:1043700045F2160003F0AAFC0346FB80FB881B0AEB
:104380009BB2DAB2694B83F8EC20FB88DAB2674B58
:1043900083F8ED2008216C480CF0DEFAA1E1BB881F
:1043A00047F61152934216D145F2170003F08EFCE6
:1043B0000346FB80FB881B0A9BB2DAB25B4B83F897
:1043C000F420FB88DAB2594B83F8F52008215F48C6
:1043D0000CF0C2FA85E1BB8847F61252934216D11F
:1043E00045F2040003F072FC0346FB80FB881B0AC5
:1043F0009BB2DAB24D4B83F8FC20FB88DAB24B4B10
:1044000083F8FD20082152480CF0A6FA69E1BB8828
:1044100047F61352934216D145F2150003F056FCAD
:104420000346FB80FB881B0A9BB2DAB23F4B83F842
:104430000421FB88DAB23D4B83F805210821454869
:104440000CF08AFA4DE1BB8847F61452934216D11C
:1044500045F2050003F03AFC0346FB80FB881B0A8B
:104460009BB2DAB2314B83F80C21FB88DAB22F4BC6
:1044700083F80D21082138480CF06EFA31E1BB8831
:1044800047F61552934216D145F2130003F01EFC75
:104490000346FB80FB881B0A9BB2DAB2234B83F8EE
:1044A0001421FB88DAB2214B83F8152108212B480F
:1044B0000CF052FA15E1BB8847F61652934216D11A
:1044C00045F2180003F002FC0346FB80FB881B0A40
:1044D0009BB2DAB2154B83F81C21FB88DAB2134B7E
:1044E00083F81D2108211E480CF036FAF9E0BB883C
:1044F00047F61752934237D145F2190003F0E6FB15
:104500000346FB80FB881B0A9BB2DAB2074B83F899
:104510002421FB88DAB2054B83F8252108211148B4
:104520000CF01AFADDE000BF60340020000000202B
:10453000B8000020C8000020C0000020D0000020EB
:10454000D8000020E0000020E8000020F00000205B
:10455000F8000020000100200801002010010020C8
:104560001801002020010020BB8847F61852934212
:1045700016D145F2020003F0A9FB0346FB80FB883D
:104580001B0A9BB2DAB2594B83F82C21FB88DAB2B2
:10459000564B83F82D21082155480CF0DDF9A0E099
:1045A000BB8847F61952934216D145F2030003F037
:1045B0008DFB0346FB80FB881B0A9BB2DAB24B4B98
:1045C00083F83421FB88DAB2484B83F8352108217F
:1045D00048480CF0C1F984E0BB8847F61A52934270
:1045E00016D145F2060003F071FB0346FB80FB8801
:1045F0001B0A9BB2DAB23D4B83F83C21FB88DAB24E
:104600003A4B83F83D2108213B480CF0A5F968E0BE
:10461000BB8847F61B52934216D145F2070003F0C0
:1046200055FB0346FB80FB881B0A9BB2DAB22F4B7B
:1046300083F84421FB88DAB22C4B83F8452108210A
:104640002E480CF089F94CE0BB8847F61C52934287
:104650000ED12B4B5B7EDAB2244B83F84D2108211F
:1046600028480CF079F9214B012283F84D2138E0DC
:10467000BB8847F61D52934213D1214B9B7EDBB280
:10468000012B04D1082120480CF066F929E01C4BCD
:104690009B7EDBB2022B24D108211C480CF05CF974
:1046A0001FE0BB8847F61E5293421AD145F2140010
:1046B00003F00CFB0346FB80FB881B0A9BB2DAB2BB
:1046C0000A4B83F86C21FB88DAB2084B83F86D2122
:1046D00008210F480CF040F903E000BF02E000BFE2
:1046E00000E000BF00BF0837BD4680BD00000020CD
:1046F0002801002030010020380100204001002066
:104700006034002048010020580100206001002092
:104710006801002080B483B000AF7860034B1B7D3C
:10472000DBB2002B0C37BD4680BC704760340020E4
:1047300080B582B000AF78607B681B78012B02D017
:10474000042B1DD021E0124B1B7DDBB2012B03D0CB
:10475000002008F0FBF918E00D4B5B7DDBB2002B6D
:1047600004D120210B4809F027FA0DE0084B5B7DAE
:10477000DBB2012B08D12021074809F01DFA03E024
:10478000002008F02DF900E000BF0837BD4680BDCD
:1047900060340020205001083450010880B584B0F6
:1047A00000AF78604FF4E04003F090FA0346FB60FE
:1047B000FB681B04FB6047F2010003F087FA034625
:1047C0001A46FB681344FB608D4B1B78DBB2002B51
:1047D00014D18B4B5B7DDBB2002B04D10C218948BB
:1047E00009F0EAF906E1864B5B7DDBB2012B40F074
:1047F00001811321844809F0DFF9FBE0804B5B78ED
:10480000DBB2002B14D17E4B5B7DDBB2002B04D1DD
:104810000C217E4809F0D0F9EEE0794B5B7DDBB2EC
:10482000012B40F0E9801621794809F0C5F9E3E051
:10483000734B1B78DBB2012B02D0022B48D0D2E0A5
:10484000F968002000F0F4F80346002B25D06C4BEB
:104850001B7DDBB2012B03D1202009F0A5F802E07B
:10486000002009F0A1F806226A4947F2055009F034
:10487000E3F8062267494FF4EA4009F0DDF8604B9F
:104880001B78DBB20A33DAB25D4B1A700822624938
:1048900047F2106009F0D0F8A2E006225D4947F225
:1048A000055009F0C9F8564B5B7DDBB2002B04D1F3
:1048B00008215A4809F080F992E0514B5B7DDBB248
:1048C000012B40F08D800F21554809F075F987E0E4
:1048D000F968012000F0ACF80346002B2FD0484BBC
:1048E0001B7DDBB2012B09D0454B1B7DDBB2032BBB
:1048F00008D1434B9B7DDBB2002B03D0202009F075
:1049000053F802E0002009F04FF80622414947F22F
:10491000055009F091F806223E494FF4EA4009F0AB
:104920008BF8374B1B78DBB20A33DAB2344B1A7090
:1049300008223C4947F2106009F07EF852E0F9681D
:10494000022000F075F80346002B2FD02C4B1B7D66
:10495000DBB2012B09D02A4B1B7DDBB2032B08D124
:10496000274B9B7DDBB2002B03D0202009F01CF8E5
:1049700002E0002009F018F80622264947F2055007
:1049800009F05AF8062223494FF4EA4009F054F896
:104990001B4B1B78DBB21433DAB2194B1A700822A6
:1049A000214947F2106009F047F81BE00622194937
:1049B00047F2055009F040F8114B5B7DDBB2002B4C
:1049C00004D10821154809F0F7F80BE00C4B5B7D8A
:1049D000DBB2012B06D10F21114809F0EDF801E0FF
:1049E00000BF00E000BF064B00225A700F4B0022B0
:1049F0005A7002E000BF00E000BF1037BD4680BD26
:104A00006034002058500108685001087C500108AB
:104A10008C500108A4500108AC500108B85001089E
:104A2000C4500108D4500108E0500108E8330020C8
:104A300080B485B000AF03463960FB710123FB737E
:104A4000FB79022B56D0022B7CDC002B02D0012BF1
:104A500028D077E00623BB7320E039683C4BA3FBEA
:104A60000123DA0813469B0013445B00CA1A02F1C3
:104A70003003BA7B013A37490A449278D2B2934262
:104A800003D00023FB7300BF5CE03B68304AA2FB0D
:104A90000323DB083B60BB7B013BBB73BB7B002B71
:104AA000DBD14FE00623BB7320E03968284BA3FB22
:104AB0000123DA0813469B0013445B00CA1A02F173
:104AC0003003BA7B013A23490A44127AD2B29342A4
:104AD00003D00023FB7300BF34E03B681C4AA2FBF9
:104AE0000323DB083B60BB7B013BBB73BB7B002B21
:104AF000DBD127E00623BB7320E03968144BA3FB0E
:104B00000123DA0813469B0013445B00CA1A02F122
:104B10003003BA7B013A0F490A44927BD2B29342E6
:104B200003D00023FB7300BF0BE03B68084AA2FBE5
:104B30000323DB083B60BB7B013BBB73BB7B002BD0
:104B4000DBD100BFFB7B18461437BD4680BC7047E5
:104B5000CDCCCCCC6034002080B582B000AF786082
:104B60000E4B5B7DDBB2002B04D10D4B1B8818462E
:104B700008F01AFF094B5B7DDBB2012B06D1084B15
:104B80001B88323B9BB2184608F00EFF054B0022F3
:104B90009A7000BF0837BD4680BD00BF603400205A
:104BA000B0350020E833002080B582B000AF7860D7
:104BB000134B0022DA707B681B78012B02D0022B8A
:104BC0000AD013E006220F494FF4EA4008F034FF00
:104BD0000D4B01221A7009E006220C494FF4EA40FD
:104BE00008F02AFF084B02221A7000BF062208496B
:104BF00047F2055008F020FF00BF0837BD4680BDD2
:104C0000E8330020EC50010860340020F450010823
:104C1000A450010880B582B000AF78602C4B002210
:104C20005A7106222B494FF4EA4008F005FF06228C
:104C3000284947F2055008F0FFFE274B00221A7062
:104C4000254B5B7DDBB2002B04D10921234808F002
:104C5000B3FF08E0204B5B7DDBB2012B03D10E21BB
:104C60001F4808F0A9FF4FF4FA700BF088FF1A4BA9
:104C70005B7DDBB2002B04D10A211A4808F09CFFAF
:104C800008E0154B5B7DDBB2012B03D10B211648ED
:104C900008F092FF02200BF072FF0F4B5B7DDBB23E
:104CA000002B06D10A22114947F2106008F024FFB8
:104CB0000AE0094B5B7DDBB2012B05D10A220C49CE
:104CC00047F2106008F018FF00BF0837BD4680BDEE
:104CD000E8330020A450010860340020FC50010893
:104CE00008510108185101082451010830510108E8
:104CF0003C51010880B588B000AF7860894B002234
:104D00009A71894B1B78DBB2002B14D1864B5B7DEB
:104D1000DBB2002B04D10C21844808F04DFFCDE11B
:104D2000814B5B7DDBB2012B40F0C88113218048B1
:104D300008F042FFC2E17C4B5B78DBB2002B14D160
:104D4000794B5B7DDBB2002B04D10E21794808F052
:104D500033FFB5E1744B5B7DDBB2012B40F0B081DA
:104D60001A21754808F028FFAAE16F4B5B78DBB287
:104D7000012B14D86C4B5B7DDBB2002B04D10E21D0
:104D80006E4808F019FF9DE1674B5B7DDBB2012B9C
:104D900040F098811A216A4808F00EFF92E1624BB8
:104DA0005B78DBB2022B14D85F4B5B7DDBB2002B50
:104DB00004D11221634808F0FFFE85E15A4B5B7D68
:104DC000DBB2012B40F0808127215F4808F0F4FE20
:104DD0007AE14FF4E04002F079FF0346FB61FB69A2
:104DE0001B04FB6147F2010002F070FF03461A4604
:104DF000FB691344FB614C4B1B78DBB20A2B06D9D1
:104E0000494B1B78DBB20A3BDAB2474B1A70464B70
:104E10001B78DBB2012B40F0A380F9690020FFF77B
:104E200007FE0346002B00F09B8047F2020002F0D1
:104E30004DFF0346BB61BB691B04BB6147F2030026
:104E400002F044FF03461A46BB691344BB6147F2B4
:104E5000040002F03BFF03467B617B691B047B611E
:104E600047F2050002F032FF03461A467B691344FD
:104E70007B61BA697B699A422DD1B969002003F040
:104E800087F8002003F0F0FC0622304947F2055075
:104E900008F0D2FD06222D4947F2205008F0CCFD43
:104EA00006222A4947F2235008F0C6FD1E4B5B7DBF
:104EB000DBB2002B04D10A21254808F07DFE05E174
:104EC000194B5B7DDBB2012B40F000811A21214898
:104ED00008F072FEFAE006221C4947F2055008F07D
:104EE000ABFD0622194947F2205008F0A5FD062225
:104EF000164947F2235008F09FFD0B4B5B7DDBB258
:104F0000002B04D10A21144808F056FEDEE0064BBF
:104F10005B7DDBB2012B40F0D9801F210F4808F0E8
:104F20004BFED3E0E83300206034002058500108E5
:104F3000685001084851010858510108745101088E
:104F400084510108A0510108B4510108A45001087E
:104F5000DC510108EC510108085201081452010803
:104F60005D4B1B78DBB2022B40F08280F969012097
:104F7000FFF75EFD0346002B7AD047F2020002F0F5
:104F8000A5FE03463B613B691B043B6147F20300FE
:104F900002F09CFE03461A463B6913443B6147F20C
:104FA000040002F093FE0346FB60FB681B04FB60F9
:104FB00047F2050002F08AFE03461A46FB681344D6
:104FC000FB603A69FB689A422CD13969012002F0F2
:104FD000DFFF012003F048FC0622404947F205505C
:104FE00008F02AFD06223D4947F2205008F024FD32
:104FF00006223A4947F2235008F01EFD364B5B7DEE
:10500000DBB2002B04D10A21354808F0D5FD5FE062
:10501000314B5B7DDBB2012B5AD11721314808F0AF
:10502000CBFD55E006222D4947F2055008F004FD5E
:1050300006222A4947F2205008F0FEFC06222749A2
:1050400047F2235008F0F8FC234B5B7DDBB2002BCA
:1050500004D10A21244808F0AFFD39E01E4B5B7DE6
:10506000DBB2012B34D11F21204808F0A5FD2FE031
:1050700006221A4947F2055008F0DEFC06221749BD
:1050800047F2205008F0D8FC0622144947F223507A
:1050900008F0D2FC104B5B7DDBB2002B04D1082161
:1050A000134808F089FD14E00B4B5B7DDBB2012B4C
:1050B0000FD10F210F4808F07FFD0AE000BF08E084
:1050C00000BF06E000BF04E000BF02E000BF00E058
:1050D00000BF2037BD4680BD60340020A4500108C9
:1050E000DC51010834520108085201081452010829
:1050F000B8500108C450010880B582B000AF786094
:10510000904B00221A717B681B78013B072B00F241
:10511000168101A252F823F0395100088751000886
:10512000CD5100085D5200087352000889520008F2
:10513000CF520008FB520008002002F0CFFC824B47
:10514000002283F84720804B002283F852207E4BB8
:105150001B78DBB2092B0ED97B4B1B7DDBB2012BFD
:1051600009D0794B1B7DDBB2032B08D1764B9B7D9D
:10517000DBB2002B03D0202008F016FCDFE000207B
:1051800008F012FCDBE0002002F0A8FC6E4B0122CC
:1051900083F847206C4B1B78DBB2092B0ED96A4B86
:1051A0001B7DDBB2012B09D0674B1B7DDBB2032BD0
:1051B00008D1654B9B7DDBB2002B03D01E2008F08D
:1051C000F3FBBCE0012008F0EFFBB8E05E4B1B7D79
:1051D000DBB2012B14D15C4B5B7DDBB2002B04D125
:1051E00020215A4808F0E8FCA6E0574B5B7DDBB273
:1051F000012B40F0A1802021554808F0DDFC9BE008
:10520000514B1B7DDBB2032B19D14F4B9B7DDBB286
:10521000002B14D04C4B5B7DDBB2002B04D1102152
:105220004C4808F0C9FC89E0474B5B7DDBB2012BA1
:1052300040F084801621484808F0BEFC7EE0424BD6
:10524000022283F84720404B012283F8522000209D
:1052500002F044FC022008F0A7FB70E03A4B032266
:1052600083F84720012002F039FC032008F09CFB62
:1052700065E0354B042283F84720002002F02EFC25
:10528000042008F091FB5AE0002002F027FC2E4B8E
:10529000052283F847202C4B1B78DBB20B2B0ED951
:1052A000294B1B7DDBB2012B09D0274B1B7DDBB2C9
:1052B000032B08D1244B9B7DDBB2002B03D01F2096
:1052C00008F072FB3BE0052008F06EFB37E00020A1
:1052D00002F004FC0622214947F2055008F0ACFB1D
:1052E00006221E494FF4EA4008F0A6FB164B0022A6
:1052F0005A70072008F058FB21E0062217494FF4A6
:10530000EA4008F099FB0622144947F2055008F0DC
:1053100093FB0622114947F2205008F08DFB06222C
:105320000E4947F2235008F087FB074B00225A70C2
:10533000082008F039FB02E000BF00E000BF08379A
:10534000BD4680BDE83300206034002020500108B5
:10535000345001085052010864520108A450010859
:1053600080B582B000AF78607B681B78032B65D076
:10537000032B00F3AC80012B02D0022B3CD0A6E023
:10538000544B1B7DDBB2032B19D1524B9B7DDBB2FF
:10539000002B14D04F4B5B7DDBB2002B04D11021CE
:1053A0004D4808F009FC8BE04A4B5B7DDBB2012BDA
:1053B00040F086801621494808F0FEFB80E0454B0E
:1053C000DB7DDBB2002B13D0424B5B7DDBB2002BCD
:1053D00004D12321424808F0EFFB73E03D4B5B7D95
:1053E000DBB2012B6ED123213E4808F0E5FB69E0DA
:1053F000012007F09DFF6AE0364B1B7DDBB2032BDB
:1054000018D1344B9B7DDBB2012B13D1314B5B7D2B
:10541000DBB2002B04D110212F4808F0CDFB53E064
:105420002C4B5B7DDBB2012B4ED116212B4808F0B3
:10543000C3FB49E0002007F07BFF48E0254B9B7D44
:10544000DBB2012B13D1234B5B7DDBB2002B04D1EC
:105450000A21254808F0B0FB38E01E4B5B7DDBB22B
:10546000012B33D11321214808F0A6FB2EE00120A7
:1054700007F08CFC022007F089FC042007F086FC72
:10548000052007F083FC134B5B7DDBB2002B04D1BE
:105490000F21174808F0B0FB08E00E4B5B7DDBB234
:1054A000012B03D11521134808F0A6FB094B032259
:1054B0001A75084B1B7DDBB218460AF00DFA06E0A0
:1054C00000BF04E000BF02E000BF00E000BF0837FB
:1054D000BD4680BD6034002050520108645201086E
:1054E0007C52010894520108B8520108C4520108C4
:1054F000D8520108E852010880B582B000AF786048
:1055000008F0D4F80346012B00F0C6807B681B78B6
:10551000013B232B00F2C18001A252F823F000BF0F
:10552000B1550008B9550008C1550008C955000813
:105530009B5600089B5600089B5600089B56000887
:105540009B5600089B5600089B5600089B56000877
:105550009B5600089B5600089B5600089B56000867
:10556000D1550008E5550008F95500080D5600080A
:105570009B5600089B5600089B5600089B56000847
:105580009B5600089B5600089B5600089B56000837
:105590009B5600089B5600089B5600089B56000827
:1055A000215600083F5600085D5600087B5600084B
:1055B0000020FBF787FF70E00120FBF7A3FF6CE002
:1055C0000220FBF79FFF68E00320FBF79BFF64E0EE
:1055D000334B93F83B30DBB21A460A210020FCF72C
:1055E000D5FC5AE02E4B93F83C30DBB21A460A2128
:1055F0000120FCF7CBFC50E0294B93F83D30DBB2A7
:105600001A460A210220FCF7C1FC46E0244B93F81D
:105610003E30DBB21A460A210320FCF7B7FC3CE01F
:105620001F4B93F83B30DBB2002B0CBF0123002350
:10563000DBB21A460A210020FCF7A8FC2DE0184B2B
:1056400093F83C30DBB2002B0CBF01230023DBB20C
:105650001A460A210120FCF799FC1EE0104B93F832
:105660003D30DBB2002B0CBF01230023DBB21A4616
:105670000A210220FCF78AFC0FE0094B93F83E3028
:10568000DBB2002B0CBF01230023DBB21A460A2138
:105690000320FCF77BFC00E000BF0837BD4680BD5F
:1056A0006034002080B582B000AF786007F0FEFF64
:1056B0000346012B00F007818B4B93F83230DBB2AD
:1056C000002B14D0884B5B7DDBB2002B04D1102162
:1056D000864808F091FAF8E0834B5B7DDBB2012B42
:1056E00040F0F3801D21824808F086FAEDE07E4B01
:1056F000DB7DDBB2002B40F0D2807B681B78032B74
:1057000000F09E80032B00F3EB80012B02D0022BD4
:1057100045D0E5E0774B5B6B764A926B11461846B5
:10572000FBF76AF903464FF000011846FBF714FC3B
:105730000346002B14D06C4B5B7DDBB2002B04D1F5
:105740001B216D4808F058FAC1E0674B5B7DDBB266
:10575000012B40F0BC802121684808F04DFAB6E0EA
:10576000614B93F82430DBB2002B14D15E4B5B7D90
:10577000DBB2002B04D10A21614808F01DFAA8E031
:10578000594B5B7DDBB2012B40F0A38013215D48B8
:1057900008F012FA9DE0544B01229A77A0E0524B98
:1057A000DB7DDBB2002B40F0968001200BF03EFC4D
:1057B0000346002B28D14C4B93F82130DBB2002B51
:1057C00022D14C4B5B6B4FF000011846FBF7C4FB3A
:1057D0000346002B13D0444B5B7DDBB2002B04D17E
:1057E0001B21454808F0E8F977E03F4B5B7DDBB2D1
:1057F000012B72D12121414808F0DEF96DE03A4BCE
:10580000012283F8202066E0374B93F82130DBB289
:10581000002B60D0374B9B6B4FF000011846FBF715
:10582000AFFB0346002B00D155E02F4B93F82230FD
:10583000DBB2002B4FD12C4B022283F820204AE010
:10584000294B93F82130DBB2002B23D0294B9B6BE3
:105850004FF000011846FBF793FB0346002B19D0CD
:10586000214B93F82230DBB2002B13D11E4B5B7D12
:10587000DBB2002B04D11021234808F09DF92EE063
:10588000194B5B7DDBB2012B29D122211F4808F087
:1058900093F924E0144B012283F8232020E0124BDB
:1058A0005B7DDBB2002B04D12321194808F084F979
:1058B00016E00D4B5B7DDBB2012B11D12321154886
:1058C00008F07AF90CE000BF0AE000BF08E000BF72
:1058D00006E000BF04E000BF02E000BF00E000BF40
:1058E0000837BD4680BD00BF60340020005301086A
:1058F00014530108BC3400203453010850530108EC
:10590000745301088053010894530108A8530108F7
:105910007C52010894520108B0B582B000AF7860A3
:1059200007F0C4FE0346012B5ED001200BF0A0FB64
:105930000346002B02D1012007F0F2FA02200BF0FF
:1059400097FB0346002B02D0012007F0F5FB7B6894
:105950001B78012B02D0022B1CD046E0244B1B6885
:105960001846FBF717FB0446224B93F83B30DBB29B
:10597000002B0CBF01230023DBB21D461C4B5B68D0
:105980001846FBF707FB03462A4621460020FBF793
:1059900073FB2AE0184B1B78002B06D00020FBF786
:1059A00091FD154B00221A7015E0114B1B6818462B
:1059B000FBF7F0FA01460F4B93F83B30DBB2002BBC
:1059C0000CBF01230023DBB21A460020FCF7DEFAED
:1059D000094B01221A70084B1B781A46002147F622
:1059E000141009F0E5FE00E000BF0837BD46B0BD69
:1059F000BC34002060340020A8330020B0B582B051
:105A000000AF78603D4B0022DA7207F04FFE03468C
:105A1000012B6AD03A4B93F82B30DBB2002B13D119
:105A2000374B5B7DDBB2002B04D11221354808F0E7
:105A3000C3F85CE0324B5B7DDBB2012B57D12421F4
:105A4000314808F0B9F852E07B681B78012B02D08E
:105A5000022B25D04EE02D4B93F82038002B48D157
:105A600008200BF0E3FA0346002B42D0244B01221E
:105A700083F84D20264B1B6A1846FBF78BFA054628
:105A80001F4B93F83C30DCB2214B5B6A1846FBF7A6
:105A900081FA0346224629460120FBF7EDFA28E069
:105AA0001C4B1B78002B06D00120FBF72BFD194B5C
:105AB00000221A7010E0164B1B6A1846FBF76AFAB0
:105AC00001460F4B93F83C30DBB21A460120FCF73D
:105AD0005DFA104B01221A700E4B1B781A460021FA
:105AE00047F6111009F064FE04E000BF02E000BFB9
:105AF00000E000BF0837BD46B0BD00BFE83300205E
:105B000060340020CC530108E0530108A4030020B6
:105B1000BC340020A9330020B0B582B000AF78605B
:105B2000404B00229A7307F0C1FD0346012B70D051
:105B30003D4B93F82A30DBB2002B13D13A4B5B7DFF
:105B4000DBB2002B04D11221384808F035F862E0AE
:105B5000354B5B7DDBB2012B5DD12421344808F04D
:105B60002BF858E07B681B78012B02D0022B27D042
:105B700054E0304B03F5805393F82838002B4CD178
:105B800006200BF053FA0346002B46D0264B012289
:105B900083F84E20284B1B6C1846FBF7FBF9054693
:105BA000214B93F83E30DCB2234B5B6C1846FBF77D
:105BB000F1F90346224629460320FBF75DFA2CE063
:105BC0001E4B1B78002B06D01C4B00221A700320A2
:105BD000FBF798FC14E0194B01221A70124B0022BB
:105BE00083F84E20144B1B6C1846FBF7D3F9014683
:105BF0000D4B93F83E30DBB21A460320FCF7C6F992
:105C00000E4B1B781A46002147F6121009F0D0FD02
:105C100004E000BF02E000BF00E000BF0837BD465F
:105C2000B0BD00BFE83300206034002008540108F4
:105C30001C540108A4030020BC340020AA33002017
:105C400090B583B000AF7860294B00221A7407F03A
:105C50002DFD0346012B44D07B681B78012B02D01D
:105C6000022B19D040E0234B03F5805393F82838DA
:105C7000002B38D1204B9B6A1846FBF78BF9044662
:105C80001D4B5B6B1846FBF785F903460022214646
:105C90000320FBF7F1F926E0184B1B78002B06D008
:105CA000164B00221A700320FBF72CFC10E0134B5C
:105CB00001221A70104B9B6A1846FBF76BF90146DC
:105CC0000F4B93F83E30DBB21A460320FCF75EF927
:105CD0000A4B1B781A46002147F6131009F068FD9D
:105CE00002E000BF00E000BF0C37BD4690BD00BF22
:105CF000E8330020A4030020BC340020AB33002094
:105D00006034002080B582B000AF786007F0CEFC30
:105D10000346012B7DD07B681B78032B76D0032BA9
:105D20007CDC012B02D0022B39D077E03D4B93F87D
:105D30002430DBB2002B13D13A4B5B7DDBB2002B5E
:105D400004D10A21384807F037FF64E0354B5B7D0A
:105D5000DBB2012B5FD11321344807F02DFF5AE04D
:105D6000304BDB7DDBB2002B05D12E4B5B7EDAB2F4
:105D70002C4BDA7651E02B4B5B7DDBB2002B04D150
:105D800023212B4807F018FF47E0264B5B7DDBB251
:105D9000012B42D12321274807F00EFF3DE0264B7F
:105DA0001B78002B06D0244B00221A700020FBF732
:105DB00089FB22E0204B01221A7001200BF058F9D8
:105DC0000346002B02D1012007F0AAF802200BF0B5
:105DD0004FF90346002B02D0012007F0ADF9174B15
:105DE0001B681846FBF7D6F801460E4B93F83B307C
:105DF000DBB21A460020FCF7C9F80F4B1B781A4695
:105E0000002147F6101009F0D3FC07E0FBF750FF24
:105E100004E000BF02E000BF00E000BF0837BD465D
:105E200080BD00BF60340020745301088053010816
:105E30007C52010894520108AC330020BC3400208D
:105E400080B582B000AF786007F030FC0346012BCC
:105E500000F0DA807B681B78013B072B00F2D580CD
:105E600001A252F823F000BF895E0008B95E000865
:105E7000E95E0008195F0008495F0008795F0008C3
:105E8000A95F0008D95F000801200BF0F1F8034674
:105E9000002B08D0002101200BF094F800210020F5
:105EA00009F0A6FDB1E0012101200BF08BF80121E2
:105EB000002009F09DFDA8E002200BF0D9F8034670
:105EC000002B08D0002102200BF07CF800210120DB
:105ED00009F08EFD99E0012102200BF073F80121F9
:105EE000012009F085FD90E003200BF0C1F8034686
:105EF000002B08D0002103200BF064F800210220C1
:105F000009F076FD81E0012103200BF05BF801210F
:105F1000022009F06DFD78E004200BF0A9F803469B
:105F2000002B08D0002104200BF04CF800210320A6
:105F300009F05EFD69E0012104200BF043F8012126
:105F4000032009F055FD60E005200BF091F80346B1
:105F5000002B08D0002105200BF034F8002104208C
:105F600009F046FD51E0012105200BF02BF801213D
:105F7000042009F03DFD48E006200BF079F80346C7
:105F8000002B08D0002106200BF01CF80021052072
:105F900009F02EFD39E0012106200BF013F8012154
:105FA000052009F025FD30E007200BF061F80346DD
:105FB000002B08D0002107200BF004F80021062058
:105FC00009F016FD21E0012107200AF0FBFF012165
:105FD000062009F00DFD18E008200BF049F80346F3
:105FE000002B08D0002108200AF0ECFF0021072038
:105FF00009F0FEFC09E0012108200AF0E3FF01217D
:10600000072009F0F5FC00E000BF0837BD4680BD61
:1060100080B582B000AF7860324B00229A7607F0EC
:1060200045FB0346012B54D02F4B1B7DDBB2012BCC
:1060300013D12D4B5B7DDBB2002B04D120212B48EB
:1060400007F0BAFD47E0284B5B7DDBB2012B42D164
:106050002021274807F0B0FD3DE0234B1B7DDBB23C
:10606000032B18D1204B9B7DDBB2012B13D11E4B90
:106070005B7DDBB2002B04D110211E4807F09CFD94
:106080002BE0194B5B7DDBB2012B26D116211A4880
:1060900007F092FD21E0144BDB7DDBB2002B04D135
:1060A000114B012283F83F2018E00F4B5B7DDBB2E0
:1060B000002B04D12321114807F07EFD0EE00A4B8E
:1060C0005B7DDBB2012B09D123210D4807F074FD64
:1060D00004E000BF02E000BF00E000BF0837BD469B
:1060E00080BD00BFE833002060340020205001084C
:1060F0003450010850520108645201087C520108D2
:106100009452010880B582B000AF7860344B002211
:1061100083F82A2007F0CAFA0346012B56D0314BE8
:106120009B7DDBB2002B19D12E4B93F84730DBB2AD
:10613000002B13D12B4B5B7DDBB2002B04D1102144
:10614000294807F039FD43E0264B5B7DDBB2012B8C
:106150003ED11821254807F02FFD39E0214B1B7D4A
:10616000DBB2012B13D11F4B5B7DDBB2002B04D1C3
:1061700020211F4807F020FD2CE01A4B5B7DDBB28D
:10618000012B27D120211B4807F016FD22E0154BDB
:10619000DB7DDBB2002B13D0124B5B7DDBB2002B1F
:1061A00004D12321144807F007FD15E00D4B5B7D5A
:1061B000DBB2012B10D12321104807F0FDFC0BE0CE
:1061C000084B5B7EDAB2074BDA7606E000BF04E0EC
:1061D00000BF02E000BF00E000BF0837BD4680BD41
:1061E000E83300206034002044540108585401086A
:1061F00020500108345001087C52010894520108D3
:1062000080B582B000AF786007F050FA0346012BEA
:1062100000F0BC80644B93F83230DBB2002B14D01A
:10622000614B5B7DDBB2002B04D110215F4807F08E
:10623000C3FCADE05C4B5B7DDBB2012B40F0A88082
:106240001D215B4807F0B8FCA2E0574B9B7DDBB2F9
:10625000002B14D1544B5B7DDBB2002B04D11021F9
:10626000544807F0A9FC95E04F4B5B7DDBB2012B56
:1062700040F090801821504807F09EFC8AE04A4B7D
:106280001B7DDBB2012B13D1474B5B7DDBB2002BB7
:1062900004D12021494807F08FFC7DE0424B5B7D13
:1062A000DBB2012B78D12021454807F085FC73E053
:1062B0003D4BDB7DDBB2002B13D03B4B5B7DDBB278
:1062C000002B04D123213F4807F076FC66E0364BD3
:1062D0005B7DDBB2012B61D123213B4807F06CFCD5
:1062E0005CE001200AF0A2FE0346002B28D12E4BD1
:1062F00093F82130DBB2002B22D1344B5B6B4FF093
:1063000000011846FAF728FE0346002B13D0264B4F
:106310005B7DDBB2002B04D11B212D4807F04CFC28
:106320003EE0214B5B7DDBB2012B39D12121294895
:1063300007F042FC34E01C4B012283F8202030E0BF
:10634000194B93F82130DBB2002B14D01F4B9B6B01
:106350004FF000011846FAF713FE0346002B0AD04F
:10636000114B93F82230DBB2002B04D10E4B0222EA
:1063700083F8202015E00C4B93F82130DBB2002B82
:106380000FD0094B012283F823200AE000BF08E068
:1063900000BF06E000BF04E000BF02E000BF00E075
:1063A00000BF0837BD4680BD60340020005301089F
:1063B000145301084454010858540108205001089E
:1063C000345001087C52010894520108BC3400206A
:1063D000345301085053010880B582B000AF786093
:1063E000784B93F82B30DBB2002B14D1754B5B7DCF
:1063F000DBB2002B04D11221734807F0DDFBDDE096
:10640000704B5B7DDBB2012B40F0D8801F216F48C1
:1064100007F0D2FBD2E06E4B93F82A30032B00F04A
:106420008580032B00F3C580012B02D0022B3FD0C7
:10643000BFE00122002147F6501009F0B9F900220F
:10644000002147F6511009F0B3F90022002147F668
:10645000521009F0ADF95B4B012283F82F20012186
:106460007E2007F085F9574B5B7DDBB2002B0CD10A
:106470001722584947F2A07007F03EFB16225649F2
:1064800047F2B07007F038FB8EE04E4B5B7DDBB21D
:10649000012B40F089801722504947F2A07007F085
:1064A0002BFB16224E4947F2B07007F025FB7BE02C
:1064B0000022002147F6501009F07AF9012200214C
:1064C00047F6511009F074F90022002147F65210E6
:1064D00009F06EF93B4B022283F82F2002217E2027
:1064E00007F046F9374B5B7DDBB2002B0CD117224E
:1064F0003C4947F2A07007F0FFFA1622364947F2EE
:10650000B07007F0F9FA51E02E4B5B7DDBB2012B46
:106510004CD11722344947F2A07007F0EDFA162249
:106520002F4947F2B07007F0E7FA3FE00022002160
:1065300047F6501009F03CF90022002147F65110AF
:1065400009F036F90122002147F6521009F030F91E
:106550001C4B002283F82F2000217E2007F008F931
:10656000184B5B7DDBB2002B0CD117221D4947F283
:10657000A07007F0C1FA16221A4947F2B07007F06E
:10658000BBFA15E00F4B5B7DDBB2012B10D117225C
:10659000154947F2A07007F0AFFA1622124947F2E8
:1065A000B07007F0A9FA03E000BF02E000BF00E00E
:1065B00000BF074B002283F82A2000E000BF083705
:1065C000BD4680BD60340020CC53010874540108DE
:1065D000E833002094540108A4540108B45401087D
:1065E000CC540108E4540108EC54010880B582B091
:1065F00000AF7860784B93F82A30DBB2002B14D1CF
:10660000754B5B7DDBB2002B04D11221734807F080
:10661000D3FADDE0704B5B7DDBB2012B40F0D8801C
:106620001F216F4807F0C8FAD2E06E4B93F82B3069
:10663000032B00F08580032B00F3C580012B02D0D3
:10664000022B3FD0BFE00122002147F6581009F08D
:10665000AFF80022002147F6591009F0A9F80022EE
:10666000002147F65A1009F0A3F85B4B012283F88A
:106670002E200121752007F07BF8574B5B7DDBB2A4
:10668000002B0CD1172258494FF4EF4007F034FA91
:106690001622564947F2907007F02EFA8EE04E4BC4
:1066A0005B7DDBB2012B40F08980172250494FF40B
:1066B000EF4007F021FA16224E4947F2907007F09A
:1066C0001BFA7BE00022002147F6581009F070F811
:1066D0000122002147F6591009F06AF80022002132
:1066E00047F65A1009F064F83B4B022283F82E203B
:1066F0000221752007F03CF8374B5B7DDBB2002BA5
:106700000CD117223C494FF4EF4007F0F5F916225F
:10671000364947F2907007F0EFF951E02E4B5B7D60
:10672000DBB2012B4CD1172234494FF4EF4007F074
:10673000E3F916222F4947F2907007F0DDF93FE0A8
:106740000022002147F6581009F032F800220021FB
:1067500047F6591009F02CF80122002147F65A108B
:1067600009F026F81C4B002283F82E20002175200A
:1067700006F0FEFF184B5B7DDBB2002B0CD117221D
:106780001D494FF4EF4007F0B7F916221A4947F2B6
:10679000907007F0B1F915E00F4B5B7DDBB2012B78
:1067A00010D1172215494FF4EF4007F0A5F9162232
:1067B000124947F2907007F09FF903E000BF02E032
:1067C00000BF00E000BF074B002283F82B2000E051
:1067D00000BF0837BD4680BD603400200854010862
:1067E000F4540108E8330020145501082455010829
:1067F000345501084C550108E4540108EC540108D3
:1068000080B582B000AF7860554B93F82C30032BE5
:106810005DD0032B00F39A80012B02D0022B42D0D3
:1068200094E00122002147F2996008F0C1FF0022A4
:10683000002147F29A6008F0BBFF0022002147F2D6
:106840009D6008F0B5FF474B01225A760121442094
:1068500006F08EFF444B012283F84D210821434866
:106860000AF07AF83F4B9B7EDBB2022B6DD10122FE
:10687000002147F29B6008F09BFF0022002147F2B5
:106880009C6008F095FF374B01229A760121452044
:1068900006F06EFF344B012283F85D210821344855
:1068A0000AF05AF851E02F4B5B7DDBB2002B04D18C
:1068B0001621304807F080F94DE02A4B5B7DDBB2B2
:1068C000012B48D132212C4807F076F943E0002211
:1068D000002147F2996008F06BFF0022002147F287
:1068E0009A6008F065FF0122002147F29D6008F0E0
:1068F0005FFF1C4B03225A760321442006F038FF29
:10690000194B032283F84D21082118480AF024F876
:10691000144B002283F82C200022002147F623107C
:1069200008F046FF0021732006F022FF0D4B0022E5
:1069300083F831200022002147F6261008F038FFA6
:106940000021762006F014FF00E000BF044B002277
:1069500083F82C2000E000BF0837BD4680BD00BF93
:10696000E8330020603400200000002048010020AF
:1069700058010020645501087C55010880B582B09B
:1069800000AF7860344B93F82D30012B02D0022BEE
:106990001CD058E00122002147F29B6008F008FF5C
:1069A0000022002147F29C6008F002FF2B4B0122DD
:1069B0009A760121452006F0DBFE294B012283F85F
:1069C0005D210821274809F0C7FF3CE0234B5B7E8F
:1069D000DBB2012B1BD1214B5B7DDBB2002B04D141
:1069E0001C21214807F0E8F808E01C4B5B7DDBB276
:1069F000012B03D128211D4807F0DEF8184BFF2298
:106A000083F84D2108211A4809F0A6FF1BE0002257
:106A1000002147F29B6008F0CBFE0122002147F2E3
:106A20009C6008F0C5FE0D4B02229A76022145209B
:106A300006F09EFE0A4B022283F84D2108210C48E5
:106A400009F08AFF00BF044B002283F82D2000BF0D
:106A50000837BD4680BD00BFE83300206034002009
:106A60000000002058010020B0550108D055010851
:106A70004801002080B582B000AF78601D4B5B7D7F
:106A8000DBB2002B11D11B4B01225A75012147208B
:106A900006F06EFE08F070F8174B012283F85D21B6
:106AA0000821164809F058FF0DE0124B5B7DDBB260
:106AB000012B08D10F4B00225A750021472006F008
:106AC00057FE08F059F80B4B1B78DBB20A2B08D99C
:106AD000084B1B7DDBB2022B03D1002006F064FFC4
:106AE00003E0202006F060FF00BF00BF0837BD466E
:106AF00080BD00BF6034002000000020580100204D
:106B000080B582B000AF78602A4B002283F82E2037
:106B10001422294947F2085006F08EFF274B5B7D6F
:106B2000DBB2002B06D11322254947F2085006F0AC
:106B300083FF0AE0214B5B7DDBB2012B05D11F22D5
:106B4000204947F2085006F077FF1F4B0C221A80AD
:106B50000C2006F029FF2E221C4947F2085006F0AF
:106B60006BFF164B5B7DDBB2002B06D11822184958
:106B700047F2085006F060FF0AE0104B5B7DDBB285
:106B8000012B05D11D22134947F2085006F054FF8E
:106B90000A4B1B78DBB20B2B02D101F0FDFE01E0AA
:106BA00001F03EFD054B00221A7000BF0837BD46BC
:106BB00080BD00BFE8330020FC5501086034002090
:106BC0001456010828560108B0350020485601081F
:106BD000745601088C56010880B582B000AF786009
:106BE0007B681B78013B162B00F23A8701A252F812
:106BF00023F000BF516C0008316D0008CD6E000815
:106C0000977000085F710008137A0008E7720008A7
:106C1000CB730008137400085B7400080F7500083C
:106C200051760008DB760008837700086F7800084B
:106C3000617A0008617A0008617A0008617A0008C8
:106C4000F37800083B79000883790008CB790008C5
:106C5000BC4B93F82930DBB2002B34D0B94B002267
:106C600083F829200022002147F6201008F0A0FD1B
:106C70000021702006F07CFDB24B5B7DDBB2002B67
:106C80000DD11722B04947F2A07006F035FF162249
:106C9000AD4947F2B07006F02FFF00F0BCBEA94B23
:106CA0005B7DDBB2012B40F0B6861722A74947F285
:106CB000A07006F021FF1622A44947F2B07006F03A
:106CC0001BFF00F0A8BE9F4B012283F82920012260
:106CD000002147F6201008F06BFD0121702006F01E
:106CE00047FD984B5B7DDBB2002B0DD117229849F5
:106CF00047F2A07006F000FF1622964947F2B070E6
:106D000006F0FAFE00F087BE8E4B5B7DDBB2012BF6
:106D100040F081861722904947F2A07006F0ECFE01
:106D200016228E4947F2B07006F0E6FE00F073BE00
:106D3000844B93F82A30DBB2002B34D0814B0022F5
:106D400083F82A200022002147F6211008F030FDA8
:106D50000021712006F00CFD7A4B5B7DDBB2002B2D
:106D60000DD1172278494FF4EF4006F0C5FE1622E8
:106D7000754947F2907006F0BFFE00F04EBE714BB1
:106D80005B7DDBB2012B40F0488617226F494FF440
:106D9000EF4006F0B1FE16226C4947F2907006F003
:106DA000ABFE00F03ABE674B012283F82A20012295
:106DB000002147F6211008F0FBFC0121712006F0AC
:106DC000D7FC604B5B7DDBB2002B3CD15D4B93F875
:106DD0002E30DBB2012B0DD1172261494FF4EF4069
:106DE00006F08AFE16225F4947F2907006F084FE94
:106DF00000F013BE534B93F82E30DBB2022B0DD1B3
:106E0000172251494FF4EF4006F076FE16225549FD
:106E100047F2907006F070FE00F0FFBD494B93F80A
:106E20002E30DBB2002B40F0F885172246494FF494
:106E3000EF4006F061FE1622434947F2907006F0DB
:106E40005BFE00F0EABD3F4B5B7DDBB2012B40F007
:106E5000E4853C4B93F82E30DBB2012B0DD1172289
:106E600041494FF4EF4006F047FE16223F4947F2F2
:106E7000907006F041FE00F0D0BD324B93F82E30FA
:106E8000DBB2022B0DD1172230494FF4EF4006F050
:106E900033FE1622354947F2907006F02DFE00F0C1
:106EA000BCBD284B93F82E30DBB2002B40F0B585EB
:106EB000172226494FF4EF4006F01EFE1622234902
:106EC00047F2907006F018FE00F0A7BD1D4B93F836
:106ED0002B30DBB2002B4BD01A4B002283F82B2037
:106EE0000022002147F6221008F062FC00217220E7
:106EF00006F03EFC134B5B7DDBB2002B0DD117225D
:106F0000114947F2A07006F0F7FD16220E4947F22C
:106F1000B07006F0F1FD00F082BD0A4B5B7DDBB284
:106F2000012B40F07C851722084947F2A07006F03B
:106F3000E3FD1622054947F2B07006F0DDFD00F0D2
:106F40006EBD00BF60340020E4540108EC54010819
:106F500094540108A4540108B4540108CC54010805
:106F60001455010824550108345501084C550108F1
:106F7000C04B012283F82B200122002147F622106A
:106F800008F016FC0121722006F0F2FBB94B5B7D84
:106F9000DBB2002B3CD1B74B93F82F30DBB2012B87
:106FA0000DD11722B44947F2A07006F0A5FD1622B4
:106FB000B24947F2B07006F09FFD00F030BDAD4B16
:106FC00093F82F30DBB2022B0DD11722AC4947F2D8
:106FD000A07006F091FD1622A84947F2B07006F0A5
:106FE0008BFD00F01CBDA34B93F82F30DBB2002BC0
:106FF00040F015851722A24947F2A07006F07CFDEB
:1070000016229F4947F2B07006F076FD00F007BDEA
:10701000984B5B7DDBB2012B40F00185954B93F8DB
:107020002F30DBB2012B0DD11722964947F2A07009
:1070300006F062FD1622944947F2B07006F05CFD3E
:1070400000F0EDBC8B4B93F82F30DBB2022B0DD14F
:1070500017228E4947F2A07006F04EFD16228A498B
:1070600047F2B07006F048FD00F0D9BC814B93F8B0
:107070002F30DBB2002B40F0D2841722834947F235
:10708000A07006F039FD1622804947F2B07006F074
:1070900033FD00F0C4BC774B93F82C30DBB2002BEF
:1070A0000FD0744B002283F82C200022002147F6D9
:1070B000231008F07DFB0021732006F059FB00F03F
:1070C000CFBC6C4B5B7EDBB2022B04D0694B5B7E8A
:1070D000DBB2032B16D1674B5B7DDBB2002B05D1F6
:1070E0001C216B4806F068FD00F09BBC614B5B7D8A
:1070F000DBB2012B40F095842821664806F05CFD48
:1071000000F08FBC5B4B93F83630DBB2002B16D00F
:10711000584B5B7DDBB2002B05D118215E4806F091
:107120004BFD00F080BC534B5B7DDBB2012B40F08C
:107130007A842E21594806F03FFD00F074BC4D4B77
:10714000012283F82C200122002147F6231008F0A9
:107150002FFB0121732006F00BFB00F081BC454B97
:1071600093F82D30DBB2002B40D0424B002283F845
:107170002D200022002147F6241008F019FB0021E1
:10718000742006F0F5FA3B4B5B7DDBB2002B13D18C
:107190000F223B4947F2256006F0AEFC1622384923
:1071A00047F2C07006F0A8FC1622354947F2D070AD
:1071B00006F0A2FC00F039BC2E4B5B7DDBB2012B4C
:1071C00040F033840F22314947F2256006F094FCE9
:1071D00016222E4947F2C07006F08EFC16222B496B
:1071E00047F2D07006F088FC00F01FBC214B93F8EA
:1071F0003430DBB2002B16D01E4B5B7DDBB2002B94
:1072000005D11E21264806F0D7FC00F010BC194B12
:107210005B7DDBB2012B40F00A842B21214806F074
:10722000CBFC00F004BC134B012283F82D2001227B
:10723000002147F6241008F0BBFA0121742006F063
:1072400097FA0C4B5B7DDBB2002B33D10F22164932
:1072500047F2256006F050FC1622144947F2C07030
:1072600006F04AFC1622124947F2D07006F044FCA0
:10727000DBE300BF6034002094540108A4540108EB
:10728000E4540108B4540108CC540108EC5401083A
:10729000B0550108D0550108AC560108C856010880
:1072A000F8560108185701084857010854570108B3
:1072B00068570108B24B5B7DDBB2012B40F0B58310
:1072C0000F22B04947F2256006F016FC1622AE499F
:1072D00047F2C07006F010FC1622AC4947F2D0709D
:1072E00006F00AFCA1E3A64B93F83130DBB2002B89
:1072F0000ED0A34B002283F831200022002147F654
:10730000261008F055FA0021762006F031FA94E3B1
:107310009B4B5B7EDBB2022B04D0994B5B7EDBB2D6
:10732000032B14D1964B5B7DDBB2002B04D11C21C7
:10733000974806F041FC7CE3914B5B7DDBB2012B6F
:1073400040F077832821934806F036FC71E38C4B9C
:1073500093F83630DBB2002B14D0894B5B7DDBB267
:10736000002B04D118218C4806F026FC63E3844BE3
:107370005B7DDBB2012B40F05E832E21874806F057
:107380001BFC58E37E4B012283F8312001220021AF
:1073900047F6261008F00CFA0121762006F0E8F9ED
:1073A000774B5B7DDBB2002B04D11E217C4806F0BD
:1073B00003FC42E3724B5B7DDBB2012B40F03D836B
:1073C0002A21784806F0F8FB37E36D4B93F832300A
:1073D000DBB2002B0ED06A4B002283F83220002251
:1073E000002147F6271008F0E3F90021772006F086
:1073F000BFF935E3624B012283F8322001220021DC
:1074000047F6271008F0D4F90121772006F0B0F9EB
:1074100026E35B4B93F83330DBB2002B0ED0584B96
:10742000002283F833200022002147F6281008F0BC
:10743000BFF90021782006F09BF911E3504B01229F
:1074400083F833200122002147F6281008F0B0F914
:107450000121782006F08CF902E3494B93F834308F
:10746000DBB2002B0ED0464B002283F834200022E2
:10747000002147F6291008F09BF90021792006F039
:1074800077F9EDE23E4B93F83530DBB2002B14D0A8
:107490003B4B5B7DDBB2002B04D11E21424806F042
:1074A0008BFBCCE2364B5B7DDBB2012B40F0C7821D
:1074B00024213E4806F080FBC1E2314B93F82D3089
:1074C000DBB2002B14D02E4B5B7DDBB2002B04D142
:1074D0001E21374806F070FBB3E2294B5B7DDBB21F
:1074E000012B40F0AE822D21324806F065FBA8E268
:1074F000234B012283F834200122002147F6291072
:1075000008F056F90121792006F032F9A8E21C4B67
:1075100093F83530DBB2002B56D0194B002283F89C
:1075200035200022002147F62A1008F041F90021F9
:107530007A2006F01DF9124B5B7DDBB2002B0CD1DB
:107540000E221D4947F2507006F0D6FA0E221B4952
:1075500047F2607006F0D0FA75E2094B5B7DDBB252
:10756000012B40F070820E22154947F2507006F050
:10757000C3FA0E22134947F2607006F0BDFA62E2C8
:10758000603400207C5701088C570108A45701087B
:10759000B0550108D0550108AC560108C85601087D
:1075A000BC570108DC570108085801082858010891
:1075B0005058010870580108A0580108B058010837
:1075C000C0580108D0580108B34B93F83430DBB2EF
:1075D000002B14D0B04B5B7DDBB2002B04D11E21FD
:1075E000AE4806F0E9FA30E2AB4B5B7DDBB2012B33
:1075F00040F02B822C21AA4806F0DEFA25E2A64BA9
:107600005B7EDBB2022B14D1A34B5B7DDBB2002B84
:1076100004D11C21A34806F0CFFA18E29E4B5B7DF3
:10762000DBB2012B40F0138228219F4806F0C4FAF8
:107630000DE2994B012283F835200122002147F603
:107640002A1008F0B5F801217A2006F091F8FAE145
:10765000914B93F83630DBB2002B0ED08E4B0022CC
:1076600083F836200022002147F62B1008F0A0F8FE
:1076700000217B2006F07CF8F2E1874B93F82C3058
:10768000DBB2002B05D1844B93F83130DBB2002BF9
:1076900014D0814B5B7DDBB2002B04D11C218348CD
:1076A00006F08AFAD5E17C4B5B7DDBB2012B40F022
:1076B000D0812C217E4806F07FFACAE1764B012268
:1076C00083F836200122002147F62B1008F070F8CD
:1076D00001217B2006F04CF8C2E16F4B93F8373064
:1076E000DBB2002B26D06C4B002283F8372000221F
:1076F000002147F62C1008F05BF800217C2006F0F2
:1077000037F8654B5B7DDBB2002B06D11622694949
:1077100047F2F07006F0F0F99DE15F4B5B7DDBB264
:10772000012B40F098811622634947F2F07006F071
:10773000E3F990E1584B012283F837200122002120
:1077400047F62C1008F034F801217C2006F010F8E0
:10775000514B5B7DDBB2002B06D11622574947F215
:10776000F07006F0C9F976E14B4B5B7DDBB2012B83
:1077700040F071811622524947F2F07006F0BCF9D0
:1077800069E1454B93F83930DBB2002B32D0424BE4
:10779000002283F839200022002147F62D1008F03E
:1077A00007F800217D2005F0E3FF3B4B5B7DDBB25A
:1077B000002B0CD10E22434947F2507006F09CF981
:1077C0000E22414947F2607006F096F945E1324BCE
:1077D0005B7DDBB2012B40F040810E223B4947F23A
:1077E000507006F089F90E22394947F2607006F0B0
:1077F00083F932E1284B5B7EDBB2012B14D1264B9F
:107800005B7DDBB2002B04D11C21264806F0D4F9A5
:1078100025E1214B5B7DDBB2012B40F0208128214B
:10782000214806F0C9F91AE11B4B93F83530DBB259
:10783000012B0DD1184B002283F8352000220021A6
:1078400047F62A1007F0B4FF00217A2005F090FFD8
:10785000114B012283F839200122002147F62D1017
:1078600007F0A6FF01217D2005F082FFF5E00A4B1D
:1078700093F83830DBB2002B2CD0074B002283F872
:1078800038200022002147F62E1007F091FF00213A
:107890007D2005F06DFFE3E060340020F85601081C
:1078A000E0580108B0550108D055010810590108E9
:1078B00030590108E4540108EC54010860590108EA
:1078C00070590108A0580108B0580108C0580108B3
:1078D000D0580108644B012283F83820012200218E
:1078E00047F62E1007F064FF01217D2005F040FFD0
:1078F000B6E05D4B93F83B30DBB2002B0ED05A4B19
:10790000002283F83B200022002147F6401007F0B8
:107910004FFF0021802005F02BFFA1E0524B0122F8
:1079200083F83B200122002147F6401007F040FF7A
:107930000121802005F01CFF92E04B4B93F83C3076
:10794000DBB2002B0ED0484B002283F83C200022F3
:10795000002147F6411007F02BFF0021812005F0A0
:1079600007FF7DE0404B012283F83C2001220021EB
:1079700047F6411007F01CFF0121812005F0F8FEB9
:107980006EE0394B93F83D30DBB2002B0ED0364B16
:10799000002283F83D200022002147F6421007F024
:1079A00007FF0021822005F0E3FE59E02E4B012263
:1079B00083F83D200122002147F6421007F0F8FE2F
:1079C0000121822005F0D4FE4AE0274B93F83E3097
:1079D000DBB2002B0ED0244B002283F83E20002285
:1079E000002147F6431007F0E3FE0021832005F055
:1079F000BFFE35E01C4B012283F83E20012200210E
:107A000047F6431007F0D4FE0121832005F0B0FEB5
:107A100026E000BF24E000BF22E000BF20E000BF5E
:107A20001EE000BF1CE000BF1AE000BF18E000BF6E
:107A300016E000BF14E000BF12E000BF10E000BF7E
:107A40000EE000BF0CE000BF0AE000BF08E000BF8E
:107A500006E000BF04E000BF02E000BF00E000BF9E
:107A600000BF0837BD4680BD6034002080B582B0BD
:107A700000AF7860174B93F82830012B02D0022B0F
:107A800010D01FE00122002147F26C6007F090FE49
:107A90000022002147F26D6007F08AFE0E4B0122A2
:107AA0001A700FE00022002147F26C6007F080FEA0
:107AB0000122002147F26D6007F07AFE064B022298
:107AC0001A7000BF034B002283F8282000BF08373C
:107AD000BD4680BDE8330020B423002080B483B0CD
:107AE00000AF0346FB71FB79002B08D0012B0DD1B1
:107AF000094B1B68084A43F00103136006E0064B7C
:107B00001B68054A23F00103136000BF00BF0C3758
:107B1000BD4680BC704700BF000C004080B584B0FB
:107B200000AF78600023BB730123FB7320E0FB7B75
:107B3000184609F07BFA03467B73BB7B374AD35C5C
:107B40007A7B9A420ED0BB7B34497A7BCA54FB7B4A
:107B50009BB203F5EB437F339BB27A7B002118463F
:107B600007F026FEBB7B0133BB73FB7B0133FB734A
:107B7000FB7B0C2BDBD90023FB7320E0FB7B18463F
:107B800009F004F903467B73BB7B244AD35C7A7B00
:107B90009A420ED0BB7B21497A7BCA54FB7B9BB2B5
:107BA00003F5EC430C339BB27A7B0021184607F0B7
:107BB000FFFDBB7B0133BB73FB7B0133FB73FB7BA3
:107BC000032BDBD90423FB7320E0FB7B184609F071
:107BD000DDF803467B73BB7B104AD35C7A7B9A4209
:107BE0000ED0BB7B0D497A7BCA54FB7B9BB203F55D
:107BF000F0431E339BB27A7B0021184607F0D8FD74
:107C0000BB7B0133BB73FB7B0133FB73FB7B072B1C
:107C1000DBD900BF00BF1037BD4680BD3402002055
:107C200080B500AF274B1B7EDBB2002B45D0254B28
:107C300093F82830DBB2002B41D0224B1B7DDBB206
:107C4000012B3DD1204B1B7F002B39D1022009F0A5
:107C5000EDF90346002B0BD1022008F090FF022023
:107C600009F0E4F90346002B02D1022004F0B8FF2A
:107C7000022009F0DBF90346012B02D1022005F0B6
:107C800085F8032009F0D2F90346002B0BD102201E
:107C900008F075FF032009F0C9F90346002B02D153
:107CA000042004F09DFF032009F0C0F90346012BD6
:107CB00006D1042005F06AF802E000BF00E000BF32
:107CC00080BD00BF60340020A403002080B485B0D4
:107CD00000AF0346FB80FB88B3F5A04F40D3FB8881
:107CE00045F69912934210D8FB88A3F5A043FB8078
:107CF000FB881E4AD35C1B021AB2FB881C49CB5C72
:107D00001BB213431BB2FB812AE0FB8846F6991293
:107D1000934210D8FB88A3F5C043FB80FB88154A2B
:107D2000D35C1B021AB2FB881349CB5C1BB2134312
:107D30001BB2FB8114E0FB8847F6991293420FD8DF
:107D4000FB88A3F5E043FB80FB880C4AD35C1B0255
:107D50001AB2FB880A49CB5C1BB213431BB2FB81EE
:107D6000FB8918461437BD4680BC7047CC330020D1
:107D7000B03300201C340020E833002058340020A9
:107D80005034002080B483B000AF03460A46FB8025
:107D90001346BB80FB88B3F5A04F40D3FB8845F664
:107DA0009912934210D8FB88A3F5A043FB80BB88AF
:107DB0001B0A9AB2FB88D1B21B4AD154FB88BA88FD
:107DC000D1B21A4AD1542AE0FB8846F6991293425E
:107DD00010D8FB88A3F5C043FB80BB881B0A9AB26E
:107DE000FB88D1B2124AD154FB88BA88D1B2114A69
:107DF000D15414E0FB8847F6991293420FD8FB88C0
:107E0000A3F5E043FB80BB881B0A9AB2FB88D1B282
:107E1000094AD154FB88BA88D1B2084AD15400BF6C
:107E20000C37BD4680BC7047CC330020B0330020F7
:107E30001C340020E8330020583400205034002047
:107E400080B582B000AF0346FB800B467B711346C2
:107E50003B71FB88B3F5A04F39D3FB8845F69912E7
:107E6000934211D8FB88A3F5A043FB80FB881A49F5
:107E70007A79CA54FB8819493A79CA54FB88DBB22B
:107E80001846F9F729FE22E0FB8846F6991293423C
:107E90000CD8FB88A3F5C043FB80FB8810497A7996
:107EA000CA54FB880F493A79CA5410E0FB8847F658
:107EB000991293420BD8FB88A3F5E043FB80FB8823
:107EC00009497A79CA54FB8808493A79CA5400BFEB
:107ED0000837BD4680BD00BFCC330020B033002042
:107EE0001C340020E8330020583400205034002097
:107EF00080B485B000AF03463960FB71FB79022B7B
:107F00002CD0022B3DDC002B02D0012B13D038E00B
:107F10000023FB730BE0FB7B3A681A44FB7B117870
:107F20001A4A13440A469A70FB7B0133FB73FB7BAE
:107F3000052BF0D925E00023FB730BE0FB7B3A68AF
:107F40001A44FB7B1178114A13440A461A72FB7BD0
:107F50000133FB73FB7B052BF0D912E00023FB738D
:107F60000BE0FB7B3A681A44FB7B1178074A134409
:107F70000A469A73FB7B0133FB73FB7B052BF0D91D
:107F800000BF00BF1437BD4680BC7047603400207E
:107F900080B485B000AF03463960FB71FB79002BDC
:107FA00002D0012B23D045E00623FB731BE0396888
:107FB000234BA3FB0123DA0813469B0013445B0009
:107FC000CA1AD2B2FB7B013B3032D1B21D4A1344F4
:107FD0000A469A703B681A4AA2FB0323DB083B60FF
:107FE000FB7B013BFB73FB7B002BE0D122E00623F4
:107FF000FB731BE03968124BA3FB0123DA0813461D
:108000009B0013445B00CA1AD2B2FB7B013B3032A7
:10801000D1B20C4A13440A461A723B68084AA2FBC2
:108020000323DB083B60FB7B013BFB73FB7B002BEB
:10803000E0D100BF00BF1437BD4680BC704700BF11
:10804000CDCCCCCC6034002080B582B000AF5A21BA
:10805000002005F08DFB002005F05AFB03465A2B4B
:1080600002D10123FB7101E00023FB71FB7918466B
:108070000837BD4680BD80B582B000AF012005F055
:1080800047FB0346372B02D10123FB7101E000239C
:10809000FB71FB7918460837BD4680BD90B583B0AB
:1080A00000AF4FF4A043FB8010237B71AE4900204A
:1080B00000F07EFBAD49012000F07AFB1AE07B79ED
:1080C0009BB201339BB2184605F022FB03461C46C7
:1080D0007B799BB2184605F01BFB03461A46FB88CA
:1080E00021461846FFF7ACFEFB880133FB807B7905
:1080F00002337B717B79422BE1D900233B714AE04B
:108100003B799BB29B009BB251339BB2184605F062
:10811000FFFA03461B021CB23B799BB29B009BB249
:1081200050339BB2184605F0F3FA03461BB22343C3
:108130001BB23A7998B28E4913465B0213449B00F6
:108140000B44043302461A803B799BB29B009BB2DE
:1081500053339BB2184605F0DBFA03461B021CB2F0
:108160003B799BB29B009BB252339BB2184605F001
:10817000CFFA03461BB223431BB23A7998B27C492B
:1081800013465B0213449B000B44063302461A80DD
:108190003B7901333B713B79032BB1D9442005F086
:1081A000B7FA03461A46734B5A76452005F0B0FAE3
:1081B00003461A466F4B9A76462005F0A9FA034605
:1081C0001A466C4B1A75472005F0A2FA03461A4668
:1081D000684B5A75674B5B7DDBB2002B04D1654B56
:1081E0005B7DDBB2012B09D0624B00225A75614BDB
:1081F0005B7DDBB21946472005F0BAFA702005F026
:1082000087FA03461A465B4B83F82920712005F054
:108210007FFA03461A46574B83F82A20722005F04E
:1082200077FA03461A46534B83F82B207E2005F03D
:108230006FFA03461A464F4B83F82F20732005F040
:1082400067FA03461A464B4B83F82C20742005F03E
:108250005FFA03461A46474B83F82D20752005F038
:1082600057FA03461A46434B83F82E20762005F032
:108270004FFA03461A463F4B83F83120772005F02A
:1082800047FA03461A463B4B83F83220782005F024
:108290003FFA03461A46374B83F83320792005F01E
:1082A00037FA03461A46334B83F834207A2005F018
:1082B0002FFA03461A462F4B83F835207B2005F012
:1082C00027FA03461A462B4B83F836207C2005F00C
:1082D0001FFA03461A46274B83F837207D2005F006
:1082E00017FA03461A46234B83F839207D2005F000
:1082F0000FFA03461A461F4B83F838207F2005F0FB
:1083000007FA03461A461B4B83F83020802005F0FD
:10831000FFF903461A46174B83F83B20812005F0EE
:10832000F7F903461A46134B83F83C20822005F0E8
:10833000EFF903461A460F4B83F83D20832005F0E2
:10834000E7F903461A460B4B83F83E2045F20E0030
:10835000FFF7BCFC0346184600F068FBF9F7CEF9BE
:1083600000BF0C37BD4690BD623400206834002049
:10837000A40300206034002080B582B000AF102339
:10838000FB710023BB711AE0FB799AB2BB79A0495B
:10839000CB5C1946104605F0EBF9FB790133FB7114
:1083A000FB799AB2BB799B49CB5C1946104605F024
:1083B000DFF9FB790133FB71BB790133BB71BB7909
:1083C0001B2BE1D90023BB7152E0BB799BB29B0010
:1083D0009BB2503398B2BA798F4913465B0213446B
:1083E0009B000B4404331B88DBB2194605F0C0F92F
:1083F000BB799BB29B009BB2513398B2BA79864944
:1084000013465B0213449B000B4404331B881B0A76
:108410009BB2DBB2194605F0ABF9BB799BB29B006E
:108420009BB2523398B2BA797B4913465B0213442C
:108430009B000B4406331B88DBB2194605F098F904
:10844000BB799BB29B009BB2533398B2BA79724905
:1084500013465B0213449B000B4406331B881B0A24
:108460009BB2DBB2194605F083F9BB790133BB71CE
:10847000BB79032BA9D9694B1B7DDBB2194646207A
:1084800005F076F9654B5B7EDBB21946442005F0BA
:108490006FF9624B9B7EDBB21946452005F068F907
:1084A0005E4B5B7DDBB21946472005F061F95B4B03
:1084B00093F82930DBB21946702005F059F9574B73
:1084C00093F82A30DBB21946712005F051F9534B6D
:1084D00093F82B30DBB21946722005F049F94F4B67
:1084E00093F82F30DBB219467E2005F041F94B4B53
:1084F00093F82C30DBB21946732005F039F9474B5D
:1085000093F82D30DBB21946742005F031F9434B56
:1085100093F82E30DBB21946752005F029F93F4B50
:1085200093F83130DBB21946762005F021F93B4B48
:1085300093F83230DBB21946772005F019F9374B42
:1085400093F83330DBB21946782005F011F9334B3C
:1085500093F83430DBB21946792005F009F92F4B36
:1085600093F83530DBB219467A2005F001F92B4B30
:1085700093F83630DBB219467B2005F0F9F8274B2B
:1085800093F83730DBB219467C2005F0F1F8234B25
:1085900093F83930DBB219467D2005F0E9F81F4B1E
:1085A00093F83830DBB219467D2005F0E1F81B4B1B
:1085B00093F83030DBB219467F2005F0D9F8174B1D
:1085C00093F83B30DBB21946802005F0D1F8134B0D
:1085D00093F83C30DBB21946812005F0C9F80F4B07
:1085E00093F83D30DBB21946822005F0C1F80B4B01
:1085F00093F83E30DBB21946832005F0B9F83721F5
:10860000012005F0B5F800BF0837BD4680BD00BFAA
:10861000B0330020CC330020A403002060340020BD
:1086200080B582B000AF0023FB710FE0FB799BB2F5
:1086300003F5A0439AB2FB79484931F81330194643
:108640001046FFF79FFBFB790133FB71FB791B2B76
:10865000ECD945F20E00FFF739FB0346184600F04F
:10866000E5F9F9F74BF83E4B01221A703D4B022217
:108670001A753C4B01229A763A4B01225A76394BB5
:1086800000225A75374B012283F82B20354B0222EA
:1086900083F82F20334B002283F83020314B012206
:1086A00083F82A202F4B012283F82B202D4B002208
:1086B00083F82C202B4B002283F82D20294B0222FB
:1086C00083F82E20274B002283F83120254B0022EF
:1086D00083F83220234B002283F83320214B0022E1
:1086E00083F834201F4B002283F835201D4B0022D5
:1086F00083F836201B4B002283F83720194B0022C9
:1087000083F83920174B002283F83820154B0022BC
:1087100083F83B20134B002283F83C20114B0022AE
:1087200083F83D200F4B002283F83E200E490020A5
:10873000FFF7DEFB0D490120FFF7DAFB0A490020B5
:1087400000F064F80949012000F060F800F0F0F84A
:10875000FFF712FE00BF0837BD4680BD187E010836
:10876000B423002060340020885901089059010882
:1087700080B500AF0D490220FFF7BAFB04F0C2FF3D
:10878000FFF762FC0346002B02D1FFF749FF09E027
:10879000FFF771FC0346002B02D1FFF741FF01E018
:1087A000FFF77CFC00F0C4F800BF80BD98590108B9
:1087B00090B585B000AF03463960FB71FB79002BA3
:1087C00002D0012B03D005E00223BB7302E0082393
:1087D000BB7300BF0023FB7310E0BB7B9AB2FB7B33
:1087E0009BB2134499B2FB7B3A68D418084604F054
:1087F0008FFF03462370FB7B0133FB73FB7B052B51
:10880000EBD900BF00BF1437BD4690BD80B584B022
:1088100000AF03463960FB71FB79002B02D0012BBE
:1088200003D005E00223BB7302E00823BB7300BF43
:108830000023FB730FE0BB7B9AB2FB7B9BB213441C
:1088400098B2FB7B3A6813441B78194604F090FFFA
:10885000FB7B0133FB73FB7B052BECD900BF00BF17
:108860001037BD4680BD000080B584B000AF034620
:10887000FB71FB79002B02D0012B17D02DE00023D8
:10888000FB730FE0FB7B9BB202339AB2FB7B154973
:108890000B449B78DBB21946104604F069FFFB7B62
:1088A0000133FB73FB7B052BECD916E00023FB7334
:1088B0000FE0FB7B9BB208339AB2FB7B09490B4468
:1088C0001B7ADBB21946104604F052FFFB7B0133E2
:1088D000FB73FB7B052BECD900BF00BF1037BD46F7
:1088E00080BD00BF6034002080B584B000AF034677
:1088F0000A46FB711346BB80BB88FB73FB799BB2B6
:10890000FA7B1146184604F033FFBB881B0A9BB262
:10891000FB73FB799BB201339BB2FA7B114618467D
:1089200004F026FFF8F7EAFE00BF1037BD4680BD11
:1089300080B400AF174B4FF496729A80154B4FF4EA
:108940007A72DA80134B4FF4FA72A3F80828114BAD
:108950004FF47A72A3F80A280E4B03F58053642271
:108960009A810C4B03F580534FF4FA72DA81094B6C
:1089700003F580534FF4FA72A3F81028054B03F562
:1089800080534FF47A72A3F8122800BFBD4680BC12
:10899000704700BFA403002080B582B000AF102351
:1089A000BB710023FB710EE0FB791E4A32F81320E5
:1089B000BB7911461846FFF797FFBB790233BB71AD
:1089C000FB790133FB71FB79072BEDD93423BB71A4
:1089D0000023FB710FE0FB791233124A32F81320A7
:1089E000BB7911461846FFF77FFFBB790233BB7195
:1089F000FB790133FB71FB791B2BECD90A49002071
:108A0000FFF776FA08490020FFF700FF0121442014
:108A100004F0AEFE0121452004F0AAFE00BF083795
:108A2000BD4680BD187E01088859010880B485B014
:108A300000AF0346FB80FB881D2B11D90023FB6090
:108A40000AE0144AFB6852F823201349FB6841F8F6
:108A50002320FB680133FB60FB68132BF1DD13E07F
:108A6000FB881D2B10D80023BB600AE00B4ABB68B3
:108A700052F823200849BB6841F82320BB68013322
:108A8000BB60BB68132BF1DD00BF1437BD4680BC53
:108A9000704700BF4802002048350020980200209F
:108AA00080B582B000AF78606A4B93F83730DBB2A4
:108AB000002B1AD00C2008F0B9FA0346012B14D170
:108AC000644B5B7DDBB2002B04D11221624805F0C0
:108AD00073F8B7E05F4B5B7DDBB2012B40F0B280F7
:108AE0001C215E4805F068F8ACE05A4B1B7DDBB2F8
:108AF000012B14D1574B5B7DDBB2002B04D120211D
:108B0000574805F059F89FE0524B5B7DDBB2012BD3
:108B100040F09A802021534805F04EF894E04D4BE8
:108B20001B7DDBB2032B18D14A4B9B7DDBB2002BA4
:108B300013D0484B5B7DDBB2002B04D110214A4897
:108B400005F03AF882E0434B5B7DDBB2012B7DD12F
:108B50001621464805F030F878E07B681B781A4605
:108B6000434B9B5C002B36D07B681B78082B06D8C8
:108B70007B681B780021184608F024FA07E07B6820
:108B80001B78093BDBB20021184608F0CBF87B6864
:108B90001B781A46364B002199547B681B780C2BA6
:108BA0000CD87B681B789BB203F5EC435F339BB218
:108BB00000220021184606F0FBFD48E07B681B7888
:108BC0009BB203F5F14343339BB2002200211846C8
:108BD00006F0EEFD3BE07B681B78082B06D87B682F
:108BE0001B780121184608F0EDF907E07B681B7837
:108BF000093BDBB20121184608F094F87B681B782A
:108C00001A461B4B012199547B681B780C2B0CD8FE
:108C10007B681B789BB203F5EC435F339BB2012268
:108C20000021184606F0C4FD11E07B681B789BB25A
:108C300003F5F14343339BB201220021184606F0AD
:108C4000B7FD04E000BF02E000BF00E000BF08374E
:108C5000BD4680BD60340020A0590108B459010808
:108C6000D4590108E85901080C5A0108205A010892
:108C7000E8020020B0B582B000AF78609A4B1B8844
:108C8000122B00F2908301A252F823F0D98C000835
:108C9000698D0008BD8D0008ED8D0008B78E0008B5
:108CA000D58E00088F8F00082390000831900008AF
:108CB0003F9000087F900008D99000081B910008A1
:108CC000519100085792000875920008FF92000821
:108CD0001B9300085D930008844B93F82030DBB2AF
:108CE000002B00F05183814B93F82030DBB2022B34
:108CF00003D17D4B0D221A8055E3012008F096F92F
:108D00000346002B17D0794B5B7DDBB2002B04D1DF
:108D10000A21774804F070FF08E0744B5B7DDBB2FA
:108D2000012B03D11321734804F066FF6F4B00221F
:108D300083F8202037E3012004F028F86B4B002251
:108D400083F82120694B002283F82220674B002200
:108D500083F82420654B0322DA75634B1B880133AB
:108D60009AB2614B1A801EE3012008F081F9034694
:108D7000002B1CD05D4B5B7DDBB2002B04D10D21A1
:108D80005D4804F039FF08E0584B5B7DDBB2012BF6
:108D900003D11E21594804F02FFF002004F0C0F831
:108DA000514B1B8801339AB24F4B1A80FBE24E4B5A
:108DB0001B8802339AB24C4B1A80F4E20A2007F067
:108DC000DEFE4F4B1B8801339AB24D4B1A804C4B41
:108DD0001B88082B40F2DA82494B00221A80424B52
:108DE0001B8801339AB2404B1A80CFE2454BDB6BB4
:108DF0004FF000011846F8F7C3F80346002B53D094
:108E00003A4B5B7DDBB2002B04D111213E4804F0CC
:108E1000F3FE08E0354B5B7DDBB2012B03D116215D
:108E20003A4804F0E9FE314B002283F84B20354BE1
:108E30005B6B344AD26B11461846F8F7A1F803462B
:108E4000002B15D02F4BDB6A1846F8F7A3F8054620
:108E5000264B93F83D30DCB22A4BDB6B1846F8F713
:108E600099F80346224629460220F8F705F914E04E
:108E7000244BDB6A1846F8F78DF805461B4B93F830
:108E80003D30DCB21F4B5B6B1846F8F783F80346A6
:108E9000224629460220F8F7EFF8134B1B880133CE
:108EA0009AB2114B1A807EE20F4B1B8802339AB2A2
:108EB0000D4B1A8077E2164B03F5805393F824305C
:108EC000002B40F06582084B1B8801339AB2064B99
:108ED0001A805DE2054B5B7DDBB2002B1CD10D21BE
:108EE0000C4804F089FE20E02E350020603400207C
:108EF000385A0108445A0108585A0108685A0108AA
:108F000036350020BC340020885A01089C5A0108DC
:108F1000A4030020B45A0108974B5B7DDBB2012B00
:108F200003D11121954804F067FE954B5B6B944A81
:108F3000D26B11461846F8F723F80346002B1FD0D2
:108F40008D4B002283F84B208D4B9B6A1846F8F717
:108F500021F80546884B93F83D30DCB2884B5B6BBB
:108F6000874AD26B11461846F7F744FD0346184668
:108F7000F8F710F80346224629460220F8F77CF855
:108F8000804B1B8801339AB27E4B1A800BE27E4BDA
:108F900003F5805393F82430002B40F0FB8101202F
:108FA00008F044F80346002B33D1754B5C6B744BCF
:108FB000DB6C76491846F7F71FFD03461946204635
:108FC000F7F7D4FF0346002B23D0052007F0D7FD89
:108FD000012008F02BF80346002B21D1664B5B7D66
:108FE000DBB2002B04D11821694804F005FE08E02B
:108FF000614B5B7DDBB2012B03D11F21654804F07F
:10900000FBFD5D4B092283F84520002003F068FF3B
:10901000C9E15C4B1B8801339AB25A4B1A80B9E103
:10902000B8E1584B1B8801339AB2564B1A80BAE10B
:10903000544B1B8801339AB2524B1A80B3E1012082
:1090400003F0CEFD022003F0A1FE4B4B5B7DDBB2B3
:10905000002B04D10D21504804F0CEFD08E0464B12
:109060005B7DDBB2012B03D114214C4804F0DEFD03
:10907000444B1B8801339AB2424B1A8093E1404B18
:109080009B6B4FF000011846F7F77AFF0346002B61
:109090001ED0394B1B7DDBB2012B19D1364B5B7DCA
:1090A000DBB2002B04D111213D4804F0A5FD08E0FE
:1090B000314B5B7DDBB2012B03D12C21394804F00D
:1090C0009BFD304B1B8801339AB22E4B1A806AE10C
:1090D0002C4B12221A8066E1012007F057FE03464E
:1090E000002B00F05981244B5B7DDBB2002B04D1B7
:1090F00010212D4804F080FD08E01F4B5B7DDBB2A2
:10910000012B03D12521294804F076FD1D4B1B8836
:1091100001339AB21B4B1A803EE1012007F036FE64
:109120000346002B40F03A81052007F028FD01207E
:1091300007F02CFE0346002B40F03081012003F0A5
:1091400025FE104B1B8801339AB20E4B1A8025E185
:109150000B4BDB6B4FF000011846F7F711FF03468E
:10916000002B71D0044B5B7DDBB2002B22D111218F
:109170000F4804F041FD26E060340020C45A010885
:10918000BC3400202E350020A40300200000204124
:10919000D85A0108F45A0108145B0108245B01083D
:1091A0003C5B0108505B0108805B0108945B01088F
:1091B000885A01087D4B5B7DDBB2012B03D1162160
:1091C0007B4804F019FD794B002283F84B20794B42
:1091D0009B6B784AD26B11461846F7F7D1FE0346CF
:1091E000002B15D0734BDB6A1846F7F7D3FE054604
:1091F0006E4B93F83D30DCB26E4BDB6B1846F7F7E5
:10920000C9FE0346224629460220F7F735FF14E03F
:10921000684BDB6A1846F7F7BDFE0546634B93F8CB
:109220003D30DCB2634B9B6B1846F7F7B3FE034649
:10923000224629460220F7F71FFF5F4B1B880133A8
:109240009AB25D4B1A80AEE05B4B1B8802339AB238
:10925000594B1A80A7E0594B03F5805393F82430FB
:10926000002B40F09D80544B1B8801339AB2524B27
:109270001A8095E04D4B5B7DDBB2002B04D11021B1
:109280004F4804F0B9FC08E0484B5B7DDBB2012B92
:1092900003D11E214B4804F0AFFC464B9B6B454A63
:1092A000D26B11461846F7F76BFE0346002B1FD012
:1092B0003E4B002283F84B203E4B9B6A1846F7F743
:1092C00069FE0546394B93F83D30DCB2394B9B6B58
:1092D000384AD26B11461846F7F78CFB03461846FE
:1092E000F7F758FE0346224629460220F7F7C4FE48
:1092F000314B1B8801339AB22F4B1A8053E02F4B0E
:1093000003F5805393F82430002B4BD12A4B1B8854
:1093100001339AB2284B1A8044E0244B012283F88F
:109320002220012003F05CFC204B5B7DDBB2002B94
:1093300004D11021244804F05FFC08E01B4B5B7D46
:10934000DBB2012B03D11B21204804F055FC1A4B42
:109350001B8801339AB2184B1A8024E0134B002269
:10936000DA75124B012283F82120104B002283F87A
:1093700024200E4B00225A770C4B002283F8202029
:109380000D4B00221A800EE000BF0CE000BF0AE087
:1093900000BF08E000BF06E000BF04E000BF02E03D
:1093A00000BF00E000BF0837BD46B0BD60340020FC
:1093B0009C5A0108BC3400202E350020A403002054
:1093C000BC5B0108D05B0108F05B0108045C01088C
:1093D000B0B586B002AF78608D4B1B88072B00F2CA
:1093E0007C8201A252F823F00994000849940008F5
:1093F000A1940008D1940008DF940008ED970008BC
:109400005D98000891980008824B93F82330DBB2F6
:10941000002B00F05D827F4B93F82130DBB2002BF4
:1094200004D17C4B002283F8232056E2794B0022A2
:1094300083F82420774B0422DA75754B1B8801339F
:109440009AB2734B1A8048E2724B93F83130DBB218
:10945000002B0ED06F4B1B7DDBB2012B09D10120FD
:1094600003F05EFD6A4B1B8801339AB2684B1A8089
:1094700033E2012007F0FCFD0346002B09D0002059
:1094800003F04EFD624B1B8801339AB2604B1A8089
:1094900023E25F4B1B8802339AB25D4B1A801CE2B9
:1094A0000A2007F06CFB5C4B1B8801339AB25A4BC5
:1094B0001A80594B1B88082B40F20C82564B002215
:1094C0001A80534B1B8801339AB2514B1A8001E228
:1094D0004F4B1B8801339AB24D4B1A80FDE14D4B27
:1094E0005B7DDBB2002B04D10F214C4804F084FBE0
:1094F00008E0484B5B7DDBB2012B03D119214848C2
:1095000004F094FB474B5B6B464A926B114618463E
:10951000F7F772FA03461C46424BDB6C4249184689
:10952000F7F76AFA034619462046F7F71FFD034688
:10953000002B3FD03B4B1B6DBB603A4B1B6B3B4939
:109540001846F7F761FB03461846F7F723FD034675
:10955000FB60FB68002B01D10123FB60FB68013B32
:10956000334A52F823301846F7F7F6FA03461946FD
:109570000220F8F749FC0246BB681344BB60254B48
:10958000012283F84B20274B1B6B1846F7F702FD8F
:109590000146204B93F83D30DBB2002B0CBF01237A
:1095A0000023DBB21A46234B0093BB680220F8F776
:1095B000D9FD5CE0174B002283F84B20154B93F844
:1095C0002230DBB2002B37D0164B1B6B1846F7F757
:1095D000E1FC04460F4B93F83D30DBB2002B0CBF8F
:1095E00001230023DBB21D460E4B5B6B0D4A926BD1
:1095F00011461846F7F700FA03461846F7F7CAFC73
:1096000003462A4621460220F7F736FD2FE000BF29
:1096100030350020603400203C350020205C0108FB
:10962000305C0108BC34002000002041CDCCCC3D92
:1096300048350020A0860100A94B1B6B1846F7F7A0
:10964000A9FC0446A74B93F83D30DBB2002B0CBFBE
:1096500001230023DBB21D46A14B5B6B1846F7F7D5
:1096600099FC03462A4621460220F7F705FD022011
:1096700007F0DCFC0346002B00F0B180032007F06C
:10968000D5FC0346002B00F0AA80964B93F83130AE
:10969000DBB2002B00F0A380924B1B7DDBB2012BD1
:1096A00040F09D80022007F06AFA022007F0BEFC1D
:1096B0000346002B00F09380032007F0B7FC03461D
:1096C000002B00F08C80874B5B7DDBB2002B04D13C
:1096D0000C21854804F090FA08E0824B5B7DDBB2F8
:1096E000012B03D10C21814804F086FA7D4B002226
:1096F00083F83A207B4B93F83530DBB2002B18D03F
:10970000784B022283F84C20754B1B681846F7F7FC
:1097100041FC0146734B93F83B30DAB2704BDB6986
:1097200018466F4B9B68009303460020F8F71AFD1C
:1097300055E06B4B5B69002B39DD6A4B93F8353094
:10974000DBB2002B33D1674B012283F84C20644BF2
:109750009A68634B5B699A4214DC614B1B6818463C
:10976000F7F718FC01465F4B93F83B30DAB25C4BDD
:10977000DB6918465A4B9B68009303460020F8F7B4
:10978000F1FC2CE0564B1B681846F7F703FC01462A
:10979000544B93F83B30DAB2514BDB691846504BCF
:1097A0005B69009303460020F8F7DCFC17E04D4BA3
:1097B000012283F84C204A4B1B681846F7F7EAFB56
:1097C0000146484B93F83B30DAB2454BDB6918460B
:1097D000434B9B68009303460020F8F7C3FC444BBF
:1097E0001B8801339AB2424B1A8076E0414B03F555
:1097F000805393F82430002B6ED1012007F016FC23
:109800000346002B23D0022007F0B9F9012007F00E
:109810000DFC0346002B1AD0324B5B7DDBB2002BD4
:1098200004D11C21344804F0E7F908E02D4B5B7D9E
:10983000DBB2012B03D12521304804F0DDF9294B9F
:10984000042283F84520002003F04AFB45E0284B22
:109850001B8801339AB2264B1A803DE0214B5B7D79
:10986000DBB2002B04D10D21254804F0C5F908E036
:109870001C4B5B7DDBB2012B03D11A21214804F084
:10988000D5F91B4B1B8801339AB2194B1A8024E07F
:10989000012003F07BFA052003F0A2F9114B00220E
:1098A0005A77104B0022DA750E4B002283F82120E4
:1098B0000C4B002283F822200A4B012283F824203B
:1098C000084B002283F82320094B00221A8004E071
:1098D00000BF02E000BF00E000BF1037BD46B0BDD2
:1098E000BC340020603400204C5C01085C5C010842
:1098F00030350020A4030020685C0108885C010862
:10990000B05C0108C05C0108B0B586B002AF7860F9
:10991000A34B1B880E2B00F2F28201A252F823F017
:109920005D9900087D990008AB990008DB99000853
:10993000A59A0008C39A0008C59B0008599C000816
:109940008D9C0008BD9D00081F9E00089D9E00087C
:10995000AB9E0008B99E0008CD9E0008914B9B7FEE
:10996000DBB2002B00F0C2828E4B0322DA758C4BE7
:109970001B8801339AB28A4B1A80C0E2012007F09B
:1099800077FB0346002B09D0002003F0C9FA844B73
:109990001B8801339AB2824B1A80B0E2804B1B883D
:1099A00002339AB27E4B1A80A9E20A2007F0E7F848
:1099B0007D4B1B8801339AB27B4B1A807A4B1B88F4
:1099C000082B40F29582784B00221A80744B1B883A
:1099D00001339AB2724B1A808AE2744BDB6B4FF000
:1099E00000011846F7F7CCFA0346002B53D06D4B15
:1099F0005B7DDBB2002B04D111216D4804F0FCF833
:109A000008E0684B5B7DDBB2012B03D1162169486E
:109A100004F0F2F8634B002283F84B20634B5B6B3E
:109A2000624AD26B11461846F7F7AAFA0346002B92
:109A300015D05E4BDB6A1846F7F7ACFA0546594B72
:109A400093F83D30DCB2594BDB6B1846F7F7A2FABE
:109A50000346224629460220F7F70EFB14E0534B3B
:109A6000DB6A1846F7F796FA05464E4B93F83D30F9
:109A7000DCB24E4B5B6B1846F7F78CFA0346224676
:109A800029460220F7F7F8FA454B1B8801339AB2B2
:109A9000434B1A8033E2424B1B8802339AB2404B4D
:109AA0001A802CE2444B03F5805393F82430002BAA
:109AB00040F020823A4B1B8801339AB2384B1A800F
:109AC00018E2384B5B7DDBB2002B04D10D213B4803
:109AD00004F092F808E0334B5B7DDBB2012B03D13D
:109AE0001121374804F088F82E4B002283F84B20D0
:109AF0002E4B5B6B2D4AD26B11461846F7F722FAB4
:109B00000346002B15D0294B9B6A1846F7F742FAFB
:109B10000546244B93F83D30DCB2244B9B6B184632
:109B2000F7F738FA0346224629460220F7F7A4FA47
:109B30002EE01E4B5B6B1D4AD26B11461846F7F7A1
:109B400015FA0346002B23D0184B9B6A1846F7F7EB
:109B500021FA0546134B93F83D30DCB2134B5B6B97
:109B6000124A926B11461846F6F746FF03461A460C
:109B70000E4BDB6B19461046F6F73CFF03461846C2
:109B8000F7F708FA0346224629460220F7F774FA47
:109B9000034B1B8801339AB2014B1A80AFE100BF1F
:109BA000323500206034002036350020BC340020DF
:109BB000885A01089C5A0108A4030020B45A0108DD
:109BC000C45A0108A34B03F5805393F82430002BAB
:109BD00040F09281012007F029FA0346002B33D18F
:109BE0009D4B5C6B9C4BDB6C9C491846F6F704FF65
:109BF000034619462046F7F7B9F90346002B23D050
:109C0000052006F0BCFF012007F010FA0346002BE8
:109C100021D1934B5B7DDBB2002B04D118219148FD
:109C200003F0EAFF08E08E4B5B7DDBB2012B03D132
:109C30001F218D4803F0E0FF894B092283F845205E
:109C4000002003F04DF95AE1884B1B8801339AB28A
:109C5000864B1A8050E14FE1814B5B7DDBB2002BDC
:109C600004D10D21824803F0C7FF08E07C4B5B7DE7
:109C7000DBB2012B03D114217E4803F0D7FF7B4BCD
:109C80001B8801339AB2794B1A8038E1744B5B7DA3
:109C9000DBB2002B04D10F21774803F0ADFF08E0C1
:109CA0006F4B5B7DDBB2012B03D11921734803F0AD
:109CB000BDFF694B5B6B684A926B11461846F6F71D
:109CC0009BFE03461C46644BDB6C64491846F6F762
:109CD00093FE034619462046F7F748F90346002B42
:109CE0003FD05D4B1B6DBB605B4B1B6B64491846E3
:109CF000F6F78AFF03461846F7F74CF90346FB6070
:109D0000FB68002B01D10123FB60FB68013B5D4A2E
:109D100052F823301846F6F71FFF03461946022073
:109D2000F8F772F80246BB681344BB604C4B012243
:109D300083F84B20484B1B6B1846F7F72BF901466D
:109D4000474B93F83D30DBB2002B0CBF01230023BF
:109D5000DBB21A464C4B0093BB680220F8F702FABC
:109D600025E03F4B002283F84B203B4B1B6B1846F2
:109D7000F7F710F904463A4B93F83D30DBB2002B6D
:109D80000CBF01230023DBB21D46334B5B6B324A11
:109D9000926B11461846F6F72FFE03461846F7F762
:109DA000F9F803462A4621460220F7F765F92F4BBA
:109DB0001B8801339AB22D4B1A80A0E0254B03F586
:109DC000805393F82430002B40F09880214B03F50A
:109DD000805393F80838012B1AD1214B5B7DDBB2FD
:109DE000002B04D11C21294803F006FF08E01C4B7E
:109DF0005B7DDBB2012B03D12521254803F0FCFE5E
:109E0000174B042283F84520002003F069F876E020
:109E1000164B1B8801339AB2144B1A806EE0104B1C
:109E20005B7DDBB2002B04D10D211A4803F0E4FE68
:109E300008E00B4B5B7DDBB2012B03D11A211648E6
:109E400003F0F4FE094B1B8801339AB2074B1A80CA
:109E500055E000BFA4030020BC34002000002041D6
:109E600060340020D85A0108F45A01083235002025
:109E7000145B0108245B0108205C0108305C0108C8
:109E8000CDCCCC3D48350020A0860100685C01089F
:109E9000885C0108B05C0108C05C0108194B1B8894
:109EA00001339AB2174B1A8029E0164B1B880133F5
:109EB0009AB2144B1A8022E0052002F091FE114B59
:109EC0001B8801339AB20F4B1A8018E00E4B002208
:109ED000DA750D4B0122DA770B4B00225A770A4BC9
:109EE00000229A77074B00221A8008E000BF06E0A4
:109EF00000BF04E000BF02E000BF00E000BF103779
:109F0000BD46B0BD323500206034002080B582B03F
:109F100000AF786003F0CAFB0346012B04D0044B6A
:109F2000012283F8412000E000BF0837BD4680BD14
:109F30006034002080B582B000AF78600E4B5B7E4D
:109F4000DBB2012B03D1786800F018F810E00A4B5F
:109F50005B7EDBB2022B03D1786800F021FC07E0C6
:109F6000054B5B7EDBB2032B02D1786801F0D2F89F
:109F700000BF0837BD4680BD60340020B0B588B052
:109F800002AF78603023BB600023FB60A44B93F8E2
:109F90003130DBB2002B0FD0022006F0F7FE034673
:109FA000002B09D19E4B0022DA769D4B0022DA75F8
:109FB0009C4B00221A80F0E39A4B1B88102B00F276
:109FC000EC8301A252F823F00DA00008E9A00008DC
:109FD0002FA100085DA100088DA10008BBA1000809
:109FE000EBA10008F9A100084DA200087DA300081C
:109FF000CDA3000803A4000803A5000833A50008AA
:10A000007FA50008B9A50008E9A50008844BDB7E00
:10A01000DBB2012B40F09483814B1B7DDBB2012B23
:10A020001DD07F4B93F82430DBB2002B17D17C4B33
:10A030000022DA767A4B5B7DDBB2002B04D10A2159
:10A04000794803F0D9FD7DE3754B5B7DDBB2012BD5
:10A0500040F078831321754803F0CEFD72E30220AF
:10A0600006F0E4FF0346002B05D0032006F0DEFFD8
:10A070000346002B25D16A4B5B7DDBB2002B04D15C
:10A080001E216B4803F0B8FD08E0654B5B7DDBB239
:10A09000012B03D12421674803F0AEFD604B002261
:10A0A000DA765F4B01225A775D4B072283F8452011
:10A0B000614B072283F8BD200821604806F04CFC64
:10A0C0006BE3022002F062FE042002F05FFE544BBC
:10A0D00000225A77524B0222DA75524B1B88013309
:10A0E0009AB2504B1A8058E34D4B93F82D30DBB2A7
:10A0F000002B0BD1032006F0BBFF0346002B05D03D
:10A100000A2006F093FF0346002B09D1012002F03C
:10A110006DFF0346002B03D1002002F0E1FE3CE37B
:10A12000404B1B8801339AB23E4B1A8035E3012025
:10A1300006F09EFF0346002B09D1012002F0F0FE3D
:10A14000384B1B8801339AB2364B1A8025E3354BC6
:10A150001B8802339AB2334B1A801EE30A2006F0A2
:10A160000EFD374B1B8801339AB2354B1A80344BA6
:10A170001B88072B40F2E882314B00221A80294BC2
:10A180001B8801339AB2274B1A80DDE2022006F0C9
:10A190006FFF0346002B09D1002002F0CDFF214BB9
:10A1A0001B8801339AB21F4B1A80F6E21D4B1B88A5
:10A1B00002339AB21B4B1A80EFE20A2006F0DFFC52
:10A1C0001F4B1B8801339AB21D4B1A801C4B1B88F6
:10A1D000092B40F2BB821A4B00221A80114B1B88BC
:10A1E00001339AB20F4B1A80B0E20E4B1B88013339
:10A1F0009AB20C4B1A80D0E2124B00221A70002047
:10A2000002F062FA104B00221A70002002F09AF954
:10A21000044B1B8801339AB2024B1A80BDE200BF87
:10A220006034002024350020385A0108445A0108BF
:10A23000DC5C0108FC5C010800000020B800002084
:10A24000383500204135002040350020914B1B7FE0
:10A25000002B40F08C80904B5B7DDBB2002B04D157
:10A260000C218E4803F0C8FC08E08B4B5B7DDBB211
:10A27000012B03D10C218A4803F0BEFC864B00223F
:10A2800083F83A20844B93F83530DBB2002B18D09A
:10A29000814B022283F84C20824B1B681846F6F74C
:10A2A00079FE01467C4B93F83B30DAB27D4BDB699B
:10A2B00018467C4B9B68009303460020F7F752FF3B
:10A2C00055E0784B5B69002B39DD734B93F83530E3
:10A2D000DBB2002B33D1704B012283F84C20714B41
:10A2E0009A68704B5B699A4214DC6E4B1B68184687
:10A2F000F6F750FE0146684B93F83B30DAB2694BF3
:10A30000DB691846674B9B68009303460020F7F70C
:10A3100029FF2CE0634B1B681846F6F73BFE01460D
:10A320005D4B93F83B30DAB25E4BDB6918465D4B10
:10A330005B69009303460020F7F714FF17E0564BC4
:10A34000012283F84C20574B1B681846F6F722FE73
:10A350000146514B93F83B30DAB2524BDB69184659
:10A36000504B9B68009303460020F7F7FBFE4E4BD3
:10A370001B8801339AB24C4B1A800EE2454B1B7F6F
:10A38000002B16D1022006F051FE0346002B05D10A
:10A39000032006F04BFE0346002B06D0424B1B88E1
:10A3A00001339AB2404B1A80F7E13F4B0D221A80DD
:10A3B000F3E13E4B00221A70002002F085F93C4B7D
:10A3C00000221A70002002F0BDF8E6E1324B93F84B
:10A3D0003A30DBB2022B06D0334B1B8801339AB2E2
:10A3E000314B1A80D6E12C4B93F83A30DBB2022B7A
:10A3F00040F0D0812C4B1B8803339AB22A4B1A8031
:10A40000C8E1284B5B69002B05DD234B93F8353001
:10A41000DBB2002B05D0204B93F83A30DBB2012B96
:10A4200068D11D4B5B7DDBB2002B04D10D2121488F
:10A4300003F0E2FB08E0184B5B7DDBB2012B03D19C
:10A440000F211D4803F0F2FB164B9A68154B5B6910
:10A450009A4233DC104B93F83530DBB2002B2DD110
:10A4600064233B610C4B0A2283F84C200D4BDB68C4
:10A470001846F6F78FFD0146074B93F83B30DAB2EA
:10A48000084BDB6918463B69009303460020F7F749
:10A4900069FE2FE0A4030020603400204C5C01081A
:10A4A0005C5C0108BC3400202435002041350020CC
:10A4B00040350020245D0108345D0108A44B0A22C8
:10A4C00083F84C20A34BDB681846F6F763FD014682
:10A4D0009F4B93F83B30DAB29E4BDB691C469D4B99
:10A4E0009B6818469C4B1B68C31A009323460020A8
:10A4F000F7F738FE994B1B8801339AB2974B1A80B5
:10A500004BE1974B1B7F002B06D1944B1B880133EB
:10A510009AB2924B1A8040E1924B00221A700020AE
:10A5200002F0D2F8904B00221A70002002F00AF8D4
:10A5300033E18B4B93F80038012B19D1844B93F8FE
:10A540003630DBB2002B03D0814B02225A770FE06A
:10A550007F4B93F85230DBB2002B09D102F014FA92
:10A560007B4B012283F824207C4B00221A8014E1CB
:10A570007A4B1B8801339AB2784B1A800DE1744BE9
:10A5800093F83230DBB2002B0FD1012006F070FDC2
:10A590000346002B02D0002002F0C2FC6F4B1B8848
:10A5A00001339AB26D4B1A80F7E06C4B1B88023373
:10A5B0009AB26A4B1A80F0E00A2006F0E0FA6B4B80
:10A5C0001B8801339AB2694B1A80684B1B88082B91
:10A5D00040F2E280654B00221A80604B1B880133F9
:10A5E0009AB25E4B1A80D7E0594B5B7FDBB2022BED
:10A5F00035D05F4BD3E90023541C43F100055C4B7D
:10A60000C3E900455A4BD3E9002307F10800594933
:10A610000AF036F80346FB82082257494FF40040FF
:10A6200003F00AFAFB8ADAB207F1080319464FF47D
:10A63000004003F001FA464B5B7DDBB2002B04D1F6
:10A6400009214E4803F0D8FA1CE0414B5B7DDBB298
:10A65000012B17D112214A4803F0CEFA12E03C4BED
:10A660005B7DDBB2002B04D12021464803F0C4FA05
:10A6700008E0374B5B7DDBB2012B03D12821424838
:10A6800003F0BAFA324B93F85030DBB2002B22D1F0
:10A690002F4B1B7DDBB2012B1DD12D4B012283F8EB
:10A6A00050202B4B5B7DDBB2002B04D1202137489F
:10A6B00003F0A2FA08E0264B5B7DDBB2012B03D14D
:10A6C0003521334803F098FA214B052283F84520C1
:10A6D000032002F05BFB224B93F82038002B1ED1A5
:10A6E000082006F0A3FC0346002B18D0184B0122CB
:10A6F00083F84D20174B1B6A1846F6F74BFC0546AE
:10A70000134B93F83C30DCB2124B5B6A1846F6F7F9
:10A7100041FC0346224629460120F6F7ADFC104BCA
:10A72000002283F801280A4B0022DA76084B012226
:10A730005A77074B0022DA75084B00221A802CE06A
:10A7400000BF2AE000BF28E000BF26E000BF24E0F1
:10A7500060340020BC3400201C360020243500204A
:10A76000A40300204135002040350020383500206A
:10A7700018350020445D0108485D0108545D01085A
:10A78000605D0108745D0108985D0108C45D010801
:10A79000E85D010800BF00E000BF1837BD46B0BD4E
:10A7A000B0B588B002AF78603023BB600023FB6097
:10A7B000A44B1B88132B00F2908401A252F823F0C3
:10A7C00011A80008E5A800088DA90008E7A900085D
:10A7D000CDAA0008FBAA00082BAB000859AB000863
:10A7E00089AB000897AB0008BDAB000857AC000868
:10A7F00087AC0008C1AD0008F1AD00083DAE00080F
:10A80000E7AE000815AF000885AF0008B5AF000837
:10A810008D4B1B78002B1ED08C4BDB7DDBB2042BC9
:10A8200019D1002006F0B2FA0346002B13D1874B52
:10A830001B7DDBB2012B0ED1052006F0A0F9002014
:10A8400006F0A4FA0346002B05D17F4B00221A70B4
:10A850007E4B0222DA76002006F098FA0346002B9F
:10A8600002D0794B01221A70784BDB7EDBB2022BCF
:10A8700040F02884754B1B7DDBB2012B1FD0734B3E
:10A8800093F82430DBB2002B19D1704B0022DA761A
:10A890006E4B5B7DDBB2002B05D10A216C4803F0C7
:10A8A000ABF900F011BC694B5B7DDBB2012B40F0D2
:10A8B0000B841321674803F09FF900F005BC0220C8
:10A8C00002F064FA042002F061FA604B00225A7729
:10A8D0005E4B0222DA755B4B1B8801339AB2594BEF
:10A8E0001A80FAE3594B93F83930DBB2002B46D08B
:10A8F000022006F09BFB0346002B05D0032006F048
:10A9000095FB0346002B3AD1052006F038F90220CA
:10A9100006F08CFB0346002B05D0032006F086FBD7
:10A920000346002B2BD1494B5B7DDBB2002B04D1BE
:10A930001E21494803F060F908E0444B5B7DDBB21F
:10A94000012B03D12421454803F056F93F4B072240
:10A9500083F84520424B072283F8BD200821414857
:10A9600005F0FAFF374B00221A80384B01225A7744
:10A97000364B0022DA75354B0022DA76ADE3314BE7
:10A980001B8801339AB22F4B1A80A6E32F4B93F802
:10A990002D30DBB2002B09D0002002F027FB03464C
:10A9A000002B19D1002002F09BFA96E3032006F059
:10A9B0005FFB0346002B05D00A2006F037FB034659
:10A9C000002B09D1012002F011FB0346002B03D11B
:10A9D000002002F085FA80E31A4B1B8801339AB2FB
:10A9E000184B1A8079E3032006F020FB0346002B66
:10A9F00061D1022006F0C3F8032006F017FB0346DE
:10AA0000002B5CD1114B9B7EDBB2012B4ED10F4B47
:10AA100093F82D30DBB2002B09D0012002F0E6FACA
:10AA20000346002B03D1002002F05AFA55E3074BEE
:10AA30005B7DDBB2002B17D11E21074803F0DCF849
:10AA40001BE000BF26350020F90200206034002002
:10AA5000385A0108445A0108DC5C0108FC5C010812
:10AA600000000020B80000208E4B5B7DDBB2012B84
:10AA700003D124218C4803F0BFF88A4B072283F8C6
:10AA800045208A4B072283F8BD200821884805F01D
:10AA900063FF884B00221A80824B01225A77814B38
:10AAA0000022DA757F4B0022DA7616E37D4B012215
:10AAB00083F84F2003E07B4B002283F84F207D4B2F
:10AAC0001B8801339AB27B4B1A8006E3012006F003
:10AAD000CFFA0346002B09D1012002F021FA754B71
:10AAE0001B8801339AB2734B1A80F6E2714B1B88B4
:10AAF00002339AB26F4B1A80EFE20A2006F03FF859
:10AB00006D4B1B8801339AB26B4B1A806A4B1B88C2
:10AB1000082B40F2DB82684B00221A80654B1B88B1
:10AB200001339AB2634B1A80D0E2022006F0A0FAF9
:10AB30000346002B09D1002002F0FEFA5D4B1B8872
:10AB400001339AB25B4B1A80C7E25A4B1B8802331F
:10AB50009AB2584B1A80C0E20A2006F010F8564B01
:10AB60001B8801339AB2544B1A80534B1B880A2B13
:10AB700040F2AE82504B00221A804E4B1B880133AC
:10AB80009AB24C4B1A80A3E24A4B1B8801339AB20B
:10AB9000484B1A80A1E2494B00221A70002001F0B4
:10ABA00093FD474B00221A70002001F0CBFC414B73
:10ABB0001B8801339AB23F4B1A808EE2414B5B698E
:10ABC000002B41DD374B012283F84C203D4B9A6826
:10ABD0003C4B5B699A4218DC3A4B1B681846F6F707
:10ABE000D9F9304B93F83B30D9B2364BDB691C4670
:10ABF000344B9A68334BDB69D31A009323460A46D9
:10AC000001460020F7F7AEFA17E02E4B1B681846F6
:10AC1000F6F7C0F9234B93F83B30D9B2294BDB69E7
:10AC20001C46284B5A69274BDB69D31A00932346ED
:10AC30000A4601460020F7F795FA1E4B1B880133A0
:10AC40009AB21C4B1A8048E21A4B1B8802339AB204
:10AC5000184B1A8041E21C4B1B7F002B06D1154B71
:10AC60001B8801339AB2134B1A8036E2134B002231
:10AC70001A70002001F028FD114B00221A700020EC
:10AC800001F060FC29E20F4B5B69002B66DD054B90
:10AC90005B7DDBB2002B1BD10D210C4802F0ACFF19
:10ACA0001FE000BF60340020FC5C010800000020B1
:10ACB000B80000202635002038350020413500201E
:10ACC00040350020BC340020A4030020245D01088E
:10ACD0009F4B5B7DDBB2012B03D10F219D4802F01E
:10ACE000A5FF9D4B9A689C4B5B699A4219DC6423D3
:10ACF0003B61974B0A2283F84C20974BDB68184640
:10AD0000F6F748F90146924B93F83B30DAB2924B92
:10AD1000DB6918463B69009303460020F7F722FAE7
:10AD200047E08B4B0A2283F84C208B4BDB6818469C
:10AD3000F6F730F90146864B93F83B30DAB2864B92
:10AD4000DB691C46844B9B681846844B1B68C31AFE
:10AD5000009323460020F7F705FA2AE07C4B5B7D41
:10AD6000DBB2002B04D109217D4802F045FF08E049
:10AD7000774B5B7DDBB2012B03D10C21794802F0CC
:10AD80003BFF734B012283F84C20734B1B68184622
:10AD9000F6F700F901466E4B93F83B30DAB26E4B92
:10ADA000DB6918466C4B9B68009303460020F7F75D
:10ADB000D9F96D4B1B8801339AB26B4B1A808CE129
:10ADC0006A4B1B7F002B06D1674B1B8801339AB25D
:10ADD000654B1A8081E1664B00221A70002001F059
:10ADE00073FC644B00221A70002001F0ABFB74E18D
:10ADF0005E4B93F80038012B19D1554B93F8363040
:10AE0000DBB2002B03D0524B02225A770FE0504B9B
:10AE100093F85230DBB2002B09D101F0B5FD4C4B59
:10AE2000012283F82420504B00221A8055E14E4B1A
:10AE30001B8801339AB24C4B1A804EE1444B93F875
:10AE40003930DBB2002B47D0022006F0EFF8034682
:10AE5000002B05D0032006F0E9F80346002B36D17D
:10AE6000052005F08CFE022006F0E0F80346002BDA
:10AE700005D0032006F0DAF80346002B2BD13E4B19
:10AE80001B8801339AB23C4B1A803B4B1B88042B26
:10AE900019D92F4B5B7DDBB2002B04D12021374821
:10AEA00002F0AAFE08E02A4B5B7DDBB2012B03D146
:10AEB0002821334802F0A0FE002002F011F82E4BAA
:10AEC00000221A8009E1284B03221A8005E12A4B4F
:10AED00000221A8000E000BF234B1B8801339AB286
:10AEE000214B1A80F9E01A4B93F82D30DBB2012B7D
:10AEF00009D1012002F07AF80346002B03D100208B
:10AF000001F0EEFFE9E0184B1B8801339AB2164BB3
:10AF10001A80E2E00E4B93F83230DBB2002B10D1F6
:10AF2000012006F0A5F80346002B00F0D380002096
:10AF300001F0F6FF0C4B1B8801339AB20A4B1A80C2
:10AF4000C8E0094B1B8802339AB2074B1A80C1E054
:10AF500060340020345D0108BC3400201C36002021
:10AF6000205E01085C5C010826350020A403002057
:10AF700041350020403500203E350020745D010839
:10AF8000985D01080A2005F0FAFD554B1B88013336
:10AF90009AB2534B1A80524B1B880A2B40F29C806A
:10AFA0004F4B00221A804F4B1B8801339AB24D4BF6
:10AFB0001A8091E04C4B5B7FDBB2022B35D04B4BC0
:10AFC000D3E90023541C43F10005484BC3E9004575
:10AFD000464BD3E9002307F10800454909F050FB2F
:10AFE0000346FB82082243494FF4004002F024FD4F
:10AFF000FB8ADAB207F1080319464FF4004002F069
:10B000001BFD394B5B7DDBB2002B04D109213A4893
:10B0100002F0F2FD1CE0344B5B7DDBB2012B17D15B
:10B020001221364802F0E8FD12E02F4B5B7DDBB2C7
:10B03000002B04D12021324802F0DEFD08E02A4B2B
:10B040005B7DDBB2012B03D128212E4802F0D4FD19
:10B05000254B93F85030DBB2002B22D1224B1B7DC5
:10B06000DBB2012B1DD1204B012283F850201E4B57
:10B070005B7DDBB2002B04D12021234802F0BCFD14
:10B0800008E0194B5B7DDBB2012B03D135211F4852
:10B0900002F0B2FD144B052283F84520032001F095
:10B0A00075FE1B4B002283F801280F4B0022DA7635
:10B0B0000D4B01225A770C4B0022DA75094B002206
:10B0C0001A800AE000BF08E000BF06E000BF04E00D
:10B0D00000BF02E000BF00E000BF1837BD46B0BDB2
:10B0E0003835002026350020603400201835002037
:10B0F000445D0108485D0108545D0108605D010878
:10B10000745D0108985D0108C45D0108E85D0108EF
:10B11000A4030020B0B586B000AF78603023FB6098
:10B1200000233B61A84B1B880E2B00F2ED8201A28D
:10B1300052F823F071B1000857B2000865B2000858
:10B140000DB300083BB300086BB3000899B30008C7
:10B15000EDB30008FBB3000821B4000887B4000871
:10B16000B7B4000861B500089DB50008CDB500086A
:10B17000964BDB7EDBB2032B40F0BB82934B1B7DF7
:10B18000DBB2012B1DD0914B93F82430DBB2002BA6
:10B1900017D18E4B0022DA768C4B5B7DDBB2002B15
:10B1A00004D10A218A4802F027FDA4E2874B5B7D87
:10B1B000DBB2012B40F09F821321864802F01CFD78
:10B1C00099E2824B9B7EDBB2012B31D1022005F04C
:10B1D0002DFF0346002B05D0032005F027FF034673
:10B1E000002B25D1794B5B7DDBB2002B04D11E21D6
:10B1F000794802F001FD08E0744B5B7DDBB2012B66
:10B2000003D12421754802F0F7FC704B0022DA7656
:10B210006E4B01225A776D4B072283F84520704B05
:10B22000072283F8BD2008216E4805F095FB6BE2EC
:10B23000022001F0ABFD042001F0A8FD634B0022C9
:10B240005A77624B0222DA755F4B1B8801339AB240
:10B250005D4B1A8058E25C4B1B8801339AB25A4B03
:10B260001A8051E2594B93F83930DBB2002B46D0AB
:10B27000022005F0DBFE0346002B05D0032005F07D
:10B28000D5FE0346002B3AD1022005F078FC0220BF
:10B2900005F0CCFE0346002B05D0032005F0C6FECA
:10B2A0000346002B2BD1494B5B7DDBB2002B04D135
:10B2B0001E21494802F0A0FC08E0444B5B7DDBB254
:10B2C000012B03D12421454802F096FC3F4B072275
:10B2D00083F84520424B072283F8BD2008214148CE
:10B2E00005F03AFB384B00221A80384B01225A777E
:10B2F000364B0022DA75354B0022DA7604E2324B07
:10B300001B8801339AB2304B1A80FDE1012005F011
:10B31000AFFE0346002B09D1012001F001FE2A4BAC
:10B320001B8801339AB2284B1A80EDE1264B1B880B
:10B3300002339AB2244B1A80E6E10A2005F01FFC82
:10B34000294B1B8801339AB2274B1A80264B1B8846
:10B35000082B40F2D281244B00221A801A4B1B8802
:10B3600001339AB2184B1A80C7E1022005F080FE23
:10B370000346002B09D1002001F0DEFE124B1B8892
:10B3800001339AB2104B1A80BEE10F4B1B88023377
:10B390009AB20D4B1A80B7E10A2005F0F0FB124B70
:10B3A0001B8801339AB2104B1A800F4B1B880A2B53
:10B3B00040F2A5810C4B00221A80034B1B880133FD
:10B3C0009AB2014B1A809AE128350020603400209F
:10B3D000385A0108445A0108DC5C0108FC5C010889
:10B3E00000000020B8000020383500209E4B1B884C
:10B3F00001339AB29C4B1A8086E19C4B00221A7052
:10B40000002001F061F99A4B00221A70002001F02F
:10B4100099F8954B1B8801339AB2934B1A8073E1CC
:10B42000944B5B7DDBB2002B04D10C21924802F0DF
:10B43000E3FB08E08F4B5B7DDBB2012B03D10C21DA
:10B440008E4802F0D9FB8B4B002283F84C208C4BAA
:10B450001B681846F5F79EFD0546864B93F83B3072
:10B46000DCB2874B5B681846F5F794FD034622462D
:10B4700029460020F5F700FE7B4B1B8801339AB26A
:10B48000794B1A8040E17F4B1B7F002B06D1764B16
:10B490001B8801339AB2744B1A8035E1734B00223A
:10B4A0001A70002001F010F9714B00221A70002070
:10B4B00001F048F828E16F4B93F83930DBB2002BEC
:10B4C00047D0022005F0B2FD0346002B05D1032032
:10B4D00005F0ACFD0346002B36D0022005F04FFBF3
:10B4E000022005F0A3FD0346002B05D1032005F043
:10B4F0009DFD0346002B2BD0634B1B8801339AB272
:10B50000614B1A80604B1B88042B19D9594B5B7D0A
:10B51000DBB2002B04D120215C4802F06DFB08E077
:10B52000544B5B7DDBB2012B03D12E21584802F036
:10B5300063FB002001F0D4FC534B00221A80E3E0AF
:10B54000494B07221A80DFE04F4B00221A8000E0AF
:10B5500000BF454B1B8801339AB2434B1A80D3E09E
:10B56000444B93F83230DBB2002B10D1012005F0B0
:10B570007FFD0346002B00F0C480002001F0D0FCCA
:10B58000394B1B8801339AB2374B1A80B9E0364BDE
:10B590001B8802339AB2344B1A80B2E00A2005F0BD
:10B5A000EEFA3C4B1B8801339AB23A4B1A80394B66
:10B5B0001B880A2B40F2A780364B00221A802A4BA8
:10B5C0001B8801339AB2284B1A809CE0324BD3E996
:10B5D0000023541C43F100052F4BC3E900452E4BBB
:10B5E000D3E9002307F10C002C4909F049F8034680
:10B5F000FB8208222A494FF4004002F01DFAFB8A20
:10B60000DAB207F10C0319464FF4004002F014FAC5
:10B61000184B5B7DDBB2002B04D10921214802F0DD
:10B62000EBFA08E0134B5B7DDBB2012B03D1122157
:10B630001D4802F0E1FA0F4B93F85030DBB2002BBB
:10B6400046D10C4B1B7DDBB2012B41D1094B0122B2
:10B6500083F85020074B5B7DDBB2002B28D12021E3
:10B66000124802F0C9FA2CE02835002041350020AC
:10B6700040350020603400204C5C01085C5C01080F
:10B68000BC340020A40300203E3500202C5E0108BD
:10B69000505E01083835002018350020445D01084F
:10B6A000485D0108545D0108605D0108C45D010842
:10B6B000174B5B7DDBB2012B03D13521154802F01E
:10B6C0009BFA134B052283F84520032001F05EFB13
:10B6D000114B002283F801280D4B0022DA760C4B27
:10B6E00001225A770A4B0022DA750C4B00221A808D
:10B6F0000AE000BF08E000BF06E000BF04E000BFB2
:10B7000002E000BF00E000BF1837BD46B0BD00BF7B
:10B7100060340020E85D0108A403002028350020E3
:10B72000B0B586B000AF78603023FB6000233B618A
:10B73000A94B1B881A2B00F2258201A252F823F094
:10B74000ADB70008BBB70008EFB700081FB8000886
:10B750004DB80008FFB8000833B9000861B9000807
:10B7600095B90008C5B9000805BA000835BA00083F
:10B770004BBA00086DBA000883BA0008A3BA0008E3
:10B78000D1BA0008DFBA000885BB000885BB0008F5
:10B7900085BB000885BB000885BB000885BB000889
:10B7A00085BB0008E7BA00083FBB00088A4B1B882E
:10B7B00001339AB2884B1A80E4E1884B5B7DDBB29F
:10B7C000002B04D10B21864802F016FA08E0834BC7
:10B7D0005B7DDBB2012B03D10B21824802F00CFA16
:10B7E0007D4B1B8801339AB27B4B1A80CAE10A2039
:10B7F00005F0C5F97C4B1B8801339AB27A4B1A804D
:10B80000794B1B88142B40F2AE81774B00221A80B3
:10B81000714B1B8801339AB26F4B1A80A3E16F4BB7
:10B8200093F82D30DBB2002B09D0002001F0DEFBB5
:10B830000346002B03D1002001F052FBA2E1664B2E
:10B840001B8801339AB2644B1A809BE1634B5B7D8A
:10B85000DBB2002B04D10C21644802F0CDF908E0E2
:10B860005E4B5B7DDBB2012B03D10A21604802F005
:10B87000C3F9604B1B681846F5F78CFB0546574B20
:10B8800093F83B30DCB25B4B5B681846F5F782FB04
:10B890000346224629460020F5F7EEFB554B1B6C6C
:10B8A0001846F5F777FB05464C4B93F83E30DCB273
:10B8B000504B5B6C1846F5F76DFB03462246294654
:10B8C0000320F5F7D9FB4B4B1B6A1846F5F762FBD3
:10B8D0000546424B93F83C30DCB2464B5B6A184657
:10B8E000F5F758FB0346224629460120F5F7C4FB2D
:10B8F000394B1B8801339AB2374B1A8042E13E4BD9
:10B900001B7F002B40F031813B4B03F5805393F8B4
:10B910002838002B40F02981374B93F82038002B32
:10B9200040F023812C4B1B8801339AB22A4B1A809A
:10B930001BE12A4B93F82D30DBB2002B09D00120FC
:10B9400001F054FB0346002B03D1002001F0C8FA9C
:10B9500018E1214B1B8801339AB21F4B1A8011E169
:10B960001E4B5B7DDBB2002B04D10921234802F082
:10B9700043F908E0194B5B7DDBB2012B03D11221A7
:10B980001F4802F039F9144B1B8801339AB2124B4D
:10B990001A80F7E00A2005F0F2F8134B1B880133F8
:10B9A0009AB2114B1A80104B1B88142B40F2DF8087
:10B9B0000D4B00221A80084B1B8801339AB2064BAC
:10B9C0001A80D4E0002001F0ABFA034B1B8801334E
:10B9D0009AB2014B1A80D5E0203500206034002057
:10B9E000805E01088C5E0108363500204C5C010841
:10B9F0005C5C0108BC340020A4030020985E0108B0
:10BA0000605D01080A2005F0BAF8604B1B8801331D
:10BA10009AB25E4B1A805D4B1B88142B40F2A980B2
:10BA20005A4B00221A805A4B1B8801339AB2584B4A
:10BA30001A809EE0574B012283F82020544B1B882C
:10BA400001339AB2524B1A809CE0524B93F821304A
:10BA5000DBB2012B40F08F804D4B1B8801339AB233
:10BA60004B4B1A80642005F08AF884E0494B012290
:10BA700083F82320464B1B8801339AB2444B1A802B
:10BA800080E0444B93F82430DBB2012B75D1404B5E
:10BA90001B8801339AB23E4B1A80642005F06FF880
:10BAA0006BE00A2005F06BF8384B1B8801339AB223
:10BAB000364B1A80354B1B88142B60D9334B002230
:10BAC0001A80334B1B8801339AB2314B1A8056E0EF
:10BAD0002F4B1B8801339AB22D4B1A8052E02C4B0E
:10BAE00019221A804EE0012001F01AFA284B1B8817
:10BAF00001339AB2264B1A80274BD3E90023541CFA
:10BB000043F10005244BC3E90045234BD3E900234F
:10BB100007F10C00214908F0B3FD0346FB8208221F
:10BB20001F494FF4004001F087FFFB8ADAB207F1AA
:10BB30000C0319464FF4004001F07EFF22E00A207A
:10BB400005F01DF8114B1B8801339AB20F4B1A8078
:10BB50000E4B1B88142B14D90C4B00221A800C4B53
:10BB600000221A800DE000BF0CE000BF0AE000BF19
:10BB700008E000BF06E000BF04E000BF02E000BF35
:10BB800000E000BF1837BD46B0BD00BF363500200D
:10BB9000203500206034002018350020445D010865
:10BBA000485D010880B586B002AF7860A34B1B8862
:10BBB000052B00F28B8101A252F823F0D5BB0008BF
:10BBC00013BC000821BC000831BD000813BE0008EA
:10BBD00021BE00089A4B93F84130DBB2002B04D110
:10BBE000974B002283F8412070E1954BDB7DDBB25F
:10BBF000012B07D0924B1B7DDBB2032B02D0904B65
:10BC00000722DA758D4B1B8801339AB28B4B1A8051
:10BC10005CE18A4B1B8801339AB2884B1A8055E14C
:10BC2000012005F003FA0346002B28D1844B5B7DED
:10BC3000DBB2002B04D10B21824801F0DDFF08E0CC
:10BC40007F4B5B7DDBB2012B03D113217E4801F0DA
:10BC5000EDFF7B4B022283F84B207C4B9B6C1846FC
:10BC6000F5F798F90146764B93F83D30DAB24FF488
:10BC7000FA63009300230220F6F774FA51E0734B45
:10BC80001B6DBB60714B9B6C71491846F4F7BCFF90
:10BC900003461846F5F77EF90346FB60FB68002B68
:10BCA00001D10123FB60FB68013B6A4A52F8233053
:10BCB0001846F4F751FF034619460220F6F7A4F898
:10BCC0000246BB681344BB605D4B5B7DDBB2002B5F
:10BCD00004D10B21604801F08FFF08E0584B5B7DD9
:10BCE000DBB2012B03D10F215C4801F09FFF544BC5
:10BCF000012283F84B20554B9B6C1846F5F74AF907
:10BD000001464F4B93F83D30DBB2002B0CBF0123B3
:10BD10000023DBB21A46524B0093BB680220F6F7B1
:10BD200021FA464B1B8801339AB2444B1A80CDE06E
:10BD30004C4B03F5805393F82430002B40F0C58022
:10BD4000012005F073F90346002B25D03C4B93F8F6
:10BD50004B30DBB2012B1FD1394B002283F84B2033
:10BD6000374B5B7DDBB2002B04D11C213E4801F038
:10BD700043FF08E0324B5B7DDBB2012B03D1252171
:10BD80003A4801F039FF2E4B042283F84520002069
:10BD900001F0A6F8002399E0012005F047F90346D9
:10BDA000002B25D1264B93F84B30DBB2022B1FD151
:10BDB000234B002283F84B20214B5B7DDBB2002B11
:10BDC00004D118212A4801F017FF08E01C4B5B7DC5
:10BDD000DBB2012B03D12221264801F00DFF184BC5
:10BDE000032283F84520002001F07AF800236DE05B
:10BDF000012005F01BF90346002B03D00F4B022254
:10BE00001A8062E00D4B1B8801339AB20B4B1A80EB
:10BE10005BE00A4B1B8801339AB2084B1A8055E04D
:10BE2000074B002283F84120054B5B7DDBB2002BE2
:10BE300024D10B21104801F0DFFE28E02A35002034
:10BE400060340020A45E0108B05E0108BC3400200C
:10BE5000CDCCCC3D48350020C45E0108D05E010841
:10BE6000A0860100A4030020685C0108885C01082A
:10BE7000E05E0108FC5E0108205F0108154B5B7D58
:10BE8000DBB2012B03D11821134801F0CFFE114B77
:10BE9000DB7DDBB2012B07D00E4B1B7DDBB2032B0E
:10BEA00002D00C4B0022DA750A4B002283F82120C5
:10BEB000084B002283F82220064B012283F824201D
:10BEC000064B00221A80012300E000BF18461037FD
:10BED000BD4680BD603400202C5F01082A3500205B
:10BEE00098B500AF5C4B1B7DDBB2032B0ED15A4BD8
:10BEF0005B7DDBB2002B04D12621584801F05CFEAB
:10BF0000A8E01E21564801F057FEA3E0524B1B7DCE
:10BF1000DBB2012B0ED1504B5B7DDBB2002B04D189
:10BF20002021504801F048FE94E020214E4801F0C5
:10BF300043FE8FE0484BDB7DDBB2002B36D1012086
:10BF400000F024FF022000F021FF032000F01EFF7C
:10BF5000042000F01BFF052000F018FF002003F074
:10BF600007FD01F04BF9012001F0E6F8012000F097
:10BF7000D7FF112001F018FD012005F057F8034606
:10BF8000002B21D1344B002283F84B20324B93F805
:10BF90003D30DCB2354B5B6D1846F4F7FBFF0346D2
:10BFA00022460A210220F5F767F80DE02A4B5B7D57
:10BFB000DBB2002B04D123212D4801F0FDFD03E06D
:10BFC00023212C4801F0F8FD00BF2B4B03F58053D3
:10BFD00093F82430002BF8D100210120F5F7A4F9C3
:10BFE00000210220F5F7A0F900210320F5F79CF9C4
:10BFF00000210420F5F798F920494FF000024FF096
:10C000000003C1E9002308221D494FF4004001F05C
:10C0100013FD01221B494FF4004001F00DFD0E4BB2
:10C020005B7DDBB2002B04D10D21174801F0E4FD4C
:10C0300008E0094B5B7DDBB2012B03D128211348BB
:10C0400001F0DAFD044B012283F855200821104845
:10C0500004F082FC98BD00BF60340020485F0108F6
:10C060005C5F0108D4590108E8590108BC3400207C
:10C070007C5F0108945F0108A403002018350020AC
:10C08000485D0108B85F0108BC5F0108CC5F01088A
:10C090006800002080B500AF324B93F82630DBB249
:10C0A000002B03D0304B1B78012B04D12D4B0022E9
:10C0B00083F8262054E02B4B9B7DDBB2002B02D073
:10C0C000002000F043FD274B1B7DDBB2012B02D18A
:10C0D000002001F02DF9012001F02EF8012000F0E0
:10C0E0001FFF012004F0A2FF0346002B12D11F4BBB
:10C0F0001B88002B0ED01B4B93F83D30DAB21B4B44
:10C100001B881B49A1FB0313DB089BB21946104691
:10C1100001F022FA00BF174B03F5805393F8243047
:10C12000002BF8D10F4B5B7DDBB2002B04D11A2121
:10C13000114801F061FD08E00A4B5B7DDBB2012B89
:10C1400003D128210D4801F057FD08210C4804F0C7
:10C1500003FC054B01221A70024B002283F82620B3
:10C1600080BD00BF603400204235002046350020ED
:10C17000CDCCCCCCA4030020F85F0108CC5F010833
:10C180006800002080B582B000AF7860A94B1B88A2
:10C19000092B00F2C78101A252F823F0C5C10008A3
:10C1A0009FC200080DC3000821C3000867C3000830
:10C1B00095C30008C5C3000801C4000827C40008CF
:10C1C00061C400089C4B93F83F30DBB2002B04D0D5
:10C1D000994BDB7DDBB2002B04D0974B002283F818
:10C1E0003F209FE1F5F7B2F8934B93F84530DBB26F
:10C1F000012B06D10021002004F0D4F8642004F0C3
:10C20000BEFC0121002004F0CDF88B4B93F84530A3
:10C21000DBB2022B06D10021022004F0C3F8642017
:10C2200004F0ADFC0121022004F0BCF8824B002296
:10C2300083F84520804B93F82930DBB2002B03D0E4
:10C240000121012004F0AEF87B4B93F82A30DBB2D9
:10C25000002B03D00121032004F0A4F8764B5B7D72
:10C26000DBB2002B04D10B21744801F0C5FC08E0BF
:10C27000714B5B7DDBB2012B03D11521704801F0BE
:10C28000BBFC6D4B0122DA756B4B002283F8242036
:10C29000684B1B8801339AB2664B1A8042E1664BA9
:10C2A0005B7DDBB2002B04D10D21664801F0A4FCBC
:10C2B00008E0614B5B7DDBB2012B03D119216248A1
:10C2C00001F0B4FC012000F061FD022000F05EFDF1
:10C2D000032000F05BFD042000F058FD052000F075
:10C2E00055FD5A4B1B78002B06D0584B00221A7074
:10C2F0000821574804F030FB642004F040FC4D4B0B
:10C300001B8801339AB24B4B1A800BE1002000F0DE
:10C3100013FF484B1B8801339AB2464B1A8001E148
:10C32000454B93F82D30DBB2002B0BD1032004F0EA
:10C330009FFE0346002B05D00A2004F077FE03463B
:10C34000002B09D1012000F051FE0346002B03D140
:10C35000002000F0C5FDE5E0364B1B8801339AB2A2
:10C36000344B1A80DEE0012004F082FE0346002BED
:10C3700009D0002000F0D4FD2E4B1B8801339AB267
:10C380002C4B1A80CEE02B4B1B8802339AB2294BE0
:10C390001A80C7E00A2004F0F2FB2E4B1B88013301
:10C3A0009AB22C4B1A802B4B1B880F2B40F2B98072
:10C3B000284B00221A801F4B1B8801339AB21D4B59
:10C3C0001A80AEE01C4B5B7DDBB2002B04D109214F
:10C3D000214801F011FC08E0174B5B7DDBB2012B1B
:10C3E00003D111211D4801F007FC134B012283F8F2
:10C3F0004120104B1B8801339AB20E4B1A8091E0FA
:10C400000D4B93F84130DBB2002B05D00020FFF735
:10C41000C9FB0346002B85E0064B1B8801339AB20B
:10C42000044B1A807EE0034B1B8801339AB2014B08
:10C430001A8077E02C350020603400201460010859
:10C44000206001083860010848600108423500207A
:10C45000600000203635002064600108706001082B
:10C46000324B1B78DBB20A2B07D9304B1B7DDBB27A
:10C47000032B02D1202001F097FA2C4B5B7DDBB21D
:10C48000002B04D10B212A4801F0B6FB08E0274B12
:10C490005B7DDBB2012B03D11B21264801F0ACFBF5
:10C4A000032000F09DFB052000F09AFB224B0022A8
:10C4B0001A70002000F046F8204B00221A7000206D
:10C4C00000F002F9012003F053FA184B002283F820
:10C4D0003F20164B00225A77144B002283F821206C
:10C4E000124B012283F82420104B01221A760F4BA5
:10C4F0000022DA750D4B01229A750C4B012283F84C
:10C5000050200A4B002283F85520084B002283F864
:10C510005620064B002283F85720094B00221A8030
:10C5200000E000BF0837BD4680BD00BF603400207A
:10C5300084600108946001084035002041350020E6
:10C540002C350020B0B582B000AF7860594B03F5B0
:10C55000805393F82838002B40F0A880564B93F86E
:10C560002A30DBB2002B00F0A280534B93F82E3020
:10C57000DBB2002B19D1504B002283F84E204F4BD9
:10C580001B6C1846F4F706FD05464B4B93F83E30FE
:10C59000DCB24A4B5B6C1846F4F7FCFC03462246BF
:10C5A00029460320F4F768FD81E0434B93F82E30D1
:10C5B000DBB2012B2FD1052004F038FD0346002B00
:10C5C0001FD13F4B1B78002B1BD13D4B01221A7012
:10C5D000394B012283F84E20384B1B6C1846F4F778
:10C5E000D9FC0546344B93F83E30DCB2334B5B6CE0
:10C5F0001846F4F7CFFC0346224629460320F4F7F9
:10C600003BFD052004F012FD0346002B4FD02C4BC0
:10C6100000221A704BE0284B93F82E30DBB2022B2D
:10C6200045D1062004F002FD0346002B22D0244B06
:10C630001B78002B1ED1224B01221A70214B0022A5
:10C640001A801D4B012283F84E201C4B1B6C184690
:10C65000F4F7A0FC0546184B93F83E30DCB2174BBC
:10C660005B6C1846F4F796FC0346224629460320E5
:10C67000F4F702FD062004F0D9FC0346002B16D087
:10C68000104B1B8801339AB20E4B1A800D4B1B883E
:10C69000B3F5FA7F03D8012004F071FA07E0094BE3
:10C6A00000221A80064B00221A7000E000BF0837F3
:10C6B000BD46B0BDA403002060340020BC3400207F
:10C6C0004035002098350020B0B582B000AF7860CA
:10C6D000584B93F82038002B40F0A880564B93F825
:10C6E0002B30DBB2002B00F0A280534B93F82F309D
:10C6F000DBB2002B19D1504B002283F84D204F4B59
:10C700001B6A1846F4F746FC05464B4B93F83C3041
:10C71000DCB24A4B5B6A1846F4F73CFC03462246FF
:10C7200029460120F4F7A8FC81E0434B93F82F3011
:10C73000DBB2012B2FD1072004F078FC0346002B3D
:10C740001FD13F4B1B78002B1BD13D4B01221A7090
:10C75000394B012283F84D20384B1B6A1846F4F7F9
:10C7600019FC0546344B93F83C30DCB2334B5B6A22
:10C770001846F4F70FFC0346224629460120F4F739
:10C780007BFC072004F052FC0346012B4FD12C4BBD
:10C7900000221A704BE0284B93F82F30DBB2022BAB
:10C7A00045D1082004F042FC0346002B22D0244B44
:10C7B0001B78002B1ED1234B00221A80204B012214
:10C7C0001A701D4B012283F84D201C4B1B6A184622
:10C7D000F4F7E0FB0546184B93F83C30DCB2174BFE
:10C7E0005B6A1846F4F7D6FB034622462946012029
:10C7F000F4F742FC082004F019FC0346012B16D183
:10C80000104B1B8801339AB20E4B1A800D4B1B88BC
:10C81000B3F5FA6F03D8012004F0B1F907E0094B32
:10C8200000221A80064B00221A7000E000BF083771
:10C83000BD46B0BDA403002060340020BC340020FD
:10C84000413500209A35002080B500AF484B1B8849
:10C85000032B00F28B8001A252F823F06DC8000870
:10C86000EFC8000835C9000851C900080B2004F0C2
:10C87000DDFB0346002B2FD13E4B93F85330DBB248
:10C88000002B29D1052004F07AF90B2004F0CEFB0F
:10C890000346002B20D1374B012283F85320354B20
:10C8A000012283F85420334B5B7DDBB2002B04D193
:10C8B0001E21314801F0A0F908E02E4B5B7DDBB270
:10C8C000012B03D133212D4801F096F9284B1B8809
:10C8D00001339AB2264B1A800B2004F0A7FB0346C3
:10C8E000012B04D1234B002283F853203EE0214B3F
:10C8F00093F85430DBB2012B35D11E4B002283F864
:10C9000054201C4B002283F84B201D4B9B6A184679
:10C91000F4F740FB0146174B93F83D30DAB232236F
:10C920000220F4F7A9FB124B1B8801339AB2104B7B
:10C930001A8018E0134B03F5805393F82430002B32
:10C9400013D10B4B1B8801339AB2094B1A800CE0B0
:10C950000021022003F026FD002000F0C1FA044B64
:10C9600000221A8002E000BF00E000BF80BD00BFCF
:10C970003435002060340020B0600108D060010828
:10C98000BC340020A403002080B500AF114B5B7DB8
:10C99000DBB2002B04D126210F4801F02DF908E06D
:10C9A0000C4B5B7DDBB2012B03D130210B4801F036
:10C9B00023F9084B082283F84520032000F0E6F90C
:10C9C000F4F7C4FC002002F0D3FF00F017FC00BF16
:10C9D00080BD00BF60340020046101082C610108A3
:10C9E00080B582B000AF7860F4F7D8FC022002F086
:10C9F000BFFF144B5B7DDBB2002B04D1102112482A
:10CA000001F0FAF808E00F4B5B7DDBB2012B03D19C
:10CA100011210E4801F0F0F8012000F0B7F90220D2
:10CA200000F0B4F9032000F0B1F9042000F0AEF9F1
:10CA3000052000F0ABF900F0E1FB00BF0837BD4670
:10CA400080BD00BF6034002060610108746101088E
:10CA500080B582B000AF7860364B93F82530DBB2FA
:10CA6000002B62D0334B93F82530DBB2022B12D16E
:10CA7000304B5B7DDBB2002B04D110212E4801F03E
:10CA8000D5F808E02B4B5B7DDBB2012B03D11821DD
:10CA90002A4801F0CBF80821294803F05DFFF4F79C
:10CAA00055FC00210020F4F73FFC00210120F4F7A1
:10CAB0003BFC00210220F4F737FC00210320F4F7AF
:10CAC00033FC002002F054FF1A4B93F83730DBB2EE
:10CAD000002B18D00C2004F0A9FA0346002B12D02A
:10CAE000144B5B7DDBB2002B04D11821154801F0FB
:10CAF0009DF808E00F4B5B7DDBB2012B03D12921B0
:10CB0000114801F093F8012000F040F9022000F0F4
:10CB10003DF9032000F03AF9042000F037F9052030
:10CB200000F034F900F06AFB00E000BF0837BD46B2
:10CB300080BD00BF60340020886101089C6101084D
:10CB400008000020B8610108D461010880B582B0F6
:10CB500000AF78601E4B1B78DBB20A2B07D91C4B49
:10CB60001B7DDBB2032B02D1002000F01DFF184B10
:10CB70005B7DDBB2002B04D11021164801F03CF89C
:10CB800008E0134B5B7DDBB2012B03D10F21124870
:10CB900001F032F8F4F7DAFB0821104803F0DCFE6C
:10CBA000002002F0E5FE012000F0F0F8022000F085
:10CBB000EDF8032000F0EAF8042000F0E7F8052083
:10CBC00000F0E4F800F01AFB00BF0837BD4680BD56
:10CBD0006034002000620108106201080800002093
:10CBE00080B582B000AF0346FB71624B1B7DDBB2A8
:10CBF000012B40F0B380FB79013B042B00F2B7809E
:10CC000001A252F823F000BF1DCC000845CC00085B
:10CC10006DCC000893CC00086FCD0008022004F012
:10CC2000D5F80346002B00F09B800021022004F081
:10CC300079F800210A2002F0DBFE08214E4803F0BB
:10CC40008BFE8DE0032004F0C1F80346002B00F0BA
:10CC500089800021032004F065F800210B2002F0F8
:10CC6000C7FE0821454803F077FE7BE0002004F072
:10CC7000ADF80346002B77D00021002004F052F8D5
:10CC80000021082002F0B4FE08213D4803F064FEB4
:10CC90006AE0012004F09AF80346002B66D00021D8
:10CCA000012004F03FF80021092002F0A1FE314BE1
:10CCB00093F84530DBB2013B092B49D801A252F869
:10CCC00023F000BFEDCC0008F7CC000801CD000830
:10CCD0000BCD000815CD00081FCD000829CD000898
:10CCE00033CD00083DCD000847CD0008254B01227B
:10CCF00083F8BD202DE0234B022283F8BD2028E0DD
:10CD0000204B032283F8BD2023E01E4B042283F82E
:10CD1000BD201EE01B4B052283F8BD2019E0194BF6
:10CD2000062283F8BD2014E0164B072283F8BD20AD
:10CD30000FE0144B082283F8BD200AE0114B0922B2
:10CD400083F8BD2005E00F4B0A2283F8BD2000E0E8
:10CD500000BF08210C4803F0FFFD07E000BF06E01C
:10CD600000BF04E000BF02E000BF00E000BF0837E2
:10CD7000BD4680BD603400205800002048000020DF
:10CD80002800002000000020B800002080B582B0FC
:10CD900000AF0346FB71FB79013B042B61D801A274
:10CDA00052F823F0B9CD0008DFCD000805CE000809
:10CDB0002BCE000851CE0008022004F007F80346ED
:10CDC000002B47D10121022003F0ACFF01210A20F2
:10CDD00002F00EFE0821254803F0BEFD3AE00320D4
:10CDE00003F0F4FF0346002B36D10121032003F0AA
:10CDF00099FF01210B2002F0FBFD08211C4803F0E4
:10CE0000ABFD29E0002003F0E1FF0346002B25D114
:10CE10000121002003F086FF0121082002F0E8FD37
:10CE20000821144803F098FD18E0012003F0CEFF1C
:10CE30000346002B14D10121012003F073FF0121CF
:10CE4000092002F0D5FD08210B4803F085FD07E01D
:10CE500000BF06E000BF04E000BF02E000BF00E04A
:10CE600000BF00BF0837BD4680BD00BF5000002096
:10CE70004000002020000020B000002080B584B0D9
:10CE800000AF0346FB710B46BB711346BB8000230A
:10CE9000FB81142003F073FE1AE0012003F06FFE03
:10CEA000FB79184604F0C2F803467B737A7BBB79A2
:10CEB0009A4201D101230FE0FA89BB889A4204D338
:10CEC000002000F00DF8002306E0FB890133FB8110
:10CED000FA89BB889A42E0D918461037BD4680BD12
:10CEE00080B582B000AF78600C4B1B7DDBB2012BAC
:10CEF00008D10120FFF74AFF0220FFF747FF032078
:10CF0000FFF744FFF4F722FA002002F031FD00F0B1
:10CF100075F900BF0837BD4680BD00BF60340020F2
:10CF200080B582B000AF0346FB71FB79002B23D1A3
:10CF3000254B5B7DDBB2002B04D10D21234800F093
:10CF40005BFE08E0204B5B7DDBB2012B03D11E2191
:10CF50001F4800F051FE0021012004F033F80021A9
:10CF6000002002F045FD0F211A4800F05FFE082165
:10CF7000194803F0F1FC22E0134B5B7DDBB2002B80
:10CF800004D10D21154800F037FE08E00E4B5B7D03
:10CF9000DBB2012B03D11F21114800F02DFE01212E
:10CFA000012004F00FF80121002002F021FD0F21E3
:10CFB0000C4800F03BFE08210B4803F0CDFC00BFFD
:10CFC0000837BD4680BD00BF60340020585A0108B4
:10CFD000685A0108206201088800002030620108B8
:10CFE00040620108606201088000002080B582B0C4
:10CFF00000AF0346FB71FB79002B41D1434B5B7DB6
:10D00000DBB2002B04D10F21414800F0F5FD08E010
:10D010003E4B5B7DDBB2012B03D11C213D4800F070
:10D02000EBFD0021032003F0CDFF0021022002F0E0
:10D03000DFFC4FF4FA6200210A20FFF71FFF0346CE
:10D04000002B14D1314B5B7DDBB2002B04D11E21B0
:10D05000314800F0D1FD08E02C4B5B7DDBB2012BA9
:10D0600003D131212D4800F0C7FD00234AE00F21F4
:10D07000274800F0DBFD0821294803F06DFC40E063
:10D08000224B5B7DDBB2002B04D10F21254800F041
:10D09000B3FD08E01D4B5B7DDBB2012B03D11D21ED
:10D0A000214800F0A9FD0121032003F08BFF01219D
:10D0B000022002F09DFC4FF4FA6200210920FFF7E4
:10D0C000DDFE0346002B14D1104B5B7DDBB2002B41
:10D0D00004D11D21154800F08FFD08E00B4B5B7D4E
:10D0E000DBB2012B03D13021114800F085FD002374
:10D0F00008E00F210B4800F099FD08210D4803F0CE
:10D100002BFC012318460837BD4680BD6034002043
:10D110007062010880620108A0620108C062010813
:10D1200088000020F46201080463010824630108F8
:10D13000446301088000002080B582B000AF034640
:10D14000FB71FB79012B23D1254B5B7DDBB2002BDF
:10D1500004D10D21234800F04FFD08E0204B5B7DFA
:10D16000DBB2012B03D11D211F4800F045FD00213A
:10D17000022003F027FF0121012002F039FC0F21DA
:10D180001A4800F053FD0821194803F0E5FB22E09E
:10D19000134B5B7DDBB2002B04D10D21114800F055
:10D1A0002BFD08E00E4B5B7DDBB2012B03D11D2173
:10D1B0000D4800F021FD0121022003F003FF0021B2
:10D1C000012002F015FC0F210A4800F02FFD082174
:10D1D000094803F0C1FB00BF0837BD4680BD00BF52
:10D1E0006034002078630108046301088863010843
:10D1F00088000020986301088000002080B400AF00
:10D200003A4B00221A76394B00229A75374B01228D
:10D2100083F85020354B002283F83F20334B002207
:10D2200083F84120314B0022DA76304B00229A7786
:10D230002E4B002283F820202C4B002283F8232041
:10D240002A4B002283F82520284B0022DA77274B2F
:10D25000002283F82220254B00225A77234B0022FC
:10D2600083F82420214B0022DA75204B002283F81A
:10D2700055201E4B002283F856201C4B002283F8B9
:10D2800057201B4B00221A801A4B00221A801A4B7F
:10D2900000221A80194B00221A80194B00221A8092
:10D2A000184B00221A80184B00221A80174B0022BC
:10D2B0001A80174B00221A80164B00221A80164B38
:10D2C00000221A80154B00221A80154B00221A806A
:10D2D000144B00221A80144B00221A70134B0022A8
:10D2E0001A8000BFBD4680BC704700BF603400207C
:10D2F000203500202235002024350020263500204E
:10D30000283500202A3500202C3500202E3500201D
:10D3100030350020323500203635002038350020E9
:10D320003A3500203C350020423500203E350020B3
:10D3300080B582B000AF0346FB71FB79012B58D159
:10D34000504B01221A754F4B1B7DDBB2194646200C
:10D3500000F00EFA4B4B1B7DDBB2184602F0BCFA14
:10D36000484B5B7DDBB2002B04D10F21464800F017
:10D3700043FC08E0434B5B7DDBB2012B03D116215C
:10D38000424800F039FC0821414803F0E5FA20202A
:10D3900000F00AFB012003F049FE0346002B0BD1ED
:10D3A000384B9B7DDBB2012B06D10320FFF718FC25
:10D3B0000520FFF715FC61E0324B00229A75002032
:10D3C00002F0D6FA2F4B00221A762E4B5B7DDBB291
:10D3D000002B04D117212F4800F00EFC4EE0294B02
:10D3E0005B7DDBB2012B49D11D212B4800F004FCF1
:10D3F00044E0244B1B78DBB2092B03D8202000F03B
:10D40000D3FA02E0002000F0CFFA0120FFF7BEFCC3
:10D410000220FFF7BBFC0320FFF7B8FC0420FFF756
:10D42000B5FC0520FFF7B2FC164B0022DA76154B4F
:10D4300002221A75134B1B7DDBB21946462000F001
:10D4400097F9104B1B7DDBB2184602F045FA0D4BE5
:10D450005B7DDBB2002B04D10F21104800F0CCFB28
:10D4600008E0084B5B7DDBB2012B03D115210C4892
:10D4700000F0C2FB08210B4803F06EFA00BF08372A
:10D48000BD4680BD60340020A8630108B863010870
:10D49000C8000020D0630108E8630108086401089F
:10D4A00018640108C000002080B582B000AF0346B8
:10D4B0000A46FB711346BB80BB88002B05D1FB7964
:10D4C00001211846F4F722FC0BE0BB881B4AA2FBA3
:10D4D0000323DB089BB21A46FB7911461846F4F782
:10D4E00015FC00BF164B1B7F002BFBD1FB79002BDB
:10D4F00004D00821134803F02FFA03E00821124852
:10D5000003F02AFA114B012283F856200F4B5B7D62
:10D51000DBB2002B04D113210D4800F06DFB08E0B5
:10D520000A4B5B7DDBB2012B03D11A21094800F0C5
:10D5300063FB00BF0837BD4680BD00BFCDCCCCCC5F
:10D54000A403002070000020780000206034002038
:10D55000306401084064010880B582B000AF034622
:10D560000A46FB711346BB80BB88002B05D1FB79B3
:10D5700001211846F4F7E6FB0BE0BB881C4AA2FB2E
:10D580000323DB089BB21A46FB7911461846F4F7D1
:10D59000D9FB00BF174B03F5805393F82430002BC1
:10D5A000F8D1FB79002B04D10821134803F0D4F9FA
:10D5B00003E00821114803F0CFF9114B012283F851
:10D5C00057200F4B5B7DDBB2002B04D113210D489C
:10D5D00000F012FB08E00A4B5B7DDBB2012B03D1AC
:10D5E0002021094800F008FB00BF0837BD4680BD78
:10D5F000CDCCCCCCA40300208000002088000020EB
:10D60000603400205C6401086C64010880B500AFE0
:10D610000F4B5B7DDBB2002B04D11A210D4800F0CB
:10D62000EBFA08E00A4B5B7DDBB2012B03D1202132
:10D63000094800F0E1FA0021002002F0B3FE044B9B
:10D64000012283F845200020FFF74AFC00BF80BD7F
:10D650006034002090640108AC64010880B500AF1C
:10D660000F4B5B7DDBB2002B04D11A210D4800F07B
:10D67000C3FA08E00A4B5B7DDBB2012B03D1232107
:10D68000094800F0B9FA0021022002F08BFE044B99
:10D69000022283F845200020FFF722FC00BF80BD56
:10D6A00060340020D0640108EC64010880B500AF4C
:10D6B000114B93F83730DBB2002B1AD00C2003F05B
:10D6C000B5FC0346002B14D00B4B5B7DDBB2002B6B
:10D6D00004D11221094800F06FFA08E0064B5B7D87
:10D6E000DBB2012B03D11C21054800F065FA0123B0
:10D6F00000E00023184680BD60340020A0590108D6
:10D70000B459010880B500AF02F0D6FB00BF80BD60
:10D7100080B584B000AF0346FB800023FB7302F0AA
:10D7200005FCFB881B0A9BB2DBB25B00DBB2603BF3
:10D73000DBB2184602F0CCFC02F044FCFB88DBB202
:10D74000184602F0C5FC02F03DFC02F0EFFBA12000
:10D7500002F0BEFC02F036FC002002F0FFFC0346A3
:10D76000FB7302F009FCFB7B18461037BD4680BDF9
:10D7700080B582B000AF03460A46FB8013467B713A
:10D7800002F0D4FBFB881B0A9BB2DBB25B00DBB26E
:10D79000603BDBB2184602F09BFC02F013FCFB88F6
:10D7A000DBB2184602F094FC02F00CFC7B791846C0
:10D7B00002F08EFC02F006FC02F0DEFB0A2003F011
:10D7C000DEF900BF0837BD4680BD000080B582B0DD
:10D7D00000AF3B4600221A605A600D4B0D4A1A609A
:10D7E0000B4804F0D2F800233B6000237B603B46EB
:10D7F00000221946064804F034F93B461022194627
:10D80000034804F02EF900BF0837BD4680BD00BFB5
:10D810009C3500200074004080B588B000AF78606F
:10D8200007F1100300221A605A609A60DA607B6880
:10D830001B68144A934221D1134BDB69124A43F00F
:10D840000053D361104BDB6903F00053FB60FB68AE
:10D850000D4B9B690C4A43F0040393610A4B9B698F
:10D8600003F00403BB60BB6830233B6103237B618F
:10D8700007F110031946054804F05EF900BF203790
:10D88000BD4680BD00740040001002400008014009
:10D8900080B584B000AF03463960FB713B68FB6024
:10D8A0004FF08B41F868F3F7AFF903461846F2F7EB
:10D8B000C3FD19A3D3E90023F2F740FF02460B464C
:10D8C00010461946F3F742F80346FB60FB79012B3B
:10D8D00002D0032B0ED01BE0F868F3F75BFB034686
:10D8E000002200210E4804F002F900210C4804F047
:10D8F0006EF80DE0F868F3F74DFB034600221021A7
:10D90000074804F0F4F81021054804F060F800BF5F
:10D9100000BF1037BD4680BD6666666666660A4013
:10D920009C35002080B59CB000AF786007E097F888
:10D930006C2007F108031146184603F0D3F807F1ED
:10D94000080319460548F5F7E5FC0346002BEED120
:10D9500000BF00BF7037BD4680BD00BFC0230020A0
:10D9600080B5B4B018AF78600B46FB70FA7807F159
:10D9700008037968184606F06DFEFB7887F86C306E
:10D98000684607F114035922194606F063FE07F1B1
:10D9900008030ECB0348F5F775FC00BF7037BD4692
:10D9A00080BD00BFC023002080B582B000AF034619
:10D9B000FB800D4B5B7DDBB2012B02D1FB88323348
:10D9C000FB80FB881B0A9BB2DAB2084B1A72FB88F9
:10D9D000DAB2064B5A720A210448FFF7C1FF00BFB2
:10D9E0000837BD4680BD00BF60340020FC02002027
:10D9F00080B582B000AF0346FB800D4B5B7DDBB290
:10DA0000012B02D1FB883233FB80FB881B0A9BB2BF
:10DA1000DAB2084B1A72FB88DAB2064B5A720A2144
:10DA2000044803F05FF800BF0837BD4680BD00BF63
:10DA300060340020FC02002080B59CB000AF03469B
:10DA40003960FB8013467B71032387F86F3097F8AA
:10DA50006F305A1C87F86F2070333B44822203F8E2
:10DA6000682CFB881B0A9AB297F86F30591C87F80C
:10DA70006F10D2B270333B4403F8682C97F86F30C4
:10DA80005A1C87F86F20FA88D2B270333B4403F8EF
:10DA9000682C002387F86E3014E097F86F305A1C1A
:10DAA00087F86F2019463B681A7801F170033B44F0
:10DAB00003F8682C3B6801333B6097F86E30013304
:10DAC00087F86E3097F86E207B799A42E5D35A2317
:10DAD0003B72A5237B7297F86F30033BDBB2BB72BE
:10DAE00097F86F2007F1080311461846FFF738FF33
:10DAF00000BF7037BD4680BD80B58EB000AF034615
:10DB00003960FB8013467B71032387F8373097F821
:10DB100037305A1C87F8372038333B44822203F8C9
:10DB20002C2CFB881B0A9AB297F83730591C87F8BF
:10DB30003710D2B238333B4403F82C2C97F83730E7
:10DB40005A1C87F83720FA88D2B238333B4403F89E
:10DB50002C2C002387F8363014E097F837305A1C05
:10DB600087F8372019463B681A7801F138033B449F
:10DB700003F82C2C3B6801333B6097F836300133B7
:10DB800087F8363097F836207B799A42E5D35A23C6
:10DB90003B73A5237B7397F83730033BDBB2BB7332
:10DBA00097F8372007F10C031146184602F09AFF48
:10DBB00000BF3837BD4680BD80B582B000AF786009
:10DBC0000B46FB702E220A4947F20850FFF734FF3C
:10DBD000FB781A46796847F20850FFF72DFF0721B6
:10DBE0000448FFF7BDFE00BF0837BD4680BD00BF3B
:10DBF000106501080803002080B582B000AF78608E
:10DC00000B46FB70402208494FF4F040FFF714FF29
:10DC1000FB781A4679684FF4F040FFF70DFF00BF1C
:10DC20000837BD4680BD00BF4465010880B582B09D
:10DC300000AF78600B46FB70402208494FF4F0407B
:10DC4000FFF75AFFFB781A4679684FF4F040FFF768
:10DC500053FF00BF0837BD4680BD00BF44650108C3
:10DC600080B598B000AF7860012387F85F307B689B
:10DC700004331B781B021AB27B6805331B781BB276
:10DC800013431BB2A7F85C307B6807331B781B0279
:10DC90001AB27B6808331B781BB213431BB2A7F878
:10DCA0005A30B7F85C30A3F5A043192B00F238873F
:10DCB00001A252F823F000BF21DD0008F9DF0008BF
:10DCC000B1DE0008F9DF000821DD000853E200089A
:10DCD000B1DE0008F9DF0008C1E3000815E600081E
:10DCE000ADE6000827E90008EDE7000827E900088D
:10DCF000ADE6000827E90008EDE7000827E900087D
:10DD0000ADE10008D3E20008ADE1000821DD000824
:10DD1000D3E20008B5E40008D3E20008B5E4000847
:10DD2000B7F85A3044F6206293425ED942F24E036D
:10DD3000A7F8583007F15801B7F85C3002221846AE
:10DD4000FFF77AFEBA4B5B7DDBB2002B04D11621C4
:10DD5000B848FFF731FF08E0B54B5B7DDBB2012B24
:10DD600003D12821B448FFF727FF44F62063A7F822
:10DD70005A30B7F85C30B3F5A04F0CD1AF4B4E2200
:10DD80001A70AF4B20221A70B7F85A30194610207B
:10DD9000FAF7AAFD24E0B7F85C3045F2040293429A
:10DDA0000CD1A64B4E221A71A54B20221A71B7F83E
:10DDB0005A3019461820FAF797FD11E0B7F85C3091
:10DDC00045F2150293420BD19C4B4E225A759C4B47
:10DDD00020225A75B7F85A3019463A20FAF784FDCE
:10DDE000002387F85F3000F09FBEB7F85A30632BEE
:10DDF00000F29A864FF4C843A7F8543007F1540153
:10DE0000B7F85C3002221846FFF716FE884B5B7DA0
:10DE1000DBB2002B04D116218648FFF7CDFE08E0C7
:10DE2000834B5B7DDBB2012B03D128218248FFF7B6
:10DE3000C3FE6423A7F85A30B7F85C30B3F5A04F9F
:10DE40000CD17E4B00221A707D4B64221A70B7F8F9
:10DE50005A3019461020FAF747FD24E0B7F85C3035
:10DE600045F2040293420CD1744B00221A71744B98
:10DE700064221A71B7F85A3019461820FAF734FD9F
:10DE800011E0B7F85C3045F2150293420BD16B4BB1
:10DE900000225A756A4B64225A75B7F85A301946EF
:10DEA0003A20FAF721FD002387F85F3000F03CBEEE
:10DEB000B7F85A3043F6982293424CD949F63A03C0
:10DEC000A7F8503007F15001B7F85C30022218462D
:10DED000FFF7B2FD564B5B7DDBB2002B04D1162160
:10DEE0005848FFF769FE08E0514B5B7DDBB2012B20
:10DEF00003D128215448FFF75FFE43F69823A7F883
:10DF00005A30B7F85C3045F2020293420CD14B4BC9
:10DF10003A229A704A4B98229A70B7F85A301946AA
:10DF20001420FAF7E1FC11E0B7F85C3045F2060284
:10DF300093420BD1414B3A229A71414B98229A71EC
:10DF4000B7F85A3019461C20FAF7CEFC002387F8A0
:10DF50005F3000F0EBBDB7F85A30632B00F2E68576
:10DF60004FF4C843A7F84C3007F14C01B7F85C30C8
:10DF700002221846FFF760FD2D4B5B7DDBB2002BC4
:10DF800004D116212F48FFF717FE08E0284B5B7DD0
:10DF9000DBB2012B03D128212B48FFF70DFE6423B0
:10DFA000A7F85A30B7F85C3045F2020293420CD120
:10DFB000224B00229A70224B64229A70B7F85A3092
:10DFC00019461420FAF790FC11E0B7F85C3045F2DE
:10DFD000060293420BD1194B00229A71184B64220E
:10DFE0009A71B7F85A3019461C20FAF77DFC0023C5
:10DFF00087F85F3000F09ABDB7F85A3044F62062D7
:10E0000093426FD942F24E03A7F8483007F1480116
:10E01000B7F85C3002221846FFF70EFD044B5B7D1B
:10E02000DBB2002B14D117210848FFF7C5FD18E01B
:10E03000603400208065010898650108CC33002019
:10E04000B0330020C4650108DC65010808660108DA
:10E05000C74B5B7DDBB2012B03D12921C548FFF7FC
:10E06000ABFD44F62063A7F85A30B7F85C3045F2B0
:10E07000010293420CD1C04B4E225A70BF4B20225A
:10E080005A70B7F85A3019461220FAF72DFC24E0DE
:10E09000B7F85C3045F2030293420CD1B64B4E22E6
:10E0A000DA70B64B2022DA70B7F85A3019461620CB
:10E0B000FAF71AFC11E0B7F85C3045F20702934218
:10E0C0000BD1AD4B4E22DA71AC4B2022DA71B7F88E
:10E0D0005A3019461E20FAF707FC002387F85F30F4
:10E0E00000F026BDB7F85A30132B00F221854FF40B
:10E0F000A053A7F8443007F14401B7F85C3002227E
:10E100001846FFF799FC9A4B5B7DDBB2002B04D1DC
:10E1100017219B48FFF750FD08E0954B5B7DDBB274
:10E12000012B03D129219348FFF746FD1423A7F8BB
:10E130005A30B7F85C3045F2010293420CD18E4B55
:10E1400000225A708D4B14225A70B7F85A30194673
:10E150001220FAF7C9FB24E0B7F85C3045F203025D
:10E1600093420CD1844B0022DA70844B1422DA7073
:10E17000B7F85A3019461620FAF7B6FB11E0B7F88F
:10E180005C3045F2070293420BD17B4B0022DA71DF
:10E190007A4B1422DA71B7F85A3019461E20FAF772
:10E1A000A3FB002387F85F3000F0C2BCB7F85A30F9
:10E1B0004CF25032934240F2BD8445F2C303A7F8BB
:10E1C000403007F14001B7F85C3002221846FFF7F3
:10E1D00033FC674B5B7DDBB2002B04D11621694811
:10E1E000FFF7EAFC08E0624B5B7DDBB2012B03D159
:10E1F00028216548FFF7E0FC4CF25033A7F85A306D
:10E20000B7F85C3045F2120293420BD15A4BC3224D
:10E210009A745A4B50229A74B7F85A3019463420DF
:10E22000FAF762FBB7F85C3045F2140293420BD167
:10E23000514BC3229A74514B50229A74B7F85A30FA
:10E2400019463820FAF750FB002387F85F3000F0BA
:10E2500071BCB7F85A304CF25032934240F26C84A1
:10E2600045F2C303BB8707F13C01B7F85C300222DB
:10E270001846FFF7E1FB3E4B5B7DDBB2002B04D180
:10E2800016214248FFF798FC08E0394B5B7DDBB272
:10E29000012B03D128213E48FFF78EFC4CF250336E
:10E2A000A7F85A30B7F85C3045F2050293420BD11B
:10E2B000314BC3225A71314B50225A71B7F85A3040
:10E2C00019461A20FAF710FB002387F85F3000F098
:10E2D00033BCB7F85A304CF25032934240F22E849D
:10E2E00045F2C3033B8707F13801B7F85C300222DF
:10E2F0001846FFF7A1FB1E4B5B7DDBB2002B04D160
:10E3000016212248FFF758FC08E0194B5B7DDBB271
:10E31000012B03D128211E48FFF74EFC4CF250334D
:10E32000A7F85A30B7F85C3045F2130293420CD18B
:10E33000114BC322DA74114B5022DA74B7F85A30F9
:10E3400019463620FAF7D0FA36E0B7F85C3045F2D5
:10E35000160293421ED1084BC3229A75074B5022D6
:10E360009A75B7F85A3019463C20FAF7BDFA23E0FF
:10E370006034002020660108CC330020B033002038
:10E38000086601084C660108646601089066010889
:10E39000A8660108B7F85C3045F2180293420BD129
:10E3A000BB4BC3221A76BB4B50221A76B7F85A30B1
:10E3B00019464020FAF798FA002387F85F30BDE34A
:10E3C000B7F85A3042F21072934237D941F227031C
:10E3D000BB8607F13401B7F85C3002221846FFF71C
:10E3E0002BFBAD4B5B7DDBB2002B04D11621AB4880
:10E3F000FFF7E2FB08E0A84B5B7DDBB2012B03D10A
:10E400002821A748FFF7D8FB42F21073A7F85A302B
:10E41000B7F85C3045F2080293420BD19C4B27229F
:10E420001A729C4B10221A72B7F85A3019462020E3
:10E43000FAF75AFA002387F85F3081E3B7F85A30C9
:10E44000632B00F27D834FF4C8433B8607F1300114
:10E45000B7F85C3002221846FFF7EEFA8E4B5B7D70
:10E46000DBB2002B04D116218C48FFF7A5FB08E096
:10E47000894B5B7DDBB2012B03D128218848FFF754
:10E480009BFB6423A7F85A30B7F85C3045F20802CA
:10E4900093420BD17E4B00221A727E4B64221A7279
:10E4A000B7F85A3019462020FAF71EFA002387F8E9
:10E4B0005F3045E3B7F85A3042F21072934249D9BF
:10E4C00041F22703BB8507F12C01B7F85C3002222B
:10E4D0001846FFF7B1FA704B5B7DDBB2002B04D11D
:10E4E00016216E48FFF768FB08E06B4B5B7DDBB2E3
:10E4F000012B03D128216A48FFF75EFB42F210731B
:10E50000A7F85A30B7F85C3045F2170293420BD1A6
:10E510005F4B2722DA755F4B1022DA75B7F85A3055
:10E5200019463E20FAF7E0F9B7F85C3045F21902D7
:10E5300093420BD1564B27225A76564B10225A76CD
:10E54000B7F85A3019464220FAF7CEF9002387F877
:10E550005F30F7E2B7F85A30632B00F2F3824FF4E2
:10E56000C8433B8507F12801B7F85C300222184602
:10E57000FFF762FA484B5B7DDBB2002B04D116211A
:10E580004648FFF719FB08E0434B5B7DDBB2012BEC
:10E5900003D128214248FFF70FFB6423A7F85A3024
:10E5A000B7F85C3045F2080293420BD1384B002299
:10E5B0001A72384B64221A72B7F85A301946202062
:10E5C000FAF792F9B7F85C3045F2170293420BD193
:10E5D0002F4B0022DA752F4B6422DA75B7F85A30C8
:10E5E00019463E20FAF780F9B7F85C3045F2190277
:10E5F00093420BD1264B00225A76264B64225A7640
:10E60000B7F85A3019464220FAF76EF9002387F816
:10E610005F3097E2B7F85A30B3F57A7F40F29482D0
:10E620004EF60303BB8407F12401B7F85C300222E5
:10E630001846FFF701FA184B5B7DDBB2002B04D1C3
:10E6400015211848FFF7B8FA08E0134B5B7DDBB2E1
:10E65000012B03D127211448FFF7AEFA4FF47A7348
:10E66000A7F85A30B7F85C3045F2080293420BD154
:10E67000074B03225A72074BE8225A72B7F85A30F6
:10E6800019462220FAF730F9002387F85F305BE261
:10E69000CC330020B033002060340020D466010861
:10E6A000EC6601081867010830670108B7F85A30AE
:10E6B000B3F57A7F4AD94EF20373BB8307F11C018D
:10E6C000B7F85C3002221846FFF7B6F9BC4B5B7D09
:10E6D000DBB2002B04D11621BA48FFF76DFA08E02F
:10E6E000B74B5B7DDBB2012B03D12821B648FFF786
:10E6F00063FA40F2E733A7F85A30B7F85C3045F2D6
:10E700000A0293420CD1B14B03229A72B04BE7221A
:10E710009A72B7F85A3019462420FAF7E5F811E052
:10E72000B7F85C3045F20E0293420BD1A74B03229F
:10E730009A73A74BE7229A73B7F85A3019462C20E0
:10E74000FAF7D2F8002387F85F30FFE1B7F85A30C4
:10E75000002B40F0FB814FF480733B8307F11801DD
:10E76000B7F85C3002221846FFF766F9944B5B7DE0
:10E77000DBB2002B04D116219248FFF71DFA08E006
:10E780008F4B5B7DDBB2012B03D128218E48FFF735
:10E7900013FA4FF47A73A7F85A30B7F85C3045F2A1
:10E7A0000A0293420CD1894B00229A72884B0122B3
:10E7B0009A72B7F85A3019462420FAF795F811E002
:10E7C000B7F85C3045F20E0293420BD17F4B00222A
:10E7D0009A737F4B01229A73B7F85A3019462C204E
:10E7E000FAF782F8002387F85F30AFE1B7F85A30C4
:10E7F000FA2B49D94FF47A43BB8207F11401B7F8D9
:10E800005C3002221846FFF717F96D4B5B7DDBB2D7
:10E81000002B04D117216F48FFF7CEF908E0684BB1
:10E820005B7DDBB2012B03D12A216B48FFF7C4F9D2
:10E83000FA23A7F85A30B7F85C3045F20C0293423D
:10E840000CD1624B00229A72614BFA229A72B7F88D
:10E850005A3019462820FAF747F811E0B7F85C302B
:10E8600045F2100293420BD1584B00221A74584BB8
:10E87000FA221A74B7F85A3019463020FAF734F8E9
:10E88000002387F85F3063E1B7F85A30092B00F2B4
:10E890005F814FF420633B8207F11001B7F85C30D1
:10E8A00002221846FFF7C8F8454B5B7DDBB2002B10
:10E8B00004D117214748FFF77FF908E0404B5B7D03
:10E8C000DBB2012B03D12A214348FFF775F90A2354
:10E8D000A7F85A30B7F85C3045F20C0293420CD1DD
:10E8E0003A4B00229A723A4B0A229A72B7F85A307F
:10E8F00019462820F9F7F8FF11E0B7F85C3045F227
:10E90000100293420BD1314B00221A74304BFA2281
:10E910001A74B7F85A3019463020F9F7E5FF00238A
:10E9200087F85F3014E1B7F85A30042B40F2838047
:10E930004FF48063BB8107F10C01B7F85C30022211
:10E940001846FFF779F81E4B5B7DDBB2002B04D134
:10E9500014212248FFF730F908E0194B5B7DDBB248
:10E96000012B03D126211E48FFF726F90423A7F81F
:10E970005A30B7F85C3045F20B0293420CD1134B7E
:10E980000022DA72124B0422DA72B7F85A301946B2
:10E990002620F9F7A9FF4AE0B7F85C3045F20D02EE
:10E9A00093421FD1094B00225A73094B04225A7318
:10E9B000B7F85A3019462A20F9F796FF37E000BF1A
:10E9C000603400205867010870670108CC330020CC
:10E9D000B03300209C670108B8670108E4670108AC
:10E9E000FC670108B7F85C3045F20F0293420CD186
:10E9F0005C4B0022DA735C4B0422DA73B7F85A30AE
:10EA000019462E20F9F770FF11E0B7F85C3045F297
:10EA1000110293420BD1534B00225A74524B0422E1
:10EA20005A74B7F85A3019463220F9F75DFF0023BF
:10EA300087F85F308EE0B7F85A30002B40F08A80BC
:10EA40004FF480733B8107F10801B7F85C30022274
:10EA50001846FEF7F1FF454B5B7DDBB2002B04D17E
:10EA600014214348FFF7A8F808E0404B5B7DDBB278
:10EA7000012B03D126213F48FFF79EF80123A7F879
:10EA80005A30B7F85C3045F20B0293420CD1354B4B
:10EA90000022DA72344B0122DA72B7F85A30194682
:10EAA0002620F9F721FF37E0B7F85C3045F20D0278
:10EAB00093420CD12B4B00225A732B4B01225A73D9
:10EAC000B7F85A3019462A20F9F70EFF24E0B7F8B4
:10EAD0005C3045F20F0293420CD1224B0022DA73D4
:10EAE000214B0122DA73B7F85A3019462E20F9F774
:10EAF000FBFE11E0B7F85C3045F2110293420BD1F6
:10EB0000184B00225A74184B01225A74B7F85A3025
:10EB100019463220F9F7E8FE002387F85F3019E044
:10EB2000012387F85F3016E000BF14E000BF12E059
:10EB300000BF10E000BF0EE000BF0CE000BF0AE025
:10EB400000BF08E000BF06E000BF04E000BF02E035
:10EB500000BF00E000BF97F85F3018466037BD4641
:10EB600080BD00BFCC330020B033002060340020D3
:10EB7000E4670108FC67010880B582B000AF00239C
:10EB8000FB7110E0FB799BB203F5A04398B2FB79CF
:10EB9000BB4AD15CFB79BB4AD35C1A4600F052FEFB
:10EBA000FB790133FB71FB791B2BEBD9B64B1B783F
:10EBB000DBB20B2B06D10822B44947F21060FEF7F6
:10EBC0003BFF32E0B04B1B78DBB20C2B06D10822A6
:10EBD000AF4947F21060FEF72FFF26E0AA4B1B78E3
:10EBE000DBB2162B06D10822AA4947F21060FEF7C5
:10EBF00023FF1AE0A44B1B78DBB20A2B15D8A24BDB
:10EC00005B7DDBB2002B05D10A22A34947F21060DD
:10EC1000FEF772FF9C4B5B7DDBB2012B05D10A2214
:10EC20009E4947F21060FEF767FF974B5B7DDBB2B2
:10EC3000002B40F0C9810E22994947F21560FEF77A
:10EC40005BFF0E22974947F21D60FEF755FF8E4B82
:10EC500093F82D30DBB2002B06D00F22924947F2F9
:10EC60002560FEF749FF05E00522904947F225603F
:10EC7000FEF742FF05228D4947F22D60FEF73CFF6B
:10EC800005228A4947F23560FEF736FF052287499B
:10EC900047F23D60FEF730FF0522844947F24560A8
:10ECA000FEF72AFF0522814947F24D60FEF724FF57
:10ECB0000E227F4947F26E60FEF71EFF0E227D494D
:10ECC00047F27660FEF718FF0E227B4947F27E601E
:10ECD000FEF712FF0E22794947F28660FEF70CFF1D
:10ECE0000522724947F6B000FEF706FF05226F497C
:10ECF00047F6B800FEF700FF05226C4947F6C00052
:10ED0000FEF7FAFE0522694947F6C800FEF7F4FE51
:10ED10000B226B4947F63000FEF7EEFE10226949E0
:10ED200047F64000FEF7E8FE1522674947F6500017
:10ED3000FEF7E2FE0C22654947F66000FEF7DCFEB6
:10ED400005225A4947F67000FEF7D6FE05225749BC
:10ED50004FF4F140FEF7D0FE0522544947F69000EB
:10ED6000FEF7CAFE0522514947F6A000FEF7C4FE91
:10ED7000172257494FF4EE40FEF7BEFE12225549C6
:10ED800047F21070FEF7B8FE1222534947F2207086
:10ED9000FEF7B2FE0F22514947F23070FEF7ACFE8B
:10EDA00014224F4947F24070FEF7A6FE0E224D494D
:10EDB00047F25070FEF7A0FE0E224B4947F26070FA
:10EDC000FEF79AFE1B22494947F27070FEF794FE47
:10EDD0002D4B93F82E30DBB2012B12D12A4B93F836
:10EDE0002A30DBB2002B0CD0172241494FF4EF4000
:10EDF000FEF782FE16223F4947F29070FEF77CFE36
:10EE000024E0214B93F82E30DBB2022B12D11E4BA3
:10EE100093F82A30DBB2002B0CD0172223494FF491
:10EE2000EF40FEF769FE1622324947F29070FEF776
:10EE300063FE0BE017221D494FF4EF40FEF75CFE26
:10EE400016221A4947F29070FEF756FE0E4B93F8C1
:10EE50002F30DBB2012B53D10B4B93F82B30DBB2AD
:10EE6000002B4DD01722244947F2A070FEF744FE34
:10EE70001622224947F2B070FEF73EFE65E000BF61
:10EE8000CC330020B0330020603400202C6801080F
:10EE90003868010844680108506801085C68010886
:10EEA0006868010874680108806801088C680108B6
:10EEB00094680108A4680108B4680108C4680108DE
:10EEC000D4680108E0680108EC680108F8680108E6
:10EED0000469010814690108286901083C690108EE
:10EEE0004C6901085C6901086C6901087C690108CA
:10EEF00090690108A0690108B0690108C0690108AA
:10EF0000C64B93F82F30DBB2022B12D1C34B93F8D0
:10EF10002B30DBB2002B0CD01722C14947F2A07076
:10EF2000FEF7EAFD1622BF4947F2B070FEF7E4FD96
:10EF30000BE01722BA4947F2A070FEF7DDFD16225A
:10EF4000B74947F2B070FEF7D7FDB44B93F82D30B8
:10EF5000DBB2002B0CD01622B34947F2C070FEF78B
:10EF6000CBFD1622B14947F2D070FEF7C5FD0BE08C
:10EF70001622AB4947F2C070FEF7BEFD1622A84923
:10EF800047F2D070FEF7B8FD1B22A94947F2E070A6
:10EF9000FEF7B2FDA14B93F83730DBB2002B06D061
:10EFA0001622A44947F2F070FEF7A6FD05E01622EE
:10EFB0009B4947F2F070FEF79FFD08229E494FF4EF
:10EFC000E440FEF799FDCCE1944B5B7DDBB2012B75
:10EFD00040F0C7810E22994947F21560FEF78CFD7B
:10EFE0000E22974947F21D60FEF786FD8B4B93F882
:10EFF0002D30DBB2002B06D00F22924947F225605C
:10F00000FEF77AFD05E005228F4947F22560FEF7FD
:10F0100073FD05228C4947F22D60FEF76DFD052238
:10F02000894947F23560FEF767FD0522864947F2B8
:10F030003D60FEF761FD0522834947F24560FEF71A
:10F040005BFD0522804947F24D60FEF755FD0E221B
:10F050007E4947F26E60FEF74FFD0E227C4947F273
:10F060007660FEF749FD0E227A4947F27E60FEF790
:10F0700043FD0E22784947F28660FEF73DFD0522EA
:10F08000714947F6B000FEF737FD05226E4947F695
:10F09000B800FEF731FD05226B4947F6C000FEF7C8
:10F0A0002BFD0522684947F6C800FEF725FD0B2217
:10F0B0006A4947F63000FEF71FFD1022684947F6FF
:10F0C0004000FEF719FD1522664947F65000FEF78D
:10F0D00013FD0B22644947F66000FEF70DFD052283
:10F0E000594947F67000FEF707FD052256494FF4CF
:10F0F000F140FEF701FD0522534947F69000FEF767
:10F10000FBFC0522504947F6A000FEF7F5FC17224C
:10F1100056494FF4EE40FEF7EFFC1222544947F2F5
:10F120001070FEF7E9FC1222524947F22070FEF7F8
:10F13000E3FC0F22504947F23070FEF7DDFC142249
:10F140004E4947F24070FEF7D7FC0E224C4947F279
:10F150005070FEF7D1FC0E224A4947F26070FEF76C
:10F16000CBFC1B22484947F27070FEF7C5FC2B4BC5
:10F1700093F82E30DBB2012B12D1284B93F82A30B2
:10F18000DBB2002B0CD0172240494FF4EF40FEF7C2
:10F19000B3FC16223E4947F29070FEF7ADFC24E026
:10F1A0001E4B93F82E30DBB2022B12D11B4B93F87F
:10F1B0002A30DBB2002B0CD0172223494FF4EF404A
:10F1C000FEF79AFC1622324947F29070FEF794FC43
:10F1D0000BE017221C494FF4EF40FEF78DFC16227E
:10F1E000194947F29070FEF787FC0C4B93F82F30CB
:10F1F000DBB2012B52D1094B93F82B30DBB2002B41
:10F200004CD01722234947F2A070FEF775FC162256
:10F21000214947F2B070FEF76FFC64E060340020D3
:10F220008C680108C0690108D0690108E469010817
:10F23000F86901080C6A01081C6A0108246A0108BF
:10F24000346A0108446A0108546A01085C6A0108CA
:10F250006C6A01087C6A01088C6A01089C6A0108D2
:10F26000A86A0108BC6A0108D46A0108E06A0108BA
:10F2700014690108286901083C690108F86A010855
:10F28000106B0108206B0108306B01084C6B010802
:10F29000646B01087C6B0108946B0108CB4B93F8FD
:10F2A0002F30DBB2022B12D1C84B93F82B30DBB2DC
:10F2B000002B0CD01722C64947F2A070FEF71CFCA9
:10F2C0001622C44947F2B070FEF716FC0BE0172275
:10F2D000BF4947F2A070FEF70FFC1622BC4947F267
:10F2E000B070FEF709FCB94B93F82D30DBB2002B60
:10F2F0000CD01622B84947F2C070FEF7FDFB16226B
:10F30000B64947F2D070FEF7F7FB0BE01622B04982
:10F3100047F2C070FEF7F0FB1622AD4947F2D070FD
:10F32000FEF7EAFB1B22AE4947F2E070FEF7E4FB72
:10F33000A64B93F83730DBB2002B06D01622A94932
:10F3400047F2F070FEF7D8FB05E01622A04947F21D
:10F35000F070FEF7D1FB0822A3494FF4E440FEF71A
:10F36000CBFB4022A1494FF4F040FEF7C5FB012240
:10F370000021002000F066FA944B9B7DDBB2002B4D
:10F380000CD10122002147F2986000F05BFA0022C4
:10F39000002147F2976000F055FA0BE000220021AF
:10F3A00047F2986000F04EFA0122002147F2976080
:10F3B00000F048FA854B93F82F30DBB2012B12D1C5
:10F3C0000122002147F6501000F0F2F9002200213E
:10F3D00047F6511000F0ECF90022002147F65210D8
:10F3E00000F0E6F92AE0794B93F82F30DBB2022BDC
:10F3F00012D10022002147F6501000F0D9F9012265
:10F40000002147F6511000F0D3F90022002147F601
:10F41000521000F0CDF911E00022002147F6501003
:10F4200000F0C6F90022002147F6511000F0C0F9A3
:10F430000122002147F6521000F0BAF9634B93F80D
:10F440002E30DBB2012B12D10122002147F65810D9
:10F4500000F0AEF90022002147F6591000F0A8F99B
:10F460000022002147F65A1000F0A2F92AE0574B7B
:10F4700093F82E30DBB2022B12D10022002147F686
:10F48000581000F095F90122002147F6591000F0BC
:10F490008FF90022002147F65A1000F089F911E097
:10F4A0000022002147F6581000F082F900220021C6
:10F4B00047F6591000F07CF90122002147F65A1056
:10F4C00000F076F9414B5B7EDBB2012B12D10122B9
:10F4D000002147F2996000F0B5F90022002147F2BF
:10F4E0009A6000F0AFF90022002147F29D6000F021
:10F4F000A9F92EE0354B5B7EDBB2022B12D1002244
:10F50000002147F2996000F09DF90122002147F2A5
:10F510009A6000F097F90022002147F29D6000F008
:10F5200091F916E0294B5B7EDBB2032B11D100224F
:10F53000002147F2996000F085F90022002147F28E
:10F540009A6000F07FF90122002147F29D6000F0EF
:10F5500079F91E4B9B7EDBB2012B0CD101220021DD
:10F5600047F29B6000F06EF90022002147F29C6098
:10F5700000F068F90BE00022002147F29B6000F0E8
:10F5800061F90122002147F29C6000F05BF90F4B0A
:10F590001B7DDBB2032B3ED0032B4FDC012B02D0B3
:10F5A000022B25D04AE00122002147F2946000F0AE
:10F5B00049F90022002147F2956000F043F900224A
:10F5C000002147F2966000F03DF937E060340020FA
:10F5D000546A0108946B0108AC6B0108C46B010804
:10F5E000DC6B0108F86B0108106C01084465010828
:10F5F0000022002147F2946000F024F9012200214A
:10F6000047F2956000F01EF90022002147F2966053
:10F6100000F018F912E00022002147F2946000F097
:10F6200011F90022002147F2956000F00BF9012248
:10F63000002147F2966000F005F900BF5B4B93F89C
:10F640002930DBB21A46002147F6201000F0FAF804
:10F65000564B93F82A30DBB21A46002147F62110A8
:10F6600000F0F0F8514B93F82B30DBB21A46002132
:10F6700047F6221000F0E6F84C4B93F82C30DBB242
:10F680001A46002147F6231000F0DCF8474B93F8A8
:10F690002D30DBB21A46002147F6241000F0D2F8D4
:10F6A000424B93F83130DBB21A46002147F6261060
:10F6B00000F0C8F83D4B93F83230DBB21A46002117
:10F6C00047F6271000F0BEF8384B93F83330DBB222
:10F6D0001A46002147F6281000F0B4F8334B93F88F
:10F6E0003430DBB21A46002147F6291000F0AAF8A0
:10F6F0002E4B93F83530DBB21A46002147F62A101C
:10F7000000F0A0F8294B93F83630DBB21A460021FE
:10F7100047F62B1000F096F8244B93F83730DBB205
:10F720001A46002147F62C1000F08CF81F4B93F876
:10F730003930DBB21A46002147F62D1000F082F86E
:10F740001A4B93F83830DBB21A46002147F62E10D8
:10F7500000F078F8154B93F83B30DBB21A460021E5
:10F7600047F6401000F06EF8104B93F83C30DBB2D7
:10F770001A46002147F6411000F064F80B4B93F84D
:10F780003D30DBB21A46002147F6421000F05AF82D
:10F79000064B93F83E30DBB21A46002147F6431081
:10F7A00000F050F800BF0837BD4680BD603400202F
:10F7B00080B586B000AF0346FB800B467B711346D5
:10F7C0003B710323FB75FB7D5A1CFA7518333B44D0
:10F7D000822203F80C2CFB881B0A9AB2FB7D591C71
:10F7E000F975D2B218333B4403F80C2CFB7D5A1C3C
:10F7F000FA75FA88D2B218333B4403F80C2CFB7D1F
:10F800005A1CFA7518333B447A7903F80C2CFB7DAB
:10F810005A1CFA7518333B443A7903F80C2C5A23D6
:10F820003B73A5237B73FB7D033BDBB2BB73FA7D8C
:10F8300007F10C0311461846FEF792F800BF18377F
:10F84000BD4680BD80B586B000AF0346FB800B4649
:10F850007B7113463B710323FB75FB7D5A1CFA75C4
:10F8600018333B44822203F80C2CFB881B0A9AB203
:10F87000FB7D591CF975D2B218333B4403F80C2CAC
:10F88000FB7D5A1CFA75FA88D2B218333B4403F850
:10F890000C2CFB7D5A1CFA7518333B447A7903F81B
:10F8A0000C2CFB7D5A1CFA7518333B443A7903F84B
:10F8B0000C2C5A233B73A5237B73FB7D033BDBB2EC
:10F8C000BB73FA7D07F10C031146184601F00AF9E3
:10F8D00000BF1837BD4680BD80B582B000AF03467B
:10F8E000FB71FB79032B2CD0032B3DDC012B02D0C9
:10F8F000022B13D038E00122002147F29460FFF779
:10F9000057FF0022002147F29560FFF751FF0022C8
:10F91000002147F29660FFF74BFF25E0002200210F
:10F9200047F29460FFF744FF0122002147F29560FF
:10F93000FFF73EFF0022002147F29660FFF738FFF5
:10F9400012E00022002147F29460FFF731FF00220D
:10F95000002147F29560FFF72BFF0122002147F2BB
:10F960009660FFF725FF00BF00BF0837BD4680BD8A
:10F9700080B582B000AF0346FB71FB79022B23D028
:10F98000022B2EDC002B02D0012B10D029E001220B
:10F99000002147F29860FFF70BFF0022002147F299
:10F9A0009760FFF705FF114B00229A7519E00022BE
:10F9B000002147F29860FFF7FBFE0122002147F289
:10F9C0009760FFF7F5FE0CE00022002147F29860F7
:10F9D000FFF7EEFE0022002147F29760FFF7E8FEF6
:10F9E00000BF00BF0837BD4680BD00BF60340020A7
:10F9F00080B584B000AF03460A46FB711346BB7165
:10FA0000FB790B2B0ED847F26063FB81FB799AB22E
:10FA1000FB891344FB81BA79FB8900211846FFF763
:10FA2000C7FE0FE047F6D003FB81FB799AB2FB8952
:10FA300013449BB20C3BFB81BA79FB890021184629
:10FA4000FFF7B6FE00BF1037BD4680BD80B59CB045
:10FA500000AFF1E1FB79832B40F0EE813B7A1B0292
:10FA60001AB27B7A1BB213431BB2A7F86C303B1D52
:10FA70001846FEF7F5F80346002B00D1DCE1002321
:10FA800087F86F3027E097F86F305B0007337033EB
:10FA90003B4413F86C3C1B021AB297F86F305B00C2
:10FAA000083370333B4413F86C3C1BB213431BB256
:10FAB0009BB27B8097F86F309AB2B7F86C301344E2
:10FAC0009BB27A8811461846F8F75CF997F86F30C0
:10FAD000013387F86F30BB7A97F86F209A42D2D300
:10FAE000B7F86C3045F6FF7293428CBF01230023B8
:10FAF000DAB2B7F86C3046F6FF718B4294BF01233F
:10FB00000023DBB21340DBB2002B09D0B7F86C3016
:10FB1000A3F5C043BC4A52F82330BA1C104698479C
:10FB2000BA4B00221A60B7F86C30B3F5A04F1FD360
:10FB3000B7F86C3045F69912934219D8B7F86C3083
:10FB4000DBB25B00DBB21033DBB27A8811461846B9
:10FB5000F8F7CAFEB7F86C3045F20E02934207D1AF
:10FB600045F20E00F8F7B2F803461846F8F75EFFC4
:10FB7000B7F86C3047F61712934200F35C81B3F587
:10FB8000F24F22DA47F29262934200F3548147F235
:10FB90008E62934252DA47F20402934200F09D8053
:10FBA00047F20402934200F3468147F20202934275
:10FBB00000F0898047F20202934200F33C81142B4B
:10FBC00050D0B3F5E04F74D035E1A3F5F243172BD5
:10FBD00000F2318101A252F823F000BF5FFD00085E
:10FBE00037FE000837FE000837FE000837FE000821
:10FBF00037FE000837FE000837FE000837FE000811
:10FC000037FE000837FE000837FE000837FE000800
:10FC100037FE000837FE000837FE00086FFD0008B9
:10FC200077FD0008A9FD000837FE000837FE000830
:10FC3000B1FD0008B9FD0008FFFD0008A3F5ED4384
:10FC40000E3B042B00F2F78001A252F823F000BF14
:10FC5000EFFC000801FD000837FE000847FD000822
:10FC600057FD0008FB7A1B021AB23B7B1BB2134301
:10FC70001BB29AB2664B1A80654B1B880C2B03D0C3
:10FC8000634B1B883E2B10D1624B1B78DBB2092BD8
:10FC900004D9604B1B7DDBB2012B03D15C4B2022CE
:10FCA0001A8002E05A4B00221A800C20FDF77CFEDD
:10FCB000C1E00622584947F20550FDF7BDFE554BFD
:10FCC00001225A70B7E00622534947F22050FDF74F
:10FCD000B3FE504B02225A70ADE006224E4947F265
:10FCE0002350FDF7A9FE4B4B03225A70A3E0FDF70A
:10FCF000DDFC0346012B00F0A980F1F7D9FF9AE063
:10FD00000020F1F7DFFB0020F1F776FB03461A46EF
:10FD1000424B1B8813449AB2404B1A803F4B1B88BE
:10FD2000194645F21200F8F72DF83C4B1B881B0AC8
:10FD30009BB2DBB2394A1288D2B2194645F21200A0
:10FD4000FFF736FD77E0FDF7B1FC0346012B7FD0CE
:10FD5000F1F7AEFF6FE00020F1F7B4FB6BE0FDF7C9
:10FD6000A5FC0346012B75D0FCF7BAF863E02C4BD9
:10FD700001221A705FE02A4B01221A70294BD3E945
:10FD80000023B2F5FA6F73F1000351D325494FF008
:10FD900000024FF00003C1E90023214B00221A703A
:10FDA0000D20FDF701FE43E01D4B00221A7042E0DA
:10FDB0001D4B01221A703EE01B4B01221A701B4B97
:10FDC000D3E9002340F6B8318A4273F1000331D3FE
:10FDD00016494FF000024FF00003C1E90023124B17
:10FDE00000221A700B4B1B78DBB20A2B03D90020C0
:10FDF000FDF7DAFD1EE02020FDF7D6FD1AE00A4BE4
:10FE000000221A7017E000BF70010020B4350020F6
:10FE1000B03500206034002024680108B23500208D
:10FE2000B8350020C0350020C8350020D03500206E
:10FE300000BF00E000BF00BF3B1D19460748F3F7B5
:10FE400069FA0346002B7FF405AE04E000BF02E030
:10FE500000BF00E000BF7037BD4680BDA82B00206A
:10FE600080B584B000AF01237B600323FB604FF4B7
:10FE700080533B603B461946034801F05DFE00BFDE
:10FE80001037BD4680BD00BF0008014080B584B07A
:10FE900000AF00237B600123BB604FF480533B60C5
:10FEA0003B461946034801F047FE00BF1037BD46E8
:10FEB00080BD00BF0008014080B586B000AF194B7F
:10FEC0009B69184A43F004039361164B9B6903F046
:10FED00004037B607B680123FB6003237B614FF499
:10FEE0008053BB6007F1080319460F4801F024FE58
:10FEF0004FF40063BB6007F1080319460A4801F09C
:10FF00001BFE01224FF48051074801F0C4FF01227B
:10FF10004FF40061044801F0BEFF00BF1837BD4632
:10FF200080BD00BF001002400008014080B500AF56
:10FF3000FFF796FF01224FF480510E4801F0ABFF0E
:10FF400001224FF400610B4801F0A5FF042000F0EE
:10FF5000FBFD00224FF48051064801F09CFF042075
:10FF600000F0F2FD00224FF40061024801F093FF1F
:10FF700000BF80BD0008014080B500AFFFF770FFF3
:10FF800000224FF400610E4801F085FF00224FF47B
:10FF900080510B4801F07FFF042000F0D5FD0122C5
:10FFA0004FF40061064801F076FF01224FF48051C2
:10FFB000034801F070FF042000F0C6FD00BF80BDC3
:10FFC0000008014080B582B000AF0023FB71FFF74D
:10FFD0005DFF01224FF48051164801F05CFF0120C3
:10FFE00000F0B2FD01224FF40061124801F053FF0E
:10FFF000012000F0A9FD09E0FB790133FB71FB79D9
:020000040801F1
:10000000FA2B03D9FFF7B8FF01230EE04FF480511C
:10001000084801F029FF0346002BEDD100224FF4E0
:100020000061044801F037FF002318460837BD4639
:1000300080BD00BF0008014080B500AF00224FF432
:1000400000610F4801F027FFFFF70AFF00224FF47D
:1000500080510B4801F01FFF022000F075FD0122C6
:100060004FF40061064801F016FF022000F06CFD1D
:1000700000224FF40061024801F00DFF00BF80BD77
:100080000008014080B500AF00224FF400610F4826
:1000900001F001FFFFF7E4FE01224FF480510B480D
:1000A00001F0F9FE022000F04FFD01224FF4006143
:1000B000064801F0F0FE022000F046FD00224FF459
:1000C0000061024801F0E7FE00BF80BD000801406A
:1000D00080B584B000AF0346FB71FFF7C1FE00227C
:1000E0004FF400611C4801F0D6FE0023FB732BE0A7
:1000F00097F90730002B06DA01224FF48051164899
:1001000001F0C9FE05E000224FF48051124801F0D1
:10011000C2FEFB795B00FB71022000F015FD01229D
:100120004FF400610C4801F0B6FE022000F00CFD17
:1001300000224FF40061084801F0ADFE022000F0FB
:1001400003FDFB7B0133FB73FB7B072BD0D900BF87
:1001500000BF1037BD4680BD0008014080B584B0A7
:1001600000AF0346FB710023BB73FFF78FFE002334
:10017000FB7322E000224FF40061184801F08BFE6F
:10018000022000F0E1FC01224FF40061134801F06D
:1001900082FEBB7B5B00BB734FF480510F4801F0C4
:1001A00063FE0346002B02D0BB7B0133BB730120EF
:1001B00000F0CAFCFB7B0133FB73FB7B072BD9D917
:1001C000FB79002B02D1FFF75DFF01E0FFF734FF61
:1001D000BB7B18461037BD4680BD00BF00080140FC
:1001E00080B586B000AF124B9B69114A43F01003F3
:1001F00093610F4B9B6903F010037B607B680123C5
:10020000FB604FF48043BB6000233B6103237B61B1
:1002100007F108031946074801F08EFC054BDB681F
:10022000044A23F48043D36000BF1837BD4680BD25
:10023000001002400010014080B582B000AF78602D
:100240000D4B1B78002B09D00B4B00221A7000229B
:100250004FF48041094801F01EFE08E0064B0122E0
:100260001A7001224FF48041044801F014FE00BFCF
:100270000837BD4680BD00BFD835002000100140C2
:1002800080B586B000AF454B9B69444A43F4FE738A
:1002900093610123BB600023FB6003233B610023C8
:1002A000FB7522E0FB7D3E4A5B01134404331B884F
:1002B0007B60FB7D3A4A5B0113441B683A1D114683
:1002C000184601F039FCFB7D354A5B011344186880
:1002D000FB7D334A5B01134404331B88002219461B
:1002E00001F0D9FDFB7D0133FB75FB7D032BD9D9D3
:1002F0000023FB7514E0FB7D294A5B0113440C339A
:100300001B887B60FB7D264A5B01134408331B6816
:100310003A1D1146184601F00FFCFB7D0133FB75B9
:10032000FB7D032BE7D90023FB7514E0FB7D1C4A02
:100330005B01134414331B887B60FB7D184A5B010F
:10034000134410331B683A1D1146184601F0F4FBA4
:10035000FB7D0133FB75FB7D032BE7D90023FB7588
:1003600014E0FB7D0E4A5B0113441C331B887B6049
:10037000FB7D0B4A5B01134418331B683A1D114681
:10038000184601F0D9FBFB7D0133FB75FB7D032B88
:10039000E7D900BF00BF1837BD4680BD001002403E
:1003A0004C7E010880B582B000AF03460A46FB715F
:1003B0001346BB71BB79002B0FD0FB79104A5B0150
:1003C00013441868FB790E4A5B01134404331B88FD
:1003D0000122194601F05FFD0EE0FB79084A5B013E
:1003E00013441868FB79064A5B01134404331B88E5
:1003F0000022194601F04FFD00BF0837BD4680BD01
:100400004C7E010880B582B000AF03460A46FB71FE
:100410001346BB71BB79013BBB71BB79032B00F267
:100420008F8001A252F823F0390401087B040108EF
:10043000BD040108FF040108FB79544A5B01134421
:1004400010331868FB79514A5B01134414331B883D
:100450000022194601F01FFDFB794C4A5B01134451
:1004600018331868FB79494A5B0113441C331B8815
:100470000022194601F00FFD83E0FB79434A5B013E
:10048000134410331868FB79404A5B01134414335A
:100490001B880122194601F0FEFCFB793B4A5B01F7
:1004A000134418331868FB79384A5B0113441C3332
:1004B0001B880022194601F0EEFC62E0FB79334A0A
:1004C0005B01134410331868FB79304A5B01134415
:1004D00014331B880022194601F0DDFCFB792B4AFE
:1004E0005B01134418331868FB79284A5B011344F5
:1004F0001C331B880122194601F0CDFC41E0FB7939
:10050000224A5B01134410331868FB791F4A5B01D0
:10051000134414331B880122194601F0BCFCFB79FB
:100520001A4A5B01134418331868FB79174A5B01B8
:1005300013441C331B880122194601F0ACFC20E057
:10054000FB79124A5B01134410331868FB790F4A98
:100550005B01134414331B880122194601F09BFCF4
:10056000FB790A4A5B01134418331868FB79074A80
:100570005B0113441C331B880122194601F08BFCDC
:1005800000BF00BF0837BD4680BD00BF4C7E0108DC
:1005900080B582B000AF03460A46FB711346BB71BB
:1005A000FB79094A5B01134408331868FB79064A52
:1005B0005B0113440C331B88BA79194601F06BFCBC
:1005C00000BF0837BD4680BD4C7E010880B586B0AF
:1005D00000AF164B9B69154A43F008039361134B18
:1005E0009B6903F008033B603B680023BB60012369
:1005F000FB600023FB7511E0FB7D0D4ADB0013441B
:100600009B887B60FB7D0A4A52F833303A1D1146C5
:10061000184601F091FAFB7D0133FB75FB7D012B40
:10062000EAD900BF00BF1837BD4680BD00100240A8
:10063000CC7E010880B584B000AF03460A46FB714A
:100640001346BB710123FB73FB79164A52F8332022
:10065000FB791449DB000B449B881946104601F0D6
:1006600003FC0346002B17D1BB79002B02D00220DC
:1006700000F085FAFB790B4A52F83320FB790949DF
:10068000DB000B449B881946104601F0EDFB034646
:10069000002B01D10023FB73FB7B18461037BD46AE
:1006A00080BD00BFCC7E010880B594B000AF07F1DB
:1006B000400300221A605A609A60DA6007F138033A
:1006C00000221A605A6007F11C0300221A605A6067
:1006D0009A60DA601A615A619A613B4600221A6098
:1006E0005A609A60DA601A615A619A612E4B2F4AF9
:1006F0001A602D4B23225A602B4B00229A602A4B02
:1007000042F20F72DA60284B00221A61264B002257
:100710005A61254B80229A61234801F0F5FF4FF47E
:1007200080533B6407F1400319461F4802F0A6F9C5
:100730001D4802F01DF80023BB630023FB6307F193
:1007400038031946184802F0E6FD6023FB6141F2C8
:1007500087333B6202237B620023BB620023FB6280
:1007600000233B6300237B6307F11C03002219462F
:100770000D4802F0BDF800233B6000237B6000239E
:10078000BB600023FB6000233B614FF400537B619F
:100790000023BB613B461946034802F064FD00BFDD
:1007A0005037BD4680BD00BFDC350020002C014025
:1007B00080B586B000AF07F1080300221A605A60C6
:1007C0009A60DA601F4B9B691E4A43F004039361F1
:1007D0001C4B9B6903F004037B607B68194B9B698E
:1007E000184A43F400639361164B9B6903F400635A
:1007F0003B603B68FFF758FF134B1B69124A23F01D
:1008000002031361104BDB680F4A43F00203D3600D
:10081000002202211B2001F074F81B2001F08DF84A
:100820004FF48073BB600223FB6002237B6107F1FE
:1008300008031946054801F07FF900BF1837BD4687
:1008400080BD00BF00100240002C014000080140A4
:1008500080B500AF044B00221A600021034801F06C
:10086000BBFF00BF80BD00BF1C360020DC35002070
:1008700080B500AF0021024801F0E2FF00BF80BD5B
:10088000DC35002080B596B000AF304B9B692F4A15
:1008900043F4804393612D4B9B6903F480437B6059
:1008A0007B682A4B9B69294A43F004039361274BD9
:1008B0009B6903F004033B603B680223FB604FF439
:1008C0000073BB6001233B6103237B6107F10803D5
:1008D00019461F4801F030F90023FB604FF4806394
:1008E000BB6007F108031946194801F025F9194BB7
:1008F000BB614FF4E133FB6100233B6200237B6269
:100900000023BB620C23FB6200233B6300237B6359
:10091000104B1B680F4A23F020031360BB69DA6891
:10092000BB6942F02002DA60252001F006F80322BC
:100930000121252000F0E5FF07F11803184602F019
:100940002EFD00BF5837BD4680BD00BF00100240DD
:10095000000801400038014080B483B000AF7860E7
:100960000B46FB7010E07B681A780C4B5A607B6872
:1009700001337B6000BF094B1B6803F08003802BB1
:10098000F9D1FB78013BFB70FB78002BEBD100BF6A
:1009900000BF0C37BD4680BC704700BF0038014027
:1009A00080B582B000AF154B5B69144A43F0010378
:1009B0005361124B5B6903F001037B607B6800228B
:1009C0000121112000F09DFF112000F0B6FF0C4B1B
:1009D0005B690B4A43F0800353610A4B0A4A9A60F1
:1009E000084B0A4ADA60074B1B68064A43F090033B
:1009F000136000BF0837BD4680BD00BF0010024035
:100A000000440040800002400444004020360020A2
:100A100080B596B000AF304BDB692F4A43F400330A
:100A2000D3612D4BDB6903F400337B607B682A4B79
:100A30009B69294A43F004039361274B9B6903F0A8
:100A400004033B603B680223FB600423BB6001237B
:100A50003B6103237B6107F1080319461F4801F03E
:100A60006BF80023FB600823BB6007F108031946FD
:100A70001A4801F061F81A4BBB614FF4E133FB6196
:100A800000233B6200237B620023BB620C23FB62DA
:100A900000233B6300237B63114B1B68104A23F048
:100AA00020031360BB69DA68BB6942F02002DA6098
:100AB000262000F042FF03220121262000F021FF22
:100AC00007F11803184602F06AFCFFF769FF00BF40
:100AD0005837BD4680BD00BF0010024000080140ED
:100AE0000044004080B483B000AF78600B46FB70D8
:100AF00010E07B681A780C4B5A607B6801337B608E
:100B000000BF094B1B6803F08003802BF9D1FB78F1
:100B1000013BFB70FB78002BEBD100BF00BF0C3713
:100B2000BD4680BC704700BF0044004080B400AFA9
:100B3000044B5B68034A43F08073536000BFBD46BB
:100B400080BC70470000024080B485B000AF03460F
:100B5000FB800BE03223FB7302E0FB7B013BFB736A
:100B6000FB7B002BF9D1FB88013BFB80FB88002B32
:100B7000F0D100BF00BF1437BD4680BC704780B5C0
:100B800082B000AF0346FB8005E06420FFF7DCFF86
:100B9000FB88013BFB80FB88002BF6D100BF00BF28
:100BA0000837BD4680BD000080B58CB000AF5A4B01
:100BB0009B69594A43F004039361574B9B6903F0C7
:100BC0000403BB61BB69544B9B69534A43F0080360
:100BD0009361514B9B6903F008037B617B694E4B2A
:100BE0009B694D4A43F0100393614B4B9B6903F0A3
:100BF00010033B613B69484B9B69474A43F0200324
:100C00009361454B9B6903F02003FB60FB68424BFB
:100C10009B69414A43F0400393613F4B9B6903F05A
:100C20004003BB60BB683C4B9B693B4A43F00103FC
:100C30009361394B9B6903F001037B607B68374B01
:100C40005B68364A43F000735360082387F82F30FF
:100C500013E097F82F30324A52F8330097F82F30CC
:100C60002F4ADB0013449B880122194601F013F937
:100C700097F82F30013387F82F3097F82F300F2B4C
:100C8000E7D901233B620323BB62082387F82F3097
:100C900016E097F82F30224ADB0013449B88FB6153
:100CA00097F82F301E4A52F8333007F11C021146D4
:100CB000184600F041FF97F82F30013387F82F30A6
:100CC00097F82F300F2BE4D900233B6201237B627E
:100CD000002387F82F3016E097F82F30104ADB00FA
:100CE00013449B88FB6197F82F300D4A52F833303C
:100CF00007F11C021146184600F01EFF97F82F302E
:100D0000013387F82F3097F82F30072BE4D900BF35
:100D100000BF3037BD4680BD0010024000000140DA
:100D2000DC7E010880B582B000AF03460A46FB7145
:100D30001346BB71BB79002B11D0012B1FD1FB795E
:100D40000833114A52F83300FB7908330E4ADB00AE
:100D500013449B880122194601F09DF80FE0FB79AE
:100D60000833094A52F83300FB790833064ADB009E
:100D700013449B880022194601F08DF800BF00BF84
:100D80000837BD4680BD00BFDC7E010880B584B059
:100D900000AF0346FB710123FB73FB790A4A52F84B
:100DA0003320FB790849DB000B449B881946104629
:100DB00001F05AF80346002B01D10023FB73FB7BA3
:100DC00018461037BD4680BDDC7E010880B584B072
:100DD00000AF0346FB710123FB73FB790833164A0E
:100DE00052F83320FB7908331349DB000B449B880E
:100DF0001946104601F038F80346002B16D10220A0
:100E0000FFF7BDFEFB7908330B4A52F83320FB791C
:100E100008330949DB000B449B881946104601F052
:100E200023F80346002B01D10023FB73FB7B1846FC
:100E30001037BD4680BD00BFDC7E010880B58CB098
:100E400000AF5E4B9B695D4A43F0040393615B4BCB
:100E50009B6903F00403BB61BB69584B9B69574A0C
:100E600043F008039361554B9B6903F008037B61D2
:100E70007B69524B9B69514A43F0100393614F4B7E
:100E80009B6903F010033B613B694C4B9B694B4AE8
:100E900043F020039361494B9B6903F02003FB60FF
:100EA000FB68464B9B69454A43F040039361434BC3
:100EB0009B6903F04003BB60BB68404B9B693F4AA2
:100EC00043F0800393613D4B9B6903F080037B609B
:100ED0007B683A4B9B69394A43F480739361374B83
:100EE0009B6903F480733B603B680C2387F82F30C9
:100EF00013E097F82F30324A52F8330097F82F302A
:100F00002F4ADB0013449B880122194600F0C3FFDF
:100F100097F82F30013387F82F3097F82F30132BA5
:100F2000E7D901233B620323BB620C2387F82F30F0
:100F300016E097F82F30224ADB0013449B88FB61B0
:100F400097F82F301E4A52F8333007F11C02114631
:100F5000184600F0F1FD97F82F30013387F82F3055
:100F600097F82F30132BE4D900233B6201237B62D7
:100F7000002387F82F3016E097F82F30104ADB0057
:100F800013449B88FB6197F82F300D4A52F8333099
:100F900007F11C021146184600F0CEFD97F82F30DD
:100FA000013387F82F3097F82F300B2BE4D900F05E
:100FB00093F800BF3037BD4680BD00BF001002402F
:100FC0005C7F010880B582B000AF03460A46FB7122
:100FD0001346BB71BB79002B02D0012B10D01FE050
:100FE000FB790B33104A52F83300FB790B330E4A6E
:100FF000DB0013449B880022194600F04CFF0FE0F1
:10100000FB790B33084A52F83300FB790B33064A5D
:10101000DB0013449B880122194600F03CFF00BF0F
:1010200000BF0837BD4680BD5C7F010880B584B035
:1010300000AF0346FB710123FB73FB79013B0B4AB5
:1010400052F83320FB79013B0849DB000B449B88B5
:101050001946104600F008FF0346002B01D100237B
:10106000FB73FB7B18461037BD4680BD5C7F0108D3
:1010700080B584B000AF0346FB710123FB73FB799D
:101080000B33144A52F83320FB790B331149DB0040
:101090000B449B881946104600F0E6FE0346002BE1
:1010A00013D1FB790B330B4A52F83320FB790B3306
:1010B0000849DB000B449B881946104600F0D4FE1B
:1010C0000346002B01D10023FB73FB7B184610372E
:1010D000BD4680BD5C7F010880B500AF282000F0D0
:1010E0003AFC0A2000F037FC172000F034FC002204
:1010F0000021282000F005FC002200210A2000F039
:1011000000FC00220021172000F0FBFB1D4B9B6917
:101110001C4A43F0010393611B4BDB681A4A43F0FE
:101120003303D360184B1B69174A43F448531361C8
:10113000154B5B69144A43F44C7343F0030353614A
:10114000124BDB68114A43F4784343F03003D36019
:101150000E4B9B680D4A43F4806393600B4B1B68F6
:101160000A4A23F47C4323F030031360282000F064
:10117000E4FB0A2000F0E1FB172000F0DEFB00BFDB
:1011800080BD00BF0010024000000140000401408B
:1011900080B58EB000AF07F1280300221A605A60B4
:1011A0009A60DA6007F1200300221A605A603B1D42
:1011B00000221A605A609A60DA601A615A619A6174
:1011C0001F4B4FF080421A601D4B23225A601C4B6C
:1011D00000229A601A4B42F20F72DA60184B00221A
:1011E0001A61174B80229A61154801F08DFA4FF46D
:1011F0008053BB6207F128031946114801F03EFCF9
:101200000F4801F0B5FA00233B6200237B6207F12F
:10121000200319460A4802F07EF860237B6040F202
:10122000F313BB600223FB6000237B613B1D0022A4
:101230001946034801F05CFB00BF3837BD4680BD4E
:101240004036002080B586B000AF07F108030022C9
:101250001A605A609A60DA60204B9B691F4A43F01B
:10126000040393611D4B9B6903F004037B607B685F
:101270001A4BDB69194A43F00103D361174BDB6951
:1012800003F001033B603B680123BB600223FB606A
:1012900002237B6107F108031946114800F04CFC5A
:1012A000FFF776FF4FF080431B694FF0804223F039
:1012B000010313614FF08043DB684FF0804243F03D
:1012C0000103D360012202211C2000F01AFB1C2024
:1012D00000F033FB00BF1837BD4680BD0010024050
:1012E0000008014080B500AF044B00221A600021C5
:1012F000034801F071FA00BF80BD00BF80360020B6
:101300004036002080B500AF0021024801F098FA75
:1013100000BF80BD4036002080B58AB000AF07F125
:10132000200300221A605A603B1D00221A605A6096
:101330009A60DA601A615A619A61194B194A1A6007
:10134000174B23225A60164B00229A60144B42F22C
:101350000F72DA60124B00221A61114B80229A61DF
:101360000F4801F005FA00233B6200237B6207F17E
:10137000200319460A4801F0CEFF60237B6041F24A
:101380008733BB600223FB6000237B613B1D082287
:101390001946034801F0ACFA00BF2837BD4680BDAE
:1013A000843600200004004080B586B000AF07F10D
:1013B000080300221A605A609A60DA601E4BDB69EB
:1013C0001D4A43F00203D3611B4BDB6903F00203A8
:1013D0007B607B68184B9B69174A43F00803936155
:1013E000154B9B6903F008033B603B680123BB601E
:1013F0000223FB6002237B6107F1080319460F48B3
:1014000000F09AFBFFF788FF0D4B1B690C4A23F095
:10141000010313610A4BDB68094A43F00103D360FF
:10142000002201211D2000F06CFA1D2000F085FA39
:1014300000BF1837BD4680BD00100240000C0140BF
:101440000004004080B500AF044B00221A60082160
:10145000034801F0C1F900BF80BD00BFC4360020C1
:101460008436002080B500AF0821024801F0E8F979
:1014700000BF80BD8436002080B58AB000AF07F180
:10148000200300221A605A603B1D00221A605A6035
:101490009A60DA601A615A619A61194B194A1A60A6
:1014A000174B23225A60164B00229A60144B40F2CD
:1014B000E732DA60124B00221A61114B80229A61E6
:1014C0000F4801F055F900233B6200237B6207F1CE
:1014D000200319460A4801F01EFF60237B6040F29A
:1014E000F313BB600223FB6000237B613B1D0022E2
:1014F0001946034801F0FCF900BF2837BD4680BDFE
:10150000C83600200008004080B586B000AF07F163
:10151000080300221A605A609A60DA601E4B9B69C9
:101520001D4A43F0080393611B4B9B6903F00803BA
:101530007B607B68184BDB69174A43F00403D36177
:10154000154BDB6903F004033B603B684023BB6041
:101550000223FB6002237B6107F1080319460F4851
:1015600000F0EAFAFFF788FF0D4B1B690C4A23F0E5
:10157000010313610A4BDB68094A43F00103D3609E
:10158000022202211E2000F0BCF91E2000F0D5F935
:1015900000BF1837BD4680BD00100240000C01405E
:1015A0000008004080B500AF044B00221A60002103
:1015B000034801F011F900BF80BD00BF08370020CB
:1015C000C836002080B500AF0021024801F038F98C
:1015D00000BF80BDC836002080B586B000AF07F1DF
:1015E000080300221A605A609A60DA603B460022C3
:1015F0001A605A60164B174A1A60154B41F61F4283
:101600005A60134B00229A60114B41F28732DA6024
:101610000F4B00221A610E4B80229A610C4801F098
:1016200073F84FF48053BB6007F10803194608486C
:1016300001F024FA00233B6000237B603B461946FF
:10164000034801F068FE00BF1837BD4680BD00BFEB
:101650000C370020000C004080B582B000AF134B67
:10166000DB69124A43F00803D361104BDB6903F0D6
:1016700008037B607B68FFF7AFFF0D4B1B690C4ACB
:1016800023F0010313610A4BDB68094A43F00103AD
:10169000D36000220321322000F033F9322000F021
:1016A0004CF900BF0837BD4680BD00BF00100240A6
:1016B000000C004080B582B000AF7860124B1A6811
:1016C000124B1B7819464FF47A73B3FBF1F3B2FB5C
:1016D000F3F3184600F04DF90346002B01D0012327
:1016E0000EE07B680F2B0AD8002279684FF0FF309C
:1016F00000F007F9064A7B681360002300E001232D
:1017000018460837BD4680BD1C0300201403002086
:101710001003002080B400AF024B1B681846BD4682
:1017200080BC70474C37002080B485B000AF786033
:101730007B6803F00703FB600C4BDB68BB60BA6897
:101740004FF6FF031340BB60FB681A02BB681343EC
:1017500043F0BF6343F40033BB60044ABB68D3600B
:1017600000BF1437BD4680BC704700BF00ED00E0ED
:1017700080B400AF044BDB681B0A03F00703184674
:10178000BD4680BC704700BF00ED00E080B483B070
:1017900000AF0346FB71FB7903F01F02064997F97E
:1017A00007305B09012000FA02F241F8232000BF54
:1017B0000C37BD4680BC704700E100E080B483B0C8
:1017C00000AF0346FB71FB7903F01F02074997F94D
:1017D00007305B09012000FA02F2203341F8232090
:1017E00000BF0C37BD4680BC704700BF00E100E081
:1017F00080B483B000AF03463960FB7197F90730BE
:10180000002B0BDA3B68DAB20C49FB7903F00F03CB
:10181000043B1201D2B20B441A7609E03B68DAB2FB
:10182000074997F907301201D2B20B4483F800231D
:1018300000BF0C37BD4680BC704700BF00ED00E024
:1018400000E100E080B489B000AFF860B9607A6070
:10185000FB6803F00703FB61FB69C3F10703042B7B
:1018600028BF0423BB61FB690433062B02D9FB6943
:10187000033B00E000237B614FF0FF32BB6902FABB
:1018800003F3DA43BB681A407B699A404FF0FF319B
:101890007B6901FA03F3D9437B680B401343184675
:1018A0002437BD4680BC704780B582B000AF7860F9
:1018B0007B68013BB3F1807F01D301230FE00A4A2B
:1018C0007B68013B53600F214FF0FF30FFF790FF23
:1018D000054B00229A60044B07221A600023184629
:1018E0000837BD4680BD00BF10E000E080B582B083
:1018F00000AF78607868FFF717FF00BF0837BD4674
:1019000080BD80B586B000AF0346B9607A60FB73D6
:1019100000237B61FFF72CFF78617A68B9687869EA
:10192000FFF790FF024697F90F3011461846FFF770
:101930005FFF00BF1837BD4680BD80B582B000AFE5
:101940000346FB7197F907301846FFF71FFF00BFEA
:101950000837BD4680BD80B582B000AF0346FB713D
:1019600097F907301846FFF729FF00BF0837BD4633
:1019700080BD80B582B000AF78607868FFF794FFD3
:10198000034618460837BD4680BD80B582B000AF1B
:1019900078607B68002B01D1012314E07B681B7900
:1019A000DBB2002B05D17B6800225A717868FBF707
:1019B00033FF7B6802221A717B6800221A617B6800
:1019C00001221A71002318460837BD4680BD80B435
:1019D00083B000AF786039607B685B79012B01D1FF
:1019E000022339E07B6801225A717B6802221A7156
:1019F0007B681B68196801223B689A407B681B68FA
:101A00000A431A603B68002B0FD17B681B681B6878
:101A100003F03C033C2B18D17B681B685A687B6839
:101A20001B6842F001025A600FE07B681B681B686C
:101A300003F47013B3F5701F07D17B681B685A68F5
:101A40007B681B6842F002025A607B6801221A71AF
:101A50007B6800225A71002318460C37BD4680BCB3
:101A6000704780B487B000AFF860B9607A60002337
:101A70007B61FB685B79012B01D1022332E0FB68BB
:101A800001225A71FB6802221A71BB681A68BB688E
:101A90005B6813437A6913437B61FB681B681A68B0
:101AA00040F6FE717B6801FA03F3DB4302EA0301AF
:101AB0007A697B689A40FB681B680A431A60FB6876
:101AC0001B681968C0227B6802FA03F3DA43FB68DB
:101AD0001B680A401A60FB6801221A71FB68002229
:101AE0005A71002318461C37BD4680BC704780B42D
:101AF00087B000AFF860B9607A603B6000237B611B
:101B0000FB681B687B61BB68002B05D17A697B6829
:101B1000134408337B6104E07A697B68134414330F
:101B20007B617B691A463B681360002318461C37AB
:101B3000BD4680BC7047000080B48BB000AF7860B9
:101B400039600023FB610023BB6100237B6100231C
:101B50003B6200233B6100237B6279E101227B6AC7
:101B600002FA03F3FB613B681B68FA691340BB612F
:101B7000BA69FB699A4240F068813B685B68964AA3
:101B800093425ED0944A934275D8944A934258D077
:101B9000924A93426FD8924A934252D0904A9342CB
:101BA00069D8904A93424CD08E4A934263D88E4A69
:101BB000934246D08C4A93425DD8122B2AD8122BDE
:101BC00059D801A252F823F0431C01081D1C01083A
:101BD0002F1C0108711C0108771C0108771C0108E3
:101BE000771C0108771C0108771C0108771C010885
:101BF000771C0108771C0108771C0108771C010875
:101C0000771C0108771C0108771C0108251C0108B6
:101C1000391C0108754A934213D02CE03B68DB68FD
:101C20003B6229E03B68DB6804333B6224E03B68AD
:101C3000DB6808333B621FE03B68DB680C333B62C8
:101C40001AE03B689B68002B02D104233B6213E03F
:101C50003B689B68012B05D108233B627B68FA69CE
:101C60001A6109E008233B627B68FA695A6103E064
:101C700000233B6200E000BFBB69FF2B01D87B68FB
:101C800001E07B680433FB60BB69FF2B02D87B6AF1
:101C90009B0002E07B6A083B9B003B61FB681A6883
:101CA0000F213B6901FA03F3DB431A40396A3B69B0
:101CB00001FA03F31A43FB681A603B685B6803F0A0
:101CC0008053002B00F0C180494B9B69484A43F088
:101CD00001039361464B9B6903F00103BB60BB6842
:101CE000444A7B6A9B08023352F823307B617B6A4B
:101CF00003F003039B000F2202FA03F3DB437A692C
:101D000013407B617B683C4A93421FD07B683B4A0F
:101D1000934219D07B683A4A934213D07B68394A80
:101D200093420DD07B68384A934207D07B68374A8C
:101D3000934201D105230AE0062308E0042306E0CC
:101D4000032304E0022302E0012300E000237A6A77
:101D500002F00302920093407A6913437B612549A4
:101D60007B6A9B0802337A6941F823203B685B68F1
:101D700003F48033002B06D0254B1A682449BB6935
:101D800013430B6006E0224B1A68BB69DB43204912
:101D900013400B603B685B6803F40033002B06D0F4
:101DA0001B4B5A681A49BB6913434B6006E0184B3A
:101DB0005A68BB69DB43164913404B603B685B685C
:101DC00003F48013002B25D0114B9A681049BB698E
:101DD00013438B6025E000BF00003210000031107B
:101DE000000022100000211000001210000011104D
:101DF000001002400000014000080140000C0140BA
:101E0000001001400014014000180140001C014076
:101E100000040140134B9A68BB69DB43114913402E
:101E20008B603B685B6803F40013002B06D00D4BFE
:101E3000DA680C49BB691343CB6006E0094BDA68EA
:101E4000BB69DB4307491340CB607B6A01337B628C
:101E50007B6A0F2B7FF682AE00BF00BF2C37BD46DA
:101E600080BC70470004014080B485B000AF78604A
:101E70000B467B807B689A687B881340002B02D0DE
:101E80000123FB7301E00023FB73FB7B184614372F
:101E9000BD4680BC704780B483B000AF78600B460D
:101EA0007B8013467B707B78002B03D07A887B681D
:101EB0001A6103E07B881A047B681A6100BF0C3743
:101EC000BD4680BC7047000080B586B000AF78602A
:101ED00000233B617B681B6803F00103002B00F0CB
:101EE0008780924B5B6803F00C03042B0CD08F4B64
:101EF0005B6803F00C03082B12D18C4B5B6803F476
:101F00008033B3F5803F0BD1884B1B6803F400335B
:101F1000002B6CD07B685B68002B68D101232DE21D
:101F20007B685B68B3F5803F06D1804B1B687F4AB6
:101F300043F4803313602EE07B685B68002B0CD188
:101F40007A4B1B68794A23F480331360774B1B6804
:101F5000764A23F4802313601DE07B685B68B3F549
:101F6000A02F0CD1714B1B68704A43F4802313607F
:101F70006E4B1B686D4A43F4803313600BE06B4B70
:101F80001B686A4A23F480331360684B1B68674AF6
:101F900023F4802313607B685B68002B13D0FFF76A
:101FA000B9FB386108E0FFF7B5FB02463B69D31A7D
:101FB000642B01D90323E1E15C4B1B6803F400337C
:101FC000002BF0D014E0FFF7A5FB386108E0FFF725
:101FD000A1FB02463B69D31A642B01D90323CDE14F
:101FE000524B1B6803F40033002BF0D100E000BF1C
:101FF0007B681B6803F00203002B63D04B4B5B68CC
:1020000003F00C03002B0BD0484B5B6803F00C0370
:10201000082B1CD1454B5B6803F48033002B16D191
:10202000424B1B6803F00203002B05D07B681B6941
:10203000012B01D00123A1E13C4B1B6823F0F802E6
:102040007B685B69DB00394913430B603AE07B68CE
:102050001B69002B20D0364B01221A60FFF75AFB78
:10206000386108E0FFF756FB02463B69D31A022BA2
:1020700001D9032382E12D4B1B6803F00203002BDF
:10208000F0D02A4B1B6823F0F8027B685B69DB0009
:10209000264913430B6015E0254B00221A60FFF719
:1020A00039FB386108E0FFF735FB02463B69D31A7C
:1020B000022B01D9032361E11C4B1B6803F00203CF
:1020C000002BF0D17B681B6803F00803002B39D08C
:1020D0007B689B69002B19D0164B01221A60FFF711
:1020E00019FB386108E0FFF715FB02463B69D31A7C
:1020F000022B01D9032341E10C4B5B6A03F002037D
:10210000002BF0D0012000F0DFFA1BE0094B002289
:102110001A60FFF7FFFA38610EE0FFF7FBFA02469C
:102120003B69D31A022B07D9032327E10010024091
:102130000000424280044242924B5B6A03F0020379
:10214000002BEAD17B681B6803F00403002B00F02E
:10215000A6800023FB758B4BDB6903F08053002BBB
:102160000DD1884BDB69874A43F08053D361854B9F
:10217000DB6903F08053FB60FB680123FB75824B36
:102180001B6803F48073002B18D17F4B1B687E4AB9
:1021900043F480731360FFF7BDFA386108E0FFF77E
:1021A000B9FA02463B69D31A642B01D90323E5E04F
:1021B000754B1B6803F48073002BF0D07B68DB68E1
:1021C000012B06D16F4B1B6A6E4A43F00103136269
:1021D0002DE07B68DB68002B0CD16A4B1B6A694AD7
:1021E00023F001031362674B1B6A664A23F0040362
:1021F00013621CE07B68DB68052B0CD1614B1B6A0A
:10220000604A43F0040313625E4B1B6A5D4A43F06D
:10221000010313620BE05B4B1B6A5A4A23F0010374
:102220001362584B1B6A574A23F0040313627B68FE
:10223000DB68002B15D0FFF76DFA38610AE0FFF775
:1022400069FA02463B69D31A41F28832934201D9B6
:10225000032393E04B4B1B6A03F00203002BEED0E9
:1022600014E0FFF757FA38610AE0FFF753FA024625
:102270003B69D31A41F28832934201D903237DE0AE
:10228000404B1B6A03F00203002BEED1FB7D012BB8
:1022900005D13C4BDB693B4A23F08053D3617B681B
:1022A000DB69002B69D0374B5B6803F00C03082B0C
:1022B00061D07B68DB69022B46D1344B00221A6067
:1022C000FFF728FA386108E0FFF724FA02463B6975
:1022D000D31A022B01D9032350E02A4B1B6803F0C9
:1022E0000073002BF0D17B681B6AB3F5803F08D1E7
:1022F000244B5B6823F400327B689B6821491343BD
:102300004B60204B5B6823F474127B68196A7B680E
:102310005B6A0B431B4913434B601C4B01221A6041
:10232000FFF7F8F9386108E0FFF7F4F902463B6976
:10233000D31A022B01D9032320E0124B1B6803F0B0
:102340000073002BF0D018E0104B00221A60FFF74A
:10235000E1F9386108E0FFF7DDF902463B69D31A7D
:10236000022B01D9032309E0064B1B6803F000731D
:10237000002BF0D101E0012300E0002318461837BC
:10238000BD4680BD00100240007000406000424227
:1023900080B584B000AF786039600023FB607E4B6D
:1023A0001B6803F007033A689A4210D97A4B1B68FE
:1023B00023F0070278493B6813430B60764B1B6898
:1023C00003F007033A689A4201D00123E0E07B68FA
:1023D0001B6803F00203002B20D07B681B6803F00E
:1023E0000403002B05D06D4B5B686C4A43F4E0633B
:1023F00053607B681B6803F00803002B05D0674B14
:102400005B68664A43F460535360644B5B6823F037
:10241000F0027B689B68614913434B607B681B68D3
:1024200003F00103002B6AD07B685B68012B07D1A6
:102430005A4B1B6803F40033002B15D10123A7E08E
:102440007B685B68022B07D1544B1B6803F0007359
:10245000002B09D101239BE0504B1B6803F00203C2
:10246000002B01D1012393E04C4B5B6823F0030266
:102470007B685B68494913434B60FFF74BF9F86091
:102480007B685B68012B12D10AE0FFF743F9024633
:10249000FB68D31A41F28832934201D9032377E0D3
:1024A0003E4B5B6803F00C03042BEED127E07B6806
:1024B0005B68022B1DD10AE0FFF72CF90246FB688E
:1024C000D31A41F28832934201D9032360E0334B9F
:1024D0005B6803F00C03082BEED110E0FFF71AF94C
:1024E0000246FB68D31A41F28832934201D9032392
:1024F0004EE02A4B5B6803F00C03002BEED1264B19
:102500001B6803F007033A689A4210D2224B1B68FB
:1025100023F0070220493B6813430B601E4B1B68E6
:1025200003F007033A689A4201D0012330E07B6848
:102530001B6803F00403002B08D0184B5B6823F4DE
:10254000E0627B68DB68154913434B607B681B685E
:1025500003F00803002B09D0104B5B6823F4605292
:102560007B681B69DB000D4913434B6000F01CF8CE
:1025700002460A4B5B681B0903F00F030849CB5C5A
:1025800022FA03F3074A13600F20FFF793F80023A2
:1025900018461037BD4680BD0020024000100240A2
:1025A000FC7F01081C03002090B48AB000AF294BC7
:1025B0003C1D0FCB84E80F0040F201233B80002339
:1025C000FB610023BB6100237B6200237B6100234E
:1025D0003B62214B5B68FB61FB6903F00C03042B3E
:1025E00002D0082B03D02BE01C4B3B622BE0FB6995
:1025F0009B0C03F00F0328333B4413F8243C7B610E
:10260000FB6903F48033002B12D0134B5B685B0C27
:1026100003F0010328333B4413F8283CBB617B697A
:102620000E4A03FB02F2BB69B2FBF3F37B6204E0E8
:102630007B690B4A02FB03F37B627B6A3B6202E02D
:10264000064B3B6200BF3B6A18462837BD4690BC2C
:10265000704700BF186C01080010024000127A0099
:1026600000093D0080B400AF024B1B681846BD4610
:1026700080BC70471C03002080B500AFFFF7F2FF5D
:102680000246054B5B681B0A03F007030349CB5C5A
:1026900022FA03F3184680BD001002400C800108A6
:1026A00080B500AFFFF7DEFF0246054B5B68DB0A33
:1026B00003F007030349CB5C22FA03F3184680BDFD
:1026C000001002400C80010880B485B000AF786033
:1026D0000B4B1B680B4AA2FB03235B0A7A6802FBC5
:1026E00003F3FB6000BF00BFFB685A1EFA60002BBB
:1026F000F8D100BF00BF1437BD4680BC704700BF93
:102700001C030020D34D621080B582B000AF78600A
:102710007B68002B01D101231DE07B6893F83D30DD
:10272000DBB2002B06D17B68002283F83C2078685E
:1027300000F015F87B68022283F83D207B681A6858
:102740007B6804331946104600F084FA7B68012246
:1027500083F83D20002318460837BD4680BD80B46D
:1027600083B000AF786000BF0C37BD4680BC7047B7
:1027700080B582B000AF78607B68002B01D1012367
:102780001DE07B6893F83D30DBB2002B06D17B68FF
:10279000002283F83C20786800F015F87B6802225C
:1027A00083F83D207B681A687B680433194610461D
:1027B00000F050FA7B68012283F83D200023184680
:1027C0000837BD4680BD80B483B000AF786000BFDD
:1027D0000C37BD4680BC704780B582B000AF7860D2
:1027E00039607B681B6801223968184600F019FDC2
:1027F0007B681B68104A934204D07B681B680F4AB1
:10280000934201D1012300E00023002B07D07B6815
:102810001B685A6C7B681B6842F400425A647B68F0
:102820001B681A687B681B6842F001021A6000236B
:1028300018460837BD4680BD002C014000340140D9
:1028400080B582B000AF786039607B681B68002279
:102850003968184600F0E5FC7B681B68224A934201
:1028600004D07B681B68214A934201D1012300E018
:102870000023002B17D07B681B681A6A41F21113E2
:102880001340002B0FD17B681B681A6A40F2444347
:102890001340002B07D17B681B685A6C7B681B6850
:1028A00022F400425A647B681B681A6A41F21113D1
:1028B0001340002B0FD17B681B681A6A40F2444317
:1028C0001340002B07D17B681B681A687B681B6864
:1028D00022F001021A607B68012283F83D20002368
:1028E00018460837BD4680BD002C01400034014029
:1028F00080B584B000AFF860B9607A60FB6893F887
:102900003C30012B01D10223B4E0FB68012283F8A3
:102910003C20FB68022283F83D207B680C2B00F2F0
:102920009F8001A252F823F05D290108612A010865
:10293000612A0108612A01089D290108612A01080C
:10294000612A0108612A0108DF290108612A0108BA
:10295000612A0108612A01081F2A0108FB681B6817
:10296000B968184600F0F4F9FB681B689A69FB68BF
:102970001B6842F008029A61FB681B689A69FB6851
:102980001B6822F004029A61FB681B689969BB68A6
:102990001A69FB681B680A439A6162E0FB681B685E
:1029A000B968184600F04AFAFB681B689A69FB6828
:1029B0001B6842F400629A61FB681B689A69FB68B5
:1029C0001B6822F480629A61FB681B689969BB6886
:1029D0001B691A02FB681B680A439A6141E0FB68A5
:1029E0001B68B968184600F0A3FAFB681B68DA692F
:1029F000FB681B6842F00802DA61FB681B68DA6951
:102A0000FB681B6822F00402DA61FB681B68D96965
:102A1000BB681A69FB681B680A43DA6121E0FB683E
:102A20001B68B968184600F0FDFAFB681B68DA6994
:102A3000FB681B6842F40062DA61FB681B68DA69B4
:102A4000FB681B6822F48062DA61FB681B68D96945
:102A5000BB681B691A02FB681B680A43DA6100E065
:102A600000BFFB68012283F83D20FB68002283F849
:102A70003C20002318461037BD4680BD80B584B089
:102A800000AF786039600023FB607B6893F83C30CE
:102A9000012B01D10223D8E07B68012283F83C207E
:102AA0007B68022283F83D207B681B689B68FB6083
:102AB000FB6823F07703FB60FB6823F47F43FB6034
:102AC0007B681B68FA689A603B681B68B3F5005F17
:102AD00052D0B3F5005F00F2AE80B3F5805F27D02F
:102AE000B3F5805F00F2A780702B2AD0702B00F224
:102AF000A280602B63D0602B00F29D80502B4ED0C3
:102B0000502B00F29880402B69D0402B00F293802C
:102B1000302B00F08980302B00F28D80202B7CD070
:102B2000202B00F28880002B69D0102B6ED082E021
:102B30007B681B689A687B681B6822F007029A60B2
:102B40007AE07B6818683B6899683B685A683B681C
:102B5000DB6800F045FB7B681B689B68FB60FB68DB
:102B600023F07703FB60FB6843F07703FB607B682F
:102B70001B68FA689A605FE07B6818683B68996830
:102B80003B685A683B68DB6800F02AFB7B681B687F
:102B90009A687B681B6842F480429A604CE07B68CC
:102BA00018683B6859683B68DB681A4600F094FA7D
:102BB0007B681B685021184600F0F3FA3CE07B6804
:102BC00018683B6859683B68DB681A4600F0B6FA3B
:102BD0007B681B686021184600F0E3FA2CE07B68F4
:102BE00018683B6859683B68DB681A4600F074FA5D
:102BF0007B681B684021184600F0D3FA1CE07B6814
:102C00001B680021184600F0CCFA15E07B681B68B1
:102C10001021184600F0C5FA0EE07B681B682021E1
:102C2000184600F0BEFA07E07B681B6830211846A2
:102C300000F0B7FA00E000BF7B68012283F83D2076
:102C40007B68002283F83C20002318461037BD46DD
:102C500080BD000080B485B000AF7860396000238B
:102C6000FB607B681B68FB607B68344A934213D02F
:102C70007B68334A93420FD07B68B3F1804F0BD00F
:102C80007B68304A934207D07B682F4A934203D037
:102C90007B682E4A934208D1FB6823F07003FB60E7
:102CA0003B685B68FA681343FB607B68234A934286
:102CB00013D07B68224A93420FD07B68B3F1804FD8
:102CC0000BD07B681F4A934207D07B681E4A934211
:102CD00003D07B681D4A934208D1FB6823F44073FC
:102CE000FB603B68DB68FA681343FB60FB6823F01A
:102CF0008003FB603B685B69FA681343FB607B6899
:102D0000FA681A603B689A687B68DA623B681A68FE
:102D10007B689A627B68094A934203D07B68084AC1
:102D2000934203D13B681A697B681A637B6801226E
:102D30005A6100BF1437BD4680BC7047002C01406B
:102D4000003401400004004000080040000C004036
:102D500080B487B000AF786039600023FB60002347
:102D60007B6100233B617B681B6A23F001027B6867
:102D70001A627B681B6A7B617B685B683B617B686E
:102D80009B69FB60FB6823F07003FB60FB6823F02A
:102D90000303FB603B681B68FA681343FB607B69B5
:102DA00023F002037B613B689B687A6913437B6174
:102DB0007B68204A934203D07B681F4A93420CD120
:102DC0007B6923F008037B613B68DB687A69134306
:102DD0007B617B6923F004037B617B68154A934226
:102DE00003D07B68144A934211D13B6923F480736A
:102DF0003B613B6923F400733B613B685B693A6963
:102E000013433B613B689B693A6913433B617B68B1
:102E10003A695A607B68FA689A613B685A687B68CD
:102E20005A637B687A691A6200BF1C37BD4680BC52
:102E3000704700BF002C01400034014080B487B0CF
:102E400000AF786039600023FB6000237B610023C2
:102E50003B617B681B6A23F010027B681A627B6807
:102E60001B6A7B617B685B683B617B689B69FB607D
:102E7000FB6823F4E043FB60FB6823F44073FB60D2
:102E80003B681B681B02FA681343FB607B6923F0F5
:102E900020037B613B689B681B017A6913437B615C
:102EA0007B68214A934203D07B68204A93420DD12C
:102EB0007B6923F080037B613B68DB681B017A69D7
:102EC00013437B617B6923F040037B617B68164A77
:102ED000934203D07B68154A934213D13B6923F494
:102EE00080633B613B6923F400633B613B685B6942
:102EF0009B003A6913433B613B689B699B003A69BD
:102F000013433B617B683A695A607B68FA689A614F
:102F10003B685A687B689A637B687A691A6200BF6B
:102F20001C37BD4680BC7047002C01400034014076
:102F300080B487B000AF786039600023FB60002365
:102F40007B6100233B617B681B6A23F480727B6892
:102F50001A627B681B6A7B617B685B683B617B688C
:102F6000DB69FB60FB6823F07003FB60FB6823F008
:102F70000303FB603B681B68FA681343FB607B69D3
:102F800023F400737B613B689B681B027A691343DF
:102F90007B617B68214A934203D07B68204A93423D
:102FA0000DD17B6923F400637B613B68DB681B0206
:102FB0007A6913437B617B6923F480637B617B685F
:102FC000164A934203D07B68154A934213D13B695A
:102FD00023F480533B613B6923F400533B613B681E
:102FE0005B691B013A6913433B613B689B691B01A9
:102FF0003A6913433B617B683A695A607B68FA68B7
:10300000DA613B685A687B68DA637B687A691A62BE
:1030100000BF1C37BD4680BC704700BF002C01407C
:103020000034014080B487B000AF7860396000237D
:103030003B610023FB6000237B617B681B6A23F4F8
:1030400080527B681A627B681B6AFB607B685B68E6
:103050007B617B68DB693B613B6923F4E0433B6157
:103060003B6923F440733B613B681B681B023A6970
:1030700013433B61FB6823F40053FB603B689B6890
:103080001B03FA681343FB607B68114A934203D029
:103090007B68104A934209D17B6923F480437B61AA
:1030A0003B685B699B017A6913437B617B687A6942
:1030B0005A607B683A69DA613B685A687B681A64CF
:1030C0007B68FA681A6200BF1C37BD4680BC704737
:1030D000002C01400034014080B487B000AFF8609C
:1030E000B9607A6000237B6100233B61FB681B6A47
:1030F0003B61FB681B6A23F00102FB681A62FB68F4
:103100009B697B617B6923F0F0037B617B681B011A
:103110007A6913437B613B6923F00A033B613A6997
:10312000BB6813433B61FB687A699A61FB683A6943
:103130001A6200BF1C37BD4680BC704780B487B0A0
:1031400000AFF860B9607A6000237B6100233B61C7
:10315000FB681B6A23F01002FB681A62FB689B691C
:103160007B61FB681B6A3B617B6923F470437B6175
:103170007B681B037A6913437B613B6923F0A003DF
:103180003B61BB681B013A6913433B61FB687A6989
:103190009A61FB683A691A6200BF1C37BD4680BC61
:1031A000704780B485B000AF78600B467B80002309
:1031B000FB607B689B68FB60FB6823F07003FB602F
:1031C0007B8843F007039BB21A46FB681343FB60FE
:1031D0007B68FA689A6000BF1437BD4680BC7047B0
:1031E00080B487B000AFF860B9607A603B600023BC
:1031F0007B61FB689B687B617B6923F47F437B6118
:103200003B681A027B681A43BB6813437A6913430D
:103210007B61FB687A699A6000BF1C37BD4680BC41
:10322000704780B487B000AFF860B9607A6000235F
:103230007B610122BB6802FA03F37B61FB681A6AB7
:103240007B69DB431A40FB681A62FB681A6A79687B
:10325000BB6801FA03F31A43FB681A6200BF1C370C
:10326000BD4680BC704780B485B000AF78603960DF
:103270000023FB607B6893F83C30012B01D10223D3
:1032800044E07B68012283F83C20FB6823F0FF02C6
:103290003B68DB681343FB60FB6823F440723B68C8
:1032A0009B681343FB60FB6823F480623B685B68A8
:1032B0001343FB60FB6823F400623B681B68134305
:1032C000FB60FB6823F480523B681B691343FB607F
:1032D000FB6823F400523B685B691343FB60FB68A7
:1032E00023F480423B689B691343FB60FB6823F433
:1032F00000423B689B691343FB607B681B68FA686C
:103300005A647B68002283F83C2000231846143757
:10331000BD4680BC704780B483B000AF7860396030
:103320007B6893F83C30012B01D1022332E07B68AB
:10333000012283F83C207B68022283F83D207B68D1
:103340001B685A687B681B6822F070025A607B68B1
:103350001B6859683B681A687B681B680A435A6097
:103360007B681B689A687B681B6822F080029A6001
:103370007B681B6899683B685A687B681B680A43CE
:103380009A607B68012283F83D207B68002283F8E5
:103390003C20002318460C37BD4680BC704780B5E2
:1033A00082B000AF78607B68002B01D101233FE041
:1033B0007B6893F83930DBB2002B06D17B680022A2
:1033C00083F83820786800F037F87B68242283F887
:1033D00039207B681B68DA687B681B6822F400521E
:1033E000DA60786800F032F87B681B681A697B68DD
:1033F0001B6822F490421A617B681B685A697B68DB
:103400001B6822F02A025A617B681B68DA687B68B5
:103410001B6842F40052DA607B680022DA637B6842
:10342000202283F839207B68202283F83A20002369
:1034300018460837BD4680BD80B483B000AF7860C1
:1034400000BF0C37BD4680BC70470000B0B584B0EB
:1034500000AF78600023FB607B681B681B6923F466
:1034600040517B68DA687B681B680A431A617B6895
:103470009A687B681B691A437B685B691343FA6827
:103480001343FB607B681B68DB6823F4B05323F0B5
:103490000C037A681268F9680B43D3607B681B6879
:1034A0005B6923F440717B689A697B681B680A43F7
:1034B0005A617B681B686F4A93426BD1FFF7F0F843
:1034C000024613469B0013449A001A447B685B68CB
:1034D0009B00B2FBF3F3684AA2FB03235B091C01C8
:1034E000FFF7DEF8024613469B0013449A001A4485
:1034F0007B685B689B00B2FBF3F5FFF7D1F80246EF
:1035000013469B0013449A001A447B685B689B0037
:10351000B2FBF3F3584AA2FB03235B09642202FBCC
:1035200003F3EB1A1B013233534AA2FB03235B095B
:1035300003F0F0031C44FFF7B3F8024613469B0068
:1035400013449A001A447B685B689B00B2FBF3F556
:10355000FFF7A6F8024613469B0013449A001A444C
:103560007B685B689B00B2FBF3F3434AA2FB032337
:103570005B09642202FB03F3EB1A1B0132333E4A60
:10358000A2FB03235B0903F00F027B681B68224444
:103590009A606AE0FFF770F8024613469B001344F6
:1035A0009A001A447B685B689B00B2FBF3F3324AD3
:1035B000A2FB03235B091C01FFF75EF802461346DA
:1035C0009B0013449A001A447B685B689B00B2FB23
:1035D000F3F5FFF751F8024613469B0013449A0097
:1035E0001A447B685B689B00B2FBF3F3224AA2FBA0
:1035F00003235B09642202FB03F3EB1A1B01323342
:103600001D4AA2FB03235B0903F0F0031C44FFF7F0
:1036100033F8024613469B0013449A001A447B6811
:103620005B689B00B2FBF3F5FFF726F802461346F2
:103630009B0013449A001A447B685B689B00B2FBB2
:10364000F3F30D4AA2FB03235B09642202FB03F39D
:10365000EB1A1B013233084AA2FB03235B0903F078
:103660000F027B681B6822449A6000BF1037BD467A
:10367000B0BD00BF003801401F85EB5180B400AFE2
:10368000054B1B7D054B5B69044A43F00103536105
:1036900000BFBD4680BC704760340020000401407C
:1036A00080B400AF084B1B7DDBB2012B01D1064B70
:1036B000DB7D064B5B69054A43F00203536100BFA3
:1036C000BD4680BC704700BF60340020000401404C
:1036D00080B400AF0B4B1B7DDBB2012B08D1094B33
:1036E0001B7EDBB2012B03D1064BDB7DDBB2002B53
:1036F000054B5B69044A43F00403536100BFBD46B8
:1037000080BC7047603400200004014080B400AFEA
:103710000A4B1B7DDBB2012B06D1084B1B7EDBB2B3
:10372000012B01D1054BDB7D054B5B69044A43F05E
:103730000803536100BFBD4680BC70476034002061
:103740000004014080B400AF044B5B69034A43F0BE
:103750001003536100BFBD4680BC704700040140A8
:1037600080B400AF2C4B5B6903F48063B3F5806FCA
:1037700005D1294B5B69284A43F480635361264B8A
:103780005B6903F40053002B05D0234B5B69224A8D
:1037900043F400535361204B5B6903F48043002BD7
:1037A00005D01D4B5B691C4A43F4804353611A4B9F
:1037B0005B6903F48053002B05D0174B5B69164AF5
:1037C00043F480535361144B5B6903F40063002B93
:1037D00005D0114B5B69104A43F4006353610E4BF3
:1037E0005B6903F48063002B05D00B4B5B690A4ACD
:1037F00043F480635361084B5B6903F40043002B7F
:1038000005D0054B5B69044A43F40043536100BF94
:10381000BD4680BC704700BF0004014090B599B020
:1038200018AF354B5968354B1B781A46C9B2344B23
:103830009954324B1B780133DAB2304B1A702F4B4C
:103840001B78012B07D12E4B1B785A2B44D02B4BC6
:1038500000221A704DE0294B1B78022B0BD1284B0C
:103860001B785A2B03D1264B5B78A52B34D0234BE6
:1038700000221A703DE0214B1B78022B2CD91F4BE4
:103880001B78033B1E4A9278934225D11B4B1A7832
:103890001B4B83F86420194B00221A70184BDB78FD
:1038A000832B0CD1164B1B79602B08D1144B5B7901
:1038B000002B04D1134B1B68134898470CE0104CA5
:1038C000684604F10C035922194600F0C3FE94E83F
:1038D0000E000E48EFF7D6FC084B1B781E2B02D9C2
:1038E000064B00221A70044B1B68034A23F0200386
:1038F00013600437BD4690BD00440040B53700203A
:10390000503700207001002058370020A82B0020DD
:103910002DE9B04300AF4B4B1B680133494A13609C
:10392000484B1B68B3F5FA7F05D9464B00221A6055
:103930000020FCF781FC444B1B680133424A1360B2
:10394000414B1B68322B06D93F4B00221A603F4B7C
:10395000012283F828203D4B1B78DBB20A2B3DD98E
:103960003B4B1B6801333A4A1360394B1B68B3F574
:103970007A7F33D3364B00221A60364B1B680133F3
:10398000344A1360334B1B68772B27D9314B002205
:103990001A602E4B00221A702020FAF705F82B4BE4
:1039A0005B7DDBB2002B0AD10A222B4947F2106063
:1039B000FAF7A2F811212948FAF71EF90EE0234B75
:1039C0005B7DDBB2012B09D10A22254947F2106049
:1039D000FAF792F818212348FAF70EF91B4B1B78D7
:1039E000DBB20A2B15D9204B1B78002B0AD01F4BBA
:1039F000D3E9002312F1010843F100091B4BC3E98D
:103A0000008906E019494FF000024FF00003C1E9B8
:103A10000023174B1B78002B09D0164BD3E900234A
:103A2000541C43F10005134BC3E9004506E011495E
:103A30004FF000024FF00003C1E9002300BFBDE8D2
:103A4000B08300BFB8370020BC37002060340020AE
:103A5000C0370020B4350020286C0108346C010800
:103A6000486C0108546C0108B8350020C0350020AE
:103A7000C8350020D035002080B500AF084B1B6949
:103A800003F00103002B08D00020F4F747F8044BA3
:103A90001B69034A23F00103136100BF80BD00BF0F
:103AA000000C004080B400AF194B1B68184A23F08B
:103AB00020031360164B5968164B1B781A46C9B27F
:103AC000154B9954134B1B780133DAB2114B1A7012
:103AD000114B1B78002B03D00E4B00221A7013E001
:103AE0000C4B1B78013B0C4AD35CFF2B0CD1094BD0
:103AF0001B78023B084AD35CFF2B05D1054B002203
:103B00001A70064B01221A70BD4680BC704700BF78
:103B100000380140C4370020943300209033002047
:103B200080B500AF00F006FD40F2DC50FDF727F84D
:103B30000520FDF7DBFEEDF74DFAF4F719FEFDF772
:103B40007DF9FDF731F8FCF74BFB2748EFF788FBD1
:103B50002648EFF785FBFCF75BFFFCF793FEFBF7CE
:103B60000BF82020F9F744FF214B002283F847206F
:103B7000FDF772FDEDF712FC08221E494FF40040DC
:103B8000F9F75AFF01221C494FF40040F9F754FF9E
:103B9000174B0022DA75164B00229A75144B01223E
:103BA00083F8502008211548FCF7D6FEFBF74EFF9E
:103BB0000020F9F7B7FE00F023F8EFF7EDFBF8F778
:103BC00043FE01210020FCF735FD0346002B01D107
:103BD000F9F71CFD01210120FCF72CFD0346002B09
:103BE000E4D1F9F73BFDE1E7A82B0020C02300203A
:103BF00060340020706C01087C6C01080800002013
:103C000080B500AF0020F8F723FF00F091F9B04B2A
:103C100093F83730DBB2002B56D00C20FDF706FAB4
:103C20000346012B25D1AB4B01221A70A84B5B7DBB
:103C3000DBB2002B04D11821A748F9F7F7FF08E001
:103C4000A34B5B7DDBB2012B03D12021A348F9F705
:103C5000EDFF0120F9F79AF80220F9F797F8032011
:103C6000F9F794F80420F9F791F80520F9F78EF8A0
:103C70005AE10C20FDF7DAF90346002B24D1954BCD
:103C80001B78012B20D10220FCF779FF0C20FDF7D7
:103C9000CDF90346002B17D18E4B00221A708C4BA6
:103CA0005B7DDBB2002B04D114218D48F9F7BEFFF8
:103CB00008E0874B5B7DDBB2012B03D114218948DF
:103CC000F9F7B4FFF9F79AFA814B1B7DDBB2012BB0
:103CD00056D10320FDF75AF80346002B2ED10520BC
:103CE000FCF74DFF0320FDF751F80346002B47D1A9
:103CF0007D4B01221A70764B5B7DDBB2002B04D129
:103D000020217A48F9F778FF08E0714B5B7DDBB240
:103D1000012B03D124217648F9F76EFF0120F9F732
:103D200035F80220F9F732F80320F9F72FF80420CC
:103D3000F9F72CF80520F9F729F8F5E00320FDF74D
:103D400025F80346012B1BD1674B1B78012B17D19C
:103D5000654B00221A705E4B5B7DDBB2002B04D1F9
:103D600018216448F9F762FF08E0594B5B7DDBB22C
:103D7000012B03D11D216048F9F758FFF9F73EFAEE
:103D80000020F8F7FFF9F8F785F9514B9B7DDBB27E
:103D9000012B11D14E4B93F82E30DBB2002B02D009
:103DA0000020F8F7CFFB4A4B93F82F30DBB2002B03
:103DB00002D00020F8F788FC454B1B7DDBB2032BBB
:103DC00000F09E80032B00F3AF80012B02D0022B6A
:103DD00031D0A9E03E4B9B7DDBB2012B40F09F80B0
:103DE0003B4BDB7DDBB2012B02D00020F7F7DAFE84
:103DF0000020F4F73FFF0020F5F7EAFA344B93F880
:103E00003130DBB2002B10D00120FCF7BFFF03469E
:103E1000002B0AD1394B03F5805393F82430002B43
:103E200003D02B4B0022DA767EE00020F6F782F8F2
:103E3000F3F7F6FE73E00020F6F77CF80020F4F7C5
:103E400019FF0020F5F7C4FA0020F5F75DFD204BBF
:103E5000DB7DDBB2012B02D00020F7F7A3FE1C4B69
:103E600093F84730DBB2042B5BD00020FCF7AEFFA9
:103E70000346002B17D00120FCF7A8FF0346002BB8
:103E800011D00220FCF7A2FF0346002B0BD0032029
:103E9000FCF79CFF0346002B05D00420FCF796FF9F
:103EA0000346002B3DD10120F8F770FF0220F8F700
:103EB0006DFF0320F8F76AFF054B012283F84620C7
:103EC0000420F8F763FF0520F8F760FF29E000BF42
:103ED00060340020C5370020806C01089C6C01080C
:103EE000C06C0108D86C0108C6370020F06C0108CE
:103EF000106D0108386D0108546D0108A4030020FD
:103F00000A4B9B7DDBB2012B0DD10020F7F708FC9B
:103F10000020F4F7AFFE0020F5F75AFA03E000BFE7
:103F200002E000BF00E000BF80BD00BF60340020A1
:103F300080B500AFA94B93F83730DBB2002B22D00D
:103F40000C20FDF773F80346012B13D1A44B1B780B
:103F5000012B0FD10220FCF712FE0C20FDF766F8B2
:103F60000346012B06D19E4B00221A709B4B022266
:103F700083F825200C20FDF759F80346002B02D1C9
:103F8000974B01221A700220FCF700FF0346002B1A
:103F90006FD1944B1B78012B6BD10A20FCF7EFFDFE
:103FA0000220FCF7F3FE0346002B62D18D4B00226A
:103FB0001A708A4B93F83830DBB2002B3DD0874B18
:103FC0001B7DDBB2012B38D0844B5B7DDBB2002B39
:103FD00004D10F218448F9F70FFE08E07F4B5B7D89
:103FE000DBB2012B03D116218048F9F705FE7B4B8C
:103FF00001221A75794B1B7DDBB219464620F9F771
:10400000B7FB764B1B7DDBB21846FBF765FC012046
:10401000FDF70CF80346002B0FD1704B9B7DDBB2F4
:10402000012B0AD16D4B5B7FDBB2012B02D1032048
:10403000F8F7D6FD0520F8F7D3FD684B1B7DDBB202
:10404000012B40F0F4810120FCF7C0FE0346002B59
:1040500006D1624B002283F846200420F8F796FE32
:104060005E4B9B7DDBB2002B03D15C4B012283F8BE
:104070003F200220FCF78AFE0346012B02D1594B58
:1040800001221A70554B1B7DDBB2012B40F0D18110
:104090000320FCF77BFE0346002B13D1544B1B7807
:1040A000012B0FD10520FCF76AFD0320FCF76EFE03
:1040B0000346002B06D14E4B00221A70474B0122BB
:1040C00083F825200320FCF761FE0346012B02D173
:1040D000474B01221A70414B9B7DDBB2002B05D16F
:1040E0003E4BDB7DDBB2002B40F0A5813B4B93F8D0
:1040F0003130DBB2002B40F0BF80384B93F82C30CE
:10410000DBB2012B48D1354B93F82030DBB2002BCA
:1041100042D1384B03F5805393F82430002B3BD128
:104120000220FCF783FF0346002B00F08880032069
:10413000FCF77CFF0346002B00F08180274B93F8AF
:104140002430DBB2002B7AD00A20FCF718FD0220C5
:10415000FCF76CFF0346002B71D00320FCF766FFD1
:104160000346002B6BD01D4B5B7DDBB2002B04D1D3
:104170000D212148F9F740FD08E0184B5B7DDBB2CB
:10418000012B03D114211D48F9F736FD134B5B7E3B
:10419000DAB2124BDA7652E00020FCF7F7FD034664
:1041A000002B42D1164B1B78012B3ED10A20FCF785
:1041B000E6FC0A4B93F82430DBB2002B22D000201F
:1041C000FCF7E4FD0346002B2FD10D4B00221A70A3
:1041D000024B5B7EDAB2014BDA7626E060340020D7
:1041E0001503002016030020746D0108846D01087A
:1041F00017030020A40300209C6D0108AC6D01088A
:10420000180300208D4B5B7DDBB2002B04D10A210B
:104210008B48F9F7F1FC08E0884B5B7DDBB2012BA2
:1042200003D113218748F9F7E7FC0020FCF7AEFD26
:104230000346012B04D1844B01221A7000E000BF19
:104240007E4B93F82130DBB2002B00F08A800120F6
:10425000FCF79CFD0346002B00F083800A20FCF74E
:104260008EFC0120FCF792FD0346002B79D0734BA6
:10427000012283F8232074E0704BDB7EDBB2002B3D
:104280004AD10220FCF7D2FE0346002B44D0032083
:10429000FCF7CCFE0346002B3ED0684B93F824304D
:1042A000DBB2002B04D1654BDB7DDBB2042B33D1B9
:1042B0000A20FCF764FC654B1B8801339AB2634B00
:1042C0001A80624B1B88092B26D9604B00221A806A
:1042D0000220FCF7ABFE0346002B1DD00320FCF7A9
:1042E000A5FE0346002B17D0544B5B7DDBB2002BA1
:1042F00004D10D215648F9F77FFC08E04F4B5B7D58
:10430000DBB2012B03D114215248F9F775FC4B4B5A
:104310005B7EDAB2494BDA76484B93F82330DBB256
:10432000002B1ED1454B93F82130DBB2002B05D179
:10433000424B93F82230DBB2002B12D00120FCF765
:1043400025FD0346002B0CD00A20FCF718FC0120A9
:10435000FCF71CFD0346002B03D0384B012283F8E9
:1043600023203D4B1B7F002B57D1344B93F821303A
:10437000DBB2002B51D10120FCF708FD0346002BD6
:104380004BD1364B1B78012B47D10A20FCF7F7FBAA
:104390000120FCF7FBFC0346002B3ED1274B93F892
:1043A0003230DBB2002B25D12D4B5B6B4FF000017F
:1043B0001846ECF7E5FD0346002B07D0274B0022FB
:1043C0001A701E4B012283F8202026E01B4B5B7DD8
:1043D000DBB2002B04D11B212248F9F70DFC1CE0B5
:1043E000164B5B7DDBB2012B17D121211E48F9F75B
:1043F00003FC12E0114B5B7DDBB2002B04D11021DA
:104400001A48F9F7F9FB08E00C4B5B7DDBB2012B96
:1044100003D11D211648F9F7EFFB0120FCF7B6FC8C
:104420000346012B08D10D4B01221A7004E000BF96
:1044300002E000BF00E000BF80BD00BF603400208C
:10444000C46D0108D06D010818030020C837002092
:104450009C6D0108AC6D0108A40300201903002025
:10446000BC340020E46D0108006E0108246E0108D0
:10447000386E010880B584B000AF7860114B1B68BE
:10448000002B02D10F4B104A1A600E4B1B68FB60C9
:104490000C4B1A687B6813446A46934207D900F0B4
:1044A000AFF803460C221A604FF0FF3306E0054BCD
:1044B0001A687B681344034A1360FB681846103778
:1044C000BD4680BDCC370020E037002080B400AF6F
:1044D000154B1B68144A43F001031360124B5A68D2
:1044E0001149124B13404B600F4B1B680E4A23F0CF
:1044F000847323F4803313600B4B1B680A4A23F444
:1045000080231360084B5B68074A23F4FE03536063
:10451000054B4FF41F029A60054B4FF000629A6002
:1045200000BFBD4680BC7047001002400000FFF88D
:1045300000ED00E080B590B000AF07F1180328222D
:104540000021184600F094F83B1D00221A605A60C2
:104550009A60DA601A610123BB614FF48033FB611A
:1045600000233B620123BB6202237B634FF4803351
:10457000BB634FF4E013FB6307F118031846FDF724
:10458000A3FC0F237B600223BB600023FB604FF47E
:1045900080633B6100237B613B1D02211846FDF7D0
:1045A000F7FE00BF4037BD4680BD00000D48854680
:1045B0000D480E490E4A002302E0D458C45004337B
:1045C000C4188C42F9D30B4A0B4C002301E0136052
:1045D0000432A242FBD3FFF779FF00F017F8FFF790
:1045E0009FFAFEE700000120000000208403002065
:1045F0005080010888030020E0370020FEE700001B
:10460000014B1868704700BF2003002070B50026DA
:104610000C4D0D4C641BA410A64209D100F09CFC6B
:1046200000260A4D0A4C641BA410A64205D170BD99
:1046300055F8043B98470136EEE755F8043B984798
:104640000136F2E7488001084880010848800108E7
:104650004C8001080A44914200F1FF3300D17047B9
:1046600010B511F8014B914203F8014FF9D110BD7B
:1046700003460244934200D1704703F8011BF9E757
:104680000EB46FF0004100B59CB01DAB02900690D7
:10469000079104910848094953F8042B05910068D3
:1046A00002A9019300F068F80022029B1A701CB066
:1046B0005DF804EB03B07047200300200802FFFF01
:1046C0002DE9F0478E6882469E420C4690461F4672
:1046D00038D88A8912F4906F32D02568096901337D
:1046E000A5EB010965694B4405EB450505EBD5755F
:1046F0006D109D4238BF1D46530531D5294600F047
:1047000061FB064650B90C234FF0FF30CAF8003069
:10471000A38943F04003A381BDE8F0874A4621699D
:10472000FFF798FFA38923F4906343F08003A381EC
:1047300026614E4426603E466561A5EB0905A560ED
:10474000BE4200D93E4632464146206800F0B8FAE3
:10475000A36800209B1BA360236833442360DBE72E
:104760002A4600F0A3FB06460028E1D15046216905
:1047700000F0C0FAC7E700002DE9F04F98468B899A
:1047800007461B060D4614469DB00ED50B6963B94E
:10479000402100F017FB2860286120B90C233B6002
:1047A0004FF0FF30D1E040236B61002309932023B9
:1047B0008DF8293030234FF00109CDF80C80DFF857
:1047C000A4818DF82A3023469A4613F8012B0AB1AA
:1047D000252AF9D1BAEB040B0BD05B4622462946B9
:1047E0003846FFF76DFF013000F0AA80099A5A445D
:1047F00009929AF80030002B00F0A28000234FF0BD
:10480000FF32CDE905230AF1010A049307938DF8DD
:1048100053301A935446052214F8011B514800F0F6
:1048200041FA049AD8B9D00644BF20238DF85330FA
:10483000110744BF2B238DF853309AF800302A2BF0
:1048400015D0544600204FF00A0C079A214611F863
:10485000013B303B092B4ED9B0B1079214E0A0EBDD
:10486000080309FA03F31343A2460493D2E7039B18
:10487000191D1B680391002BBBBF5B4242F0020273
:1048800007930793B8BF049223782E2B0CD163783B
:104890002A2B35D1039B02341A1D1B680392002B6F
:1048A000B8BF4FF0FF330593DFF8BCA0032250469A
:1048B000217800F0F7F940B14023A0EB0A0003FA99
:1048C00000F0049B01340343049314F8011B0622F7
:1048D00026488DF8281000F0E5F9002838D0244B40
:1048E0001BBB039B073323F0070308330393099B88
:1048F0003344099367E70C4601200CFB0232A5E71D
:1049000000234FF00A0C194601340593204610F895
:10491000012B303A092A03D9002BC5D00591C3E7F2
:10492000044601230CFB0121F0E703AB00932A4668
:104930003846104B04A9AFF30080421C0646D6D17E
:10494000AB895B063FF52CAF09981DB0BDE8F08F31
:1049500003AB00932A463846064B04A900F07CF8C6
:10496000EBE700BF148001081A8001081E800108CF
:1049700000000000C14601082DE9F047164699469F
:104980008A680B6907469342B8BF1346336091F8B3
:1049900043200C46DDF820800AB1013333602368E0
:1049A000990642BF336802333360256815F0060567
:1049B00006D104F1190AE36832689B1AAB4228DC7D
:1049C00094F84320131E226818BF012392062DD4A9
:1049D0004946384604F14302C047013020D02368DD
:1049E000E56803F00603042B18BF002532684FF07A
:1049F0000006A36808BFAD1A226908BF25EAE5755D
:104A00009342C4BF9B1AED181A34B5421AD1002044
:104A100008E00123524649463846C047013003D1D9
:104A20004FF0FF30BDE8F0870135C4E73020E118D2
:104A300081F843005A1C94F845102244023382F84E
:104A40004310C5E70123224649463846C047013096
:104A5000E6D00136D9E700002DE9FF470F7E9146E9
:104A6000782F80460C469A460C9D01F1430207D8E8
:104A7000622F0AD8002F00F0D980582F00F0A480B0
:104A800004F1420584F842703AE0A7F16303152B64
:104A9000F6D801A151F823F0F14A0108054B0108AD
:104AA000814A0108814A0108814A0108814A0108B6
:104AB000054B0108814A0108814A0108814A010821
:104AC000814A0108134C0108354B0108F54B0108D8
:104AD000814A0108814A0108354C0108814A0108D0
:104AE000354B0108814A0108814A0108FD4B010844
:104AF0002B681A1D1B682A6004F1420584F84230B5
:104B00000123A4E020682968060601F104030AD500
:104B10000E682B60002E03DA2D23764284F8433092
:104B20000A235E4819E00E6810F0400F2B6018BF92
:104B300036B2EFE72B682068191D2960010601D500
:104B40001E6802E04606FBD51E886F2F0CBF0823A7
:104B50000A235248002184F843106568002DA8BF3D
:104B60002168A560A4BF21F0040121600EB9002DC9
:104B70004DD01546B6FBF3F103FB1167C75D05F891
:104B8000017D3746BB420E46F4D9082B0BD1236872
:104B9000DE0708D5236961689942DEBF302305F836
:104BA000013C05F1FF35521B22614B462146404630
:104BB000CDF800A003AAFFF7DFFE01304CD14FF083
:104BC000FF3004B0BDE8F087344881F845702968AB
:104BD000236851F8046B29601D0614D5DF0744BF14
:104BE00043F0200323601EB9236823F020032360D1
:104BF0001023AFE7236843F020032360782328487D
:104C000084F84530E3E7590648BFB6B2E6E71546F3
:104C1000BBE72B682668181D6169286035061B688C
:104C200001D5196002E07006FBD5198000231546F6
:104C30002361BAE72B6800211A1D2A601D6862688B
:104C4000284600F02FF808B1401B606063682361BC
:104C5000002384F84330A8E72A46494640462369A2
:104C6000D0470130ABD023689B0713D4E068039B87
:104C70009842B8BF1846A4E7012332464946404649
:104C8000D04701309BD00135E36803995B1AAB42F2
:104C9000F2DCEBE7002504F11906F5E725800108B1
:104CA00036800108034610B5C9B202449342184643
:104CB00001D1002003E0047801338C42F6D110BD0D
:104CC000884210B501EB020402D98442234607D87A
:104CD000431EA14208D011F8012B03F8012FF8E779
:104CE000014602448A4200D110BD13F8014D02F87A
:104CF000014DF7E738B50546002940D051F8043C8E
:104D00000C1F002BB8BFE41800F010F91C4A136800
:104D100033B9636014602846BDE8384000F00CB930
:104D2000A34208D9206821188B4201BF19685B682B
:104D300009182160EDE71A465B680BB1A342FAD966
:104D400011685018A0420BD12068014450188342CA
:104D50001160E0D118685B68014411605360DAE7C4
:104D600002D90C232B60D6E7206821188B4201BFA3
:104D700019685B680918216063605460CBE738BD2F
:104D8000D037002070B50E4E0C463168054611B97B
:104D900000F0BCF830602146284600F0B7F8431C0C
:104DA0000AD0C41C24F00304A04207D0211A2846CC
:104DB00000F0ACF8013001D14FF0FF34204670BD57
:104DC000D43700202DE9F041CD1C25F0030508352E
:104DD0000C2D38BF0C25002D074601DBA94205D953
:104DE0000C2300263B603046BDE8F0812E4E00F0DB
:104DF0009DF833681C4634BB29463846FFF7C2FF8E
:104E0000431C04464DD134682646002E40D1236809
:104E10003146384604EB030800F078F880453AD173
:104E2000216803356D1A25F0030508350C2D38BFB0
:104E30000C2538462946FFF7A5FF01302BD0236803
:104E40002B4423600EE02268521B1ED40B2A16D975
:104E50006119A342256018BF5960636808BF3160BB
:104E600062514B60384604F10B0600F065F826F0FD
:104E70000706231DF21AB6D09B1BA350B3E7626846
:104E8000A3420CBF32605A60ECE723466468B2E785
:104E900034467668B9E70C2338463B6000F04CF89E
:104EA000A1E72560DEE700BFD03700202DE9F04103
:104EB000804614460E4621B91146BDE8F041FFF781
:104EC00081BF2AB9FFF716FF25462846BDE8F081C5
:104ED00000F038F88442074602D8B4EB500F12D8DD
:104EE00021464046FFF76EFF05460028EDD0BC4244
:104EF0002246314628BF3A46FFF7ACFB31464046D2
:104F0000FFF7F8FEE1E73546DFE7000038B500239C
:104F1000054D044608462B60FFF7ACFA431C02D14E
:104F20002B6803B1236038BDD8370020014800F05A
:104F300011B800BFDC370020014800F00CB800BFFA
:104F4000DC37002051F8043C181F002BBCBF0B5865
:104F5000C018704770477047F8B500BFF8BC08BC70
:104F60009E467047F8B500BFF8BC08BC9E46704727
:104F7000E4BCA0E6849FE599A8E5878FE9809FE5DA
:104F80008A9FE883BDE5B7B2E5BC80E590AFEFBC92
:104F90008CE8AFB7E585B3E997ADEFBC81000000C1
:104FA000506C65617365207475726E206F66662043
:104FB00073656E736F7220646563656C657261748E
:104FC000696F6E2100000000E5BD93E5898DE684E0
:104FD0009FE5BA94E599A8E6A8A1E5BC8FE4B88D51
:104FE000E58FAFE98089E6ADA4E6A8A1E5BC8FEF27
:104FF000BC81000046656564206D6F646520646F48
:105000006573206E6F7420737570706F7274207486
:1050100068697320666561747572652E0000000012
:10502000C1AABBFAC4A3CABDBDFBD6B9B2D9D7F7D2
:10503000A3A100004F6E6C696E65206D6F646520E2
:1050400070726F686962697473206F7065726174E1
:10505000696F6E2100000000C7EBD1A1D4F1D3C36A
:10506000BBA7A3A100000000506C656173652073AD
:10507000656C65637420757365722100C7EBCAE4C3
:10508000C8EBC3DCC2EBA3A100000000506C65615B
:10509000736520656E7465722070617373776F72CB
:1050A000642100002020202020200000557365721C
:1050B0002020202000000000C3DCC2EBB4EDCEF3C2
:1050C0000000000057726F6E672070617373776F16
:1050D0007264210056656E646F722020000000002B
:1050E00053757065722020200000000055736572B2
:1050F0002020000056656E646F720000B5C7B3F6DD
:10510000D6D02E2E2E0000004C6F6767696E672088
:105110006F75742E2E2E0000D2D1CDCBB3F6B5C74D
:10512000C2BC00004C6F6767696E67206F757400C2
:10513000D3C3BBA7B5C7C2BC0000000055736572DE
:10514000204C6F67696E0000C7EBCAE4C8EBBEC9AC
:10515000C3DCC2EBA3A10000506C656173652065E0
:105160006E746572206F6C642070617373776F72F8
:1051700064210000C7EBCAE4C8EBD0C2C3DCC2EBB9
:10518000A3A10000506C6561736520656E74657243
:10519000206E65772070617373776F7264210000F1
:1051A000C7EBCAE4C8EBC8B7C8CFD0C2C3DCC2EBF8
:1051B000A3A10000506C6561736520656E74657213
:1051C0002061206E65772070617373776F72642041
:1051D000746F20636F6E6669726D2100C3DCC2EB71
:1051E000D0DEB8C4CDEAB3C90000000050617373CB
:1051F000776F7264206368616E676520636F6D709E
:105200006C657465642E0000C3DCC2EBB2BBD2BB1C
:10521000D6C200005468652070617373776F726442
:10522000732061726520696E636F6E736973746554
:105230006E742E0050617373776F726420636861BF
:105240006E676520636F6D706C6574656400000047
:10525000BFD5C5DCC4A3CABDD4CBD0D0D6D0A3A102
:10526000000000004167696E67206D6F646520690A
:10527000732072756E6E696E67210000C7EBB5C84A
:10528000B4FDB5B1C7B0B6AFD7F7BDE1CAF8A3A1B9
:10529000000000007761697420666F722074686591
:1052A0002063757272656E7420616374696F6E201D
:1052B000746F20656E642100CFC8CDA3D6B9C8CE67
:1052C000CEF1000053746F702074686520746173B0
:1052D0006B20666972737400C7D0BBBBB5BDBFD508
:1052E000C5DCC4A3CABD2E005377697463682074FB
:1052F0006F20616E696E67206D6F64652E0000001F
:10530000BAF3B3B7B9A6C4DCD2D1C6C1B1CEA3A19A
:10531000000000004261636B2066756E6374696F04
:105320006E206973206E6F7420656E61626C6564B7
:105330002E000000CCE1CABED0C5CFA2A3BABAF3FA
:10534000B3B7D0D0B3CC31CEB4C9E8D6C3A3A10093
:105350005469703A20526574726561742073747276
:105360006F6B652031206973206E6F7420736574D4
:1053700021000000C7EBCFC8B8B4CEBBA3A100008A
:10538000506C65617365207265736574206669721F
:1053900073742E00CFC8CDEAB3C9BAF3B3B7B6FE63
:1053A000B6CEA3A100000000436F6D706C657465FC
:1053B00020746865207365636F6E64207265747213
:1053C000656174206669727374210000CFC2CAD50A
:1053D000C1CFB9A6C4DCCEB4C6F4D3C3A3A1000028
:1053E000444F574E2052656379636C652066696C43
:1053F0006D2066656174757265206E6F7420656ED0
:1054000061626C65642E0000C9CFCAD5C1CFB9A650
:10541000C4DCCEB4C6F4D3C3A3A1000055502052BF
:10542000656379636C652066696C6D20666561747F
:10543000757265206E6F7420656E61626C65642E96
:1054400000000000C7EBCFC8B3F5CABCBBAFB2D9F0
:10545000D7F7A3A100000000506C65617365206957
:105460006E697469616C697A65206669727374210A
:10547000000000004C6F7765722066696C6D2066D5
:10548000656174757265206E6F7420656E61626C03
:1054900065642E00CFC2CAD5C1CFC6F4B6AFD0C5A1
:1054A000BAC50000CFC2CAD5C1CFCDA3D6B9D0C529
:1054B000BAC500004C6F7765722066696C6D207309
:1054C00074617274207369676E616C004C6F7765EC
:1054D000722066696C6D2073746F70207369676EDB
:1054E000616C0000B1B8D3C300000000537061725A
:1054F0006500000055707065722066696C6D2066ED
:10550000656174757265206E6F7420656E61626C82
:1055100065642E00C9CFCAD5C1CFC6F4B6AFD0C519
:10552000BAC50000C9CFCAD5C1CFCDA3D6B9D0C5A1
:10553000BAC5000055707065722066696C6D207385
:1055400074617274207369676E616C005570706568
:10555000722066696C6D2073746F70207369676E5A
:10556000616C0000B5B1C7B0BBFAD0CDCEB4BFAA54
:10557000C6F4B4CBB9A6C4DCA3A100005468697317
:105580002066756E6374696F6E206973206E6F7428
:1055900020656E61626C6564206F6E2074686520A2
:1055A00063757272656E74206D6F64656C210000A6
:1055B000B5B1C7B0B8D0D3A6C6F7C4A3CABDB2BBF5
:1055C000BFC9D1A1B4CBC4A3CABDA3A10000000030
:1055D00046656564206D6F646520646F6573206E39
:1055E0006F7420737570706F7274207468697320A3
:1055F000666561747572652E000000002020202011
:10560000202020202020202020202020202020209A
:1056100000000000D5FDD4DABBD6B8B4B3F6B3A70A
:10562000B2CECAFD2E2E2E00526573746F72696E53
:105630006720666163746F727920706172616D6555
:10564000746572732E2E2E00202020202020202012
:10565000202020202020202020202020202020204A
:10566000202020202020202020202020202020203A
:1056700000000000BBD6B8B4CDEAB3C92C20C7EBFC
:10568000B6CFB5E7D6D8C6F4A3A10000506C6561CB
:10569000736520706F776572206F666620616E6437
:1056A000207265737461727421000000CBCDC1CF8C
:1056B000CAA7B0DCB2BBC7D0BBBBCDA3D6B9D2D1D1
:1056C000BFAAC6F40000000046656564696E6720E5
:1056D0006661696C75726520646F65736E277420EE
:1056E0007377697463682073746F702069732065C1
:1056F0006E61626C65640000C9CFB9E2CFCBCAB5F8
:10570000CAB1CAE4B3F6D3D0C1CFD0C5BAC5D2D1DD
:10571000BFAAC6F4A3A100004F70746963616C2036
:105720006669626572207265616C2D74696D6520B1
:105730006F7574707574207369676E616C2069731E
:10574000204F4E2E00000000B4ABB8D0C6F7C6F80C
:10575000B8D70000B4ABB8D0C6F7C6F8B8D7D4AD48
:10576000B5E3D0C5BAC50000B4ABB8D0C6F7C6F82B
:10577000B8D7B6AFB5E3D0C5BAC5000053656E73F0
:105780006F722043796C696E6465720053656E7345
:105790006F722063796C696E646572206F726967DD
:1057A000696E000053656E736F722063796C696E69
:1057B000646572206D6F76696E670000D7A2D2E2D1
:1057C000A3BABFAAC6F4B4CBC4A3CABDD3D0D2BBBC
:1057D000B6A8B5C4CEA3CFD5A3A100004E6F746503
:1057E0003A5475726E696E672074686973206665D5
:1057F0006174757265206F6E2069732064616E67D5
:1058000065726F75732E0000B4ABB8D0C6F7BCF5E7
:10581000CBD9B9A6C4DCD2D1BFAAC6F4A3ACC7EB1E
:10582000B9D8B1D5A3A10000506C6561736520742F
:1058300075726E206F66662073656E736F7220647A
:105840006563656C65726174696F6E2100000000AC
:10585000B4ABB8D0C6F7C6F8B8D7B9A6C4DCD2D1B5
:10586000BFAAC6F4A3ACC7EBB9D8B1D5A3A10000B9
:10587000506C65617365207475726E206F6666206A
:105880007468652073656E736F722063796C696EDE
:105890006465722066756E6374696F6E2100000026
:1058A000B9E2CFCBBCECB2E2D0C5BAC53100000042
:1058B000B9E2CFCBBCECB2E2D0C5BAC53200000031
:1058C0004669626572207369676E616C2031000001
:1058D0004669626572207369676E616C20320000F0
:1058E0004F70746963616C206669626572207265CD
:1058F000616C2D74696D65206F757470757420739B
:1059000069676E616C206973204F4E2100000000B2
:10591000D7D4B6AFCBCDC1CFB9A6C4DCD2D1BFAA44
:10592000C6F4A3ACC7EBB9D8B1D5A3A10000000061
:10593000506C6561736520636C6F73652074686576
:10594000206175746F6D6174696320666565646953
:105950006E672066756E6374696F6E2100000000CB
:10596000C4DAB2BFBCB1CDA3D0C5BAC50000000037
:10597000496E7465726E616C20452D73746F702072
:105980007369676E616C0000303030303030000079
:105990003635343332310000373239313833000094
:1059A000B5C8B4FDBDE2B3FDBCB1CDA3A3A1A3A115
:1059B000A3A10000506C656173652072656C656120
:1059C00073652074686520452D73746F70212121E3
:1059D00000000000C1AABBFAC4A3CABDBDFBD6B972
:1059E000B2D9D7F7A3A100004F6E6C696E65206D28
:1059F0006F64652070726F686962697473206F707C
:105A000065726174696F6E2100000000BFD5C5DC4E
:105A1000C4A3CABDD4CBD0D0D6D0A3A1000000006F
:105A20004167696E67206D6F6465206973207275C8
:105A30006E6E696E67210000C7EBCFC8B8B4CEBBED
:105A4000A3A10000506C6561736520726573657475
:105A50002066697273742E00D1B9C1CFC6F8B8D769
:105A6000C9ECB3F62E0000005468652070726573AF
:105A700073696E672063796C696E646572206578FE
:105A800074656E64732E0000B0FEB5B6C2FDCBD94E
:105A9000BAF3B3B7BFAACABC2E000000536C6F772D
:105AA00020737472697070696E67207374617274A8
:105AB000732E0000B0FEB5B6BAF3B3B7BFAACABC26
:105AC0002E000000537472697070696E6720626501
:105AD00067696E732E000000B1A8BEAFD0C5CFA21B
:105AE000A3BAB0FEC1CFBAF3B3B7CAA7B0DCA3A1C3
:105AF00000000000416C61726D20696E666F3A466D
:105B000061696C656420746F207065656C206261EA
:105B1000636B2100B0FEB5B6BAF3B3B7B5BDCEBB6B
:105B20002E000000537472697070696E6720636F95
:105B30006D706C657465642E00000000B5C8B4FD1E
:105B4000B0FEC1CFD0C5BAC5B6CFBFAA2E000000E7
:105B50005761697420666F7220746865207374726F
:105B6000697070696E67207369676E616C20746F0D
:105B700020646973636F6E6E6563742E00000000AD
:105B8000B5C8B4FD32B4CEB0FEC1CFD0C5BAC52EB3
:105B9000000000005761697420666F7220746865A8
:105BA000207365636F6E6420737472697070696EC0
:105BB00067207369676E616C2E00000032B4CEB04E
:105BC000FEB5B6BAF3B3B7BFAACABC2E0000000038
:105BD0005374617274206F66207468652073656306
:105BE0006F6E6420737472697070696E672E000046
:105BF00032B4CEB0FEB5B6BAF3B3B7B5BDCEBB2E98
:105C0000000000005365636F6E64207374726970E6
:105C100070696E6720636F6D706C657465642E00CB
:105C2000B0FEB5B6B8B4CEBBBFAACABC2E2E2E00ED
:105C3000537472697070696E672072657365742041
:105C40007374617274732E2E2E000000CBCDC1CF01
:105C5000D6D02E2E2E2E2E2E000000004665656416
:105C6000696E672E2E2E0000B1A8BEAFD0C5CFA2A0
:105C7000A3BACEB4BCECB2E2B5BDD4ADB5E3D0C5E9
:105C8000BAC5A3A100000000416C61726D20696E6D
:105C9000666F3A4E6F206F726967696E207369672D
:105CA0006E616C2064657465637465642100000036
:105CB000B0FEB5B6B8B4CEBBBDE1CAF82E00000048
:105CC000537472697070696E6720726573657420B1
:105CD000636F6D706C657465642E0000CCE1CABEA4
:105CE000D0C5CFA2A3BACBCDC1CFCAA7B0DCA3ACDD
:105CF000BCECB2E2B5BDC1CFA3A100005469707382
:105D00003A46656564696E67206661696C65642CF6
:105D1000206C6162656C20646574656374656421E0
:105D200000000000C2FDCBD9D1B0B1EAD6D02E2EF2
:105D30002E000000496E20736C6F772073656172CE
:105D400063682E00256400002020202020202020D1
:105D500000000000CBCDC1CFCDEAB3C92E000000BA
:105D600046656564696E6720636F6D706C65746508
:105D7000642E0000CCE1CABED0C5CFA2A3BACBCD61
:105D8000C1CFCAA7B0DCA3ACCEB4BCECB2E2B5BD07
:105D9000C1CFA3A100000000546970733A46656545
:105DA00064696E67206661696C65642C206C616251
:105DB000656C206E6F74206465746563746564211E
:105DC00000000000B1A8BEAFD0C5CFA2A3BAC1CF1A
:105DD000B4F8D3C3CDEAA3ACC7EBB2B9B3E4D0C235
:105DE000C1CFA3A100000000416C61726D20696EFB
:105DF000666F3A546865206D6174657269616C20E4
:105E00006F7665722C706C656173652061646420C7
:105E10006E6577206D6174657269616C21000000A8
:105E2000CBCDC1CFD6D02E2E2E000000B1A8BEAF54
:105E3000D0C5CFA2A3BACBCDC1CFCAA7B0DCA3AC8B
:105E4000CEB4BCECB2E2B5BDC1CFA3A1000000004E
:105E5000416C61726D20696E666F3A466565646972
:105E60006E67206661696C65642C206C6162656C8C
:105E7000206E6F742064657465637465642100002E
:105E8000BFD5C5DCBFAACABC2E2E2E00496E20612C
:105E900067696E672E2E2E00CBCDC1CFBDE1CAF84B
:105EA0002E000000B1DCBFAAD4ADB5E32E2E2E002B
:105EB00041766F696420746865206F726967696EE6
:105EC0002E2E2E00BCECB2E2D4ADB5E32E2E2E0069
:105ED0004261636B20746F206F726967696E2E0078
:105EE000B1A8BEAFD0C5CFA2A3BAB1DCBFAAD4AD12
:105EF000B5E3CAA7B0DCA3A100000000416C617249
:105F00006D20696E666F3A4661696C656420746FD6
:105F10002061766F6964206F726967696E21000085
:105F2000BBD8D4ADB5E3CDEAB3C92E004261636BF3
:105F300020746F206F726967696E20636F6D706C7B
:105F40006574652E00000000BFD5C5DCC4A3CABDC2
:105F5000BDFBD6B9B2D9D7F7A3A100004167696EDE
:105F600067206D6F646520696E686962697473206B
:105F70006F7065726174696F6E210000C7EBB5C800
:105F8000B4FDB5B1C7B0B6AFD7F7BDE1CAF8A3A1AC
:105F9000000000007761697420666F722074686584
:105FA0002063757272656E7420616374696F6E2010
:105FB000746F20656E64210030000000BBBBC1CF50
:105FC000B6AFD7F7CDEAB3C92E00000054686520FC
:105FD0006D6174657269616C206368616E676520CC
:105FE000616374696F6E20697320636F6D706C6597
:105FF0007465642100000000BBBBC1CFB6AFD7F70A
:10600000CDEAB3C9A3ACC7EBB8FCBBBBCEEFC1CFE5
:10601000A3A10000BFAACABCB3F5CABCBBAF2E0087
:10602000537461727420696E697469616C697A6114
:1060300074696F6E2E000000C7E5B3FDBDBBBBA544
:10604000D0C5BAC52E000000436C65617220696E30
:10605000746572616374697665207369676E616CDB
:106060002E000000B8B4CEBBD6D02E2E2E000000DD
:106070004261636B20746F206F726967696E2E2EA8
:106080002E000000B3F5CABCBBAFCDEAB3C9A3A1D3
:1060900000000000496E697469616C697A61746915
:1060A0006F6E20697320636F6D706C65746521007D
:1060B000B1A8BEAFCCE1CABEA3BAB0FEB5B6B8B403
:1060C000CEBBBCECB2E2B5BDCEEFCCE5A3A10000E7
:1060D000416C61726D20696E666F3A20537472690B
:1060E0007070696E67206B6E696665207265736596
:1060F00074206465746563746564206F626A6563A7
:1061000074210000B1A8BEAFD0C5CFA2A3BACBCD39
:10611000C1CFD0D0B3CCD7DFCDEAA3ACCEB4BCECEA
:10612000B2E2B5BDD3D0C1CFA3A10000416C617272
:106130006D20696E666F3A66656564696E67206F8B
:106140007672652C6E6F206D6174657269616C206A
:1061500069732064657465637465642100000000E0
:106160005549BDF4BCB1CDA3D6B9B6AFD7F7A3A1FD
:1061700000000000554920452D73746F7020616345
:1061800074696F6E21000000CDE2B2BF494FCDA30C
:10619000D6B9B6AFD7F7A3A1000000004578746563
:1061A000726E616C20494F2073746F70206163744C
:1061B000696F6E2E00000000B4A5B7A2BCB1CDA3DC
:1061C000A3ACCDA3D6B9CBF9D2D4B6AFD7F7A3A1A0
:1061D000000000005472696767657220656D657222
:1061E00067656E63792073746F702C2073746F70A1
:1061F00020616C6C20616374696F6E732100000014
:106200005549CDA3D6B9B6AFD7F7A3A1000000007A
:1062100055492073746F7020616374696F6E2E002E
:10622000D1B9C1CFC6F8B8D7D1B9BDF42E0000009E
:10623000D1B9C1CFC6F8B8D7CBF5BBD82E00000076
:10624000546865207072657373696E672063796C3A
:10625000696E6465722072657472616374732E0076
:10626000D1B9C1CFC6F8B8D7CBC9BFAA2E0000009C
:10627000B4ABB8D0C6F7C6F8B8D7C9ECB3F62E00A1
:106280005468652053656E736F722063796C696E14
:1062900064657220657874656E64732E000000007A
:1062A000B1A8BEAFD0C5CFA2A3BAB4ABB8D0C6F721
:1062B000C6F8B8D7C9ECB3F6D2ECB3A3A3A10000DB
:1062C000416C61726D20696E666F3A61626E6F72C9
:1062D0006D616C20657874656E73696F6E206F6692
:1062E0002073656E736F722063796C696E6465727A
:1062F00021000000B4ABB8D0C6F7C6F8B8D7CBF5CC
:10630000BBD82E005468652053656E736F7220638E
:10631000796C696E646572207265747261637473FE
:106320002E000000B1A8BEAFD0C5CFA2A3BAB4ABB7
:10633000B8D0C6F7C6F8B8D7CBF5BBD8D2ECB3A364
:1063400021000000416C61726D20696E666F3A61D8
:10635000626E6F726D616C207265747261637473CA
:10636000206F662073656E736F722063796C696E3F
:106370006465722100000000BCD0C1CFC6F8B8D758
:10638000CBF5BBD82E000000BCD0C1CFC6F8B8D723
:10639000CBC9BFAA2E000000BCD0C1CFC6F8B8D769
:1063A000BCD0BDF42E000000C7D0BBBBB5BDC1AA98
:1063B000BBFAC4A3CABD2E00537769746368207406
:1063C0006F206F6E6C696E65206D6F64652E0000C6
:1063D000CCE1CABED0C5CFA2A3BAC7EBCFC8B3F534
:1063E000CABCB6AFD7F72E00546970733A506C65CB
:1063F00061736520696E697469616C697A6520668C
:10640000697273742E000000C7D0BBBBB5BDB5F771
:10641000CAD4C4A3CABD2E005377697463682074BC
:106420006F206465627567206D6F64652E000000E3
:10643000CBCDC1CFCEA2B5F7CDEAB3C92E000000B7
:10644000466565642066696E652D74756E696E6754
:1064500020636F6D706C657465642E00B0FEC1CFF3
:10646000CEA2B5F7CDEAB3C92E000000537472690D
:106470007070696E672066696E652D74756E696EE1
:106480006720636F6D706C657465642E000000009A
:10649000B1A8BEAFD0C5CFA2A3BACBCDC1CFC7FDE7
:1064A000B6AFC6F7B1A8BEAFA3A10000416C617240
:1064B0006D20696E666F3A46656564696E67206433
:1064C000726976657220616C61726D210000000056
:1064D000B1A8BEAFD0C5CFA2A3BAB0FEC1CFC7FD91
:1064E000B6AFC6F7B1A8BEAFA3A10000416C617200
:1064F0006D20696E666F3A20537472697070696EB0
:10650000672064726976657220616C61726D21002A
:10651000202020202020202020202020202020207B
:10652000202020202020202020202020202020206B
:10653000202020202020202020202020202020205B
:10654000202020002020202020202020202020206B
:10655000202020202020202020202020202020203B
:10656000202020202020202020202020202020202B
:1065700020202020202000005AA5058200000000D5
:10658000B2CECAFDD4BDBDE72CC9E8D6C3B7B6CEDE
:10659000A7312D3230300000506172616D65746535
:1065A0007220697320696E76616C69642C736574FE
:1065B00074696E672072616E67653A312D323030D2
:1065C00000000000B2CECAFDD4BDBDE72CC9E8D69C
:1065D000C3B7B6CEA7312D3135300000506172619E
:1065E0006D6574657220697320696E76616C69648B
:1065F0002C73657474696E672072616E67653A31D9
:106600002D31353000000000B2CECAFDD4BDBDE74B
:106610002CC9E8D6C3B7B6CEA7322D323030300001
:10662000506172616D6574657220697320696E7660
:10663000616C69642C73657474696E672072616E35
:1066400067653A322D32303030000000B2CECAFDDC
:10665000D4BDBDE72CC9E8D6C3B7B6CEA7302D331D
:1066600030300000506172616D657465722069732D
:1066700020696E76616C69642C73657474696E67E9
:106680002072616E67653A302D33303000000000B3
:10669000B2CECAFDD4BDBDE72CC9E8D6C3B7B6CECD
:1066A000A7302D3530300000506172616D65746522
:1066B0007220697320696E76616C69642C736574ED
:1066C00074696E672072616E67653A302D353030BF
:1066D00000000000B2CECAFDD4BDBDE72CC9E8D68B
:1066E000C3B7B6CEA7312D31303000005061726192
:1066F0006D6574657220697320696E76616C69647A
:106700002C73657474696E672072616E67653A31C7
:106710002D31303000000000B2CECAFDD4BDBDE73F
:106720002CC9E8D6C3B7B6CEA7302D313000000053
:10673000506172616D6574657220697320696E764F
:10674000616C69642C73657474696E672072616E24
:1067500067653A302D313000B2CECAFDD4BDBDE7F9
:106760002CC9E8D6C3B7B6CEA7312D3939390000C8
:10677000506172616D6574657220697320696E760F
:10678000616C69642C73657474696E672072616EE4
:1067900067653A312D39393900000000B2CECAFDA3
:1067A000D4BDBDE72CC9E8D6C3B7B6CEA7302E31CD
:1067B0002D322E3500000000506172616D657465E8
:1067C0007220697320696E76616C69642C736574DC
:1067D00074696E672072616E67653A302E312D32B2
:1067E0002E350000B2CECAFDD4BDBDE72CC9E8D617
:1067F000C3B7B6CEA7312D340000000050617261DE
:106800006D6574657220697320696E76616C696468
:106810002C73657474696E672072616E67653A31B6
:106820002D3400002A2A2A2A2A2A0000557365726C
:10683000202020200000000056656E646F7220202A
:1068400000000000537570657220202000000000D9
:10685000D3C3BBA7B5C7C2BC0000000055736572A7
:10686000204C6F67696E0000D1B9C1CFC6F8B8D7A8
:1068700000000000BCD0C1CFC6F8B8D700000000AF
:10688000B4ABB8D0C6F7C6F8B8D70000B1B8D3C318
:1068900000000000B3F5CABCBBAFCDEAB3C9D0C598
:1068A000BAC5000020C6BDCCA8D3D0CEDECEEFC185
:1068B000CF320000B0FEC1CFCDEAB3C9D0C5BAC552
:1068C0000000000020C6BDCCA8D3D0CEDECEEFC1E4
:1068D000CF310000CBCDC1CFD0C5BAC5000000007C
:1068E000B0FEC1CFD0C5BAC500000000B3F5CABC28
:1068F000BBAFD0C5BAC50000CDA3D6B9D0C5BAC507
:1069000020000000BAF3B3B7BEEDCABDB9A9C1CF2C
:10691000C6F700004152442D4C42482D4131312DE3
:1069200041452D434E454E004152442D32324D2DAE
:10693000313249384F2D41452D41000056312E301E
:106940002E3420323032363033313900B9A9C1CF3C
:10695000C6F7D4ADB5E3D0C5BAC50000B9E2CFCB18
:10696000BCECB2E2D0C5BAC531000000B9E2CFCB71
:10697000BCECB2E2D0C5BAC532000000B1EAC7A98A
:10698000BEEDC1CFBCECB2E2D0C5BAC5000000007C
:10699000C9CFCAD5C1CFC6F4B6AFD0C5BAC50000FD
:1069A000C9CFCAD5C1CFCDA3D6B9D0C5BAC500000D
:1069B000CFC2CAD5C1CFC6F4B6AFD0C5BAC50000E4
:1069C000CFC2CAD5C1CFCDA3D6B9D0C5BAC50000F4
:1069D000B4ABB8D0C6F7C6F8B8D7D4ADB5E3D0C518
:1069E000BAC50000B4ABB8D0C6F7C6F8B8D7B6AFD2
:1069F000B5E3D0C5BAC50000B0FEB5B6B8B4CEBBDD
:106A0000BCECB2E2D0C5BAC500000000C4DAB2BF27
:106A1000BCB1CDA3D0C5BAC500000000456E676CFF
:106A20006973680050726573732043796C696E6492
:106A300065720000436C616D702043796C696E640F
:106A40006572000053656E736F722043796C696ED6
:106A500064657200537061726500000020496E69C0
:106A60007469616C697A65204F4B00004665656406
:106A700020636F6D706C65746532000053747269C9
:106A80007020636F6D706C657465000046656564A9
:106A900020636F6D706C65746531000046656564D8
:106AA000207369676E616C00537472697070696EEF
:106AB00067207369676E616C00000000496E69743D
:106AC00069616C697A6174696F6E207369676E6160
:106AD0006C00000053746F70207369676E616C0006
:106AE0005265747261637461626C6520726F6C6C64
:106AF0002066656564657200466565646572206F31
:106B0000726967696E207369676E616C00000000CE
:106B10004669626572207369676E616C203100009E
:106B20004669626572207369676E616C203200008D
:106B30004C6162656C20726F6C6C20646574656377
:106B400074696F6E207369676E616C005570706553
:106B5000722066696C6D207374617274207369674A
:106B60006E616C0055707065722066696C6D207383
:106B7000746F70207369676E616C00004C6F77658D
:106B8000722066696C6D207374617274207369671A
:106B90006E616C004C6F7765722066696C6D207356
:106BA000746F70207369676E616C000053656E735B
:106BB0006F722063796C696E646572206F726967A9
:106BC000696E000053656E736F722063796C696E35
:106BD000646572206D6F76696E670000416E74693E
:106BE0002D70696E636820646574656374696F6E87
:106BF000207369676E616C00496E7465726E616CBA
:106C000020452D73746F70207369676E616C00008E
:106C1000D6D0CEC400000000020304050607080910
:106C20000A0B0C0D0E0F1010D3C3BBA7B5C7C2BC07
:106C300000000000CFB5CDB3D7D4B6AFCDCBB3F6FF
:106C4000B3C9B9A62E00000055736572204C6F675A
:106C5000696E00004175746F2065786974732073E4
:106C600075636365737366756C6C792E0000000044
:106C700020202020202020200000000030000000E4
:106C8000CCE1CABED0C5CFA2A3BAB5C8B4FDBDE29F
:106C9000B3FDBCB1CDA3A3A1000000005469707383
:106CA0003A57616974696E6720666F722072656C0D
:106CB0006561736520452D73746F702100000000BD
:106CC000CCE1CABED0C5CFA2A3BABDE2B3FDBCB170
:106CD000CDA3A3A100000000546970733A52656C03
:106CE0006561736520452D73746F7021000000008D
:106CF000CCE1CABED0C5CFA2A3BAB5C8B4FDBDE22F
:106D0000B3FDCDE2B2BFBCB1CDA3A3A10000000092
:106D1000546970733A45787465726E616C20657859
:106D20007465726E616C20452D73746F702073747E
:106D30006174652100000000CCE1CABED0C5CFA2BD
:106D4000A3BABDE2B3FDCDE2B2BFBCB1CDA3A3A156
:106D500000000000546970733A52656C6561736598
:106D60002065787465726E616C20452D73746F7048
:106D700021000000C7D0BBBBB5BDC1AABBFAC4A3EC
:106D8000CABD2E0053776974636820746F206F6EDC
:106D90006C696E65206D6F64652E0000D7D4B6AF48
:106DA000CBCDC1CFD6D02E2E2E0000004175746FF2
:106DB0006D617469632066656564696E672E2E2E49
:106DC00000000000C7EBCFC8B8B4CEBBA3A1000041
:106DD000506C6561736520726573657420666972B5
:106DE00073742E00CCE1CABED0C5CFA2A3BABAF349
:106DF000B3B7D0D0B3CC31CEB4C9E8D6C3A3A100C9
:106E00005469703A205265747265617420737472AB
:106E10006F6B652031206973206E6F742073657409
:106E200021000000BAF3B3B7B9A6C4DCD2D1C6C101
:106E3000B1CEA3A1000000004261636B2066756EB5
:106E40006374696F6E206973206E6F7420656E6164
:106E5000626C65642E000000211FF43DD8F0F43D03
:106E60008FC2F53DB4C8F63D6B9AF73D226CF83DF4
:106E7000D93DF93DFE43FA3DB515FB3D6DE7FB3DC0
:106E800091EDFC3D48BFFD3D0091FE3D2497FF3D47
:106E90006E34003E499D003E5C20013E3789013E34
:106EA0004A0C023E2575023E38F8023E1361033E4D
:106EB00026E4033E014D043E14D0043EEF38053E67
:106EC00002BC053EDD24063EF0A7063ECB10073E81
:106ED000DE93073EB9FC073ECC7F083EDE02093E4A
:106EE000BA6B093ECCEE093EDE710A3EBADA0A3EC2
:106EF000CC5D0B3EDFE00B3EF1630C3ECDCC0C3E97
:106F0000DF4F0D3EF2D20D3E04560E3EE0BE0E3E69
:106F1000F2410F3E05C50F3E1748103E29CB103EEB
:106F20003C4E113E17B7113E2A3A123E3CBD123E6E
:106F30004F40133E61C3133E7446143E86C9143E4F
:106F4000984C153EABCF153EBD52163ED0D5163EE1
:106F5000E258173EF5DB173E075F183E19E2183E70
:106F60002C65193E3EE8193E516B1A3E9A081B3EAD
:106F7000AC8B1B3EBF0E1C3ED1911C3EE4141D3E4B
:106F8000F6971D3E3F351E3E52B81E3E643B1F3EE7
:106F900077BE1F3EC05B203ED3DE203EE561213E32
:106FA0002EFF213E4182223E5305233E9CA2233EDA
:106FB000AF25243EC1A8243E0B46253E1DC9253ED3
:106FC0006666263E79E9263EC286273ED509283EDA
:106FD0001EA7283E302A293E7AC7293E8C4A2A3EDF
:106FE000D5E72A3EE86A2B3E31082C3E448B2C3EE6
:106FF0008D282D3ED6C52D3EE9482E3E32E62E3E4A
:107000007B832F3E8E06303ED7A3303E2041313E5B
:1070100033C4313E7C61323EC5FE323E0F9C333E6E
:107020005839343E6ABC343EB459353EFDF6353EDF
:107030004694363E9031373ED9CE373E226C383EAC
:1070400035EF383E7E8C393EC7293A3E11C73A3E6D
:107050005A643B3EA3013C3EED9E3C3E363C3D3EE9
:107060007FD93D3EC9763E3E12143F3E5BB13F3E66
:10707000DC68403E2506413E6EA3413EB840423E9C
:1070800001DE423E4A7B433E9318443E14D0443EC8
:107090005D6D453EA60A463EF0A7463E705F473E00
:1070A000B9FC473E029A483E4C37493ECCEE493E39
:1070B000158C4A3E96434B3EDFE04B3E287E4C3ECD
:1070C000A8354D3EF2D24D3E728A4E3EBB274F3E12
:1070D00005C54F3E857C503ECE19513E4ED1513EA6
:1070E000986E523E1826533E98DD533EE17A543E48
:1070F0006132553EABCF553E2B87563EAB3E573E99
:10710000F5DB573E7593583EF54A593E3EE8593EE9
:10711000BE9F5A3E3F575B3E88F45B3E08AC5C3EE8
:1071200088635D3E091B5E3E89D25E3ED26F5F3E44
:107130005227603ED3DE603E5396613ED34D623EA1
:107140005305633ED3BC633E1D5A643E9D11653EAC
:107150001DC9653E9D80663E1D38673E9EEF673EB9
:107160001EA7683E9E5E693E1E166A3E9FCD6A3E21
:10717000569F6B3ED6566C3E560E6D3ED6C56D3E46
:10718000567D6E3ED7346F3E57EC6F3E0EBE703E5E
:107190008E75713E0E2D723E8FE4723E0F9C733ED3
:1071A000C66D743E4625753EC6DC753E7DAE763EA8
:1071B000FE65773E7E1D783E35EF783EB5A6793E7A
:1071C000355E7A3EEC2F7B3E6DE77B3E24B97C3EFC
:1071D000A4707D3E24287E3EDBF97E3E5BB17F3E7F
:1071E0008941803E499D803E2506813EE561813E84
:1071F000C1CA813E9C33823E5C8F823E38F8823E1B
:10720000F853833ED3BC833EAF25843E6F81843EDA
:107210004BEA843E2653853EE6AE853EC217863E47
:107220009D80863E79E9863E3945873E14AE873E8D
:10723000F016883ECC7F883EA7E8883E8351893E81
:1072400043AD893E1E168A3EFA7E8A3ED5E78A3EC7
:10725000B1508B3E8CB98B3E68228C3E448B8C3E69
:107260001FF48C3EFB5C8D3ED6C58D3EB22E8E3E0D
:107270008D978E3E69008F3E44698F3E20D28F3EAF
:10728000FB3A903ED7A3903EB30C913E8E75913E53
:1072900085EB913E6154923E3CBD923E1826933E52
:1072A000F38E933EEA04943EC66D943EA1D6943E7E
:1072B0007D3F953E58A8953E4F1E963E2B87963EA5
:1072C00007F0963EFE65973ED9CE973EB537983E7D
:1072D000ACAD983E8716993E7E8C993E5AF5993E04
:1072E000355E9A3E2CD49A3E083D9B3EFFB29B3EB3
:1072F000DA1B9C3ED1919C3EADFA9C3EA4709D3E13
:107300007FD99D3E764F9E3E52B89E3E492E9F3E6F
:1073100024979F3E1B0DA03E1283A03EEEEBA03EA5
:10732000E561A13EC1CAA13EB840A23EAEB6A23EB2
:107330008A1FA33E8195A33E780BA43E6F81A43E95
:107340004BEAA43E4260A53E39D6A53E304CA63E4F
:107350000BB5A63E022BA73EF9A0A73EF016A83E0D
:10736000E78CA83EC3F5A83EBA6BA93EB1E1A93EA1
:10737000A857AA3E9FCDAA3E9643AB3E8CB9AB3EE2
:10738000832FAC3E7AA5AC3E560EAD3E4D84AD3E4D
:1073900044FAAD3E3B70AE3E32E6AE3E295CAF3EB7
:1073A00020D2AF3E1748B03E0EBEB03E2041B13EA7
:1073B00017B7B13E0E2DB23E05A3B23EFC18B33E48
:1073C000F38EB33EEA04B43EE17AB43ED8F0B43E64
:1073D000CF66B53EE2E9B53ED95FB63ED0D5B63E02
:1073E000C74BB73EBEC1B73ED044B83EC7BAB83EA1
:1073F000BE30B93EB5A6B93EAC1CBA3EBE9FBA3E41
:10740000B515BB3EAC8BBB3EBF0EBC3EB684BC3E8E
:10741000ADFABC3EBF7DBD3EB6F3BD3EAD69BE3EDE
:10742000C0ECBE3EB762BF3EAED8BF3EC05BC03E02
:10743000B7D1C03EAE47C13EC1CAC13EB840C23E50
:10744000CAC3C23EC139C33ED3BCC33ECA32C43E26
:10745000C1A8C43ED42BC53ECBA1C53EDD24C63E4B
:10746000D49AC63EE71DC73EDE93C73EF016C83E1F
:10747000E78CC83EF90FC93EF085C93E0309CA3EF4
:10748000158CCA3E0C02CB3E1F85CB3E16FBCB3E75
:10749000287ECC3E3B01CD3E3277CD3E44FACD3EF8
:1074A0003B70CE3E4DF3CE3E6076CF3E57ECCF3EA6
:1074B000696FD03E7CF2D03E7368D13E85EBD13E01
:1074C000986ED23E8FE4D23EA167D33EB3EAD33E5C
:1074D000AA60D43EBDE3D43ECF66D53EE2E9D53EB8
:1074E000D95FD63EEBE2D63EFE65D73E10E9D73EE9
:1074F000075FD83E19E2D83E2C65D93E3EE8D93E1A
:10750000355EDA3E48E1DA3E5A64DB3E6DE7DB3E4B
:107510007F6ADC3E76E0DC3E8863DD3E9BE6DD3E56
:10752000AD69DE3EC0ECDE3EB762DF3EC9E5DF3E60
:10753000DC68E03EEEEBE03E006FE13E13F2E13E40
:107540002575E23E1CEBE23E2F6EE33E41F1E33E49
:107550005474E43E66F7E43E787AE53E8BFDE53E02
:107560009D80E63EB003E73EA779E73EB9FCE73EE3
:10757000CC7FE83EDE02E93EF085E93E0309EA3EC3
:10758000158CEA3E280FEB3E3A92EB3E4D15EC3E51
:107590005F98EC3E711BED3E849EED3E9621EE3EE3
:1075A000A9A4EE3EA01AEF3EB29DEF3EC520F03EEC
:1075B000D7A3F03EE926F13EFCA9F13E0E2DF23EA6
:1075C00021B0F23E3333F33E46B6F33E5839F43E33
:1075D0006ABCF43E7D3FF53E8FC2F53EA245F63EC5
:1075E000B4C8F63EC74BF73ED9CEF73EEC51F83E55
:1075F000FED4F83E1058F93E23DBF93E355EFA3EE4
:1076000048E1FA3E5A64FB3E6DE7FB3E7F6AFC3E72
:1076100091EDFC3EA470FD3EB6F3FD3EC976FE3E04
:10762000DBF9FE3EEE7CFF3E0000003F8941003F5B
:107630001283003F9CC4003F2506013FAE47013F37
:107640003789013FC1CA013F4A0C023FD34D023F77
:107650005C8F023FE5D0023F6F12033FF853033FB8
:107660008195033F0AD7033F9318043F1D5A043FF7
:10767000A69B043F2FDD043FB81E053F4260053F37
:10768000CBA1053F54E3053FDD24063F6666063F78
:10769000F0A7063F79E9063F022B073F8B6C073FB7
:1076A00014AE073F9EEF073F2731083FB072083FF7
:1076B000ACAD083F35EF083FBE30093F4772093F88
:1076C000D0B3093F5AF5093FE3360A3F6C780A3FC9
:1076D000F5B90A3F7FFB0A3F083D0B3F917E0B3F08
:1076E0001AC00B3FA3010C3F2D430C3F287E0C3FDB
:1076F000B1BF0C3F3B010D3FC4420D3F4D840D3FD8
:10770000D6C50D3F5F070E3FE9480E3F728A0E3F18
:107710006DC50E3FF7060F3F80480F3F098A0F3FA8
:1077200092CB0F3F1B0D103FA54E103FA089103F7D
:1077300029CB103FB30C113F3C4E113FC58F113F79
:10774000C1CA113F4A0C123FD34D123F5C8F123F0A
:10775000E5D0123FE10B133F6A4D133FF38E133F09
:107760007DD0133F780B143F014D143F8A8E143F98
:1077700014D0143F0F0B153F984C153F228E153F28
:10778000ABCF153FA60A163F304C163FB98D163FBA
:10779000B4C8163F3D0A173FC74B173FC286173F75
:1077A0004BC8173FD509183FD044183F5986183F9A
:1077B000E3C7183FDE02193F6744193F637F193F53
:1077C000ECC0193F75021A3F713D1A3FFA7E1A3F0D
:1077D000F5B91A3F7FFB1A3F083D1B3F03781B3F5B
:1077E0008CB91B3F88F41B3F11361C3F0D711C3FA9
:1077F00096B21C3F91ED1C3F1B2F1D3F166A1D3F8B
:107800009FAB1D3F9BE61D3F96211E3F20631E3F01
:107810001B9E1E3FA4DF1E3FA01A1F3F295C1F3F77
:1078200024971F3F20D21F3FA913203FA54E203F82
:10783000A089203F29CB203F2506213F2041213F21
:10784000AA82213FA5BD213FA1F8213F2A3A223F2C
:107850002575223F21B0223FAAF1223FA52C233FCC
:10786000A167233F9CA2233F98DD233F211F243F94
:107870001D5A243F1895243F14D0243F0F0B253F59
:10788000984C253F9487253F8FC2253F8BFD253F90
:107890008638263F8273263F7DAE263F79E9263F14
:1078A0007424273F705F273FF9A0273FF5DB273F70
:1078B000F016283FEC51283FE78C283FE3C7283FCC
:1078C000DE02293FD93D293FD578293F43AD293FE5
:1078D0003EE8293F3A232A3F355E2A3F31992A3F25
:1078E0002CD42A3F280F2B3F234A2B3F1F852B3FA9
:1078F0008CB92B3F88F42B3F832F2C3F7F6A2C3F82
:107900007AA52C3FE8D92C3FE4142D3FDF4F2D3FC3
:10791000DB8A2D3F48BF2D3F44FA2D3F3F352E3F98
:107920003B702E3FA9A42E3FA4DF2E3FA01A2F3F6D
:107930000E4F2F3F098A2F3F77BE2F3F72F92F3FFF
:107940006E34303FDC68303FD7A3303F45D8303FFE
:107950004013313FAE47313FAA82313F17B7313F25
:1079600013F2313F8126323F7C61323FEA95323F4C
:10797000E5D0323F5305333FC139333FBC74333F09
:107980002AA9333F26E4333F9318343F014D343F57
:10799000FD87343F6ABC343FD8F0343FD42B353FA9
:1079A0004260353FAF94353F1DC9353F8BFD353FB4
:1079B0008638363FF46C363F62A1363FD0D5363F2D
:1079C0003D0A373F3945373FA779373F14AE373F38
:1079D00082E2373FF016383F5E4B383FCC7F383F6E
:1079E00039B4383FA7E8383F151D393F8351393F37
:1079F000F085393F5EBA393FCCEE393F3A233A3F02
:107A0000A8573A3F158C3A3F83C03A3FF1F43A3FCA
:107A10005F293B3F3F573B3FAC8B3B3F1AC03B3F4F
:107A200088F43B3FF6283C3F645D3C3F448B3C3F41
:107A3000B1BF3C3F1FF43C3F8D283D3F6D563D3F5D
:107A4000DB8A3D3F48BF3D3F29ED3D3F96213E3F0C
:107A500004563E3FE4833E3F52B83E3F32E63E3F4F
:107A6000A01A3F3F0E4F3F3FEE7C3F3F5BB13F3F91
:107A70003BDF3F3FA913403F8941403FF775403FFF
:107A8000D7A3403FB7D1403F2506413F0534413F92
:107A90007368413F5396413F33C4413FA1F8413F92
:107AA0008126423F6154423FCE88423FAEB6423FBC
:107AB0008FE4423FFC18433FDC46433FBC74433FE6
:107AC0009CA2433F7DD0433FEA04443FCA32443F37
:107AD000AA60443F8A8E443F6ABC443F4BEA443F1D
:107AE0002B18453F984C453F787A453F58A8453F6D
:107AF00039D6453F1904463FF931463FD95F463FE5
:107B0000B98D463F99BB463F79E9463FCB10473F89
:107B1000AB3E473F8B6C473F6B9A473F4BC8473F55
:107B20002BF6473F0B24483F5E4B483F3E79483F8A
:107B30001EA7483FFED4483FDE02493F302A493F56
:107B40001058493FF085493F43AD493F23DB493F4A
:107B500003094A3F55304A3F355E4A3F158C4A3F3C
:107B600068B34A3F48E14A3F9A084B3F7A364B3F59
:107B70005A644B3FAC8B4B3F8CB94B3FDFE04B3FE4
:107B8000BF0E4C3F11364C3F645D4C3F448B4C3F25
:107B900096B24C3F76E04C3FC8074D3F1B2F4D3F00
:107BA000FB5C4D3F4D844D3F2DB24D3F7FD94D3F46
:107BB000D2004E3F24284E3F04564E3F567D4E3F46
:107BC000A9A44E3FFBCB4E3FDBF94E3F2D214F3F4B
:107BD00080484F3FD26F4F3F24974F3F77BE4F3F74
:107BE000C9E54F3FA913503FFB3A503F4E62503F0B
:107BF000A089503FF2B0503F45D8503F97FF503FCB
:107C0000E926513F3C4E513F8E75513FE09C513F1C
:107C100033C4513FF7E4513F4A0C523F9C33523F2B
:107C2000EE5A523F4182523F93A9523FE5D0523F14
:107C3000AAF1523FFC18533F4F40533FA167533FB7
:107C4000F38E533FB8AF533F0AD7533F5DFE533FC8
:107C5000211F543F7446543FC66D543F8A8E543F93
:107C6000DDB5543F2FDD543FF4FD543F4625553FCD
:107C70000B46553F5D6D553F228E553F74B5553FC0
:107C800039D6553F8BFD553F4F1E563FA245563FB7
:107C90006666563FB98D563F7DAE563FD0D5563FAE
:107CA00094F6563F5917573FAB3E573F705F573FCB
:107CB0003480573F87A7573F4BC8573F10E9573F7E
:107CC0006210583F2731583FEC51583FB072583F2F
:107CD000029A583FC7BA583F8CDB583F50FC583F78
:107CE000151D593FD93D593F2C65593FF085593FE6
:107CF000B5A6593F7AC7593F3EE8593F03095A3F55
:107D0000C7295A3F8C4A5A3F516B5A3F158C5A3FEC
:107D1000DAAC5A3F9FCD5A3F63EE5A3F280F5B3F84
:107D2000EC2F5B3FB1505B3F76715B3F3A925B3F1C
:107D300071AC5B3F36CD5B3FFAED5B3FBF0E5C3F06
:107D4000832F5C3F48505C3F7F6A5C3F448B5C3FC5
:107D500008AC5C3FCDCC5C3F04E75C3FC8075D3FAF
:107D60008D285D3F52495D3F88635D3F4D845D3F97
:107D700012A55D3F48BF5D3F0DE05D3FD2005E3F15
:107D8000091B5E3FCD3B5E3F04565E3FC9765E3FBA
:107D900000915E3FC4B15E3FFBCB5E3FC0EC5E3FF7
:107DA000F7065F3FBB275F3FF2415F3FB7625F3F30
:107DB000EE7C5F3FB29D5F3FE9B75F3FAED85F3F6C
:107DC000E5F25F3F1B0D603FE02D603F1748603FCD
:107DD0004E62603F1283603F499D603F80B7603FC5
:107DE00045D8603F7CF2603FB30C613FE926613FBC
:107DF000AE47613FE561613F710801080513010865
:107E000065140108C515010851080108E5120108AB
:107E100045140108A51501088813F4018813F4011D
:107E20008813D0078813F401B80B00002800030062
:107E30007800030020000300780003000000000029
:107E4000A00F88130000B80B0000B80B0010014011
:107E5000000200000010014000010000001001407D
:107E600040000000001001408000000000140140AC
:107E700080000000001001400008000000140140D4
:107E8000400000000010014000100000000C014004
:107E900080000000000C014008000000000C0140C0
:107EA00020000000000C01401000000000180140FC
:107EB00004000000001801402000000000180140EC
:107EC000080000000018014010000000000C0140F4
:107ED00020000000000C01401000000000140140D0
:107EE00008000000001401400400000000140140DC
:107EF00002000000001401400100000000080140E1
:107F0000800000000008014040000000001801400F
:107F100001000000001801400200000000140140B0
:107F200000040000001401400002000000140140A1
:107F300000010000000C014000800000001801401A
:107F4000400000000010014000200000001001402F
:107F50000080000000140140008000000014014077
:107F6000200000000014014010000000001001403B
:107F700000040000000801400080000000140140DF
:107F800000400000001401400020000000140140E7
:107F9000001000000014014000080000001801401B
:107FA00000100000001801400020000000180140EF
:107FB000004000000018014000800000001801404F
:107FC00000080000001801400004000000180140F3
:107FD00000020000001801400001000000180140EC
:107FE00080000000000C0140020000000010014071
:107FF0002000000000100140100000000000000000
:108000000000000001020304060708090000000048
:1080100001020304232D302B2000686C4C006566A0
:1080200067454647003031323334353637383941C9
:1080300042434445460030313233343536373839DF
:088040006162636465660000E3
:0480480055010008D6
:04804C0031010008F6
:1080500000037D000000FFFF00037D000001FFFF23
:1080600000037D010000FFFF00037D010001FFFF11
:1080700000037D020000FFFF00037D020001FFFFFF
:1080800000037D030000FFFF00037D030001FFFFED
:1080900000037D040000FFFF00037D040001FFFFDB
:1080A00000037D050000FFFF00037D050001FFFFC9
:1080B00000037D060000FFFF00037D060001FFFFB7
:1080C00000037D070001FFFF00037D070002FFFFA3
:1080D00000037D080001FFFF00037D080002FFFF91
:1080E00000037D090000FFFF00037D090001FFFF81
:1080F00000037D0A0000FFFF00037D0A0001FFFF6F
:1081000000037D0B0000FFFF00037D0B0001FFFF5C
:1081100000037D0C0000FFFF00037D0C0001FFFF4A
:1081200000037D0D0001FFFF00037D0E0001FFFF36
:1081300000037D0F0001FFFF00037D100001FFFF22
:1081400000037D110001FFFF00037D120001FFFF0E
:1081500000037D130001FFFF00037D140001FFFFFA
:1081600000037D150001FFFF00037D160001FFFFE6
:1081700000037D170001FFFF00037D180001FFFFD2
:1081800000037D190001FFFF00037D1A0001FFFFBE
:1081900000037D1B0001FFFF00037D1C0001FFFFAA
:1081A00000037D1C0002FFFF00037D1D0001FFFF97
:1081B00000037D1D0002FFFF00037D1E0000FFFF86
:1081C000314700089D470008594B0008A94B00089B
:1081D000F9500008154C0008F54C000861530008E0
:1081E000F9540008116000080561000801620008E8
:1081F00015470008154700081547000815470008EF
:10820000055D0008A5560008FD590008195B000827
:10821000415C000819590008154700080D9F000827
:108220001547000815470008415E0008154700087B
:1082300015470008154700081547000815470008AE
:10824000154700081547000815470008154700089E
:10825000154700081547000815470008A18A0008BF
:108260006D7A000815470008D9630008ED6500081D
:10827000016800087D690008016B0008D96B0008DF
:10828000756A0008FF000000000000000000000008
:1082900000000000000000004E0000004B00000045
:1082A00048000000460000004400000041000000BB
:1082B0003C000000370000003400000032000000E5
:1082C000300000002D0000002B00000029000000FD
:1082D000270000002600000024000000230000000A
:1082E0002200000020000000B4000000AA000000EE
:1082F000A0000000960000008C000000820000003A
:10830000780000006E000000640000005A000000C9
:1083100050000000460000003C0000003700000054
:1083200030000000230000002000000012000000C8
:108330000A00000005000000010101010101010126
:108340000101010101010101010100005AA507829B
:1083500000845A01000000005AA5048300140100A3
:1083600010000000010101010101000000A24A0407
:1083700024030020000000000000000000000000B6
:1083800000000000000000000000000000000000ED
:1083900000000000000000000000000000000000DD
:1083A00000000000000000000000000000000000CD
:1083B00000000000000000000000000000000000BD
:1083C00000000000000000000000000000000000AD
:0483D00000000000A9
:04000005080145ADFC
:00000001FF
