:020000040800F2
:1000000000000120314501088145010881450108B2
:100010008145010881450108814501080000000073
:100020000000000000000000000000008145010801
:10003000814501080000000081450108D938010808
:100040008145010881450108814501088145010874
:1000500081450108814501084536010869360108D6
:1000600099360108D53601080D3701088145010888
:100070008145010881450108814501088145010844
:1000800081450108F50A01088145010881450108FB
:100090008145010881450108814501088145010824
:1000A000814501088145010881450108D1230008E7
:1000B00069280008552B0008F92E00088145010821
:1000C00081450108814501088145010881450108F4
:1000D000814501086D3A0108E537010881450108AD
:1000E0002937010881450108000000008145010809
:1000F00081450108814501088145010881450108C4
:100100008145010881450108413A010881450108FE
:1001100081450108814501088145010881450108A3
:100120008145010881450108814501088145010893
:1001300010B5054C237833B9044B13B10448AFF321
:1001400000800123237010BD880300200000000000
:10015000DC4E010808B5034B1BB103490348AFF35C
:10016000008008BD000000008C030020DC4E010868
:1001700081F0004102E000BF83F0004330B54FEA58
:1001800041044FEA430594EA050F08BF90EA020FC5
:100190001FBF54EA000C55EA020C7FEA645C7FEA58
:1001A000655C00F0E2804FEA5454D4EB5555B8BF7B
:1001B0006D420CDD2C4480EA020281EA030382EAEC
:1001C000000083EA010180EA020281EA0303362D7E
:1001D00088BF30BD11F0004F4FEA01314FF4801C51
:1001E0004CEA113102D0404261EB410113F0004F63
:1001F0004FEA03334CEA133302D0524263EB43031A
:1002000094EA050F00F0A780A4F10104D5F1200EB7
:100210000DDB02FA0EFC22FA05F2801841F1000112
:1002200003FA0EF2801843FA05F359410EE0A5F1E6
:1002300020050EF1200E012A03FA0EFC28BF4CF017
:10024000020C43FA05F3C01851EBE37101F00045CD
:1002500007D54FF0000EDCF1000C7EEB00006EEBDA
:100260000101B1F5801F1BD3B1F5001F0CD3490864
:100270005FEA30004FEA3C0C04F101044FEA4452BB
:1002800012F5800F80F09A80BCF1004F08BF5FEA42
:10029000500C50F1000041EB045141EA050130BD22
:1002A0005FEA4C0C404141EB0101013C28BFB1F534
:1002B000801FE9D291F0000F04BF01460020B1FA7F
:1002C00081F308BF2033A3F10B03B3F120020CDA52
:1002D0000C3208DD02F1140CC2F10C0201FA0CF030
:1002E00021FA02F10CE002F11402D8BFC2F1200C95
:1002F00001FA02F120FA0CFCDCBF41EA0C0190404B
:10030000E41AA2BF01EB0451294330BD6FEA040493
:100310001F3C1CDA0C340EDC04F11404C4F120027E
:1003200020FA04F001FA02F340EA030021FA04F390
:1003300045EA030130BDC4F10C04C4F1200220FAE7
:1003400002F001FA04F340EA0300294630BD21FA25
:1003500004F0294630BD94F0000F83F4801306BFEB
:1003600081F480110134013D4EE77FEA645C18BFDF
:100370007FEA655C29D094EA050F08BF90EA020F76
:1003800005D054EA000C04BF1946104630BD91EA6E
:10039000030F1EBF0021002030BD5FEA545C05D171
:1003A0004000494128BF41F0004130BD14F58004B0
:1003B0003CBF01F5801130BD01F0004545F0FE4124
:1003C00041F470014FF0000030BD7FEA645C1ABF59
:1003D000194610467FEA655C1CBF0B46024650EA90
:1003E000013406BF52EA033591EA030F41F40021BC
:1003F00030BD00BF90F0000F04BF0021704730B542
:100400004FF4806404F132044FF000054FF0000116
:1004100050E700BF90F0000F04BF0021704730B5D7
:100420004FF4806404F1320410F0004548BF4042AC
:100430004FF000013EE700BF42004FEAE2014FEA01
:1004400031014FEA02701FBF12F07F4393F07F4FDC
:1004500081F06051704732F07F4208BF704793F0DF
:100460007F4F04BF41F40021704730B54FF46074F2
:1004700001F0004521F000411CE700BF50EA0102F5
:1004800008BF704730B54FF000050AE050EA01029E
:1004900008BF704730B511F0004502D5404261EB0E
:1004A00041014FF4806404F132045FEA915C3FF44F
:1004B000D8AE4FF003025FEADC0C18BF03325FEAEC
:1004C000DC0C18BF033202EBDC02C2F1200300FA9D
:1004D00003FC20FA02F001FA03FE40EA0E0021FAC2
:1004E00002F11444BDE600BF70B54FF0FF0C4CF4B0
:1004F000E06C1CEA11541DBF1CEA135594EA0C0F62
:1005000095EA0C0F00F0DEF82C4481EA030621EA9C
:100510004C5123EA4C5350EA013518BF52EA0335D7
:1005200041F4801143F4801338D0A0FB02CE4FF089
:100530000005E1FB02E506F00042E0FB03E54FF0B9
:100540000006E1FB03569CF0000F18BF4EF0010EB1
:10055000A4F1FF04B6F5007F64F5407404D25FEAAD
:100560004E0E6D4146EB060642EAC62141EA555160
:100570004FEAC52040EA5E504FEACE2EB4F1FD0CA2
:1005800088BFBCF5E06F1ED8BEF1004F08BF5FEA20
:10059000500E50F1000041EB045170BD06F00046D2
:1005A00046EA010140EA020081EA0301B4EB5C047F
:1005B000C2BFD4EB0C0541EA045170BD41F4801177
:1005C0004FF0000E013C00F3AB8014F1360FDEBF9C
:1005D000002001F0004170BDC4F10004203C35DA78
:1005E0000C341BDC04F11404C4F1200500FA05F3FB
:1005F00020FA04F001FA05F240EA020001F000429C
:1006000021F0004110EBD37021FA04F642EB060111
:100610005EEA430E08BF20EAD37070BDC4F10C043B
:10062000C4F1200500FA04F320FA05F001FA04F2FF
:1006300040EA020001F0004110EBD37041F10001EB
:100640005EEA430E08BF20EAD37070BDC4F12005F6
:1006500000FA05F24EEA020E20FA04F301FA05F25E
:1006600043EA020321FA04F001F0004121FA04F206
:1006700020EA020000EBD3705EEA430E08BF20EAD6
:10068000D37070BD94F0000F0FD101F00046400010
:1006900041EB010111F4801F08BF013CF7D041EA92
:1006A000060195F0000F18BF704703F00046520096
:1006B00043EB030313F4801F08BF013DF7D043EA67
:1006C0000603704794EA0C0F0CEA135518BF95EA1D
:1006D0000C0F0CD050EA410618BF52EA4306D1D1A4
:1006E00081EA030101F000414FF0000070BD50EAC3
:1006F000410606BF1046194652EA430619D094EA4D
:100700000C0F02D150EA013613D195EA0C0F05D136
:1007100052EA03361CBF104619460AD181EA03018A
:1007200001F0004141F0FE4141F470014FF0000042
:1007300070BD41F0FE4141F4780170BD70B54FF0DD
:10074000FF0C4CF4E06C1CEA11541DBF1CEA13555D
:1007500094EA0C0F95EA0C0F00F0A7F8A4EB05043F
:1007600081EA030E52EA03354FEA013100F0888036
:100770004FEA03334FF0805545EA131343EA1263FF
:100780004FEA022245EA111545EA10654FEA0026B4
:100790000EF000419D4208BF964244F1FD0404F56D
:1007A000407402D25B084FEA3202B61A65EB0305C9
:1007B0005B084FEA32024FF480104FF4002CB6EB86
:1007C000020E75EB030E22BFB61A754640EA0C0006
:1007D0005B084FEA3202B6EB020E75EB030E22BF46
:1007E000B61A754640EA5C005B084FEA3202B6EB87
:1007F000020E75EB030E22BFB61A754640EA9C0046
:100800005B084FEA3202B6EB020E75EB030E22BF15
:10081000B61A754640EADC0055EA060E18D04FEAD3
:10082000051545EA16754FEA06164FEAC30343EA73
:1008300052734FEAC2025FEA1C1CC0D111F4801F40
:100840000BD141EA00014FF000004FF0004CB6E739
:1008500011F4801F04BF01430020B4F1FD0C88BFD8
:10086000BCF5E06F3FF6AFAEB5EB030C04BFB6EBE3
:10087000020C5FEA500C50F1000041EB045170BDD6
:100880000EF0004E4EEA113114EB5C04C2BFD4EB03
:100890000C0541EA045170BD41F480114FF0000E87
:1008A000013C90E645EA060E8DE60CEA135594EA03
:1008B0000C0F08BF95EA0C0F3FF43BAF94EA0C0F06
:1008C0000AD150EA01347FF434AF95EA0C0F7FF47B
:1008D00025AF104619462CE795EA0C0F06D152EACF
:1008E00003353FF4FDAE1046194622E750EA4106B3
:1008F00018BF52EA43067FF4C5AE50EA41047FF4C4
:100900000DAF52EA43057FF4EBAE12E74A0011D275
:1009100012F5001211D20DD56FF47873B3EB625259
:100920000ED44FEAC12343F0004343EA505323FA65
:1009300002F070474FF00000704750EA013002D1DA
:100940004FF0FF3070474FF0000070474FEA410210
:10095000B2F1E04324BFB3F5001CDCF1FE5C0DD91D
:1009600001F0004C4FEAC0024CEA5070B2F1004F67
:1009700040EB830008BF20F00100704711F0804F6A
:1009800021D113F13872BCBF01F00040704741F42F
:1009900080114FEA5252C2F11802C2F1200C10FA33
:1009A0000CF320FA02F018BF40F001004FEAC12317
:1009B0004FEAD32303FA0CFC40EA0C0023FA02F3BB
:1009C0004FEA4303CCE77FEA625307D150EA013391
:1009D0001EBF4FF0FE4040F44000704701F0004061
:1009E00040F0FE4040F40000704700BF80F000403F
:1009F00002E000BF81F0004142001FBF5FEA4103F7
:100A000092EA030F7FEA226C7FEA236C6AD04FEAF6
:100A10001262D2EB1363C1BFD2184140484041403B
:100A2000B8BF5B42192B88BF704710F0004F40F4ED
:100A3000000020F07F4018BF404211F0004F41F409
:100A4000000121F07F4118BF494292EA030F3FD0D5
:100A5000A2F1010241FA03FC10EB0C00C3F12003E8
:100A600001FA03F100F0004302D5494260EB400077
:100A7000B0F5000F13D3B0F1807F06D340084FEAE2
:100A8000310102F10102FE2A51D2B1F1004F40EBD7
:100A9000C25008BF20F0010040EA0300704749003F
:100AA00040EB0000013A28BFB0F5000FEDD2B0FADC
:100AB00080FCACF1080CB2EB0C0200FA0CF0AABFFF
:100AC00000EBC25052421843BCBFD040184370479D
:100AD00092F0000F81F4000106BF80F400000132A3
:100AE000013BB5E74FEA41037FEA226C18BF7FEA7A
:100AF000236C21D092EA030F04D092F0000F08BFBC
:100B00000846704790EA010F1CBF0020704712F0A2
:100B10007F4F04D1400028BF40F00040704712F1E1
:100B200000723CBF00F50000704700F0004343F046
:100B3000FE4040F4000070477FEA226216BF08467C
:100B40007FEA23630146420206BF5FEA412390EA3F
:100B5000010F40F4800070474FF0000304E000BF35
:100B600010F0004348BF40425FEA000C08BF7047E6
:100B700043F0964301464FF000001CE050EA0102AA
:100B800008BF70474FF000030AE000BF50EA0102BF
:100B900008BF704711F0004302D5404261EB4101AC
:100BA0005FEA010C02BF84460146002043F0B643D1
:100BB00008BFA3F18053A3F50003BCFA8CF2083AF6
:100BC000A3EBC25310DB01FA02FC634400FA02FCFF
:100BD000C2F12002BCF1004F20FA02F243EB020006
:100BE00008BF20F00100704702F1200201FA02FC68
:100BF000C2F1200250EA4C0021FA02F243EB02005B
:100C000008BF20EADC7070474FF0FF0C1CEAD0529E
:100C10001EBF1CEAD15392EA0C0F93EA0C0F6FD05F
:100C20001A4480EA010C400218BF5FEA41211ED03D
:100C30004FF0006343EA501043EA5111A0FB013129
:100C40000CF00040B1F5000F3EBF490041EAD371FE
:100C50005B0040EA010062F17F02FD2A1DD8B3F17A
:100C6000004F40EBC25008BF20F00100704790F0E9
:100C7000000F0CF0004C08BF49024CEA502040EA3B
:100C800051207F3AC2BFD2F1FF0340EAC250704701
:100C900040F400004FF00003013A5DDC12F1190F3F
:100CA000DCBF00F000407047C2F10002410021FAB1
:100CB00002F1C2F1200200FA02FC5FEA310040F1C9
:100CC000000053EA4C0308BF20EADC70704792F042
:100CD000000F00F0004C02BF400010F4000F013A7A
:100CE000F9D040EA0C0093F0000F01F0004C02BF75
:100CF000490011F4000F013BF9D041EA0C018FE7E4
:100D00000CEAD15392EA0C0F18BF93EA0C0F0AD0E9
:100D100030F0004C18BF31F0004CD8D180EA01000F
:100D200000F00040704790F0000F17BF90F0004FA8
:100D3000084691F0000F91F0004F14D092EA0C0F8A
:100D400001D142020FD193EA0C0F03D14B0218BF1D
:100D5000084608D180EA010000F0004040F0FE4063
:100D600040F40000704740F0FE4040F440007047FF
:100D70004FF0FF0C1CEAD0521EBF1CEAD15392EA7E
:100D80000C0F93EA0C0F69D0A2EB030280EA010C6E
:100D900049024FEA402037D04FF0805343EA111107
:100DA00043EA10130CF000408B4238BF5B0042F165
:100DB0007D024FF4000C8B4224BF5B1A40EA0C000A
:100DC000B3EB510F24BFA3EB510340EA5C00B3EB3C
:100DD000910F24BFA3EB910340EA9C00B3EBD10F2A
:100DE00024BFA3EBD10340EADC001B0118BF5FEA7C
:100DF0001C1CE0D1FD2A3FF650AF8B4240EBC250A5
:100E000008BF20F0010070470CF0004C4CEA502065
:100E10007F32C2BFD2F1FF0340EAC250704740F4B4
:100E200000004FF00003013A37E792F0000F00F0A6
:100E3000004C02BF400010F4000F013AF9D040EA24
:100E40000C0093F0000F01F0004C02BF490011F4B8
:100E5000000F013BF9D041EA0C0195E70CEAD153B0
:100E600092EA0C0F08D142027FF47DAF93EA0C0F97
:100E70007FF470AF084676E793EA0C0F04D14B027B
:100E80003FF44CAF08466EE730F0004C18BF31F02D
:100E9000004CCAD130F000427FF45CAF31F0004327
:100EA0007FF43CAF5FE700BF4FF0FF3C06E000BFC0
:100EB0004FF0010C02E000BF4FF0010C4DF804CDE3
:100EC0004FEA40024FEA41037FEA226C18BF7FEAF3
:100ED000236C11D001B052EA530C18BF90EA010FF5
:100EE00058BFB2EB030088BFC81738BF6FEAE17084
:100EF00018BF40F0010070477FEA226C02D15FEA20
:100F0000402C05D17FEA236CE4D15FEA412CE1D08B
:100F10005DF8040B704700BF844608466146FFE752
:100F20000FB5FFF7C9FF002848BF10F1000F0FBD34
:100F30004DF808EDFFF7F4FF0CBF012000205DF82D
:100F400008FB00BF4DF808EDFFF7EAFF34BF0120B2
:100F500000205DF808FB00BF4DF808EDFFF7E0FF4B
:100F600094BF012000205DF808FB00BF4DF808ED9C
:100F7000FFF7D2FF94BF012000205DF808FB00BFFF
:100F80004DF808EDFFF7C8FF34BF012000205DF8E1
:100F900008FB00BF42000ED2B2F1FE4F0BD34FF060
:100FA0009E03B3EB126209D44FEA002343F00043DF
:100FB00023FA02F070474FF00000704712F1610F02
:100FC00001D1420202D14FF0FF3070474FF00000D4
:100FD000704700BF80B582B000AF0023FB710CE00A
:100FE000FA79244913465B0213449B000B441C33DB
:100FF00000221A70FB790133FB71FB79032BEFD9C7
:101000000FF022F90FF0B8FB10F000F910F0B0F972
:1010100010F05EFA0CF0A6FB0FF0BCFA154B1A8824
:10102000144BDA83134B1422A3F82228114B03F537
:1010300080531A890F4B03F58053DA840D4B03F567
:1010400080531422A3F82A28012000F0BBFA0320C1
:1010500000F0B8FA002000F035FA012000F032FA72
:10106000022000F02FFA032000F02CFA00BF08370E
:10107000BD4680BDA403002080B586B000AFB96036
:101080007B600346FB731346BB7300237B617B6865
:10109000002B40D0FB7BB968184600F0C9FAFB7BF7
:1010A000012B02D0FB7B032B03D1FB7B184600F006
:1010B000F5FCBA7BFB7B114618460FF04DFAFB7B23
:1010C000184600F0B9FD0346FB74FA7B1449134639
:1010D0005B0213449B000B441E331B881A467B683B
:1010E00002FB03F3FA7C02FB03F37B61FA7B0C49FE
:1010F00013465B0213449B000B4408331A68FB7BC6
:101100001146184600F0D6FEB97BFB7B7A6918467B
:1011100000F008F800E000BF1837BD4680BD00BFF2
:10112000A403002080B582B000AF03463A60FB7193
:101130000B46BB71BA79FB79114618460FF00CFAD1
:10114000FA790D4913465B0213449B000B440233AA
:101150001A78FB79114618460FF038F9FB791846D2
:1011600000F000FAFB793968184600F007F800BF74
:101170000837BD4680BD00BFA403002080B584B001
:1011800000AF03463960FB71FB79002B02D1C82305
:10119000FB6010E0FB79012B02D1C823FB600AE061
:1011A000FB79022B02D1C823FB6004E0FB79032BFF
:1011B00001D1C823FB60FB685B003A689A4203D800
:1011C0003B685B08023BFB60FA794E4913465B02C1
:1011D00013449B000B4418333A681A60FB790121D1
:1011E00018460FF0C3F8FA79464913465B021344D8
:1011F0009B000B4420331B887B81FA7941491346BD
:101200005B0213449B000B441033FA681A60FA79AE
:101210003C4913465B0213449B000B441833196886
:10122000FA79384813465B0213449B000344103399
:101230001B68FA79C91A334813465B0213449B00B2
:10124000034414331960FA792E4913465B021344A0
:101250009B000B441C3301221A70FA79294913466A
:101260005B0213449B000B4403F5FE6300221A80CB
:10127000FB79032B3DD801A252F823F08D12000810
:10128000A5120008C3120008DB1200081E4B002242
:101290001A601E4A7B89D3621C4BDB6A1B4A5B08BF
:1012A000536326E04FF080427B89D3624FF0804346
:1012B000DB6A4FF080425B085363154B00221A60D3
:1012C00017E0144A7B89D362124BDB6A114A5B0830
:1012D000D363114B00221A600BE0104A7B89D36262
:1012E0000E4BDB6A0D4A5B0853630D4B00221A60FC
:1012F00000BFFB790B4A52F82330984700BF1037E4
:10130000BD4680BDA40300201C360020002C0140F7
:101310008036002000040040C43600200008004051
:1013200008370020187E010880B582B000AF034660
:101330000A46FB711346BB71BA79FB791146184610
:101340000FF014F800BF0837BD4680BD80B582B0ED
:1013500000AF0023FB7115E0FB790E4A52F82330F1
:101360009847FA790C4913465B0213449B000B44DF
:101370001C3300221A70FB79184600F023F9FB7920
:101380000133FB71FB79032BE6D900BF00BF08379F
:10139000BD4680BD087E0108A403002080B582B050
:1013A00000AF0023FB711AE0FB79114A52F8233099
:1013B0009847FA790F4913465B0213449B000B448C
:1013C0001C3300221A70FB79184600F0FBF8FB79F9
:1013D000002118460EF0CAFFFB790133FB71FB793F
:1013E000032BE1D900BF00BF0837BD4680BD00BF59
:1013F000087E0108A403002090B585B000AF034625
:10140000FB71FB79032B1BD801A252F823F000BF1C
:1014100021140008291400083114000839140008A8
:10142000224B1B68FB600BE0214B1B68FB6007E055
:10143000204B1B68FB6003E01F4B1B68FB6000BF79
:10144000FB79184600F0F8FB0346FB72F868FFF7DB
:1014500083FB0446FA79194913465B0213449B0047
:101460000B441E331B881846FFF77AFB03461946C8
:101470002046FFF77DFC03461C46FB7A1846FFF723
:101480006FFB034619462046FFF772FC03460C49E2
:101490001846FFF7B9FB03461846FFF77BFD0346E6
:1014A0009BB218461437BD4690BD00BF1C360020C5
:1014B00080360020C436002008370020A403002016
:1014C0000000C84280B582B000AF0346FB71FB79D3
:1014D0000A4A52F823309847FA79094913465B02C1
:1014E00013449B000B441C3300221A70FB791846EE
:1014F00000F068F800BF0837BD4680BD087E0108CF
:10150000A403002080B483B000AF0346FB71FA79D6
:10151000064913465B0213449B000B441C33032211
:101520001A7000BF0C37BD4680BC7047A403002072
:1015300080B582B000AF0346FB71FA7908491346C3
:101540005B0213449B000B4402331A78FB7911466B
:1015500018460EF03BFF00BF0837BD4680BD00BFF8
:10156000A403002080B584B000AF0346FB71FA7974
:10157000114913465B0213449B000B441B88184619
:10158000FFF7EEFA03460D491846FFF73DFB034609
:10159000FB600B49F868FFF7F3FC0346002B01D012
:1015A000074BFB60FB79F96818460CF03DF900BF6A
:1015B0001037BD4680BD00BFA40300205839343C1D
:1015C0000000504080B584B000AF0346FB71FA794B
:1015D000144913465B0213449B000B441B881846B6
:1015E000FFF7BEFA03464FF07C511846FFF70CFB9D
:1015F00003460D491846FFF707FB0346FB600B49FE
:10160000F868FFF7BDFC0346002B01D0074BFB60D9
:10161000FB79F96818460CF007F900BF1037BD4692
:1016200080BD00BFA40300205839343C0000504066
:1016300090B583B000AF03463960FB71FB79022B94
:1016400039D13868FFF788FA03464FF07F511846C2
:10165000FFF7DAFA03461C46FA79274913465B027C
:1016600013449B000B441E331B881846FFF778FA7F
:10167000034619462046FFF7C7FA03461C46FB7986
:10168000184600F0D9FA03461846FFF769FA0346F0
:1016900019462046FFF7B8FA0346FC791846FFF7CB
:1016A00079FC0246144923465B0223449B000B4409
:1016B00008331A601CE0FA790F4913465B021344A1
:1016C0009B000B441E331B881A463B6803FB02F445
:1016D000FB79184600F0B0FA0346FA7903FB04F1EF
:1016E000054813465B0213449B000344083319600A
:1016F00000BF0C37BD4690BDA403002080B500AFED
:1017000045F20B0006F07AFB0346DAB2B84B9A704A
:1017100045F20D0006F072FB0346DAB2B44B83F8D3
:10172000062845F20F0006F069FB0346DAB2B04B1B
:1017300003F580539A7245F2110006F05FFB0346F1
:10174000DAB2AB4B03F5805383F80E2845F20A005A
:1017500006F054FB03461A46A54B1A8045F20C00CE
:1017600006F04CFB03461A46A14BA3F8042845F2A9
:101770000E0006F043FB03461A469D4B03F58053CB
:101780001A8145F2100006F039FB03461A46984BC1
:1017900003F58053A3F80C28954B1A88944BDA83F1
:1017A000934B1422A3F82228914B03F580531A89F6
:1017B0008F4B03F58053DA848D4B03F5805314224D
:1017C000A3F82A284FF4A04006F018FB0346184659
:1017D000FFF7C6F9034687491846FFF715FA03468F
:1017E0001A46854B1A6045F2010006F007FB0346D6
:1017F0001846FFF7B5F9034680491846FFF704FA83
:1018000003461A467C4B5A607B4B5B6819460020A6
:1018100000F0B8FA03461A46774B9A6045F2170073
:1018200006F0ECFA03461846FFF79AF903467149A9
:101830001846FFF7E9F903461A466F4BDA6045F29E
:10184000160006F0DBFA03461846FFF789F903464F
:1018500068491846FFF7D8F903461A46664B1A61DD
:10186000654B1B691946002000F08CFA03461A46A6
:10187000614B5A6145F2120006F0C0FA0346184661
:10188000FFF76EF903465B491846FFF7BDF90346BB
:101890001A46594B9A61584B9B691946002000F033
:1018A00071FA03461A46544BDA6145F2020006F01B
:1018B000A5FA03461846FFF753F903464D49184663
:1018C000FFF7A2F903461A464B4B1A6245F2030092
:1018D00006F094FA03461846FFF742F903464749D3
:1018E0001846FFF791F903461A46434B5A6245F2F0
:1018F000040006F083FA03461846FFF731F9034661
:101900003C491846FFF780F903461A463A4B9A625B
:1019100045F2050006F072FA03461846FFF720F973
:10192000034634491846FFF76FF903461A46324B0F
:101930005A6345F2190006F061FA03461846FFF7AC
:101940000FF903462B491846FFF75EF903461A467E
:10195000294BDA6245F2150006F050FA03461846A4
:10196000FFF7FEF8034623491846FFF74DF90346F3
:101970001A46214B1A6345F2130006F03FFA03465C
:101980001846FFF7EDF803461A491846FFF73CF9E9
:1019900003461A46184B9A6345F2180006F02EFAD1
:1019A00003461846FFF7DCF8034612491846FFF7CE
:1019B0002BF903461A46104BDA6345F2060006F08F
:1019C0001DFA03461846FFF7CBF8034609491846A7
:1019D000FFF71AF903461A46074B1A6445F2070047
:1019E00006F00CFA03461846FFF7BAF8034607E07C
:1019F000A40300200AD7233CBC340020CDCCCC3D2E
:101A000023491846FFF700F903461A46214B5A644A
:101A100045F2080006F0F2F903461846FFF7A0F871
:101A200003461D491846FFF7EFF803461A46194BBF
:101A30009A6445F2090006F0E1F903461846FFF7FB
:101A40008FF8034614491846FFF7DEF803461A4696
:101A5000104BDA640F4BDB6C1946022000F092F950
:101A600003461A460B4B1A6545F2140006F0C6F9F8
:101A700003461846FFF774F8034607491846FFF770
:101A8000C3F803461A46034B5A6500BF80BD00BF2A
:101A9000CDCCCC3DBC3400200AD7233C80B582B0ED
:101AA00000AF0346FB71FA790A4913465B021344FF
:101AB0009B000B4402331A78FB79114618460EF04E
:101AC00085FCFB791846FFF74DFD00BF0837BD4682
:101AD00080BD00BFA403002080B582B000AF0346E4
:101AE000FB71FB790A3B072B00F2A08001A252F8A0
:101AF00023F000BF151B0008351B0008551B00080C
:101B0000771B0008991B0008BD1B0008E11B00089B
:101B1000071C0008FB799BB203F5A0439BB2184653
:101B200006F06CF903461A46424B1A800020FFF774
:101B300019FD7BE0FB799BB203F5A0439BB21846ED
:101B400006F05CF90346DAB23A4B9A700020FFF7D0
:101B5000EFFC6BE0FB799BB203F5A0439BB2184608
:101B600006F04CF903461A46324BA3F8042801202C
:101B7000FFF7F8FC5AE0FB799BB203F5A0439BB258
:101B8000184606F03BF90346DAB22A4B83F80628DA
:101B90000120FFF7CDFC49E0FB799BB203F5A043A0
:101BA0009BB2184606F02AF903461A46214B03F564
:101BB00080531A810220FFF7D5FC37E0FB799BB2F6
:101BC00003F5A0439BB2184606F018F90346DAB2B3
:101BD000184B03F580539A720220FFF7A9FC25E009
:101BE000FB799BB203F5A0439BB2184606F006F9B9
:101BF00003461A460F4B03F58053A3F80C28032025
:101C0000FFF7B0FC12E0FB799BB203F5A0439BB257
:101C1000184606F0F3F80346DAB2064B03F5805394
:101C200083F80E280320FFF783FC00BF00BF0837AE
:101C3000BD4680BDA403002080B485B000AF03463C
:101C4000FB71FA79194913465B0213449B000B445C
:101C500002331B78013B032B1FD801A252F823F05B
:101C6000711C0008771C00087D1C0008831C0008FC
:101C70000123FB7314E00223FB7311E00423FB73C5
:101C80000EE0FB79002B02D0FB79022B02D1082356
:101C9000FB7305E01023FB7302E00123FB7300BF1D
:101CA000FB7B18461437BD4680BC7047A403002058
:101CB00080B500AF0BF0C6FC0346012B1FD00120FE
:101CC0000FF0BAF90346002B02D101200BF0EAF81D
:101CD00002200FF0B1F90346002B02D001200BF0D7
:101CE000EDF9084B1B7F002B0AD1074B93F83B30D3
:101CF000DBB21A460A21002000F048F900E000BFDC
:101D000080BD00BFA40300206034002080B582B0F5
:101D100000AF03463960FB710BF094FC0346012BC6
:101D20000AD0074B1B7F002B07D1FA793B680A21A9
:101D30000020FFF7A1F900E000BF0837BD4680BDD5
:101D4000A403002080B582B000AF03463960FB7168
:101D50000BF078FC0346012B0DD0094B03F58053A3
:101D600093F82430002B07D1FA793B680A2102202E
:101D7000FFF782F900E000BF0837BD4680BD00BF15
:101D8000A403002090B585B000AF03463960FB7115
:101D90004FF000013868FFF7CBF80346002B01D065
:101DA000002328E0FB791846FFF746FF0346FB7344
:101DB000FA79134913465B0213449B000B441E330C
:101DC0001B881846FEF7CCFE034639681846FEF716
:101DD0001BFF03461C46FB7B1846FEF7C1FE03466D
:101DE00019462046FEF710FF03461846FFF7D2F8C3
:101DF0000346BB60BB6818461437BD4690BD00BFA4
:101E0000A403002000000000B0B584B000AF03467A
:101E10003960FB714FF000013868FFF789F803461D
:101E2000002B01D000233AE0FB791846FFF704FFAE
:101E30000346FB733868FEF7FFFA1BA3D3E90023C0
:101E4000FEF752FB02460B4614461D46FA79184926
:101E500013465B0213449B000B441E331B88184639
:101E6000FEF7D8FA02460B4620462946FEF73CFB11
:101E700002460B4614461D46FB7B1846FEF7CAFA7F
:101E800002460B4620462946FEF72EFB02460B462D
:101E900010461946FEF73AFD0346BB60BB6818467C
:101EA0001037BD46B0BD00BF7B14AE47E17A843F1A
:101EB000A4030020B0B584B000AF03463960FB71C5
:101EC0003B68B3F5167F36D93B68A3F51673BB6044
:101ED0000023FB8129E0B868FEF73EFE0246FB893D
:101EE000254951F8233019461046FEF78DFE03466A
:101EF00022491846FEF780FD034619462048FEF7A2
:101F000037FF0346FC79FD891846FFF743F803467F
:101F100099B21C4A23465B0223445B002B441033D6
:101F200022F81310FB890133FB81FB8940F2E63272
:101F30009342D0D91BE00023FB8113E0124A3B6897
:101F4000B2FBF3F3FA79F9899CB20E4813465B02AF
:101F500013445B000B441033224620F81320FB8906
:101F60000133FB81FB8940F2E6329342E6D900BFA0
:101F70001037BD46B0BD00BF686E010800001644B2
:101F80000024F449A403002080841E0080B582B0A0
:101F900000AF03463960FB711346BB71FB793968AA
:101FA0001846FFF745FBFB79012B02D0FB79032B89
:101FB00003D1FB791846FFF771FDBA79FB79114619
:101FC00018460EF0C9FAFA795D4913465B021344CC
:101FD0009B000B4402331A78FB79114618460EF029
:101FE000F5F9FB791846FFF7BDFAFA79544913461B
:101FF0005B0213449B000B4408331A68FB791146BB
:102000001846FFF757FFFB79032B5ED801A252F861
:1020100023F000BF252000084D2000087B20000889
:10202000A3200008474B00221A60FA79444913465E
:102030005B0213449B000B4420331A88424BDA6244
:10204000414BDB6A404A5B0853633EE0FA793C4906
:1020500013465B0213449B000B4420331A884FF055
:102060008043DA624FF08043DB6A4FF080425B08C6
:102070005363364B00221A6027E0FA793049134641
:102080005B0213449B000B4420331A88304BDA6206
:102090002F4BDB6A2E4A5B08D3632E4B00221A605B
:1020A00013E0FA79264913465B0213449B000B4464
:1020B00020331A88284BDA62274BDB6A264A5B08F2
:1020C0005363264B00221A6000BFFA791C4913465D
:1020D0005B0213449B000B4403F5FE6300221A804D
:1020E000FA79174913465B0213449B000B441433DF
:1020F0004FF0FF321A60FA79114913465B0213441C
:102100009B000B441C3304221A70FA790C491346C5
:102110005B0213449B000B4403F2F4734FF0FF3255
:102120001A60FB79012118460EF020F9FB790C4A60
:1021300052F82330984700BF0837BD4680BD00BF26
:10214000A40300201C360020002C01408036002013
:1021500000040040C436002000080040083700207A
:10216000187E010880B586B000AFB9607B60034679
:10217000FB731346BB73FB7BB9681846FFF758FA2D
:10218000BA7BFB7B114618460EF0E6F9FB7B01217A
:1021900018460EF0EBF8FA7B844913465B021344B1
:1021A0009B000B4408331A68FB7B11461846FFF767
:1021B00081FEFB7B012B02D0FB7B032B03D1FB7B3E
:1021C0001846FFF76BFCFB7B002B02D1C8237B6119
:1021D00010E0FB7B012B02D1C8237B610AE0FB7B73
:1021E000022B02D1C8237B6104E0FB7B032B01D1CE
:1021F000C8237B613A6A7B699A4202D83B6A5B08D2
:102200007B61FB7B032B5ED801A252F823F000BF59
:102210002122000849220008772200089F22000896
:10222000634B00221A60FA7B604913465B02134439
:102230009B000B4420331A885E4BDA625D4BDB6AED
:102240005C4A5B0853633EE0FA7B584913465B02E5
:1022500013449B000B4420331A884FF08043DA620A
:102260004FF08043DB6A4FF080425B085363524B70
:1022700000221A6027E0FA7B4C4913465B021344A4
:102280009B000B4420331A884C4BDA624B4BDB6AC1
:102290004A4A5B08D3634A4B00221A6013E0FA7B78
:1022A000424913465B0213449B000B4420331A88B7
:1022B000444BDA62434BDB6A424A5B085363424B4E
:1022C00000221A6000BFFA7B384913465B021344B0
:1022D0009B000B4403F5006300221A70FA7B33491C
:1022E00013465B0213449B000B4403F5FE6300227C
:1022F0001A80FA7B2D4913465B0213449B000B4462
:102300001C3306221A70FA7B396A284813465B028E
:1023100013449B00034403F2F4731960FA7B2349CE
:1023200013465B0213449B000B4410337A691A6016
:10233000FA7B1E4913465B0213449B000B4403F2D5
:10234000F4731B681846FA7B184913465B02134462
:102350009B000B4410331B68FA7BC11A13481346C9
:102360005B0213449B00034414331960FA7B0F494A
:1023700013465B0213449B000B4403F5FF630022EA
:102380001A70FA7B094913465B0213449B000B4405
:1023900003F2FC737A681A60FB7B0C4A52F8233014
:1023A000984700BF1837BD4680BD00BFA40300207A
:1023B0001C360020002C0140803600200004004024
:1023C000C43600200008004008370020187E0108AD
:1023D00080B500AFA64B1B6903F00203022B40F04F
:1023E0003C82A44B1B680133A24A1360A24B93F8B2
:1023F0003730DBB2002B11D0A04B1B780133DAB29F
:102400009E4B1A709D4B1B78042B07D90C200EF0A5
:10241000F1FD0346002B01D0FEF7C0FF954B1B6872
:10242000642B1CD9944B93F83330DBB2002B16D0BD
:10243000934B1B780133DAB2914B1A70904B1B7897
:10244000132B0CD904200EF0D5FD0346002B06D02B
:102450008B4B00221A70884B002283F85020864B49
:1024600093F84C30DBB2012B05D0834B93F84C3002
:10247000DBB20A2B79D1834B1B780133DAB2814B63
:102480001A70804B1B78012B1DD97B4B5B7EDBB216
:10249000012B18D102200EF0ADFD0346002B12D106
:1024A000784B00221A70744B002283F84C20764B34
:1024B000012283F8F827744B06221A77724B002208
:1024C00083F8002895E06C4B5B7EDBB2022B40F07A
:1024D0009080694B93F84F30DBB2002B22D0694BD0
:1024E0001B780133DAB2674B1A70664B1B78312BBD
:1024F0000DD903200EF07EFD0346002B07D0614B63
:1025000000221A705C4B002283F84F20A5E15D4B3E
:102510001B78012B6DD95B4B1B78013BDAB2594B11
:102520001A7066E0574B1B780133DAB2554B1A70BC
:10253000544B1B78042B5CD903200EF05BFD034643
:10254000002B56D14F4B00221A704B4B002283F8C0
:102550004C204D4B012283F8F8274B4B06221A776B
:10256000494B002283F8002843E0434B93F84C305A
:10257000DBB2022B3ED1434B1B780133DAB2414B25
:102580001A70404B1B78042B13D903200EF032FD38
:102590000346002B0DD13B4B00221A70364B002214
:1025A00083F84C20344B012283F83A20364B032227
:1025B0001A77364B1B780133DAB2344B1A70334B2F
:1025C0001B78042B16D902200EF014FD0346002BB5
:1025D00010D12E4B00221A70274B002283F84C207A
:1025E000254B022283F83A20274B012283F8F82753
:1025F00000E000BF244B1B7F062B00F2288101A2C4
:1026000052F823F04F28000821260008012700086F
:102610009126000817270008592700086D27000891
:10262000194BB3F9F0371946174B1A6913469B003B
:102630001344994218D2144BB3F9F037124A1033AD
:1026400032F813200A4BDA62094BDB6A084A5B084E
:1026500053630D4BB3F9F0379BB205339BB21AB2FB
:10266000094BA3F8F027F2E0074B02221A77EEE0BD
:10267000002C01401C36002060340020B5230020CF
:10268000B6230020B7230020A4030020B823002095
:10269000724B9A69724B1B689A4229D96F4BB3F9F6
:1026A000F037052B40F3CA806C4BB3F9F037B3F524
:1026B0007A7F04DD694B4FF47A72A3F8F027674BF9
:1026C000B3F9F0379BB2053B9BB21AB2634BA3F848
:1026D000F027624BB3F9F037604A103332F8132019
:1026E000604BDA625F4BDB6A5E4A5B085363A5E0CE
:1026F0000020FEF7E7FE594B0022A3F8F0279DE0EB
:10270000564B5A69564B1B689A4280F09980534B3E
:1027100003221A7794E0514BB3F9F03740F2E232DA
:10272000934200F38F804D4BB3F9F0374B4A10338F
:1027300032F813204B4BDA624A4BDB6A494A5B089A
:102740005363464BB3F9F0379BB205339BB21AB2D1
:10275000424BA3F8F02775E0404B9A69404B1B6849
:102760009A4271D80020FEF7ADFE6DE03B4BB3F905
:10277000F0371946394B1A6913469B0013449942A6
:1027800017D2364BB3F9F037344A103332F81320EE
:10279000344BDA62334BDB6A324A5B0853632F4BAC
:1027A000B3F9F0379BB205339BB21AB22B4BA3F8A7
:1027B000F0272A4B93F8F837002B2CD0274B002218
:1027C00083F8F827254BD3F8FC37C72B16D9234BB2
:1027D000D3F8FC27224B1B68134414331F4A936120
:1027E0001E4BC8221A611D4B9A691C4B1B69D31AD8
:1027F0001A4A5361194B02221A7727E0174BD3F874
:10280000FC27174B1B6813441433144A9361134B72
:1028100003221A771AE0114BD3F8F437002B15DD99
:102820000E4B5A690E4B1B689A420FD80B4B012274
:1028300083F80028094B03221A7707E000BF06E05F
:1028400000BF04E000BF02E000BF00E000BF054B96
:102850001B69044A23F00203136180BDA403002016
:102860001C360020002C014080B500AF4FF08043A3
:102870001B6903F00103012B40F05F81B04B1B6823
:102880000133AF4A1360AF4B93F83730DBB2002B04
:1028900011D0AD4B1B780133DAB2AB4B1A70AA4B97
:1028A0001B78042B07D90C200EF0A4FB0346002B49
:1028B00001D0FEF773FDA34B93F84D30DBB2012B33
:1028C0001AD1A24B1B780133DAB2A04B1A709F4B7E
:1028D0001B78042B10D908200EF08CFB0346002B2C
:1028E0000AD19A4B00221A70964B002283F84D2091
:1028F000974B032283F82028954B93F82038062B1A
:1029000000F2138101A252F823F000BF2B2B000824
:1029100029290008D929000885290008F329000879
:102920003D2A0008532A0008894BB3F9F43F1946A1
:10293000874BD3F8142813469B00134499421CD2AA
:10294000834BB3F9F43F824A03F2124332F8132067
:102950004FF08043DA624FF08043DB6A4FF08042F1
:102960005B0853637A4BB3F9F43F9BB205339BB2D8
:102970001AB2774BA3F8F42FD7E0754B022283F8F5
:102980002028D2E0724BB3F9F43F052B1CDD704BCD
:10299000B3F9F43F9BB2053B9BB21AB26C4BA3F860
:1029A000F42F6B4BB3F9F43F694A03F2124332F848
:1029B00013204FF08043DA624FF08043DB6A4FF020
:1029C00080425B085363B0E00120FEF77BFD604B63
:1029D0000022A3F8F42FA8E05D4BD3F81828584B39
:1029E0001B689A4280F09A80594B032283F8202872
:1029F00094E0574BB3F9F43F40F2E232934200F3D4
:102A00008F80534BB3F9F43F514A03F2124332F82B
:102A100013204FF08043DA624FF08043DB6A4FF0BF
:102A200080425B0853634A4BB3F9F43F9BB20533D2
:102A30009BB21AB2464BA3F8F42F71E0444BD3F883
:102A40001C283F4B1B689A426CD80120FEF73AFDC8
:102A500068E03F4BB3F9F43F19463D4BD3F81428D7
:102A600013469B00134499421BD2394BB3F9F43FF0
:102A7000374A03F2124332F813204FF08043DA62F0
:102A80004FF08043DB6A4FF080425B085363304B6A
:102A9000B3F9F43F9BB205339BB21AB22C4BA3F8A7
:102AA000F42F2B4B93F8FC3F002B20D0284B03F541
:102AB00080531A68224B1B689A4218D8244B03F59E
:102AC0008053B3F9F83740F2E232934206DC204BF0
:102AD00003F5805340F2E332A3F8F8271C4B03229E
:102AE00083F820281A4B002283F8FC2F1CE0184B97
:102AF000D3F8F83F002B17DD154BD3F8F83F1A46F3
:102B00000F4B1B689A420FD8114B03F580530122DB
:102B10001A710F4B032283F8202805E000BF04E060
:102B200000BF02E000BF00E000BF4FF080431B6920
:102B30004FF0804223F00103136100BF80BD00BF4E
:102B40008036002060340020B9230020BA23002002
:102B5000A403002080B500AF984B1B6903F001036C
:102B6000012B40F0C081964B1B680133944A1360DF
:102B7000944B93F83730DBB2002B11D0924B1B787B
:102B80000133DAB2904B1A708F4B1B78042B07D9A4
:102B90000C200EF02FFA0346002B01D0FEF7FEFBAF
:102BA000884B93F84B30DBB2012B1DD1874B1B7840
:102BB0000133DAB2854B1A70844B1B78042B13D97E
:102BC00001200EF017FA0346002B0DD17F4B002297
:102BD0001A707C4B002283F84B207D4B03F5805309
:102BE000012283F8002822E0764B93F84B30DBB2C9
:102BF000022B1CD1774B1B780133DAB2754B1A705C
:102C0000744B1B78042B12D901200EF0F3F9034604
:102C1000002B0CD06F4B00221A706A4B002283F8F5
:102C20004B206B4B03F58053032283F82420684B21
:102C300003F5805393F82430062B00F24E8101A255
:102C400052F823F0DB2E0008612C00082F2D00081D
:102C5000CD2C00084F2D0008A32D0008D92D000809
:102C60005B4B03F58053B3F9F8371946584B03F51E
:102C700080539A6913469B00134499421FD2544BC8
:102C800003F58053B3F9F837514A03F6140332F8C9
:102C900013204A4BDA62494BDB6A484A5B08D3632C
:102CA0004B4B03F58053B3F9F8379BB205339BB216
:102CB0001AB2474B03F58053A3F8F8270DE1444BB4
:102CC00003F58053022283F8242006E1404B03F5EC
:102CD0008053B3F9F837052B1FDD3D4B03F58053C7
:102CE000B3F9F8379BB2053B9BB21AB2384B03F5E8
:102CF0008053A3F8F827364B03F58053B3F9F83720
:102D0000334A03F6140332F813202C4BDA622B4BB0
:102D1000DB6A2A4A5B08D363DFE00220FEF7D2FBBE
:102D20002B4B03F580530022A3F8F827D5E0284B5E
:102D300003F58053DA69224B1B689A4200F2C68081
:102D4000234B03F58053032283F82420BEE0204B5D
:102D500003F58053B3F9F83740F2E232934240F37F
:102D6000B7801B4B03F58053B3F9F837184A03F6C5
:102D7000140332F81320114BDA62104BDB6A0F4A4E
:102D80005B08D363124B03F58053B3F9F8379BB25A
:102D900005339BB21AB20E4B03F58053A3F8F82704
:102DA00096E00B4B03F580531A6A054B1B689A4259
:102DB00000F290800220FEF785FB8BE000040040CB
:102DC000C436002060340020BB230020BC23002038
:102DD000A4030020BD230020444B03F58053B3F926
:102DE000F8371946414B03F580539A6913469B0007
:102DF000134499421ED23D4B03F58053B3F9F83783
:102E00003A4A03F6140332F81320394BDA62384B8E
:102E1000DB6A374A5B08D363344B03F58053B3F95D
:102E2000F8379BB205339BB21AB2304B03F580538F
:102E3000A3F8F8272D4B03F5805393F80038002BA7
:102E400028D02A4B03F58053002283F80028274B13
:102E500003F58053D3F80428264B1B681344234AF8
:102E600002F58052D361214B03F58053B3F9F83753
:102E700040F2E232934206DC1C4B03F5805340F2F1
:102E8000E332A3F8F827194B03F58053022283F8A5
:102E9000242021E0154B03F58053D3F8FC37002B99
:102EA0001ADD124B03F58053DA69124B1B689A4204
:102EB00012D80E4B03F58053012283F808280B4BE0
:102EC00003F58053032283F8242005E000BF04E0CB
:102ED00000BF02E000BF00E000BF054B1B69044AD1
:102EE00023F00103136100BF80BD00BFA4030020D5
:102EF00000040040C436002080B500AFB44B1B690D
:102F000003F00103012B40F09781B24B1B680133A2
:102F1000B04A1360B04B93F83730DBB2002B11D0BE
:102F2000AE4B1B780133DAB2AC4B1A70AB4B1B784B
:102F3000042B07D90C200EF05DF80346002B01D0BE
:102F4000FEF72CFAA44B93F84E30DBB2012B1CD1C8
:102F5000A34B1B780133DAB2A14B1A70A04B1B783C
:102F6000042B12D906200EF045F80346002B0CD195
:102F70009B4B00221A70984B002283F84E20994BED
:102F800003F58053032283F82828964B03F58053DA
:102F900093F82838062B00F2498101A252F823F059
:102FA0002D320008BD2F00088D3000082B3000089E
:102FB000AF300008033100081F310008894B03F5CA
:102FC0008053B3F9FC3F1946864B03F58053D3F881
:102FD0001C2813469B00134499421FD2814B03F5D2
:102FE0008053B3F9FC3F7F4A03F6164332F81320AF
:102FF000774BDA62764BDB6A754A5B085363794B31
:1030000003F58053B3F9FC3F9BB205339BB21AB270
:10301000744B03F58053A3F8FC2F07E1714B03F5C4
:103020008053022283F8282800E16E4B03F5805379
:10303000B3F9FC3F052B1FDD6A4B03F58053B3F951
:10304000FC3F9BB2053B9BB21AB2664B03F5805323
:10305000A3F8FC2F634B03F58053B3F9FC3F614A9F
:1030600003F6164332F81320594BDA62584BDB6AE9
:10307000574A5B085363D9E00320FEF723FA594B04
:1030800003F580530022A3F8FC2FCFE0554B03F546
:103090008053D3F820284F4B1B689A4200F2BF8020
:1030A000504B03F58053032283F82828B7E04D4B9B
:1030B00003F58053B3F9FC3F40F2E232934200F350
:1030C000B080484B03F58053B3F9FC3F454A03F603
:1030D000164332F813203E4BDA623D4BDB6A3C4A22
:1030E0005B0853633F4B03F58053B3F9FC3F9BB23E
:1030F00005339BB21AB23B4B03F58053A3F8FC2F68
:103100008FE0384B03F58053D3F82428314B1B68EC
:103110009A4200F288800320FEF7D4F983E0314B15
:1031200003F58053B3F9FC3F19462E4B03F580534A
:10313000D3F81C2813469B00134499421ED2294BF6
:1031400003F58053B3F9FC3F264A03F6164332F8E1
:1031500013201F4BDA621E4BDB6A1D4A5B08536368
:10316000204B03F58053B3F9FC3F9BB205339BB270
:103170001AB21C4B03F58053A3F8FC2F194B03F52F
:1031800000531B79002B2FD0164B03F500539A6880
:10319000104B1B689A4227D8124B03F58053B3F9A2
:1031A000F83740F2E232934206DC0E4B03F58053CF
:1031B00040F2E332A3F8F8270A4B03F580530322C9
:1031C00083F82828074B03F5005300221A712CE0DE
:1031D000000800400837002060340020BE23002093
:1031E000BF230020A4030020144B03F500531B68E9
:1031F000002B1ADD114B03F58053D3F82028104B18
:103200001B689A4211D80D4B03F5005301221A7323
:103210000A4B03F58053032283F8282805E000BFFA
:1032200004E000BF02E000BF00E000BF054B1B69E7
:10323000044A23F00103136100BF80BDA4030020F2
:10324000083700200008004080B483B000AF7860E9
:103250007B6800221A707B6800225A707B6801220A
:103260009A7000BF0C37BD4680BC704784B080B5F3
:1032700084B000AF786007F11C0080E80E000023E6
:10328000FB7372B600BF7B685B785A1C194B83FBDB
:103290000213D910D317C91A0B469B000B449B008D
:1032A000D11ACAB2144B1A707B681A78124B1B7869
:1032B0009A4215D07B685B781A46652302FB03F3BC
:1032C0007A6813440333184607F11C036522194634
:1032D00011F082F9084B1A787B685A700123FB734E
:1032E00062B600BFFB7B18461037BD46BDE8804084
:1032F00004B07047676666668F33002080B584B07F
:1033000000AF786039600023FB733B68002B02D06C
:103310007B68002B01D100232BE072B600BF7B68D5
:103320001A787B685B789A4220D07B681B781A46B3
:10333000652302FB03F37A681344033365221946BD
:10334000386811F049F97B681B785A1C0B4B83FBDA
:103350000213D910D317C91A0B469B000B449B00CC
:10336000D11ACAB27B681A700123FB7362B600BF20
:10337000FB7B18461037BD4680BD00BF676666669A
:1033800080B582B000AF0023FB80A34B1B78002BDD
:1033900001F09781A04B00221A7008219F480DF080
:1033A000BFFA9E4B9B781B021AB29C4BDB781BB278
:1033B00013431BB2BB80994B1B791B021AB2974B6C
:1033C0005B791BB213431BB27B80944B5B78032B5E
:1033D00000F04B86062B41F07981BB8847F6181226
:1033E00093420BD18E4B9B7DDBB2002B01F06B81A6
:1033F0008B4B012283F8252001F065B9BB8847F685
:103400001912934201F05F81BB8847F61A1293426A
:103410000BD1834BDB7DDBB2002B41F05481804B21
:10342000012283F83F2001F04EB9BB8847F61B12FA
:10343000934211D17A4BDB7DDBB2002B41F043810B
:10344000774B9B7DDBB2002B01F03D81744B012259
:1034500083F8232001F037B9BB8847F61C1293424A
:1034600012D16F4BDB7DDBB2002B41F02C816C4B1A
:103470009B7DDBB2002B01F02681694B5B7EDAB2CB
:10348000674BDA7601F01FB9BB8847F61D129342ED
:1034900011D1634BDB7DDBB2002B41F01481604B1B
:1034A0009B7DDBB2002B01F00E815D4B012283F886
:1034B000202001F008B9BB8847F61E12934217D1AD
:1034C000574BDB7DDBB2002B41F0FD80544B0122DA
:1034D00083F826207B88002B04D0524A7B881380F7
:1034E00001F0F1B84F4B40F6B8321A8001F0EBB85A
:1034F000BB8847F61F1293420AD1494B93F83B30E1
:10350000DBB27A881146184609F09AFF01F0DBB861
:10351000BB8847F6201293420AD1414B93F83D30C5
:10352000DBB27A881146184609F0E2FF01F0CBB809
:10353000BB8847F62112934201F0C580BB8847F64D
:103540002212934201F0BF80BB8847F623129342B8
:1035500006D17B88DBB2184609F0ACFE01F0B3B8A7
:10356000BB8847F6241293423AD12F4A7B881380B6
:103570002D4B1B88632B05D92B4B1B8844F62062EF
:10358000934209D9294BFF2283F8D52008212848E6
:103590000DF0C6F900F068BD234B1B8819464FF4A7
:1035A000A04004F087FC204B1B881946102005F032
:1035B0002BFA1D4B1B881B0A9BB2DBB21A4A1288DE
:1035C000D2B219464FF4A0400CF0D6F8174B0122A6
:1035D00083F8D520082116480DF0A2F901F073B840
:1035E000BB8847F6251293424AD10F4A7B88138045
:1035F0000D4B1B88632B05D90B4B1B8844F62062AF
:10360000934219D9094BFF2283F8DD20082109488C
:103610000DF086F900F028BD90330020943300208F
:103620006034002046350020443500200000002092
:10363000D0000020D8000020AD4B1B88194645F271
:10364000010004F037FCAA4B1B881946122005F034
:10365000DBF9A74B1B881B0A9BB2DBB2A44A12887A
:10366000D2B2194645F201000CF086F8A14B0122B6
:1036700083F8DD200821A0480DF052F901F023B8AD
:10368000BB8847F62612934236D1994A7B8813802D
:10369000974B1B8840F6B832934209D9954BFF22CD
:1036A00083F8E520082195480DF03AF901F00BB8B0
:1036B0008F4B1B88194645F2120004F0FBFB8C4B24
:1036C0001B881946342005F09FF9894B1B881B0A7B
:1036D0009BB2DBB2864A1288D2B2194645F212007A
:1036E0000CF04AF8834B012283F8E5200821834837
:1036F0000DF016F900F0E7BFBB8847F6271293429A
:1037000036D17B4A7B881380794B1B884CF2503230
:10371000934209D9774BFF2283F8ED20082178489E
:103720000DF0FEF800F0CFBF714B1B88194645F233
:10373000160004F0BFFB6E4B1B8819463C2005F0B9
:1037400063F96B4B1B881B0A9BB2DBB2684A128879
:10375000D2B2194645F216000CF00EF8654BFF2266
:1037600083F8ED20082166480DF0DAF800F0ABBFD1
:10377000BB8847F6281293423AD15D4A7B88138072
:103780005B4B1B88632B05D9594B1B8842F2107287
:10379000934209D9574BFF2283F8F5200821594855
:1037A0000DF0BEF800F060BC514B1B88194645F285
:1037B000170004F07FFB4E4B1B8819463E2005F096
:1037C00023F94B4B1B881B0A9BB2DBB2484A128879
:1037D000D2B2194645F217000BF0CEFF454B01223D
:1037E00083F8F520082147480DF09AF800F06BBFE8
:1037F000BB8847F6291293423AD13D4A7B88138011
:103800003B4B1B88632B05D9394B1B8844F6206240
:10381000934209D9374BFF2283F8FD2008213A480B
:103820000DF07EF800F020BC314B1B88194645F2A4
:10383000040004F03FFB2E4B1B881946182005F0AE
:10384000E3F82B4B1B881B0A9BB2DBB2284A128879
:10385000D2B2194645F204000BF08EFF254B01222F
:1038600083F8FD20082128480DF05AF800F02BBFFE
:10387000BB8847F62A1293424AD11D4A7B8813809F
:103880001B4B1B88632B05D9194B1B8844F6206200
:10389000934208D9174BFF2283F8052108211B48C2
:1038A0000DF03EF8E0E3124B1B88194645F2150077
:1038B00004F000FB0E4B1B8819463A2005F0A4F8D3
:1038C0000B4B1B881B0A9BB2DBB2094A1288D2B28F
:1038D000194645F215000BF04FFF064B012283F805
:1038E0000521082109480DF01BF800F0ECBE00BFCF
:1038F0004435002000000020D8000020E000002017
:10390000E8000020F0000020F80000200001002066
:10391000BB8847F62B12934236D1B24A7B8813807C
:10392000B04B1B884CF25032934209D9AE4BFF2268
:1039300083F80D210821AD480CF0F2FF00F0C3BE62
:10394000A84B1B88194645F2050004F0B3FAA54BB5
:103950001B8819461A2005F057F8A24B1B881B0A32
:103960009BB2DBB29F4A1288D2B2194645F20500DB
:103970000BF002FF9C4B012283F80D2108219B488C
:103980000CF0CEFF00F09FBEBB8847F62C1293428E
:1039900036D1944A7B881380924B1B884CF250326C
:1039A000934209D9904BFF2283F8152108219048B2
:1039B0000CF0B6FF00F087BE8A4B1B88194645F213
:1039C000130004F077FA874B1B881946362005F060
:1039D0001BF8844B1B881B0A9BB2DBB2814A1288FE
:1039E000D2B2194645F213000BF0C6FE7E4B0122FF
:1039F00083F8152108217E480CF092FF00F063BE89
:103A0000BB8847F62D12934236D1764A7B881380C5
:103A1000744B1B884CF25032934209D9724BFF22EF
:103A200083F81D21082173480CF07AFF00F04BBE8B
:103A30006C4B1B88194645F2180004F03BFA694BA1
:103A40001B881946402004F0DFFF664B1B881B0AC9
:103A50009BB2DBB2634A1288D2B2194645F2180013
:103A60000BF08AFE604B012283F81D21082161487A
:103A70000CF056FF00F027BEBB8847F62E1293428B
:103A800038D1584A7B881380564B1B884CF25032F1
:103A9000934209D9544BFF2283F825210821564827
:103AA0000CF03EFF00F00FBE4E4B1B88194645F24E
:103AB000190004F0FFF94B4B1B881946422004F013
:103AC000A3FF484B1B881B0A9BB2DBB2454A1288F6
:103AD000D2B2194645F219000BF04EFE424B03F5E7
:103AE0008053012283F8252A082143480CF018FF4F
:103AF00000F0E9BDBB8847F62F12934236D1394A10
:103B00007B881380374B1B884CF25032934209D983
:103B1000354BFF2283F82D21082138480CF000FF97
:103B200000F0D1BD2F4B1B88194645F2020004F06E
:103B3000C1F92C4B1B881946142004F065FF294B52
:103B40001B881B0A9BB2DBB2264A1288D2B21946E6
:103B500045F202000BF010FE234B012283F82D21C9
:103B6000082126480CF0DCFE00F0ADBDBB8847F60E
:103B70003012934246D11B4A7B881380194B1B8815
:103B80004CF25032934209D9174BFF2283F835216A
:103B900008211B480CF0C4FE00F095BD114B1B889A
:103BA000194645F2030004F085F90E4B1B881946AF
:103BB000162004F029FF0B4B1B881B0A9BB2DBB2BB
:103BC000084A1288D2B2194645F203000BF0D4FD20
:103BD000054B012283F83521082109480CF0A0FE8D
:103BE00000F071BD443500200000002008010020D5
:103BF00010010020180100202001002028010020D1
:103C000030010020BB8847F63112934236D1B74AC3
:103C10007B881380B54B1B884CF25032934209D9F4
:103C2000B34BFF2283F83D210821B2480CF078FE07
:103C300000F049BDAD4B1B88194645F2060004F063
:103C400039F9AA4B1B8819461C2004F0DDFEA74B4E
:103C50001B881B0A9BB2DBB2A44A1288D2B2194657
:103C600045F206000BF088FDA14B012283F83D21AF
:103C70000821A0480CF054FE00F025BDBB8847F693
:103C80003212934236D1994A7B881380974B1B8816
:103C90004CF25032934209D9954BFF2283F84521CB
:103CA000082195480CF03CFE00F00DBD8F4B1B88A1
:103CB000194645F2070004F0FDF88C4B1B881946A5
:103CC0001E2004F0A1FE894B1B881B0A9BB2DBB2AD
:103CD000864A1288D2B2194645F207000BF04CFD15
:103CE000834B012283F84521082183480CF018FEFC
:103CF00000F0E9BCBB8847F63312934240F00881DC
:103D00007B88012B43D10122002147F299600BF0FF
:103D100033FD0022002147F29A600BF02DFD0022B6
:103D2000002147F29D600BF027FD744B01225A766B
:103D30000121442009F0E8FC6D4B012283F84D215C
:103D400008216F480CF0ECFD6C4B9B7EDBB2022B24
:103D500040F0B9840122002147F29B600BF00CFD7A
:103D60000022002147F29C600BF006FD634B01220C
:103D70009A760121452009F0C7FC5D4B012283F8AA
:103D80005D2108215F480CF0CBFD00F09CBC7B88D6
:103D9000022B61D1594B93F83530DBB2002B1CD08C
:103DA000564B5B7DDBB2002B04D11E21564809F037
:103DB000CFFE08E0514B5B7DDBB2012B03D1242108
:103DC000524809F0C5FE4A4BFF2283F84D210821D5
:103DD0004B480CF0A5FD00F079BC0022002147F211
:103DE00099600BF0C9FC0122002147F29A600BF0A8
:103DF000C3FC0022002147F29D600BF0BDFC3F4B4D
:103E000002225A760221442009F07EFC384B02221D
:103E100083F84D2108213A480CF082FD374B0022EF
:103E200083F82C200022002147F623100BF0A4FC7D
:103E30000021732009F068FC304B002283F8312008
:103E40000022002147F626100BF096FC0021762078
:103E500009F05AFC00F037BC7B88032B3DD10022CF
:103E6000002147F299600BF087FC0022002147F205
:103E70009A600BF081FC0122002147F29D600BF05B
:103E80007BFC1E4B03225A760321442009F03CFCA4
:103E9000174B032283F84D21082119480CF040FDEF
:103EA000164B002283F82C200022002147F6231015
:103EB0000BF062FC0021732009F026FC0F4B00225E
:103EC00083F831200022002147F626100BF054FC25
:103ED0000021762009F018FCF5E3054BFF2283F85A
:103EE0004D21082106480CF01BFDECE34435002071
:103EF0000000002038010020400100206034002034
:103F00004801002058010020F44E0108244F010808
:103F1000BB8847F63412934267D17B88012B1BD1B3
:103F20000122002147F29B600BF026FC00220021B9
:103F300047F29C600BF020FCAC4B01229A760121E9
:103F4000452009F0E1FBAA4B012283F85D210821FD
:103F5000A8480CF0E5FCB6E37B88022B3CD1A34BD0
:103F60005B7EDBB2012B1BD1A04B5B7DDBB2002B58
:103F700004D11E21A04809F0EBFD08E09B4B5B7DBE
:103F8000DBB2012B03D128219C4809F0E1FD984BBD
:103F9000032283F85D21082196480CF0C1FC95E3CB
:103FA0000022002147F29B600BF0E6FB012200217A
:103FB00047F29C600BF0E0FB8C4B02229A760221C8
:103FC000452009F0A1FB8A4B022283F85D210821DC
:103FD00088480CF0A5FC76E3854BFF2283F85D2131
:103FE000082184480CF09CFC6DE3BB8847F6351231
:103FF000934240F06883824A7B881380804B1B8801
:10400000632B05D97E4B1B8847F23052934208D967
:10401000774BFF2283F86D2008217A480CF080FC52
:1040200022E0774B1B88194645F2140003F042FF4B
:10403000734B1B881946382004F0E6FC704B1B8834
:104040001B0A9BB2DBB26E4A1288D2B2194645F205
:1040500014000BF091FB664B012283F86D200821C0
:1040600068480CF05DFC2EE32DE3BB88B3F5FA4FF6
:1040700014D15E4B9B7DDBB2012B04D108215C483F
:104080000CF04EFC21E3594B9B7DDBB2002B40F042
:104090001C8308215C480CF043FC16E3BB8847F600
:1040A0000152934200F01183BB8847F602529342BB
:1040B0000ED14E4B9B7DDBB2012B04D1082153481E
:1040C0000CF02EFC01E3082151480CF029FCFCE225
:1040D000BB8847F6035293420FD1444B93F82430E8
:1040E000DBB2012B04D108214A480CF019FCECE2A8
:1040F000082149480CF014FCE7E2BB8847F604525B
:1041000093420ED1394B5B7FDBB2012B04D10821E6
:1041100042480CF005FCD8E2082141480CF000FCB4
:10412000D3E2BB8847F6055293420FD12F4B93F849
:104130002130DBB2012B04D108213A480CF0F0FB0E
:10414000C3E2082138480CF0EBFBBEE2BB8847F61F
:10415000065293420FD1254B93F85530DBB2012B19
:1041600004D1082127480CF0DBFBAEE208212F48E0
:104170000CF0D6FBA9E2BB8847F60752934217D151
:104180001A4B93F85630DBB2012B04D10821284892
:104190000CF0C6FB99E2164B002283F8752008212B
:1041A00023480CF0BDFB124B012283F875208CE2F2
:1041B000BB8847F6085293423ED10C4B93F85630D9
:1041C000DBB2012B04D108211A480CF0A9FB7CE2D8
:1041D000074B002283F88520082116480CF0A0FB2D
:1041E000034B012283F885206FE200BF603400207A
:1041F00000000020580100204C4F0108784F0108B2
:10420000443500206800002008000020280000201D
:10421000200000203800002030000020480000204E
:1042200040000020580000205000002060000020C6
:104230007000002080000020BB8847F6095293429E
:1042400000F04382BB8847F60A52934200F03D8259
:10425000BB8847F60B5293420BD1AD4B93F84530D8
:10426000DAB2AC4B83F8BD200821AB480CF058FB08
:104270002BE2BB8847F60C52934214D1A44B1B7D12
:10428000DBB2012B04D10821A4480CF049FB1CE24D
:104290009F4B1B7DDBB2022B40F017820821A04808
:1042A0000CF03EFB11E2BB8847F60D52934216D14B
:1042B0004FF4A04003F0A2FD0346FB80FB881B0ADD
:1042C0009BB2DAB2934B83F8D420FB88DAB2914BDD
:1042D00083F8D520082193480CF022FBF5E1BB8838
:1042E00047F60E52934216D145F2010003F086FDC7
:1042F0000346FB80FB881B0A9BB2DAB2854B83F82E
:10430000DC20FB88DAB2834B83F8DD200821864865
:104310000CF006FBD9E1BB8847F60F52934216D149
:1043200045F2120003F06AFD0346FB80FB881B0A7E
:104330009BB2DAB2774B83F8E420FB88DAB2754B94
:1043400083F8E520082179480CF0EAFABDE1BB8842
:1043500047F61052934216D145F2160003F04EFD77
:104360000346FB80FB881B0A9BB2DAB2694B83F8D9
:10437000EC20FB88DAB2674B83F8ED2008216C480B
:104380000CF0CEFAA1E1BB8847F61152934216D148
:1043900045F2170003F032FD0346FB80FB881B0A41
:1043A0009BB2DAB25B4B83F8F420FB88DAB2594B4C
:1043B00083F8F52008215F480CF0B2FA85E1BB884C
:1043C00047F61252934216D145F2040003F016FD4F
:1043D0000346FB80FB881B0A9BB2DAB24D4B83F885
:1043E000FC20FB88DAB24B4B83F8FD2008215248B1
:1043F0000CF096FA69E1BB8847F61352934216D146
:1044000045F2150003F0FAFC0346FB80FB881B0A0B
:104410009BB2DAB23F4B83F80421FB88DAB23D4B02
:1044200083F80521082145480CF07AFA4DE1BB8854
:1044300047F61452934216D145F2050003F0DEFC14
:104440000346FB80FB881B0A9BB2DAB2314B83F830
:104450000C21FB88DAB22F4B83F80D210821384854
:104460000CF05EFA31E1BB8847F61552934216D143
:1044700045F2130003F0C2FC0346FB80FB881B0AD5
:104480009BB2DAB2234B83F81421FB88DAB2214BBA
:1044900083F8152108212B480CF042FA15E1BB885E
:1044A00047F61652934216D145F2180003F0A6FCC7
:1044B0000346FB80FB881B0A9BB2DAB2154B83F8DC
:1044C0001C21FB88DAB2134B83F81D2108211E48FA
:1044D0000CF026FAF9E0BB8847F61752934237D121
:1044E00045F2190003F08AFC0346FB80FB881B0A97
:1044F0009BB2DAB2074B83F82421FB88DAB2054B72
:1045000083F82521082111480CF00AFADDE000BFEC
:104510006034002000000020B8000020C800002007
:10452000C0000020D0000020D8000020E0000020C3
:10453000E8000020F0000020F8000020000100202A
:104540000801002010010020180100202001002097
:10455000BB8847F61852934216D145F2020003F089
:104560004DFC0346FB80FB881B0A9BB2DAB2594B19
:1045700083F82C21FB88DAB2564B83F82D210821D1
:1045800055480CF0CDF9A0E0BB8847F6195293428C
:1045900016D145F2030003F031FC0346FB80FB8893
:1045A0001B0A9BB2DAB24B4B83F83421FB88DAB298
:1045B000484B83F83521082148480CF0B1F984E0D4
:1045C000BB8847F61A52934216D145F2060003F013
:1045D00015FC0346FB80FB881B0A9BB2DAB23D4BFD
:1045E00083F83C21FB88DAB23A4B83F83D2108215D
:1045F0003B480CF095F968E0BB8847F61B529342A4
:1046000016D145F2070003F0F9FB0346FB80FB8857
:104610001B0A9BB2DAB22F4B83F84421FB88DAB233
:104620002C4B83F8452108212E480CF079F94CE0F9
:10463000BB8847F61C5293420ED12B4B5B7EDAB2FD
:10464000244B83F84D21082128480CF069F9214BAF
:10465000012283F84D2138E0BB8847F61D52934272
:1046600013D1214B9B7EDBB2012B04D108212048C2
:104670000CF056F929E01C4B9B7EDBB2022B24D1B7
:1046800008211C480CF04CF91FE0BB8847F61E526D
:1046900093421AD145F2140003F0B0FB0346FB80AD
:1046A000FB881B0A9BB2DAB20A4B83F86C21FB88A9
:1046B000DAB2084B83F86D2108210F480CF030F96D
:1046C00003E000BF02E000BF00E000BF00BF08370A
:1046D000BD4680BD000000202801002030010020E0
:1046E00038010020400100206034002048010020F3
:1046F00058010020600100206801002080B483B0D0
:1047000000AF7860034B1B7DDBB2002B0C37BD463E
:1047100080BC70476034002080B582B000AF786004
:104720007B681B78012B02D0042B1DD021E0124B9B
:104730001B7DDBB2012B03D0002008F0C7F918E085
:104740000D4B5B7DDBB2002B04D120210B4809F01F
:10475000FFF90DE0084B5B7DDBB2012B08D1202176
:10476000074809F0F5F903E0002008F0F9F800E047
:1047700000BF0837BD4680BD60340020A44F01084B
:10478000B84F010880B584B000AF78604FF4E040C6
:1047900003F034FB0346FB60FB681B04FB6047F23D
:1047A000010003F02BFB03461A46FB681344FB6031
:1047B0008D4B1B78DBB2002B14D18B4B5B7DDBB2B6
:1047C000002B04D10C21894809F0C2F906E1864B7F
:1047D0005B7DDBB2012B40F001811321844809F09D
:1047E000B7F9FBE0804B5B78DBB2002B14D17E4B3A
:1047F0005B7DDBB2002B04D10C217E4809F0A8F9C7
:10480000EEE0794B5B7DDBB2012B40F0E9801621B5
:10481000794809F09DF9E3E0734B1B78DBB2012B7B
:1048200002D0022B48D0D2E0F968002000F0F4F862
:104830000346002B25D06C4B1B7DDBB2012B03D133
:10484000202009F07DF802E0002009F079F8062226
:104850006A4947F2055009F0BBF8062267494FF450
:10486000EA4009F0B5F8604B1B78DBB20A33DAB2E4
:104870005D4B1A700822624947F2106009F0A8F8EF
:10488000A2E006225D4947F2055009F0A1F8564B17
:104890005B7DDBB2002B04D108215A4809F058F99E
:1048A00092E0514B5B7DDBB2012B40F08D800F21FC
:1048B000554809F04DF987E0F968012000F0ACF89F
:1048C0000346002B2FD0484B1B7DDBB2012B09D0B8
:1048D000454B1B7DDBB2032B08D1434B9B7DDBB2E9
:1048E000002B03D0202009F02BF802E0002009F073
:1048F00027F80622414947F2055009F069F80622D7
:104900003E494FF4EA4009F063F8374B1B78DBB2BD
:104910000A33DAB2344B1A7008223C4947F210606D
:1049200009F056F852E0F968022000F075F80346E5
:10493000002B2FD02C4B1B7DDBB2012B09D02A4B37
:104940001B7DDBB2032B08D1274B9B7DDBB2002BF9
:1049500003D0202008F0F4FF02E0002008F0F0FF70
:104960000622264947F2055009F032F8062223496B
:104970004FF4EA4009F02CF81B4B1B78DBB21433E0
:10498000DAB2194B1A700822214947F2106009F077
:104990001FF81BE00622194947F2055009F018F8E4
:1049A000114B5B7DDBB2002B04D10821154809F0C7
:1049B000CFF80BE00C4B5B7DDBB2012B06D10F2156
:1049C000114809F0C5F801E000BF00E000BF064B48
:1049D00000225A700F4B00225A7002E000BF00E024
:1049E00000BF1037BD4680BD60340020DC4F010899
:1049F000EC4F010800500108105001082850010830
:104A0000305001083C500108485001085850010836
:104A100064500108E833002080B485B000AF03463D
:104A20003960FB710123FB73FB79022B56D0022BFB
:104A30007CDC002B02D0012B28D077E00623BB734F
:104A400020E039683C4BA3FB0123DA0813469B00A6
:104A500013445B00CA1A02F13003BA7B013A3749AA
:104A60000A449278D2B2934203D00023FB7300BF72
:104A70005CE03B68304AA2FB0323DB083B60BB7B66
:104A8000013BBB73BB7B002BDBD14FE00623BB7329
:104A900020E03968284BA3FB0123DA0813469B006A
:104AA00013445B00CA1A02F13003BA7B013A23496E
:104AB0000A44127AD2B2934203D00023FB7300BFA0
:104AC00034E03B681C4AA2FB0323DB083B60BB7B52
:104AD000013BBB73BB7B002BDBD127E00623BB7301
:104AE00020E03968144BA3FB0123DA0813469B002E
:104AF00013445B00CA1A02F13003BA7B013A0F4932
:104B00000A44927BD2B2934203D00023FB7300BFCE
:104B10000BE03B68084AA2FB0323DB083B60BB7B3E
:104B2000013BBB73BB7B002BDBD100BFFB7B18467B
:104B30001437BD4680BC7047CDCCCCCC603400204F
:104B400080B582B000AF78600E4B5B7DDBB2002B8E
:104B500004D10D4B1B88184608F0F2FE094B5B7D13
:104B6000DBB2012B06D1084B1B88323B9BB21846A7
:104B700008F0E6FE054B00229A7000BF0837BD46DC
:104B800080BD00BF60340020B0350020E833002035
:104B900080B582B000AF7860134B0022DA707B687A
:104BA0001B78012B02D0022B0AD013E006220F49FA
:104BB0004FF4EA4008F00CFF0D4B01221A7009E097
:104BC00006220C494FF4EA4008F002FF084B02228B
:104BD0001A7000BF0622084947F2055008F0F8FE97
:104BE00000BF0837BD4680BDE83300207050010883
:104BF00060340020785001082850010880B582B048
:104C000000AF78602C4B00225A7106222B494FF4DA
:104C1000EA4008F0DDFE0622284947F2055008F078
:104C2000D7FE274B00221A70254B5B7DDBB2002B91
:104C300004D10921234808F08BFF08E0204B5B7D5D
:104C4000DBB2012B03D10E211F4808F081FF4FF486
:104C5000FA700BF078FF1A4B5B7DDBB2002B04D1AE
:104C60000A211A4808F074FF08E0154B5B7DDBB29F
:104C7000012B03D10B21164808F06AFF02200BF02C
:104C800062FF0F4B5B7DDBB2002B06D10A2211497C
:104C900047F2106008F0FCFE0AE0094B5B7DDBB2D6
:104CA000012B05D10A220C4947F2106008F0F0FEF2
:104CB00000BF0837BD4680BDE833002028500108FA
:104CC00060340020805001088C5001089C5001087D
:104CD000A8500108B4500108C050010880B588B040
:104CE00000AF7860894B00229A71894B1B78DBB248
:104CF000002B14D1864B5B7DDBB2002B04D10C2141
:104D0000844808F025FFCDE1814B5B7DDBB2012BB0
:104D100040F0C8811321804808F01AFFC2E17C4BA3
:104D20005B78DBB2002B14D1794B5B7DDBB2002BBF
:104D300004D10E21794808F00BFFB5E1744B5B7D7F
:104D4000DBB2012B40F0B0811A21754808F000FF5A
:104D5000AAE16F4B5B78DBB2012B14D86C4B5B7D07
:104D6000DBB2002B04D10E216E4808F0F1FE9DE16C
:104D7000674B5B7DDBB2012B40F098811A216A48BA
:104D800008F0E6FE92E1624B5B78DBB2022B14D8AE
:104D90005F4B5B7DDBB2002B04D11221634808F02E
:104DA000D7FE85E15A4B5B7DDBB2012B40F0808161
:104DB00027215F4808F0CCFE7AE14FF4E04003F091
:104DC0001DF80346FB61FB691B04FB6147F2010010
:104DD00003F014F803461A46FB691344FB614C4B7D
:104DE0001B78DBB20A2B06D9494B1B78DBB20A3B96
:104DF000DAB2474B1A70464B1B78DBB2012B40F0FE
:104E0000A380F9690020FFF707FE0346002B00F09E
:104E10009B8047F2020002F0F1FF0346BB61BB69D1
:104E20001B04BB6147F2030002F0E8FF03461A4689
:104E3000BB691344BB6147F2040002F0DFFF034685
:104E40007B617B691B047B6147F2050002F0D6FFA2
:104E500003461A467B6913447B61BA697B699A42AF
:104E60002DD1B969002003F02BF9002003F08CFD4F
:104E70000622304947F2055008F0AAFD06222D49C6
:104E800047F2205008F0A4FD06222A4947F2235099
:104E900008F09EFD1E4B5B7DDBB2002B04D10A2186
:104EA000254808F055FE05E1194B5B7DDBB2012B6F
:104EB00040F000811A21214808F04AFEFAE006225B
:104EC0001C4947F2055008F083FD0622194947F2B4
:104ED000205008F07DFD0622164947F2235008F0C5
:104EE00077FD0B4B5B7DDBB2002B04D10A2114480C
:104EF00008F02EFEDEE0064B5B7DDBB2012B40F0BE
:104F0000D9801F210F4808F023FED3E0E8330020AA
:104F100060340020DC4F0108EC4F0108CC50010840
:104F2000DC500108F850010808510108245101081B
:104F300038510108285001086051010870510108DA
:104F40008C510108985101085D4B1B78DBB2022B94
:104F500040F08280F9690120FFF75EFD0346002BD7
:104F60007AD047F2020002F049FF03463B613B69F9
:104F70001B043B6147F2030002F040FF03461A4660
:104F80003B6913443B6147F2040002F037FF0346DC
:104F9000FB60FB681B04FB6047F2050002F02EFF7C
:104FA00003461A46FB681344FB603A69FB689A4261
:104FB0002CD13969012003F083F8012003F0E4FCCF
:104FC0000622404947F2055008F002FD06223D49FD
:104FD00047F2205008F0FCFC06223A4947F22350E1
:104FE00008F0F6FC364B5B7DDBB2002B04D10A21C6
:104FF000354808F0ADFD5FE0314B5B7DDBB2012B46
:105000005AD11721314808F0A3FD55E006222D4959
:1050100047F2055008F0DCFC06222A4947F22050EE
:1050200008F0D6FC0622274947F2235008F0D0FCAE
:10503000234B5B7DDBB2002B04D10A21244808F00E
:1050400087FD39E01E4B5B7DDBB2012B34D11F2184
:10505000204808F07DFD2FE006221A4947F205504E
:1050600008F0B6FC0622174947F2205008F0B0FCC1
:105070000622144947F2235008F0AAFC104B5B7D2E
:10508000DBB2002B04D10821134808F061FD14E0C5
:105090000B4B5B7DDBB2012B0FD10F210F4808F0CA
:1050A00057FD0AE000BF08E000BF06E000BF04E0D3
:1050B00000BF02E000BF00E000BF2037BD4680BD5A
:1050C000603400202850010860510108B8510108DF
:1050D0008C510108985101083C50010848500108C2
:1050E00080B582B000AF7860904B00221A717B6867
:1050F0001B78013B072B00F2168101A252F823F026
:10510000215100086F510008B551000845520008B0
:105110005B52000871520008B7520008E3520008C1
:10512000002002F053FD824B002283F84720804B81
:10513000002283F852207E4B1B78DBB2092B0ED95C
:105140007B4B1B7DDBB2012B09D0794B1B7DDBB286
:10515000032B08D1764B9B7DDBB2002B03D02020A4
:1051600008F0EEFBDFE0002008F0EAFBDBE00020C7
:1051700002F02CFD6E4B012283F847206C4B1B780C
:10518000DBB2092B0ED96A4B1B7DDBB2012B09D098
:10519000674B1B7DDBB2032B08D1654B9B7DDBB2DC
:1051A000002B03D01E2008F0CBFBBCE0012008F050
:1051B000C7FBB8E05E4B1B7DDBB2012B14D15C4B0F
:1051C0005B7DDBB2002B04D120215A4808F0C0FCE3
:1051D000A6E0574B5B7DDBB2012B40F0A180202184
:1051E000554808F0B5FC9BE0514B1B7DDBB2032B0F
:1051F00019D14F4B9B7DDBB2002B14D04C4B5B7D08
:10520000DBB2002B04D110214C4808F0A1FC89E04E
:10521000474B5B7DDBB2012B40F084801621484870
:1052200008F096FC7EE0424B022283F84720404B78
:10523000012283F85220002002F0C8FC022008F06E
:105240007FFB70E03A4B032283F84720012002F0F5
:10525000BDFC032008F074FB65E0354B042283F8A5
:105260004720002002F0B2FC042008F069FB5AE05D
:10527000002002F0ABFC2E4B052283F847202C4B7C
:105280001B78DBB20B2B0ED9294B1B7DDBB2012B1C
:1052900009D0274B1B7DDBB2032B08D1244B9B7D10
:1052A000DBB2002B03D01F2008F04AFB3BE00520B7
:1052B00008F046FB37E0002002F088FC0622214976
:1052C00047F2055008F084FB06221E494FF4EA40DD
:1052D00008F07EFB164B00225A70072008F030FBC6
:1052E00021E0062217494FF4EA4008F071FB06223C
:1052F000144947F2055008F06BFB0622114947F2AA
:10530000205008F065FB06220E4947F2235008F0B2
:105310005FFB074B00225A70082008F011FB02E0E7
:1053200000BF00E000BF0837BD4680BDE833002065
:1053300060340020A44F0108B84F0108D45101087F
:10534000E85101082850010880B582B000AF7860AC
:105350007B681B78032B65D0032B00F3AC80012BFB
:1053600002D0022B3CD0A6E0544B1B7DDBB2032BBA
:1053700019D1524B9B7DDBB2002B14D04F4B5B7D80
:10538000DBB2002B04D110214D4808F0E1FB8BE08B
:105390004A4B5B7DDBB2012B40F0868016214948E9
:1053A00008F0D6FB80E0454BDB7DDBB2002B13D051
:1053B000424B5B7DDBB2002B04D12321424808F035
:1053C000C7FB73E03D4B5B7DDBB2012B6ED123212C
:1053D0003E4808F0BDFB69E0012007F06BFF6AE082
:1053E000364B1B7DDBB2032B18D1344B9B7DDBB2DC
:1053F000012B13D1314B5B7DDBB2002B04D110218B
:105400002F4808F0A5FB53E02C4B5B7DDBB2012B52
:105410004ED116212B4808F09BFB49E0002007F0F5
:1054200049FF48E0254B9B7DDBB2012B13D1234B79
:105430005B7DDBB2002B04D10A21254808F088FBF4
:1054400038E01E4B5B7DDBB2012B33D113212148A9
:1054500008F07EFB2EE0012007F058FC022007F048
:1054600055FC042007F052FC052007F04FFC134BBD
:105470005B7DDBB2002B04D10F21174808F088FBBD
:1054800008E00E4B5B7DDBB2012B03D115211348E5
:1054900008F07EFB094B03221A75084B1B7DDBB21B
:1054A00018460AF0FDF906E000BF04E000BF02E084
:1054B00000BF00E000BF0837BD4680BD603400205B
:1054C000D4510108E851010800520108185201089E
:1054D0003C520108485201085C5201086C52010814
:1054E00080B582B000AF786008F0ACF80346012BBD
:1054F00000F0C6807B681B78013B232B00F2C18043
:1055000001A252F823F000BF99550008A1550008E8
:10551000A9550008B15500088356000883560008B5
:1055200083560008835600088356000883560008F7
:1055300083560008835600088356000883560008E7
:105540008356000883560008B9550008CD55000859
:10555000E1550008F55500088356000883560008F9
:1055600083560008835600088356000883560008B7
:1055700083560008835600088356000883560008A7
:10558000835600088356000809560008275600086D
:1055900045560008635600080020FBF793FF70E0B3
:1055A0000120FBF7AFFF6CE00220FBF7ABFF68E0E8
:1055B0000320FBF7A7FF64E0334B93F83B30DBB2EB
:1055C0001A460A210020FCF7E1FC5AE02E4B93F822
:1055D0003C30DBB21A460A210120FCF7D7FC50E030
:1055E000294B93F83D30DBB21A460A210220FCF722
:1055F000CDFC46E0244B93F83E30DBB21A460A213C
:105600000320FCF7C3FC3CE01F4B93F83B30DBB2BC
:10561000002B0CBF01230023DBB21A460A21002015
:10562000FCF7B4FC2DE0184B93F83C30DBB2002BB8
:105630000CBF01230023DBB21A460A210120FCF72C
:10564000A5FC1EE0104B93F83D30DBB2002B0CBFE5
:1056500001230023DBB21A460A210220FCF796FC44
:105660000FE0094B93F83E30DBB2002B0CBF012357
:105670000023DBB21A460A210320FCF787FC00E076
:1056800000BF0837BD4680BD6034002080B582B0C1
:1056900000AF786007F0D6FF0346012B00F00781CA
:1056A0008B4B93F83230DBB2002B14D0884B5B7DF0
:1056B000DBB2002B04D11021864808F069FAF8E02B
:1056C000834B5B7DDBB2012B40F0F3801D218248D0
:1056D00008F05EFAEDE07E4BDB7DDBB2002B40F0A4
:1056E000D2807B681B78032B00F09E80032B00F395
:1056F000EB80012B02D0022B45D0E5E0774B5B6BB2
:10570000764A926B11461846FBF776F903464FF03E
:1057100000011846FBF720FC0346002B14D06C4B0D
:105720005B7DDBB2002B04D11B216D4808F030FA01
:10573000C1E0674B5B7DDBB2012B40F0BC802121D7
:10574000684808F025FAB6E0614B93F82430DBB2E4
:10575000002B14D15E4B5B7DDBB2002B04D10A2100
:10576000614808F0F5F9A8E0594B5B7DDBB2012BED
:1057700040F0A38013215D4808F0EAF99DE0544B06
:1057800001229A77A0E0524BDB7DDBB2002B40F088
:10579000968001200BF02EFC0346002B28D14C4BA9
:1057A00093F82130DBB2002B22D14C4B5B6B4FF0D6
:1057B00000011846FBF7D0FB0346002B13D0444BE7
:1057C0005B7DDBB2002B04D11B21454808F0C0F9FA
:1057D00077E03F4B5B7DDBB2012B72D12121414849
:1057E00008F0B6F96DE03A4B012283F8202066E01C
:1057F000374B93F82130DBB2002B60D0374B9B6BDB
:105800004FF000011846FBF7BBFB0346002B00D10D
:1058100055E02F4B93F82230DBB2002B4FD12C4BAD
:10582000022283F820204AE0294B93F82130DBB292
:10583000002B23D0294B9B6B4FF000011846FBF740
:105840009FFB0346002B19D0214B93F82230DBB28B
:10585000002B13D11E4B5B7DDBB2002B04D110213A
:10586000234808F075F92EE0194B5B7DDBB2012B64
:1058700029D122211F4808F06BF924E0144B0122A2
:1058800083F8232020E0124B5B7DDBB2002B04D198
:105890002321194808F05CF916E00D4B5B7DDBB263
:1058A000012B11D12321154808F052F90CE000BF5B
:1058B0000AE000BF08E000BF06E000BF04E000BF50
:1058C00002E000BF00E000BF0837BD4680BD00BF5A
:1058D000603400208452010898520108BC34002032
:1058E000B8520108D4520108F852010804530108C3
:1058F000185301082C5301080052010818520108DE
:10590000B0B582B000AF786007F09CFE0346012B73
:105910005ED001200BF090FB0346002B02D101204A
:1059200007F0C0FA02200BF087FB0346002B02D0E1
:10593000012007F0C3FB7B681B78012B02D0022BF0
:105940001CD046E0244B1B681846FBF723FB04469B
:10595000224B93F83B30DBB2002B0CBF012300231A
:10596000DBB21D461C4B5B681846FBF713FB034676
:105970002A4621460020FBF77FFB2AE0184B1B78C4
:10598000002B06D00020FBF79DFD154B00221A705E
:1059900015E0114B1B681846FBF7FCFA01460F4B4C
:1059A00093F83B30DBB2002B0CBF01230023DBB2AA
:1059B0001A460020FCF7EAFA094B01221A70084B3C
:1059C0001B781A46002147F6141009F0D5FE00E0B6
:1059D00000BF0837BD46B0BDBC3400206034002095
:1059E000A8330020B0B582B000AF78602F4B002202
:1059F000DA7207F027FE0346012B50D07B681B7834
:105A0000012B02D0022B25D04CE0294B93F82038F3
:105A1000002B46D108200BF0EDFA0346002B40D0B6
:105A2000244B012283F84D20234B1B6A1846FBF7B9
:105A3000B1FA05461F4B93F83C30DCB21E4B5B6A53
:105A40001846FBF7A7FA0346224629460120FBF732
:105A500013FB26E0194B1B78002B06D00120FBF727
:105A600051FD164B00221A7010E0134B1B6A1846AA
:105A7000FBF790FA01460F4B93F83C30DBB21A4625
:105A80000120FCF783FA0D4B01221A700B4B1B7897
:105A90001A46002147F6111009F06EFE02E000BF21
:105AA00000E000BF0837BD46B0BD00BFE8330020AE
:105AB000A403002060340020BC340020A93300205F
:105AC000B0B582B000AF7860404B00229A7307F007
:105AD000B9FD0346012B70D03D4B93F82A30DBB261
:105AE000002B13D13A4B5B7DDBB2002B04D112218A
:105AF000384808F02DF862E0354B5B7DDBB2012BB6
:105B00005DD12421344808F023F858E07B681B78E5
:105B1000012B02D0022B27D054E0304B03F58053E9
:105B200093F82838002B4CD106200BF063FA03467B
:105B3000002B46D0264B012283F84E20284B1B6CAD
:105B40001846FBF727FA0546214B93F83E30DCB2A6
:105B5000234B5B6C1846FBF71DFA03462246294689
:105B60000320FBF789FA2CE01E4B1B78002B06D094
:105B70001C4B00221A700320FBF7C4FC14E0194BE5
:105B800001221A70124B002283F84E20144B1B6C1A
:105B90001846FBF7FFF901460D4B93F83E30DBB298
:105BA0001A460320FCF7F2F90E4B1B781A46002127
:105BB00047F6121009F0E0FD04E000BF02E000BF6C
:105BC00000E000BF0837BD46B0BD00BFE83300208D
:105BD000603400205053010864530108A4030020DE
:105BE000BC340020AA33002090B583B000AF7860A9
:105BF000294B00221A7407F025FD0346012B44D0DF
:105C00007B681B78012B02D0022B19D040E0234B7C
:105C100003F5805393F82838002B38D1204B9B6A2A
:105C20001846FBF7B7F904461D4B5B6B1846FBF7AC
:105C3000B1F90346002221460320FBF71DFA26E0B6
:105C4000184B1B78002B06D0164B00221A7003202D
:105C5000FBF758FC10E0134B01221A70104B9B6AA3
:105C60001846FBF797F901460F4B93F83E30DBB22D
:105C70001A460320FCF78AF90A4B1B781A460021C2
:105C800047F6131009F078FD02E000BF00E000BF06
:105C90000C37BD4690BD00BFE8330020A4030020B0
:105CA000BC340020AB3300206034002080B582B0CB
:105CB00000AF786007F0C6FC0346012B7DD07B68FF
:105CC0001B78032B76D0032B7CDC012B02D0022B1C
:105CD00039D077E03D4B93F82430DBB2002B13D161
:105CE0003A4B5B7DDBB2002B04D10A21384807F028
:105CF0002FFF64E0354B5B7DDBB2012B5FD11321BD
:105D0000344807F025FF5AE0304BDB7DDBB2002B37
:105D100005D12E4B5B7EDAB22C4BDA7651E02B4B61
:105D20005B7DDBB2002B04D123212B4807F010FF51
:105D300047E0264B5B7DDBB2012B42D12321274874
:105D400007F006FF3DE0264B1B78002B06D0244BC6
:105D500000221A700020FBF7B5FB22E0204B012245
:105D60001A7001200BF068F90346002B02D10120C4
:105D700007F098F802200BF05FF90346002B02D0E1
:105D8000012007F09BF9174B1B681846FBF702F937
:105D900001460E4B93F83B30DBB21A460020FCF76D
:105DA000F5F80F4B1B781A46002147F6101009F042
:105DB000E3FC07E0FBF77CFF04E000BF02E000BF6C
:105DC00000E000BF0837BD4680BD00BF6034002042
:105DD000F852010804530108005201081852010842
:105DE000AC330020BC34002080B582B000AF7860B6
:105DF00007F028FC0346012B00F0DA807B681B7853
:105E0000013B072B00F2D58001A252F823F000BF1E
:105E1000315E0008615E0008915E0008C15E000806
:105E2000F15E0008215F0008515F0008815F0008F3
:105E300001200BF001F90346002B08D000210120BE
:105E40000BF0A4F80021002009F0B6FDB1E001211B
:105E500001200BF09BF80121002009F0ADFDA8E026
:105E600002200BF0E9F80346002B08D000210220A5
:105E70000BF08CF80021012009F09EFD99E0012132
:105E800002200BF083F80121012009F095FD90E03C
:105E900003200BF0D1F80346002B08D0002103208B
:105EA0000BF074F80021022009F086FD81E0012149
:105EB00003200BF06BF80121022009F07DFD78E052
:105EC00004200BF0B9F80346002B08D00021042071
:105ED0000BF05CF80021032009F06EFD69E0012160
:105EE00004200BF053F80121032009F065FD60E068
:105EF00005200BF0A1F80346002B08D00021052057
:105F00000BF044F80021042009F056FD51E0012176
:105F100005200BF03BF80121042009F04DFD48E07D
:105F200006200BF089F80346002B08D0002106203C
:105F30000BF02CF80021052009F03EFD39E001218D
:105F400006200BF023F80121052009F035FD30E093
:105F500007200BF071F80346002B08D00021072022
:105F60000BF014F80021062009F026FD21E00121A4
:105F700007200BF00BF80121062009F01DFD18E0A9
:105F800008200BF059F80346002B08D00021082008
:105F90000AF0FCFF0021072009F00EFD09E00121B5
:105FA00008200AF0F3FF0121072009F005FD00E0B9
:105FB00000BF0837BD4680BD80B582B000AF7860B5
:105FC000324B00229A7607F03DFB0346012B54D05A
:105FD0002F4B1B7DDBB2012B13D12D4B5B7DDBB235
:105FE000002B04D120212B4807F0B2FD47E0284BBD
:105FF0005B7DDBB2012B42D12021274807F0A8FDB1
:106000003DE0234B1B7DDBB2032B18D1204B9B7D46
:10601000DBB2012B13D11E4B5B7DDBB2002B04D115
:1060200010211E4807F094FD2BE0194B5B7DDBB27D
:10603000012B26D116211A4807F08AFD21E0144BC6
:10604000DB7DDBB2002B04D1114B012283F83F2012
:1060500018E00F4B5B7DDBB2002B04D123211148EC
:1060600007F076FD0EE00A4B5B7DDBB2012B09D118
:1060700023210D4807F06CFD04E000BF02E000BFE3
:1060800000E000BF0837BD4680BD00BFE8330020F8
:1060900060340020A44F0108B84F0108D451010812
:1060A000E8510108005201081852010880B582B079
:1060B00000AF7860344B002283F82A2007F0C2FA40
:1060C0000346012B56D0314B9B7DDBB2002B19D1FF
:1060D0002E4B93F84730DBB2002B13D12B4B5B7D5B
:1060E000DBB2002B04D11021294807F031FD43E039
:1060F000264B5B7DDBB2012B3ED11821254807F0F2
:1061000027FD39E0214B1B7DDBB2012B13D11F4B47
:106110005B7DDBB2002B04D120211F4807F018FD66
:106120002CE01A4B5B7DDBB2012B27D120211B48D1
:1061300007F00EFD22E0154BDB7DDBB2002B13D008
:10614000124B5B7DDBB2002B04D12321144807F0F6
:10615000FFFC15E00D4B5B7DDBB2012B10D1232141
:10616000104807F0F5FC0BE0084B5B7EDAB2074BFA
:10617000DA7606E000BF04E000BF02E000BF00E006
:1061800000BF0837BD4680BDE833002060340020E2
:106190008C530108A0530108A44F0108B84F01080F
:1061A000005201081852010880B582B000AF786033
:1061B00007F048FA0346012B00F0BC80644B93F8CB
:1061C0003230DBB2002B14D0614B5B7DDBB2002B95
:1061D00004D110215F4807F0BBFCADE05C4B5B7D58
:1061E000DBB2012B40F0A8801D215B4807F0B0FC1A
:1061F000A2E0574B9B7DDBB2002B14D1544B5B7D4F
:10620000DBB2002B04D11021544807F0A1FC95E02B
:106210004F4B5B7DDBB2012B40F090801821504842
:1062200007F096FC8AE04A4B1B7DDBB2012B13D1B1
:10623000474B5B7DDBB2002B04D12021494807F09E
:1062400087FC7DE0424B5B7DDBB2012B78D12021C6
:10625000454807F07DFC73E03D4BDB7DDBB2002B56
:1062600013D03B4B5B7DDBB2002B04D123213F4895
:1062700007F06EFC66E0364B5B7DDBB2012B61D133
:1062800023213B4807F064FC5CE001200AF0B2FEE9
:106290000346002B28D12E4B93F82130DBB2002B84
:1062A00022D1344B5B6B4FF000011846FAF754FED5
:1062B0000346002B13D0264B5B7DDBB2002B04D1B1
:1062C0001B212D4807F044FC3EE0214B5B7DDBB2F7
:1062D000012B39D12121294807F03AFC34E01C4B2D
:1062E000012283F8202030E0194B93F82130DBB2F3
:1062F000002B14D01F4B9B6B4FF000011846FAF790
:106300003FFE0346002B0AD0114B93F82230DBB23C
:10631000002B04D10E4B022283F8202015E00C4BF9
:1063200093F82130DBB2002B0FD0094B012283F808
:1063300023200AE000BF08E000BF06E000BF04E041
:1063400000BF02E000BF00E000BF0837BD4680BDCF
:106350006034002084520108985201088C530108CF
:10636000A0530108A44F0108B84F010800520108CA
:1063700018520108BC340020B8520108D452010858
:1063800080B582B000AF7860784B93F82B30DBB2E9
:10639000002B14D1754B5B7DDBB2002B04D1122195
:1063A000734807F0D5FBDDE0704B5B7DDBB2012B62
:1063B00040F0D8801F216F4807F0CAFBD2E06E4B37
:1063C00093F82A30032B00F08580032B00F3C5805F
:1063D000012B02D0022B3FD0BFE00122002147F663
:1063E000501009F0C9F90022002147F6511009F0B8
:1063F000C3F90022002147F6521009F0BDF95B4BAA
:10640000012283F82F2001217E2007F07DF9574BD0
:106410005B7DDBB2002B0CD11622584947F2A070ED
:1064200007F036FB1522564947F2B07007F030FBF3
:106430008EE04E4B5B7DDBB2012B40F08980162253
:10644000504947F2A07007F023FB15224E4947F24E
:10645000B07007F01DFB7BE00022002147F65010D2
:1064600009F08AF90122002147F6511009F084F958
:106470000022002147F6521009F07EF93B4B022220
:1064800083F82F2002217E2007F03EF9374B5B7DF9
:10649000DBB2002B0CD116223C4947F2A07007F06A
:1064A000F7FA1522364947F2B07007F0F1FA51E0D9
:1064B0002E4B5B7DDBB2012B4CD11622344947F2C7
:1064C000A07007F0E5FA15222F4947F2B07007F0E7
:1064D000DFFA3FE00022002147F6501009F04CF9A6
:1064E0000022002147F6511009F046F9012200214F
:1064F00047F6521009F040F91C4B002283F82F2078
:1065000000217E2007F000F9184B5B7DDBB2002BE9
:106510000CD116221D4947F2A07007F0B9FA1522D6
:106520001A4947F2B07007F0B3FA15E00F4B5B7DE4
:10653000DBB2012B10D11622154947F2A07007F0EB
:10654000A7FA1522124947F2B07007F0A1FA03E04A
:1065500000BF02E000BF00E000BF074B002283F84D
:106560002A2000E000BF0837BD4680BD603400200F
:10657000BC530108D0530108E8330020F053010850
:10658000005401081054010828540108405401081F
:106590004854010880B582B000AF7860784B93F81A
:1065A0002A30DBB2002B14D1754B5B7DDBB2002BA4
:1065B00004D11221734807F0CBFADDE0704B5B7D0C
:1065C000DBB2012B40F0D8801F216F4807F0C0FAE2
:1065D000D2E06E4B93F82B30032B00F08580032B19
:1065E00000F3C580012B02D0022B3FD0BFE0012277
:1065F000002147F6581009F0BFF80022002147F6A5
:10660000591009F0B9F80022002147F65A1009F094
:10661000B3F85B4B012283F82E200121752007F08F
:1066200073F8574B5B7DDBB2002B0CD1122258491B
:106630004FF4EF4007F02CFA1022564947F29070C1
:1066400007F026FA8EE04E4B5B7DDBB2012B40F06B
:106650008980122250494FF4EF4007F019FA1022B6
:106660004E4947F2907007F013FA7BE000220021B8
:1066700047F6581009F080F80122002147F659101A
:1066800009F07AF80022002147F65A1009F074F850
:106690003B4B022283F82E200221752007F034F8AC
:1066A000374B5B7DDBB2002B0CD112223C494FF4FF
:1066B000EF4007F0EDF91022364947F2907007F0ED
:1066C000E7F951E02E4B5B7DDBB2012B4CD112225E
:1066D00034494FF4EF4007F0DBF910222F4947F21D
:1066E000907007F0D5F93FE00022002147F65810DE
:1066F00009F042F80022002147F6591009F03CF851
:106700000122002147F65A1009F036F81C4B0022EE
:1067100083F82E200021752006F0F6FF184B5B7DD4
:10672000DBB2002B0CD112221D494FF4EF4007F0D1
:10673000AFF910221A4947F2907007F0A9F915E055
:106740000F4B5B7DDBB2012B10D1122215494FF4A8
:10675000EF4007F09DF91022124947F2907007F0C0
:1067600097F903E000BF02E000BF00E000BF074B65
:10677000002283F82B2000E000BF0837BD4680BD13
:10678000603400205053010850540108E8330020C1
:10679000705401088054010890540108A454010861
:1067A000405401084854010880B582B000AF7860B9
:1067B0007B4B93F82C30032B00F0AB80032B00F3C2
:1067C000E780012B02D0022B43D0E1E0012200211F
:1067D00047F2996008F0D0FF0022002147F29A604A
:1067E00008F0CAFF0022002147F29D6008F0C4FFB4
:1067F0006C4B01225A760121442006F085FF6A4B3A
:10680000012283F84D21082168480AF089F8654B78
:106810009B7EDBB2022B40F0BA800122002147F2BE
:106820009B6008F0A9FF0022002147F29C6008F05D
:10683000A3FF5C4B01229A760121452006F064FFFC
:10684000594B012283F85D21082159480AF068F864
:106850009DE0544B93F83530DBB2002B1BD0514BED
:106860005B7DDBB2002B04D11E21524807F070F98A
:1068700008E04C4B5B7DDBB2012B03D124214E4859
:1068800007F066F9484BFF2283F84D21082147485D
:106890000AF046F87CE00022002147F2996008F0F7
:1068A0006BFF0122002147F29A6008F065FF002289
:1068B000002147F29D6008F05FFF3A4B02225A76B2
:1068C0000221442006F020FF374B022283F84D219D
:1068D000082136480AF024F8324B002283F82C2095
:1068E0000022002147F6231008F046FF0021732004
:1068F00006F00AFF2B4B002283F8312000220021F2
:1069000047F6261008F038FF0021762006F0FCFE3E
:106910003EE00022002147F2996008F02DFF00229E
:10692000002147F29A6008F027FF0122002147F278
:106930009D6008F021FF1B4B03225A76032144205F
:1069400006F0E2FE184B032283F84D210821174878
:1069500009F0E6FF134B002283F82C2000220021CF
:1069600047F6231008F008FF0021732006F0CCFE44
:106970000C4B002283F831200022002147F626101C
:1069800008F0FAFE0021762006F0BEFE00E000BF0F
:10699000034B002283F82C2000BF0837BD4680BD82
:1069A000E83300206034002000000020480100206F
:1069B00058010020B8540108D854010880B582B0AD
:1069C00000AF7860344B93F82D30012B02D0022BAE
:1069D0001CD058E00122002147F29B6008F0CCFE59
:1069E0000022002147F29C6008F0C6FE2B4B0122DA
:1069F0009A760121452006F087FE294B012283F873
:106A00005D210821274809F08BFF3CE0234B5B7E8A
:106A1000DBB2012B1BD1214B5B7DDBB2002B04D100
:106A20001C21214807F094F808E01C4B5B7DDBB289
:106A3000012B03D128211D4807F08AF8184BFF22AB
:106A400083F84D2108211A4809F06AFF1BE0002253
:106A5000002147F29B6008F08FFE0122002147F2DF
:106A60009C6008F089FE0D4B02229A760221452097
:106A700006F04AFE0A4B022283F84D2108210C48F9
:106A800009F04EFF00BF044B002283F82D2000BF09
:106A90000837BD4680BD00BFE833002060340020C9
:106AA0000000002058010020005501082055010871
:106AB0004801002080B582B000AF78601D4B5B7D3F
:106AC000DBB2002B11D11B4B01225A75012147204B
:106AD00006F01AFE08F01CF8174B012283F85D211E
:106AE0000821164809F01CFF0DE0124B5B7DDBB25C
:106AF000012B08D10F4B00225A750021472006F0C8
:106B000003FE08F005F80B4B1B78DBB20A2B08D903
:106B1000084B1B7DDBB2022B03D1002006F010FFD7
:106B200003E0202006F00CFF00BF00BF0837BD4681
:106B300080BD00BF6034002000000020580100200C
:106B400080B582B000AF78602A4B002283F82E20F7
:106B50001422294947F2085006F03AFF274B5B7D83
:106B6000DBB2002B06D11322254947F2085006F06C
:106B70002FFF0AE0214B5B7DDBB2012B05D11F22E9
:106B8000204947F2085006F023FF1F4B0C221A80C1
:106B90000C2006F0D5FE2E221C4947F2085006F0C4
:106BA00017FF164B5B7DDBB2002B06D1182218496C
:106BB00047F2085006F00CFF0AE0104B5B7DDBB299
:106BC000012B05D11D22134947F2085006F000FFA2
:106BD0000A4B1B78DBB20B2B02D101F06DFF01E0F9
:106BE00001F0B6FD054B00221A7000BF0837BD4604
:106BF00080BD00BFE83300204C5501086034002000
:106C00006455010878550108B035002098550108F1
:106C1000C4550108DC55010880B582B000AF78602A
:106C20007B681B78013B162B00F28A8701A252F881
:106C300023F000BF916C0008716D00080D6F000813
:106C4000D77000089F710008F37A000827730008C6
:106C50000B740008537400089B7400084F750008FB
:106C6000D9760008637700080B7800088B79000854
:106C7000417B0008417B0008417B0008417B000804
:106C8000D37900081B7A0008637A0008AB7A000801
:106C9000BC4B93F82930DBB2002B34D0B94B002227
:106CA00083F829200022002147F6201008F064FD17
:106CB0000021702006F028FDB24B5B7DDBB2002B7B
:106CC0000DD11622B04947F2A07006F0E1FE152260
:106CD000AD4947F2B07006F0DBFE00F00CBFA94BE7
:106CE0005B7DDBB2012B40F006871622A74947F2F5
:106CF000A07006F0CDFE1522A44947F2B07006F050
:106D0000C7FE00F0F8BE9F4B012283F82920012224
:106D1000002147F6201008F02FFD0121702006F019
:106D2000F3FC984B5B7DDBB2002B0DD1162298490A
:106D300047F2A07006F0ACFE1522964947F2B070FB
:106D400006F0A6FE00F0D7BE8E4B5B7DDBB2012BBA
:106D500040F0D1861622904947F2A07006F098FEC6
:106D600015228E4947F2B07006F092FE00F0C3BEC5
:106D7000844B93F82A30DBB2002B34D0814B0022B5
:106D800083F82A200022002147F6211008F0F4FCA5
:106D90000021712006F0B8FC7A4B5B7DDBB2002B42
:106DA0000DD1122278494FF4EF4006F071FE102207
:106DB000754947F2907006F06BFE00F09EBE714B75
:106DC0005B7DDBB2012B40F0988612226F494FF4B5
:106DD000EF4006F05DFE10226C4947F2907006F01D
:106DE00057FE00F08ABE674B012283F82A20012259
:106DF000002147F6211008F0BFFC0121712006F0A8
:106E000083FC604B5B7DDBB2002B3CD15D4B93F888
:106E10002E30DBB2012B0DD1122261494FF4EF402D
:106E200006F036FE10225F4947F2907006F030FE01
:106E300000F063BE534B93F82E30DBB2022B0DD122
:106E4000122251494FF4EF4006F022FE102255491C
:106E500047F2907006F01CFE00F04FBE494B93F8CD
:106E60002E30DBB2002B40F04886122246494FF408
:106E7000EF4006F00DFE1022434947F2907006F0F5
:106E800007FE00F03ABE3F4B5B7DDBB2012B40F0CA
:106E900034863C4B93F82E30DBB2012B0DD11222FD
:106EA00041494FF4EF4006F0F3FD10223F4947F20D
:106EB000907006F0EDFD00F020BE324B93F82E30BE
:106EC000DBB2022B0DD1122230494FF4EF4006F015
:106ED000DFFD1022354947F2907006F0D9FD00F031
:106EE0000CBE284B93F82E30DBB2002B40F0058609
:106EF000122226494FF4EF4006F0CAFD1022234922
:106F000047F2907006F0C4FD00F0F7BD1D4B93F8FA
:106F10002B30DBB2002B4BD01A4B002283F82B20F6
:106F20000022002147F6221008F026FC00217220E2
:106F300006F0EAFB134B5B7DDBB2002B0DD1162272
:106F4000114947F2A07006F0A3FD15220E4947F241
:106F5000B07006F09DFD00F0D2BD0A4B5B7DDBB248
:106F6000012B40F0CC851622084947F2A07006F0AC
:106F70008FFD1522054947F2B07006F089FD00F03B
:106F8000BEBD00BF603400204054010848540108D1
:106F9000F053010800540108105401082854010856
:106FA000705401088054010890540108A454010849
:106FB000C04B012283F82B200122002147F622102A
:106FC00008F0DAFB0121722006F09EFBB94B5B7DD5
:106FD000DBB2002B3CD1B74B93F82F30DBB2012B47
:106FE0000DD11622B44947F2A07006F051FD1522CA
:106FF000B24947F2B07006F04BFD00F080BDAD4BDA
:1070000093F82F30DBB2022B0DD11622AC4947F298
:10701000A07006F03DFD1522A84947F2B07006F0B9
:1070200037FD00F06CBDA34B93F82F30DBB2002B83
:1070300040F065851622A24947F2A07006F028FDAF
:1070400015229F4947F2B07006F022FD00F057BDAF
:10705000984B5B7DDBB2012B40F05185954B93F84B
:107060002F30DBB2012B0DD11622964947F2A070CA
:1070700006F00EFD1522944947F2B07006F008FDA7
:1070800000F03DBD8B4B93F82F30DBB2022B0DD1BE
:1070900016228E4947F2A07006F0FAFC15228A49A2
:1070A00047F2B07006F0F4FC00F029BD814B93F874
:1070B0002F30DBB2002B40F022851622834947F2A5
:1070C000A07006F0E5FC1522804947F2B07006F08A
:1070D000DFFC00F014BD774B93F82C30DBB2002BB3
:1070E0000FD0744B002283F82C200022002147F699
:1070F000231008F041FB0021732006F005FB00F08F
:107100001FBD6C4B5B7EDBB2022B04D0694B5B7EF8
:10711000DBB2032B16D1674B5B7DDBB2002B05D1B5
:107120001C216B4806F014FD00F0EBBC614B5B7D4D
:10713000DBB2012B40F0E5842821664806F008FD0B
:1071400000F0DFBC5B4B93F83630DBB2002B16D07F
:10715000584B5B7DDBB2002B05D118215E4806F051
:10716000F7FC00F0D0BC534B5B7DDBB2012B40F051
:10717000CA842E21594806F0EBFC00F0C4BC4D4BEC
:10718000012283F82C200122002147F6231008F069
:10719000F3FA0121732006F0B7FA00F0D1BC454B99
:1071A00093F82D30DBB2002B40D0424B002283F805
:1071B0002D200022002147F6241008F0DDFA0021DE
:1071C000742006F0A1FA3B4B5B7DDBB2002B13D1A0
:1071D0000F223B4947F2256006F05AFC1622384937
:1071E00047F2C07006F054FC1622354947F2D070C1
:1071F00006F04EFC00F089BC2E4B5B7DDBB2012B10
:1072000040F083840F22314947F2256006F040FCAC
:1072100016222E4947F2C07006F03AFC16222B497E
:1072200047F2D07006F034FC00F06FBC214B93F8AD
:107230003430DBB2002B16D01E4B5B7DDBB2002B53
:1072400005D11E21264806F083FC00F060BC194BD6
:107250005B7DDBB2012B40F05A842B21214806F0E4
:1072600077FC00F054BC134B012283F82D2001223F
:10727000002147F6241008F07FFA0121742006F05F
:1072800043FA0C4B5B7DDBB2002B33D10F22164946
:1072900047F2256006F0FCFB1622144947F2C07045
:1072A00006F0F6FB1622124947F2D07006F0F0FB0A
:1072B00000F02BBC60340020F0530108005401089A
:1072C000405401081054010828540108485401088A
:1072D0000055010820550108FC5501081856010801
:1072E000485601086856010898560108A456010836
:1072F000B8560108B24B5B7DDBB2012B40F0058430
:107300000F22B04947F2256006F0C2FB1622AE49B3
:1073100047F2C07006F0BCFB1622AC4947F2D070B1
:1073200006F0B6FBF1E3A64B93F83130DBB2002B4D
:107330000ED0A34B002283F831200022002147F613
:10734000261008F019FA0021762006F0DDF9E4E3B2
:107350009B4B5B7EDBB2022B04D0994B5B7EDBB296
:10736000032B14D1964B5B7DDBB2002B04D11C2187
:10737000974806F0EDFBCCE3914B5B7DDBB2012B34
:1073800040F0C7832821934806F0E2FBC1E38C4B11
:1073900093F83630DBB2002B14D0894B5B7DDBB227
:1073A000002B04D118218C4806F0D2FBB3E3844BA8
:1073B0005B7DDBB2012B40F0AE832E21874806F0C7
:1073C000C7FBA8E37E4B012283F831200122002174
:1073D00047F6261008F0D0F90121762006F094F93E
:1073E000774B5B7DDBB2002B04D11E217C4806F07D
:1073F000AFFB92E3724B5B7DDBB2012B40F08D83E0
:107400002A21784806F0A4FB87E36D4B93F83230CD
:10741000DBB2002B0ED06A4B002283F83220002210
:10742000002147F6271008F0A7F90021772006F081
:107430006BF985E3624B012283F83220012200219F
:1074400047F6271008F098F90121772006F05CF93B
:1074500076E35B4B93F83330DBB2002B0ED0584B06
:10746000002283F833200022002147F6281008F07C
:1074700083F90021782006F047F961E3504B01229F
:1074800083F833200122002147F6281008F074F910
:107490000121782006F038F952E3494B93F8343053
:1074A000DBB2002B0ED0464B002283F834200022A2
:1074B000002147F6291008F05FF90021792006F035
:1074C00023F93DE33E4B93F83530DBB2002B14D06B
:1074D0003B4B5B7DDBB2002B04D11E21424806F002
:1074E00037FB1CE3364B5B7DDBB2012B40F017838F
:1074F00024213E4806F02CFB11E3314B93F82D304C
:10750000DBB2002B14D02E4B5B7DDBB2002B04D101
:107510001E21374806F01CFB03E3294B5B7DDBB2E1
:10752000012B40F0FE822D21324806F011FBF8E2DB
:10753000234B012283F834200122002147F6291031
:1075400008F01AF90121792006F0DEF8F8E21C4B68
:1075500093F83530DBB2002B56D0194B002283F85C
:1075600035200022002147F62A1008F005F90021F5
:107570007A2006F0C9F8124B5B7DDBB2002B0CD1F0
:1075800015221D4947F2507006F082FA15221B4958
:1075900047F2607006F07CFAC5E2094B5B7DDBB216
:1075A000012B40F0C0821522154947F2507006F0B9
:1075B0006FFA1522134947F2607006F069FAB2E2D9
:1075C00060340020CC560108DC560108F45601084E
:1075D0000055010820550108FC55010818560108FE
:1075E0000C5701082C570108B8540108D854010859
:1075F0005857010878570108A8570108B8570108DB
:10760000C8570108E0570108A94B93F83430DBB2A2
:10761000002B14D0A64B5B7DDBB2002B04D11E21C6
:10762000A44806F095FA80E2A14B5B7DDBB2012B0A
:1076300040F07B822C21A04806F08AFA75E29C4B30
:107640005B7EDBB2022B14D1994B5B7DDBB2002B4E
:1076500004D11C21994806F07BFA68E2944B5B7DCB
:10766000DBB2012B40F063822821954806F070FAC6
:107670005DE28F4B012283F835200122002147F67D
:107680002A1008F079F801217A2006F03DF8884B9D
:107690005B7DDBB2002B0CD115228A4947F250707A
:1076A00006F0F6F91522884947F2607006F0F0F905
:1076B00039E27F4B5B7DDBB2012B40F03482152237
:1076C000824947F2507006F0E3F91522804947F2EB
:1076D000607006F0DDF926E2754B93F83630DBB2C8
:1076E000002B0ED0724B002283F83620002200219E
:1076F00047F62B1008F040F800217B2006F004F834
:107700001EE26B4B93F82C30DBB2002B05D1684B9B
:1077100093F83130DBB2002B14D0654B5B7DDBB2CC
:10772000002B04D11C216B4806F012FA01E2604BD9
:107730005B7DDBB2012B40F0FC812C21664806F01A
:1077400007FAF6E15A4B012283F836200122002184
:1077500047F62B1008F010F801217B2005F0D4FF2C
:10776000EEE1534B93F83730DBB2002B26D0504B71
:10777000002283F837200022002147F62C1007F062
:10778000FBFF00217C2005F0BFFF494B5B7DDBB296
:10779000002B06D11622514947F2F07006F078F915
:1077A000C9E1434B5B7DDBB2012B40F0C481162263
:1077B0004B4947F2F07006F06BF9BCE13C4B0122FB
:1077C00083F837200122002147F62C1007F0D4FF60
:1077D00001217C2005F098FF354B5B7DDBB2002B4F
:1077E00006D116223F4947F2F07006F051F9A2E1A6
:1077F0002F4B5B7DDBB2012B40F09D8116223A4975
:1078000047F2F07006F044F995E1294B93F83930CE
:10781000DBB2002B32D0264B002283F83920002225
:10782000002147F62D1007F0A7FF00217D2005F06D
:107830006BFF1F4B5B7DDBB2002B0CD115222B495C
:1078400047F2507006F024F91522294947F260707A
:1078500006F01EF971E1164B5B7DDBB2012B40F0A7
:107860006C811522234947F2507006F011F9152258
:10787000214947F2607006F00BF95EE10C4B5B7E2C
:10788000DBB2012B3AD10A4B5B7DDBB2002B04D17A
:107890001C210A4806F05CF951E1054B5B7DDBB227
:1078A000012B40F04C812821054806F051F946E1B2
:1078B0006034002048560108F857010800550108B7
:1078C000205501082858010838580108485801086F
:1078D0006058010878580108985801084054010878
:1078E00048540108C8580108D8580108A857010889
:1078F000B8570108C8570108E0570108924B93F8A0
:107900003530DBB2012B0DD18F4B002283F83520AF
:107910000022002147F62A1007F02EFF00217A20CE
:1079200005F0F2FE884B012283F839200122002164
:1079300047F62D1007F020FF01217D2005F0E4FE21
:10794000814B5B7DDBB2002B0CD115227F4947F2C6
:10795000507006F09DF815227D4947F2607006F0E0
:1079600097F8EAE0784B5B7DDBB2012B40F0E580D5
:107970001522784947F2507006F08AF815227649A8
:1079800047F2607006F084F8D7E06F4B93F8383018
:10799000DBB2002B0ED06C4B002283F83820002283
:1079A000002147F62E1007F0E7FE00217D2005F0AC
:1079B000ABFEC5E0644B012283F838200122002190
:1079C00047F62E1007F0D8FE01217D2005F09CFE21
:1079D000B6E05D4B93F83B30DBB2002B0ED05A4B38
:1079E000002283F83B200022002147F6301007F0E8
:1079F000C3FE0021802005F087FEA1E0524B01224A
:107A000083F83B200122002147F6301007F0B4FE36
:107A10000121802005F078FE92E04B4B93F83C303A
:107A2000DBB2002B0ED0484B002283F83C20002212
:107A3000002147F6311007F09FFE0021812005F05C
:107A400063FE7DE0404B012283F83C2001220021AF
:107A500047F6311007F090FE0121812005F054FE19
:107A60006EE0394B93F83D30DBB2002B0ED0364B35
:107A7000002283F83D200022002147F6321007F053
:107A80007BFE0021822005F03FFE59E02E4B0122B3
:107A900083F83D200122002147F6321007F06CFEEA
:107AA0000121822005F030FE4AE0274B93F83E305A
:107AB000DBB2002B0ED0244B002283F83E200022A4
:107AC000002147F6331007F057FE0021832005F010
:107AD0001BFE35E01C4B012283F83E2001220021D1
:107AE00047F6331007F048FE0121832005F00CFE15
:107AF00026E000BF24E000BF22E000BF20E000BF7E
:107B00001EE000BF1CE000BF1AE000BF18E000BF8D
:107B100016E000BF14E000BF12E000BF10E000BF9D
:107B20000EE000BF0CE000BF0AE000BF08E000BFAD
:107B300006E000BF04E000BF02E000BF00E000BFBD
:107B400000BF0837BD4680BD60340020F0580108F2
:107B500028580108005901084858010880B582B02A
:107B600000AF7860174B93F82830012B02D0022B1E
:107B700010D01FE00122002147F26C6007F0FCFDED
:107B80000022002147F26D6007F0F6FD0E4B012246
:107B90001A700FE00022002147F26C6007F0ECFD44
:107BA0000122002147F26D6007F0E6FD064B02223C
:107BB0001A7000BF034B002283F8282000BF08374B
:107BC000BD4680BDE8330020B423002080B483B0DC
:107BD00000AF0346FB71FB79002B08D0012B0DD1C0
:107BE000094B1B68084A43F00103136006E0064B8B
:107BF0001B68054A23F00103136000BF00BF0C3768
:107C0000BD4680BC704700BF000C004080B584B00A
:107C100000AF78600023BB730123FB7320E0FB7B84
:107C2000184609F0E7F903467B73BB7B374AD35C00
:107C30007A7B9A420ED0BB7B34497A7BCA54FB7B59
:107C40009BB203F5EB437F339BB27A7B002118464E
:107C500007F092FDBB7B0133BB73FB7B0133FB73EE
:107C6000FB7B0C2BDBD90023FB7320E0FB7B18464E
:107C700009F070F803467B73BB7B244AD35C7A7BA4
:107C80009A420ED0BB7B21497A7BCA54FB7B9BB2C4
:107C900003F5EC430C339BB27A7B0021184607F0C6
:107CA0006BFDBB7B0133BB73FB7B0133FB73FB7B46
:107CB000032BDBD90423FB7320E0FB7B184609F080
:107CC00049F803467B73BB7B104AD35C7A7B9A42AC
:107CD0000ED0BB7B0D497A7BCA54FB7B9BB203F56C
:107CE000F0431E339BB27A7B0021184607F044FD17
:107CF000BB7B0133BB73FB7B0133FB73FB7B072B2C
:107D0000DBD900BF00BF1037BD4680BD3402002064
:107D100080B500AF374B1B7EDBB2002B66D0354BF6
:107D200093F82830DBB2002B62D0324B1B7DDBB2E4
:107D3000012B5ED1304B1B7F002B5AD12D4B5B7E2C
:107D4000DBB2012B1BD1022009F054F90346002BB2
:107D50000BD1022008F0F7FE022009F04BF9034690
:107D6000002B02D1022004F0FBFE022009F042F9B0
:107D70000346012B3DD1022004F0C8FF39E01D4B22
:107D800093F82D30DBB2002B08D0092009F032F92E
:107D90000346012B02D1022004F0B8FF154B93F8E3
:107DA0003430DBB2002B24D0124B93F82D30DBB2F1
:107DB000002B1ED1032009F01DF90346002B0BD127
:107DC000022008F0C0FE032009F014F90346002B3E
:107DD00002D1022004F0C4FE032009F00BF903468F
:107DE000012B06D1022004F091FF02E000BF00E069
:107DF00000BF80BD60340020A403002080B485B0A3
:107E000000AF0346FB80FB88B3F5A04F40D3FB884F
:107E100045F69912934210D8FB88A3F5A043FB8046
:107E2000FB881E4AD35C1B021AB2FB881C49CB5C40
:107E30001BB213431BB2FB812AE0FB8846F6991262
:107E4000934210D8FB88A3F5C043FB80FB88154AFA
:107E5000D35C1B021AB2FB881349CB5C1BB21343E1
:107E60001BB2FB8114E0FB8847F6991293420FD8AE
:107E7000FB88A3F5E043FB80FB880C4AD35C1B0224
:107E80001AB2FB880A49CB5C1BB213431BB2FB81BD
:107E9000FB8918461437BD4680BC7047CC330020A0
:107EA000B03300201C340020E83300205834002078
:107EB0005034002080B483B000AF03460A46FB80F4
:107EC0001346BB80FB88B3F5A04F40D3FB8845F633
:107ED0009912934210D8FB88A3F5A043FB80BB887E
:107EE0001B0A9AB2FB88D1B21B4AD154FB88BA88CC
:107EF000D1B21A4AD1542AE0FB8846F6991293422D
:107F000010D8FB88A3F5C043FB80BB881B0A9AB23C
:107F1000FB88D1B2124AD154FB88BA88D1B2114A37
:107F2000D15414E0FB8847F6991293420FD8FB888E
:107F3000A3F5E043FB80BB881B0A9AB2FB88D1B251
:107F4000094AD154FB88BA88D1B2084AD15400BF3B
:107F50000C37BD4680BC7047CC330020B0330020C6
:107F60001C340020E8330020583400205034002016
:107F700080B582B000AF0346FB800B467B71134691
:107F80003B71FB88B3F5A04F39D3FB8845F69912B6
:107F9000934211D8FB88A3F5A043FB80FB881A49C4
:107FA0007A79CA54FB8819493A79CA54FB88DBB2FA
:107FB0001846F9F791FD22E0FB8846F699129342A4
:107FC0000CD8FB88A3F5C043FB80FB8810497A7965
:107FD000CA54FB880F493A79CA5410E0FB8847F627
:107FE000991293420BD8FB88A3F5E043FB80FB88F2
:107FF00009497A79CA54FB8808493A79CA5400BFBA
:108000000837BD4680BD00BFCC330020B033002010
:108010001C340020E8330020583400205034002065
:1080200080B485B000AF03463960FB71FB79022B49
:108030002CD0022B3DDC002B02D0012B13D038E0DA
:108040000023FB730BE0FB7B3A681A44FB7B11783F
:108050001A4A13440A469A70FB7B0133FB73FB7B7D
:10806000052BF0D925E00023FB730BE0FB7B3A687E
:108070001A44FB7B1178114A13440A461A72FB7B9F
:108080000133FB73FB7B052BF0D912E00023FB735C
:108090000BE0FB7B3A681A44FB7B1178074A1344D8
:1080A0000A469A73FB7B0133FB73FB7B052BF0D9EC
:1080B00000BF00BF1437BD4680BC7047603400204D
:1080C00080B485B000AF03463960FB71FB79002BAB
:1080D00002D0012B23D045E00623FB731BE0396857
:1080E000234BA3FB0123DA0813469B0013445B00D8
:1080F000CA1AD2B2FB7B013B3032D1B21D4A1344C3
:108100000A469A703B681A4AA2FB0323DB083B60CD
:10811000FB7B013BFB73FB7B002BE0D122E00623C2
:10812000FB731BE03968124BA3FB0123DA081346EB
:108130009B0013445B00CA1AD2B2FB7B013B303276
:10814000D1B20C4A13440A461A723B68084AA2FB91
:108150000323DB083B60FB7B013BFB73FB7B002BBA
:10816000E0D100BF00BF1437BD4680BC704700BFE0
:10817000CDCCCCCC6034002080B582B000AF5A2189
:10818000002005F0C1FA002005F08EFA03465A2BB4
:1081900002D10123FB7101E00023FB71FB7918463A
:1081A0000837BD4680BD80B582B000AF012005F024
:1081B0007BFA0346372B02D10123FB7101E0002338
:1081C000FB71FB7918460837BD4680BD90B583B07A
:1081D00000AF4FF4A043FB8010237B71AE49002019
:1081E00000F076FBAD49012000F072FB1AE07B79CC
:1081F0009BB201339BB2184605F056FA03461C4663
:108200007B799BB2184605F04FFA03461A46FB8865
:1082100021461846FFF7ACFEFB880133FB807B79D3
:1082200002337B717B79422BE1D900233B714AE019
:108230003B799BB29B009BB251339BB2184605F031
:1082400033FA03461B021CB23B799BB29B009BB2E4
:1082500050339BB2184605F027FA03461BB223435E
:108260001BB23A7998B28E4913465B0213449B00C5
:108270000B44043302461A803B799BB29B009BB2AD
:1082800053339BB2184605F00FFA03461B021CB28B
:108290003B799BB29B009BB252339BB2184605F0D0
:1082A00003FA03461BB223431BB23A7998B27C49C6
:1082B00013465B0213449B000B44063302461A80AC
:1082C0003B7901333B713B79032BB1D9442005F055
:1082D000EBF903461A46734B5A76452005F0E4F94C
:1082E00003461A466F4B9A76462005F0DDF90346A1
:1082F0001A466C4B1A75472005F0D6F903461A4604
:10830000684B5A75674B5B7DDBB2002B04D1654B24
:108310005B7DDBB2012B09D0624B00225A75614BA9
:108320005B7DDBB21946472005F0EEF9702005F0C1
:10833000BBF903461A465B4B83F82920712005F0F0
:10834000B3F903461A46574B83F82A20722005F0EA
:10835000ABF903461A46534B83F82B207E2005F0D9
:10836000A3F903461A464F4B83F82F20732005F0DC
:108370009BF903461A464B4B83F82C20742005F0DA
:1083800093F903461A46474B83F82D20752005F0D4
:108390008BF903461A46434B83F82E20762005F0CE
:1083A00083F903461A463F4B83F83120772005F0C6
:1083B0007BF903461A463B4B83F83220782005F0C0
:1083C00073F903461A46374B83F83320792005F0BA
:1083D0006BF903461A46334B83F834207A2005F0B4
:1083E00063F903461A462F4B83F835207B2005F0AE
:1083F0005BF903461A462B4B83F836207C2005F0A8
:1084000053F903461A46274B83F837207D2005F0A1
:108410004BF903461A46234B83F839207D2005F09B
:1084200043F903461A461F4B83F838207F2005F096
:108430003BF903461A461B4B83F83020802005F099
:1084400033F903461A46174B83F83B20812005F089
:108450002BF903461A46134B83F83C20822005F083
:1084600023F903461A460F4B83F83D20832005F07D
:108470001BF903461A460B4B83F83E2045F20E00CB
:10848000FFF7BCFC0346184600F060FBF9F736F92D
:1084900000BF0C37BD4690BD623400206834002018
:1084A000A40300206034002080B582B000AF102308
:1084B000FB710023BB711AE0FB799AB2BB79A0492A
:1084C000CB5C1946104605F01FF9FB790133FB71AF
:1084D000FB799AB2BB799B49CB5C1946104605F0F3
:1084E00013F9FB790133FB71BB790133BB71BB79A4
:1084F0001B2BE1D90023BB7152E0BB799BB29B00DF
:108500009BB2503398B2BA798F4913465B02134439
:108510009B000B4404331B88DBB2194605F0F4F8CA
:10852000BB799BB29B009BB2513398B2BA79864912
:1085300013465B0213449B000B4404331B881B0A45
:108540009BB2DBB2194605F0DFF8BB799BB29B000A
:108550009BB2523398B2BA797B4913465B021344FB
:108560009B000B4406331B88DBB2194605F0CCF8A0
:10857000BB799BB29B009BB2533398B2BA797249D4
:1085800013465B0213449B000B4406331B881B0AF3
:108590009BB2DBB2194605F0B7F8BB790133BB716A
:1085A000BB79032BA9D9694B1B7DDBB21946462049
:1085B00005F0AAF8654B5B7EDBB21946442005F056
:1085C000A3F8624B9B7EDBB21946452005F09CF870
:1085D0005E4B5B7DDBB21946472005F095F85B4B9F
:1085E00093F82930DBB21946702005F08DF8574B0F
:1085F00093F82A30DBB21946712005F085F8534B09
:1086000093F82B30DBB21946722005F07DF84F4B02
:1086100093F82F30DBB219467E2005F075F84B4BEE
:1086200093F82C30DBB21946732005F06DF8474BF8
:1086300093F82D30DBB21946742005F065F8434BF2
:1086400093F82E30DBB21946752005F05DF83F4BEC
:1086500093F83130DBB21946762005F055F83B4BE4
:1086600093F83230DBB21946772005F04DF8374BDE
:1086700093F83330DBB21946782005F045F8334BD8
:1086800093F83430DBB21946792005F03DF82F4BD2
:1086900093F83530DBB219467A2005F035F82B4BCC
:1086A00093F83630DBB219467B2005F02DF8274BC6
:1086B00093F83730DBB219467C2005F025F8234BC0
:1086C00093F83930DBB219467D2005F01DF81F4BB9
:1086D00093F83830DBB219467D2005F015F81B4BB6
:1086E00093F83030DBB219467F2005F00DF8174BB8
:1086F00093F83B30DBB21946802005F005F8134BA8
:1087000093F83C30DBB21946812004F0FDFF0F4B9B
:1087100093F83D30DBB21946822004F0F5FF0B4B95
:1087200093F83E30DBB21946832004F0EDFF372189
:10873000012004F0E9FF00BF0837BD4680BD00BF3F
:10874000B0330020CC330020A4030020603400208C
:1087500080B582B000AF0023FB710FE0FB799BB2C4
:1087600003F5A0439AB2FB79444931F81330194616
:108770001046FFF79FFBFB790133FB71FB791B2B45
:10878000ECD945F20E00FFF739FB0346184600F01E
:10879000DDF9F8F7B3FF3A4B01221A70394B022288
:1087A0001A75384B01229A76364B01225A76354B90
:1087B00000225A75334B012283F82920314B0122C4
:1087C00083F82A202F4B012283F82B202D4B0022E7
:1087D00083F82C202B4B002283F82D20294B0222DA
:1087E00083F82E20274B002283F83120254B0022CE
:1087F00083F83220234B002283F83320214B0022C0
:1088000083F834201F4B002283F835201D4B0022B3
:1088100083F836201B4B002283F83720194B0022A7
:1088200083F83920174B002283F83820154B00229B
:1088300083F83B20134B002283F83C20114B00228D
:1088400083F83D200F4B002283F83E200E49002084
:10885000FFF7E6FB0D490120FFF7E2FB0A49002084
:1088600000F064F80949012000F060F800F0F0F829
:10887000FFF71AFE00BF0837BD4680BD287E0108FD
:10888000B423002060340020185901082059010841
:1088900080B500AF0D490220FFF7C2FB04F0FEFED9
:1088A000FFF76AFC0346002B02D1FFF751FF09E0F6
:1088B000FFF779FC0346002B02D1FFF749FF01E0E7
:1088C000FFF784FC00F0C4F800BF80BD2859010800
:1088D00090B585B000AF03463960FB71FB79002B82
:1088E00002D0012B03D005E00223BB7302E0082372
:1088F000BB7300BF0023FB7310E0BB7B9AB2FB7B12
:108900009BB2134499B2FB7B3A68D418084604F032
:10891000CBFE03462370FB7B0133FB73FB7B052BF4
:10892000EBD900BF00BF1437BD4690BD80B584B001
:1089300000AF03463960FB71FB79002B02D0012B9D
:1089400003D005E00223BB7302E00823BB7300BF22
:108950000023FB730FE0BB7B9AB2FB7B9BB21344FB
:1089600098B2FB7B3A6813441B78194604F0CCFE9E
:10897000FB7B0133FB73FB7B052BECD900BF00BFF6
:108980001037BD4680BD000080B584B000AF0346FF
:10899000FB71FB79002B02D0012B17D02DE00023B7
:1089A000FB730FE0FB7B9BB202339AB2FB7B154952
:1089B0000B449B78DBB21946104604F0A5FEFB7B06
:1089C0000133FB73FB7B052BECD916E00023FB7313
:1089D0000FE0FB7B9BB208339AB2FB7B09490B4447
:1089E0001B7ADBB21946104604F08EFEFB7B013386
:1089F000FB73FB7B052BECD900BF00BF1037BD46D6
:108A000080BD00BF6034002080B584B000AF034655
:108A10000A46FB711346BB80BB88FB73FB799BB294
:108A2000FA7B1146184604F06FFEBB881B0A9BB206
:108A3000FB73FB799BB201339BB2FA7B114618465C
:108A400004F062FEF8F75AFE00BF1037BD4680BD45
:108A500080B400AF174B4FF496729A80154B4FF4C9
:108A60007A72DA80134B4FF4FA72A3F80828114B8C
:108A70004FF47A72A3F80A280E4B03F58053642250
:108A80009A810C4B03F580534FF4FA72DA81094B4B
:108A900003F580534FF4FA72A3F81028054B03F541
:108AA00080534FF47A72A3F8122800BFBD4680BCF1
:108AB000704700BFA403002080B582B000AF102330
:108AC000BB710023FB710EE0FB791E4A32F81320C4
:108AD000BB7911461846FFF797FFBB790233BB718C
:108AE000FB790133FB71FB79072BEDD93423BB7183
:108AF0000023FB710FE0FB791233124A32F8132086
:108B0000BB7911461846FFF77FFFBB790233BB7173
:108B1000FB790133FB71FB791B2BECD90A4900204F
:108B2000FFF77EFA08490020FFF700FF01214420EB
:108B300004F0EAFD0121452004F0E6FD00BF0837FE
:108B4000BD4680BD287E01081859010880B485B053
:108B500000AF0346FB80FB881D2B11D90023FB606F
:108B60000AE0144AFB6852F823201349FB6841F8D5
:108B70002320FB680133FB60FB68132BF1DD13E05E
:108B8000FB881D2B10D80023BB600AE00B4ABB6892
:108B900052F823200849BB6841F82320BB68013301
:108BA000BB60BB68132BF1DD00BF1437BD4680BC32
:108BB000704700BF4802002048350020980200207E
:108BC00080B582B000AF78606A4B93F83730DBB283
:108BD000002B1AD00C2008F00DFA0346012B14D1FB
:108BE000644B5B7DDBB2002B04D11221624804F0A0
:108BF000AFFFB7E05F4B5B7DDBB2012B40F0B28093
:108C00001C215E4804F0A4FFACE05A4B1B7DDBB294
:108C1000012B14D1574B5B7DDBB2002B04D12021FB
:108C2000574804F095FF9FE0524B5B7DDBB2012B70
:108C300040F09A802021534804F08AFF94E04D4B85
:108C40001B7DDBB2032B18D14A4B9B7DDBB2002B83
:108C500013D0484B5B7DDBB2002B04D110214A4876
:108C600004F076FF82E0434B5B7DDBB2012B7DD1CC
:108C70001621464804F06CFF78E07B681B781A46A2
:108C8000434B9B5C002B36D07B681B78082B06D8A7
:108C90007B681B780021184608F078F907E07B68AC
:108CA0001B78093BDBB20021184608F01FF87B68EF
:108CB0001B781A46364B002199547B681B780C2B85
:108CC0000CD87B681B789BB203F5EC435F339BB2F7
:108CD00000220021184606F04FFD48E07B681B7813
:108CE0009BB203F5F14343339BB2002200211846A7
:108CF00006F042FD3BE07B681B78082B06D87B68BA
:108D00001B780121184608F041F907E07B681B78C1
:108D1000093BDBB20121184607F0E8FF7B681B78AE
:108D20001A461B4B012199547B681B780C2B0CD8DD
:108D30007B681B789BB203F5EC435F339BB2012247
:108D40000021184606F018FD11E07B681B789BB2E5
:108D500003F5F14343339BB201220021184606F08C
:108D60000BFD04E000BF02E000BF00E000BF0837D9
:108D7000BD4680BD603400203059010844590108C7
:108D800064590108785901089C590108B059010833
:108D9000E8020020B0B582B000AF78609A4B1B8823
:108DA000122B00F2908301A252F823F0F98D0008F3
:108DB000898E0008DD8E00080D8F0008D78F00080F
:108DC000F58F0008AF90000843910008519100080A
:108DD0005F9100089F910008F99100083B920008FC
:108DE0007192000877930008959300081F9400087B
:108DF0003B9400087D940008844B93F82030DBB24C
:108E0000002B00F05183814B93F82030DBB2022B12
:108E100003D17D4B0D221A8055E3012008F0EAF8BA
:108E20000346002B17D0794B5B7DDBB2002B04D1BE
:108E30000A21774804F0ACFE08E0744B5B7DDBB29E
:108E4000012B03D11321734804F0A2FE6F4B0022C3
:108E500083F8202037E3012003F058FF6B4B0022FA
:108E600083F82120694B002283F82220674B0022DF
:108E700083F82420654B0322DA75634B1B8801338A
:108E80009AB2614B1A801EE3012008F0D5F8034620
:108E9000002B1CD05D4B5B7DDBB2002B04D10D2180
:108EA0005D4804F075FE08E0584B5B7DDBB2012B9A
:108EB00003D11E21594804F06BFE002003F0F2FF9D
:108EC000514B1B8801339AB24F4B1A80FBE24E4B39
:108ED0001B8802339AB24C4B1A80F4E20A2007F046
:108EE00032FE4F4B1B8801339AB24D4B1A804C4BCC
:108EF0001B88082B40F2DA82494B00221A80424B31
:108F00001B8801339AB2404B1A80CFE2454BDB6B92
:108F10004FF000011846F8F733F80346002B53D002
:108F20003A4B5B7DDBB2002B04D111213E4804F0AB
:108F30002FFE08E0354B5B7DDBB2012B03D1162100
:108F40003A4804F025FE314B002283F84B20354B84
:108F50005B6B344AD26B11461846F8F711F803469A
:108F6000002B15D02F4BDB6A1846F8F713F805468F
:108F7000264B93F83D30DCB22A4BDB6B1846F8F7F2
:108F800009F80346224629460220F8F775F814E04E
:108F9000244BDB6A1846F7F7FDFF05461B4B93F899
:108FA0003D30DCB21F4B5B6B1846F7F7F3FF03460F
:108FB000224629460220F8F75FF8134B1B8801333D
:108FC0009AB2114B1A807EE20F4B1B8802339AB281
:108FD0000D4B1A8077E2164B03F5805393F824303B
:108FE000002B40F06582084B1B8801339AB2064B78
:108FF0001A805DE2054B5B7DDBB2002B1CD10D219D
:109000000C4804F0C5FD20E02E350020603400201F
:10901000C8590108D4590108E8590108F85901084C
:1090200036350020BC340020185A01082C5A01089B
:10903000A4030020445A0108974B5B7DDBB2012B4F
:1090400003D11121954804F0A3FD954B5B6B944A25
:10905000D26B11461846F7F793FF0346002B1FD03B
:109060008D4B002283F84B208D4B9B6A1846F7F7F7
:1090700091FF0546884B93F83D30DCB2884B5B6B23
:10908000874AD26B11461846F7F7B4FC03461846D8
:10909000F7F780FF0346224629460220F7F7ECFF48
:1090A000804B1B8801339AB27E4B1A800BE27E4BB9
:1090B00003F5805393F82430002B40F0FB8101200E
:1090C00007F098FF0346002B33D1754B5C6B744B54
:1090D000DB6C76491846F7F78FFC034619462046A5
:1090E000F7F744FF0346002B23D0052007F02BFDA4
:1090F000012007F07FFF0346002B21D1664B5B7DEB
:10910000DBB2002B04D11821694804F041FD08E0CE
:10911000614B5B7DDBB2012B03D11F21654804F05D
:1091200037FD5D4B092283F84520002003F098FEAF
:10913000C9E15C4B1B8801339AB25A4B1A80B9E1E2
:10914000B8E1584B1B8801339AB2564B1A80BAE1EA
:10915000544B1B8801339AB2524B1A80B3E1012061
:1091600003F0FEFC022003F0D1FD4B4B5B7DDBB234
:10917000002B04D10D21504804F00AFD08E0464BB5
:109180005B7DDBB2012B03D114214C4804F01AFDA6
:10919000444B1B8801339AB2424B1A8093E1404BF7
:1091A0009B6B4FF000011846F7F7EAFE0346002BD1
:1091B0001ED0394B1B7DDBB2012B19D1364B5B7DA9
:1091C000DBB2002B04D111213D4804F0E1FC08E0A2
:1091D000314B5B7DDBB2012B03D12C21394804F0EC
:1091E000D7FC304B1B8801339AB22E4B1A806AE1B0
:1091F0002C4B12221A8066E1012007F0ABFD0346DA
:10920000002B00F05981244B5B7DDBB2002B04D195
:1092100010212D4804F0BCFC08E01F4B5B7DDBB245
:10922000012B03D12521294804F0B2FC1D4B1B88DA
:1092300001339AB21B4B1A803EE1012007F08AFDF0
:109240000346002B40F03A81052007F07CFC01200A
:1092500007F080FD0346002B40F03081012003F031
:1092600055FD104B1B8801339AB20E4B1A8025E135
:109270000B4BDB6B4FF000011846F7F781FE0346FE
:10928000002B71D0044B5B7DDBB2002B22D111216E
:109290000F4804F07DFC26E060340020545A010899
:1092A000BC3400202E350020A40300200000204103
:1092B000685A0108845A0108A45A0108B45A0108DE
:1092C000CC5A0108E05A0108105B0108245B010830
:1092D000185A01087D4B5B7DDBB2012B03D11621AF
:1092E0007B4804F055FC794B002283F84B20794BE6
:1092F0009B6B784AD26B11461846F7F741FE03463E
:10930000002B15D0734BDB6A1846F7F743FE054672
:109310006E4B93F83D30DCB26E4BDB6B1846F7F7C3
:1093200039FE0346224629460220F7F7A5FE14E03F
:10933000684BDB6A1846F7F72DFE0546634B93F83A
:109340003D30DCB2634B9B6B1846F7F723FE0346B8
:10935000224629460220F7F78FFE5F4B1B88013318
:109360009AB25D4B1A80AEE05B4B1B8802339AB217
:10937000594B1A80A7E0594B03F5805393F82430DA
:10938000002B40F09D80544B1B8801339AB2524B06
:109390001A8095E04D4B5B7DDBB2002B04D1102190
:1093A0004F4804F0F5FB08E0484B5B7DDBB2012B36
:1093B00003D11E214B4804F0EBFB464B9B6B454A07
:1093C000D26B11461846F7F7DBFD0346002B1FD082
:1093D0003E4B002283F84B203E4B9B6A1846F7F722
:1093E000D9FD0546394B93F83D30DCB2394B9B6BC8
:1093F000384AD26B11461846F7F7FCFA034618466E
:10940000F7F7C8FD0346224629460220F7F734FE47
:10941000314B1B8801339AB22F4B1A8053E02F4BEC
:1094200003F5805393F82430002B4BD12A4B1B8833
:1094300001339AB2284B1A8044E0244B012283F86E
:109440002220012003F08CFB204B5B7DDBB2002B44
:1094500004D11021244804F09BFB08E01B4B5B7DEA
:10946000DBB2012B03D11B21204804F091FB1A4BE6
:109470001B8801339AB2184B1A8024E0134B002248
:10948000DA75124B012283F82120104B002283F859
:1094900024200E4B00225A770C4B002283F8202008
:1094A0000D4B00221A800EE000BF0CE000BF0AE066
:1094B00000BF08E000BF06E000BF04E000BF02E01C
:1094C00000BF00E000BF0837BD46B0BD60340020DB
:1094D0002C5A0108BC3400202E350020A4030020A3
:1094E0004C5B0108605B0108805B0108945B01082C
:1094F000B0B586B002AF78608D4B1B88072B00F2A9
:109500006E8201A252F823F029950008699500089F
:10951000C1950008F1950008FF950008F198000832
:109520006199000895990008824B93F82330DBB2CB
:10953000002B00F04F827F4B93F82130DBB2002BE1
:1095400004D17C4B002283F8232048E2794B00228F
:1095500083F82420774B0422DA75754B1B8801337E
:109560009AB2734B1A803AE2724B93F83130DBB205
:10957000002B0ED06F4B1B7DDBB2012B09D10120DC
:1095800003F090FC6A4B1B8801339AB2684B1A8037
:1095900025E2012007F050FD0346002B09D00020F2
:1095A00003F080FC624B1B8801339AB2604B1A8037
:1095B00015E25F4B1B8802339AB25D4B1A800EE2B4
:1095C0000A2007F0C0FA5C4B1B8801339AB25A4B51
:1095D0001A80594B1B88082B40F2FE81564B002203
:1095E0001A80534B1B8801339AB2514B1A80F3E116
:1095F0004F4B1B8801339AB24D4B1A80EFE14D4B14
:109600005B7DDBB2002B04D10F214C4804F0C0FA83
:1096100008E0484B5B7DDBB2012B03D119214848A0
:1096200004F0D0FA474B5B6B464A926B11461846E2
:10963000F7F7E2F903461C46424BDB6C42491846F9
:10964000F7F7DAF9034619462046F7F78FFC034689
:10965000002B3FD03B4B1B6DBB603A4B1B6B3B4918
:109660001846F7F7D1FA03461846F7F793FC034676
:10967000FB60FB68002B01D10123FB60FB68013B11
:10968000334A52F823301846F7F766FA034619466C
:109690000220F8F7B9FB0246BB681344BB60254BB8
:1096A000012283F84B20274B1B6B1846F7F772FCFF
:1096B0000146204B93F83D30DBB2002B0CBF012359
:1096C0000023DBB21A46234B0093BB680220F8F755
:1096D00049FD5CE0174B002283F84B20154B93F8B3
:1096E0002230DBB2002B37D0164B1B6B1846F7F736
:1096F00051FC04460F4B93F83D30DBB2002B0CBFFE
:1097000001230023DBB21D460E4B5B6B0D4A926BAF
:1097100011461846F7F770F903461846F7F73AFC72
:1097200003462A4621460220F7F7A6FC2FE000BF99
:1097300030350020603400203C350020B05B01084B
:10974000C05B0108BC34002000002041CDCCCC3DE2
:1097500048350020A0860100A24B1B6B1846F7F786
:1097600019FC0446A04B93F83D30DBB2002B0CBF34
:1097700001230023DBB21D469A4B5B6B1846F7F7BB
:1097800009FC03462A4621460220F7F775FC022011
:1097900007F030FC0346002B00F0A380924B93F8B7
:1097A0003130DBB2002B00F09C808F4B1B7DDBB295
:1097B000012B40F09680022007F0C5F9022007F047
:1097C00019FC0346002B00F08C80874B5B7DDBB2DD
:1097D000002B04D10C21854804F0DAF908E0824B13
:1097E0005B7DDBB2012B03D10C21814804F0D0F961
:1097F0007D4B002283F83A207B4B93F83530DBB267
:10980000002B18D0784B022283F84C20754B1B6834
:109810001846F7F7BFFB0146734B93F83B30DAB2BB
:10982000704BDB6918466F4B9B6800930346002022
:10983000F8F798FC55E06B4B5B69002B39DD6A4B00
:1098400093F83530DBB2002B33D1674B012283F81C
:109850004C20644B9A68634B5B699A4214DC614B01
:109860001B681846F7F796FB01465F4B93F83B30B1
:10987000DAB25C4BDB6918465A4B9B68009303468F
:109880000020F8F76FFC2CE0564B1B681846F7F7E2
:1098900081FB0146544B93F83B30DAB2514BDB6904
:1098A0001846504B5B69009303460020F8F75AFCBA
:1098B00017E04D4B012283F84C204A4B1B68184699
:1098C000F7F768FB0146484B93F83B30DAB2454B5B
:1098D000DB691846434B9B68009303460020F8F76A
:1098E00041FC444B1B8801339AB2424B1A8076E00C
:1098F000414B03F5805393F82430002B6ED10120A7
:1099000007F078FB0346002B23D0022007F01BF959
:10991000012007F06FFB0346002B1AD0324B5B7D12
:10992000DBB2002B04D11C21344804F031F908E0EB
:109930002D4B5B7DDBB2012B03D12521304804F098
:1099400027F9294B042283F84520002003F088FAE8
:1099500045E0284B1B8801339AB2264B1A803DE024
:10996000214B5B7DDBB2002B04D10D21254804F097
:109970000FF908E01C4B5B7DDBB2012B03D11A21F0
:10998000214804F01FF91B4B1B8801339AB2194B75
:109990001A8024E0012003F0B9F9052003F0E0F873
:1099A000114B00225A77104B0022DA750E4B002221
:1099B00083F821200C4B002283F822200A4B01223D
:1099C00083F82420084B002283F82320094B00222F
:1099D0001A8004E000BF02E000BF00E000BF1037C3
:1099E000BD46B0BDBC34002060340020DC5B010803
:1099F000EC5B010830350020A4030020F85B01086F
:109A0000185C0108405C0108505C0108B0B586B0E4
:109A100002AF7860A34B1B880E2B00F2F28201A2EA
:109A200052F823F0619A0008819A0008AF9A000862
:109A3000DF9A0008A99B0008C79B0008C99C000882
:109A40005D9D0008919D0008C19E0008239F0008AD
:109A5000A19F0008AF9F0008BD9F0008D19F00088C
:109A6000914B9B7FDBB2002B00F0C2828E4B032216
:109A7000DA758C4B1B8801339AB28A4B1A80C0E28C
:109A8000012007F0D9FA0346002B09D0002003F08B
:109A900009FA844B1B8801339AB2824B1A80B0E2D8
:109AA000804B1B8802339AB27E4B1A80A9E20A20AF
:109AB00007F049F87D4B1B8801339AB27B4B1A8023
:109AC0007A4B1B88082B40F29582784B00221A8033
:109AD000744B1B8801339AB2724B1A808AE2744B22
:109AE000DB6B4FF000011846F7F74AFA0346002BEC
:109AF00053D06D4B5B7DDBB2002B04D111216D483F
:109B000004F046F808E0684B5B7DDBB2012B03D123
:109B10001621694804F03CF8634B002283F84B207F
:109B2000634B5B6B624AD26B11461846F7F728FA13
:109B30000346002B15D05E4BDB6A1846F7F72AFA6E
:109B40000546594B93F83D30DCB2594BDB6B184658
:109B5000F7F720FA0346224629460220F7F78CFA47
:109B600014E0534BDB6A1846F7F714FA05464E4BE0
:109B700093F83D30DCB24E4B5B6B1846F7F70AFAB0
:109B80000346224629460220F7F776FA454B1B8802
:109B900001339AB2434B1A8033E2424B1B880233A3
:109BA0009AB2404B1A802CE2444B03F5805393F851
:109BB0002430002B40F020823A4B1B8801339AB2AC
:109BC000384B1A8018E2384B5B7DDBB2002B04D196
:109BD0000D213B4803F0DCFF08E0334B5B7DDBB23B
:109BE000012B03D11121374803F0D2FF2E4B002265
:109BF00083F84B202E4B5B6B2D4AD26B11461846D7
:109C0000F7F7A0F90346002B15D0294B9B6A18469D
:109C1000F7F7C0F90546244B93F83D30DCB2244BEE
:109C20009B6B1846F7F7B6F90346224629460220F1
:109C3000F7F722FA2EE01E4B5B6B1D4AD26B1146E2
:109C40001846F7F793F90346002B23D0184B9B6A6D
:109C50001846F7F79FF90546134B93F83D30DCB2F1
:109C6000134B5B6B124A926B11461846F6F7C4FE13
:109C700003461A460E4BDB6B19461046F6F7BAFE42
:109C800003461846F7F786F903462246294602207E
:109C9000F7F7F2F9034B1B8801339AB2014B1A8094
:109CA000AFE100BF3235002060340020363500209F
:109CB000BC340020185A01082C5A0108A4030020C3
:109CC000445A0108545A0108A34B03F5805393F8F2
:109CD0002430002B40F09281012007F08BF90346DD
:109CE000002B33D19D4B5C6B9C4BDB6C9C49184625
:109CF000F6F782FE034619462046F7F737F9034682
:109D0000002B23D0052006F01EFF012007F072F97A
:109D10000346002B21D1934B5B7DDBB2002B04D19A
:109D20001821914803F034FF08E08E4B5B7DDBB2D5
:109D3000012B03D11F218D4803F02AFF894B0922F3
:109D400083F84520002003F08BF85AE1884B1B88EC
:109D500001339AB2864B1A8050E14FE1814B5B7D13
:109D6000DBB2002B04D10D21824803F011FF08E083
:109D70007C4B5B7DDBB2012B03D114217E4803F0C9
:109D800021FF7B4B1B8801339AB2794B1A8038E153
:109D9000744B5B7DDBB2002B04D10F21774803F0BD
:109DA000F7FE08E06F4B5B7DDBB2012B03D119217D
:109DB000734803F007FF694B5B6B684A926B11466F
:109DC0001846F6F719FE03461C46644BDB6C6449E3
:109DD0001846F6F711FE034619462046F7F7C6F86F
:109DE0000346002B3FD05D4B1B6DBB605B4B1B6B79
:109DF00064491846F6F708FF03461846F7F7CAF80D
:109E00000346FB60FB68002B01D10123FB60FB686C
:109E1000013B5D4A52F823301846F6F79DFE034693
:109E200019460220F7F7F0FF0246BB681344BB60F7
:109E30004C4B012283F84B20484B1B6B1846F7F71D
:109E4000A9F80146474B93F83D30DBB2002B0CBF1D
:109E500001230023DBB21A464C4B0093BB6802205F
:109E6000F8F780F925E03F4B002283F84B203B4B6D
:109E70001B6B1846F7F78EF804463A4B93F83D30C3
:109E8000DBB2002B0CBF01230023DBB21D46334B9A
:109E90005B6B324A926B11461846F6F7ADFD0346EE
:109EA0001846F7F777F803462A4621460220F7F7C7
:109EB000E3F82F4B1B8801339AB22D4B1A80A0E098
:109EC000254B03F5805393F82430002B40F0988005
:109ED000214B03F5805393F80838012B1AD1214BFD
:109EE0005B7DDBB2002B04D11C21294803F050FE1E
:109EF00008E01C4B5B7DDBB2012B03D125212548FB
:109F000003F046FE174B042283F84520002002F0A0
:109F1000A7FF76E0164B1B8801339AB2144B1A80C8
:109F20006EE0104B5B7DDBB2002B04D10D211A4893
:109F300003F02EFE08E00B4B5B7DDBB2012B03D15F
:109F40001A21164803F03EFE094B1B8801339AB2D2
:109F5000074B1A8055E000BFA4030020BC3400204A
:109F60000000204160340020685A0108845A01082A
:109F700032350020A45A0108B45A0108B05B010828
:109F8000C05B0108CDCCCC3D48350020A086010047
:109F9000F85B0108185C0108405C0108505C01088E
:109FA000194B1B8801339AB2174B1A8029E0164BC4
:109FB0001B8801339AB2144B1A8022E0052002F06C
:109FC000CFFD114B1B8801339AB20F4B1A8018E05A
:109FD0000E4B0022DA750D4B0122DA770B4B002273
:109FE0005A770A4B00229A77074B00221A8008E022
:109FF00000BF06E000BF04E000BF02E000BF00E0D9
:10A0000000BF1037BD46B0BD32350020603400209F
:10A0100080B582B000AF786003F014FB0346012BDB
:10A0200004D0044B012283F8412000E000BF083730
:10A03000BD4680BD6034002080B582B000AF78603E
:10A040000E4B5B7EDBB2012B03D1786800F018F871
:10A0500010E00A4B5B7EDBB2022B03D1786800F084
:10A060000FFC07E0054B5B7EDBB2032B02D1786867
:10A0700001F0A0F800BF0837BD4680BD6034002065
:10A08000B0B588B002AF78603023BB600023FB60BE
:10A09000A54B93F83130DBB2002B0FD0022006F035
:10A0A00059FE0346002B09D19F4B0022DA769E4BC6
:10A0B0000022DA759D4B00221A80C0E39B4B1B885F
:10A0C000102B00F2BC8301A252F823F011A100086A
:10A0D000E1A1000827A2000855A2000885A20008F7
:10A0E000B3A20008E3A200080FA3000851A30008D0
:10A0F00081A40008B9A40008EFA40008F1A5000895
:10A1000015A6000861A600089BA60008CBA60008BB
:10A11000854BDB7EDBB2012B40F08683824B1B7DBF
:10A12000DBB2012B1DD0804B93F82430DBB2002B27
:10A1300017D17D4B0022DA767B4B5B7DDBB2002BA7
:10A1400004D10A217A4803F023FD6FE3764B5B7D4F
:10A15000DBB2012B40F06A831321764803F018FD2F
:10A1600064E3022006F046FF0346002B25D16E4B28
:10A170005B7DDBB2002B04D11E216F4803F008FD8C
:10A1800008E0694B5B7DDBB2012B03D124216B48D6
:10A1900003F0FEFC644B0022DA76634B01225A770F
:10A1A000614B072283F84520654B072283F8BD20C9
:10A1B0000821644806F0B4FB41E3022002F0A6FD4A
:10A1C000042002F0A3FD584B00225A77564B02227E
:10A1D000DA75564B1B8801339AB2544B1A802EE322
:10A1E000514B93F82D30DBB2002B0BD1032006F03E
:10A1F00023FF0346002B05D00A2006F0FBFE034692
:10A20000002B09D1012002F0B3FE0346002B03D13D
:10A21000002002F025FE12E3444B1B8801339AB262
:10A22000424B1A800BE3012006F006FF0346002B89
:10A2300009D1012002F036FE3C4B1B8801339AB253
:10A240003A4B1A80FBE2394B1B8802339AB2374BE8
:10A250001A80F4E20A2006F076FC3B4B1B8801339F
:10A260009AB2394B1A80384B1B88072B40F2E08298
:10A27000354B00221A802D4B1B8801339AB22B4B91
:10A280001A80D5E2022006F0D7FE0346002B09D142
:10A29000002002F013FF254B1B8801339AB2234B99
:10A2A0001A80CCE2214B1B8802339AB21F4B1A80D2
:10A2B000C5E20A2006F047FC234B1B8801339AB203
:10A2C000214B1A80204B1B88092B40F2B3821E4B76
:10A2D00000221A80154B1B8801339AB2134B1A8047
:10A2E000A8E2114B93F82930DBB2002B08D00720ED
:10A2F00006F080FE0346002B02D1002002F016FA81
:10A300000A4B1B8801339AB2084B1A8097E20F4B15
:10A3100000221A70002002F047F9044B1B88013319
:10A320009AB2024B1A808AE2603400202435002061
:10A33000C8590108D45901086C5C01088C5C0108FB
:10A3400000000020B80000203835002041350020F2
:10A350009D4B1B7F002B40F08C809C4B5B7DDBB2C8
:10A36000002B04D10C219A4803F012FC08E0974B13
:10A370005B7DDBB2012B03D10C21964803F008FC76
:10A38000924B002283F83A20904B93F83530DBB2A1
:10A39000002B18D08D4B022283F84C208E4B1B686B
:10A3A0001846F6F7F7FD0146884B93F83B30DAB2D2
:10A3B000894BDB691846884B9B6800930346002055
:10A3C000F7F7D0FE55E0844B5B69002B39DD7F4BFE
:10A3D00093F83530DBB2002B33D17C4B012283F86C
:10A3E0004C207D4B9A687C4B5B699A4214DC7A4B1B
:10A3F0001B681846F6F7CEFD0146744B93F83B30C8
:10A40000DAB2754BDB691846734B9B6800930346C1
:10A410000020F7F7A7FE2CE06F4B1B681846F6F7F5
:10A42000B9FD0146694B93F83B30DAB26A4BDB6900
:10A430001846694B5B69009303460020F7F792FECC
:10A4400017E0624B012283F84C20634B1B681846CF
:10A45000F6F7A0FD01465D4B93F83B30DAB25E4B58
:10A46000DB6918465C4B9B68009303460020F7F7B6
:10A4700079FE5A4B1B8801339AB2584B1A80DEE1A1
:10A48000514B1B7F002B10D1022006F0B3FD034679
:10A49000002B06D0514B1B8801339AB24F4B1A80C8
:10A4A000CDE14E4B0D221A80C9E14D4B00221A70AE
:10A4B000002002F079F8C2E1444B93F83A30DBB265
:10A4C000022B06D0454B1B8801339AB2434B1A80AE
:10A4D000B2E13E4B93F83A30DBB2022B40F0AC8154
:10A4E0003E4B1B8803339AB23C4B1A80A4E13A4B93
:10A4F0005B69002B05DD354B93F83530DBB2002B63
:10A5000005D0324B93F83A30DBB2012B54D12F4BAC
:10A510005B7DDBB2002B04D10D21324803F038FB08
:10A5200008E02A4B5B7DDBB2012B03D10F212E48C3
:10A5300003F048FB284B9A68274B5B699A421FDC63
:10A54000224B93F83530DBB2002B19D164233B61E9
:10A550001E4B0A2283F84C201F4BDB681846F6F787
:10A5600019FD0146194B93F83B30DAB21A4BDB69FF
:10A5700018463B69009303460020F7F7F3FD1BE004
:10A58000124B0A2283F84C20134BDB681846F6F76F
:10A5900001FD01460D4B93F83B30DAB20E4BDB69FF
:10A5A0001C460D4B9B681846104B1B68C31A009342
:10A5B00023460020F7F7D6FD084B1B8801339AB2DB
:10A5C000064B1A803BE100BFA4030020603400204A
:10A5D000DC5B0108EC5B0108BC3400202435002062
:10A5E00041350020B45C0108C45C01081C36002021
:10A5F000944B1B7F002B06D1934B1B8801339AB2DF
:10A60000914B1A801BE1914B00221A70002001F03F
:10A61000CBFF14E18B4B93F80038012B19D18C4BF5
:10A6200093F83630DBB2002B03D0894B02225A77E5
:10A630000FE0874B93F85230DBB2002B09D102F0C8
:10A6400061F9834B012283F824207F4B00221A807A
:10A65000F5E07D4B1B8801339AB27B4B1A80EEE00C
:10A660007B4B93F83230DBB2002B0FD1012006F088
:10A67000E3FC0346002B02D0002002F013FC724BD7
:10A680001B8801339AB2704B1A80D8E06E4B1B883E
:10A6900002339AB26C4B1A80D1E00A2006F053FACA
:10A6A0006C4B1B8801339AB26A4B1A80694B1B882A
:10A6B000082B40F2C380674B00221A80624B1B8834
:10A6C00001339AB2604B1A80B8E0614B5B7FDBB21A
:10A6D000022B38D0604BD3E90023541C43F1000512
:10A6E0005D4BC3E900455C4BD3E9002307F108004B
:10A6F0005A4909F087FF0346FB82082258494FF464
:10A70000004003F065F9FB8ADAB207F10803194645
:10A710004FF4004003F05CF9022002F021FA4C4BA8
:10A720005B7DDBB2002B04D109214E4803F030FAE7
:10A730001CE0474B5B7DDBB2012B17D112214A484D
:10A7400003F026FA12E0424B5B7DDBB2002B04D112
:10A750002021464803F01CFA08E03D4B5B7DDBB24C
:10A76000012B03D12821424803F012FA384B93F809
:10A770005030DBB2002B22D1354B1B7DDBB2012BDD
:10A780001DD1334B012283F85020314B5B7DDBB26E
:10A79000002B04D12021374803F0FAF908E02C4BB4
:10A7A0005B7DDBB2012B03D13521334803F0F0F997
:10A7B000274B052283F84520042002F0D1F9214BD4
:10A7C00093F82038002B1ED1082006F013FC034616
:10A7D000002B18D01E4B012283F84D20274B1B6AFB
:10A7E0001846F6F7D7FB0546194B93F83C30DCB218
:10A7F000224B5B6A1846F6F7CDFB034622462946F4
:10A800000120F6F739FC0F4B002283F80128104B8A
:10A810000022DA760E4B01225A770D4B0022DA75B0
:10A82000094B00221A800AE000BF08E000BF06E0E2
:10A8300000BF04E000BF02E000BF00E000BF183727
:10A84000BD46B0BDA40300202435002041350020C2
:10A85000603400203835002018350020D45C010811
:10A86000D85C0108E45C0108F05C0108045D0108A3
:10A87000285D0108545D0108785D0108BC340020A2
:10A88000B0B588B002AF78603023BB600023FB60B6
:10A89000B34B1B88132B00F2718401A252F823F0F2
:10A8A000F1A80008C1A9000857AA0008B1AA000829
:10A8B0009BAB0008C9AB0008F9AB000827AC000847
:10A8C00057AC000883AC00089DAC000837AD000809
:10A8D0005BAD000887AE0008ABAE0008F7AE00081D
:10A8E00085AF0008B3AF0008EFAF000851B0000813
:10A8F0009C4B1B78002B1ED09B4BDB7DDBB2042BCB
:10A9000019D1002006F026FA0346002B13D1964BEE
:10A910001B7DDBB2012B0ED1052006F014F90020BF
:10A9200006F018FA0346002B05D18E4B00221A7050
:10A930008D4B0222DA76002006F00CFA0346002B3B
:10A9400002D0884B01221A70874BDB7EDBB2022BD0
:10A9500040F00984844B1B7DDBB2012B1DD0824B60
:10A9600093F82430DBB2002B17D17F4B0022DA762C
:10A970007D4B5B7DDBB2002B04D10A217B4803F0C9
:10A9800007F9F2E3784B5B7DDBB2012B40F0ED83FE
:10A990001321774803F0FCF8E7E3022002F0B6F950
:10A9A000042002F0B3F9704B00225A776E4B02225A
:10A9B000DA756B4B1B8801339AB2694B1A80DDE361
:10A9C000694B93F83930DBB2002B3DD0022006F002
:10A9D00011FB0346002B37D1052006F0B4F8022006
:10A9E00006F008FB0346002B2ED15F4B5B7DDBB2EC
:10A9F000002B04D11E215F4803F0CAF808E05A4B2F
:10AA00005B7DDBB2012B03D124215B4803F0C0F84E
:10AA1000554B072283F84520584B072283F8BD2069
:10AA20000821574805F07CFF022002F099F84C4BB2
:10AA300000221A804C4B01225A774B4B0022DA75C8
:10AA4000494B0022DA7699E3454B1B8801339AB2D1
:10AA5000434B1A8092E3444B93F82D30DBB2002B2A
:10AA600009D0002002F084FA0346002B19D10020FF
:10AA700002F0F6F982E3032006F0DEFA0346002B2B
:10AA800005D00A2006F0B6FA0346002B09D10120B2
:10AA900002F06EFA0346002B03D1002002F0E0F929
:10AAA0006CE32F4B1B8801339AB22D4B1A8065E360
:10AAB000032006F09FFA0346002B63D1022006F024
:10AAC00042F8032006F096FA0346002B5ED1264B8F
:10AAD0009B7EDBB2012B3ED1234B93F82D30DBB2B2
:10AAE000002B09D0012002F043FA0346002B03D1CA
:10AAF000002002F0B5F941E31B4B5B7DDBB2002B7C
:10AB000004D11E211B4803F043F808E0164B5B7D7F
:10AB1000DBB2012B03D12421174803F039F8124B83
:10AB2000072283F84520154B072283F8BD20082112
:10AB3000134805F0F5FE022002F012F8084B00223F
:10AB40001A80094B01225A77074B0022DA75064B0F
:10AB50000022DA7612E3044B012283F84F2015E03D
:10AB600026350020F902002060340020C859010871
:10AB7000D45901086C5C01088C5C010800000020BD
:10AB8000B8000020904B002283F84F208F4B1B8889
:10AB900001339AB28D4B1A80F0E2012006F04CFA94
:10ABA0000346002B09D1012002F07CF9874B1B885A
:10ABB00001339AB2854B1A80E0E2844B1B88023342
:10ABC0009AB2824B1A80D9E20A2005F0BCFF804B72
:10ABD0001B8801339AB27E4B1A807D4B1B88082B51
:10ABE00040F2C5827A4B00221A80784B1B880133D1
:10ABF0009AB2764B1A80BAE2022006F01DFA03469A
:10AC0000002B09D1002002F059FA704B1B88013348
:10AC10009AB26E4B1A80B1E26C4B1B8802339AB227
:10AC20006A4B1A80AAE20A2005F08DFF684B1B8848
:10AC300001339AB2664B1A80654B1B880A2B40F28F
:10AC40009882634B00221A80604B1B8801339AB2B2
:10AC50005E4B1A808DE25C4B93F82930DBB2002BFF
:10AC600008D0072006F0C6F90346002B02D10020C9
:10AC700001F05CFD554B1B8801339AB2534B1A808F
:10AC80007CE2544B00221A70002001F08DFC4F4BE7
:10AC90001B8801339AB24D4B1A806FE24E4B5B69B1
:10ACA000002B41DD484B012283F84C204A4B9A6827
:10ACB000494B5B699A4218DC474B1B681846F6F70C
:10ACC00069F9414B93F83B30D9B2434BDB691C46E1
:10ACD000414B9A68404BDB69D31A009323460A46DE
:10ACE00001460020F7F73EFA17E03B4B1B68184679
:10ACF000F6F750F9344B93F83B30D9B2364BDB6959
:10AD00001C46354B5A69344BDB69D31A00932346F2
:10AD10000A4601460020F7F725FA2C4B1B88013321
:10AD20009AB22A4B1A8029E2284B1B8802339AB226
:10AD3000264B1A8022E2294B1B7F002B06D1234B86
:10AD40001B8801339AB2214B1A8017E2214B002253
:10AD50001A70002001F028FC10E21F4B5B69002BE9
:10AD60005FDD194B5B7DDBB2002B04D10D211C484C
:10AD700002F00EFF08E0144B5B7DDBB2012B03D128
:10AD80000F21184802F01EFF134B9A68124B5B69A3
:10AD90009A4229DC64233B610B4B0A2283F84C2046
:10ADA0000D4BDB681846F6F7F5F80146064B93F8AD
:10ADB0003B30DAB2084BDB6918463B690093034627
:10ADC0000020F7F7CFF957E0603400202635002047
:10ADD0003835002041350020BC340020A403002079
:10ADE000B45C0108C45C01088D4B0A2283F84C2036
:10ADF0008C4BDB681846F6F7CDF80146884B93F884
:10AE00003B30DAB2874BDB691C46864B9B681846A1
:10AE1000854B1B68C31A009323460020F7F7A2F95D
:10AE20002AE07F4B5B7DDBB2002B04D109217F48F8
:10AE300002F0AEFE08E07A4B5B7DDBB2012B03D162
:10AE40000C217B4802F0A4FE754B012283F84C20B4
:10AE5000744B1B681846F6F79DF80146704B93F843
:10AE60003B30DAB26F4BDB6918466E4B9B68009340
:10AE700003460020F7F776F96E4B1B8801339AB230
:10AE80006C4B1A807AE16C4B1B7F002B06D1694B0F
:10AE90001B8801339AB2674B1A806FE1674B00221F
:10AEA0001A70002001F080FB68E1634B93F80038D2
:10AEB000012B19D15A4B93F83630DBB2002B03D05B
:10AEC000574B02225A770FE0554B93F85230DBB2C2
:10AED000002B09D101F016FD514B012283F82420EB
:10AEE000544B00221A8049E1524B1B8801339AB21D
:10AEF000504B1A8042E14A4B93F83930DBB2002BB9
:10AF000039D0022006F076F80346002B30D1052018
:10AF100005F019FE022006F06DF80346002B2AD139
:10AF2000474B1B8801339AB2454B1A80444B1B8810
:10AF3000042B19D93A4B5B7DDBB2002B04D12021C5
:10AF4000404802F025FE08E0354B5B7DDBB2012B6B
:10AF500003D128213C4802F01BFE002001F080FFB5
:10AF6000374B00221A8009E1324B03221A8005E197
:10AF7000334B00221A802F4B1B8801339AB22D4B82
:10AF80001A80FBE0264B93F82D30DBB2012B09D160
:10AF9000012001F0EDFF0346002B03D1002001F05A
:10AFA0005FFFEBE0234B1B8801339AB2214B1A80E1
:10AFB000E4E01B4B93F83230DBB2002B10D10120C0
:10AFC00006F03AF80346002B00F0D580002001F08F
:10AFD00069FF184B1B8801339AB2164B1A80CAE0DE
:10AFE000144B1B8802339AB2124B1A80C3E00A201A
:10AFF00005F0A9FD154B1B8801339AB2134B1A803B
:10B00000124B1B880A2B40F2B880104B00221A808A
:10B01000084B1B8801339AB2064B1A80ADE000BF83
:10B0200060340020BC3400201C360020B05D0108D4
:10B03000EC5B010826350020A403002041350020E8
:10B040003E350020045D0108285D010838350020E8
:10B050004C4B5B7FDBB2022B38D04B4BD3E9002348
:10B06000541C43F10005484BC3E90045464BD3E966
:10B07000002307F10800454909F0C4FA0346FB82A2
:10B08000082243494FF4004002F0A2FCFB8ADAB2E6
:10B0900007F1080319464FF4004002F099FC022022
:10B0A00001F05EFD374B5B7DDBB2002B04D1092143
:10B0B000384802F06DFD1CE0324B5B7DDBB2012BAA
:10B0C00017D11221344802F063FD12E02D4B5B7D55
:10B0D000DBB2002B04D12021304802F059FD08E0FA
:10B0E000284B5B7DDBB2012B03D128212C4802F0D9
:10B0F0004FFD244B93F85030DBB2002B22D1214B73
:10B100001B7DDBB2012B1DD11E4B012283F8502089
:10B110001C4B5B7DDBB2002B04D12021214802F0C7
:10B1200037FD08E0174B5B7DDBB2012B03D13521E6
:10B130001D4802F02DFD134B052283F84520042005
:10B1400001F00EFD194B002283F801280D4B00225F
:10B15000DA760C4B01225A770A4B0022DA75144B2F
:10B1600000221A800AE000BF08E000BF06E000BF2E
:10B1700004E000BF02E000BF00E000BF1837BD469A
:10B18000B0BD00BF6034002018350020D45C010839
:10B19000D85C0108E45C0108F05C0108045D01086A
:10B1A000285D0108545D0108785D0108A4030020B2
:10B1B00026350020B0B586B000AF78603023FB6044
:10B1C00000233B61A14B1B880E2B00F2D58201A20C
:10B1D00052F823F011B20008EBB20008F9B20008EF
:10B1E0008FB30008BDB30008EDB300081BB400081E
:10B1F00071B400089DB40008B7B400081DB500087C
:10B2000041B50008CFB500080BB600083BB60008F2
:10B210008F4BDB7EDBB2032B40F0A3828C4B1B7D7C
:10B22000DBB2012B1DD08A4B93F82430DBB2002B0C
:10B2300017D1874B0022DA76854B5B7DDBB2002B82
:10B2400004D10A21834802F0A3FC8CE2804B5B7D91
:10B25000DBB2012B40F0878213217F4802F098FC7B
:10B2600081E27B4B9B7EDBB2012B2BD1022005F0D0
:10B27000C1FE0346002B25D1754B5B7DDBB2002B55
:10B2800004D11E21754802F083FC08E0704B5B7D01
:10B29000DBB2012B03D12421714802F079FC6C4B05
:10B2A0000022DA766A4B01225A77694B072283F82B
:10B2B00045206C4B072283F8BD2008216A4805F021
:10B2C0002FFB59E2022001F021FD042001F01EFDB8
:10B2D0005F4B00225A775E4B0222DA755B4B1B886C
:10B2E00001339AB2594B1A8046E2584B1B880133FE
:10B2F0009AB2564B1A803FE2554B93F83930DBB285
:10B30000002B3DD0022005F075FE0346002B37D1FF
:10B31000022005F018FC022005F06CFE0346002B0D
:10B320002ED14B4B5B7DDBB2002B04D11E214B4851
:10B3300002F02EFC08E0464B5B7DDBB2012B03D113
:10B340002421474802F024FC414B072283F8452082
:10B35000444B072283F8BD200821434805F0E0FA5A
:10B36000022001F0FDFB394B00221A80384B0122EC
:10B370005A77374B0022DA75354B0022DA76FBE13B
:10B38000324B1B8801339AB2304B1A80F4E1012012
:10B3900005F052FE0346002B09D1012001F082FD89
:10B3A0002A4B1B8801339AB2284B1A80E4E1274BC1
:10B3B0001B8802339AB2254B1A80DDE10A2005F082
:10B3C000C2FB2A4B1B8801339AB2284B1A80274BA9
:10B3D0001B88082B40F2C981244B00221A801B4B8A
:10B3E0001B8801339AB2194B1A80BEE1022005F086
:10B3F00023FE0346002B09D1002001F05FFE134B12
:10B400001B8801339AB2114B1A80B5E10F4B1B8890
:10B4100002339AB20D4B1A80AEE10A2005F093FB7D
:10B42000124B1B8801339AB2104B1A800F4B1B88AA
:10B430000A2B40F29C810D4B00221A80034B1B8883
:10B4400001339AB2014B1A8091E100BF28350020E8
:10B4500060340020C8590108D45901086C5C010807
:10B460008C5C010800000020B80000203835002066
:10B470009A4B93F82930DBB2002B08D0072005F057
:10B48000B9FD0346002B02D1002001F04FF9944B87
:10B490001B8801339AB2924B1A806DE1914B0022C6
:10B4A0001A70002001F080F88D4B1B8801339AB28E
:10B4B0008B4B1A8060E1894B5B7DDBB2002B04D1A2
:10B4C0000C21894802F064FB08E0844B5B7DDBB211
:10B4D000012B03D10C21854802F05AFB7F4B00223F
:10B4E00083F84C20824B1B681846F5F753FD054640
:10B4F0007A4B93F83B30DCB27D4B5B681846F5F72E
:10B5000049FD0346224629460020F5F7B5FD744B58
:10B510001B8801339AB2724B1A802DE1754B1B7F49
:10B52000002B06D16E4B1B8801339AB26C4B1A80EC
:10B5300022E16C4B00221A70002001F035F81BE16B
:10B54000664B93F83930DBB2002B39D0022005F07E
:10B5500051FD0346002B30D1022005F0F4FA022001
:10B5600005F048FD0346002B2AD1634B1B880133AD
:10B570009AB2614B1A80604B1B88042B19D9574B28
:10B580005B7DDBB2002B04D120215C4802F000FB84
:10B5900008E0524B5B7DDBB2012B03D12E215848D2
:10B5A00002F0F6FA002001F05BFC534B00221A80F7
:10B5B000E2E04B4B07221A80DEE04F4B00221A805C
:10B5C000474B1B8801339AB2454B1A80D4E0434B5A
:10B5D00093F83230DBB2002B10D1012005F02CFDA6
:10B5E0000346002B00F0C580002001F05BFC3C4BC3
:10B5F0001B8801339AB23A4B1A80BAE0384B1B8849
:10B6000002339AB2364B1A80B3E00A2005F09BFA57
:10B610003C4B1B8801339AB23A4B1A80394B1B883A
:10B620000A2B40F2A880374B00221A802C4B1B8833
:10B6300001339AB22A4B1A809DE0334BD3E90023A1
:10B64000541C43F10005304BC3E900452E4BD3E9B0
:10B65000002307F10C002D4908F0D4FF0346FB82BC
:10B6600008222B494FF4004002F0B2F9FB8ADAB20B
:10B6700007F10C0319464FF4004002F0A9F902202B
:10B6800001F06EFA154B5B7DDBB2002B04D1092172
:10B69000204802F07DFA08E0104B5B7DDBB2012B05
:10B6A00003D112211C4802F073FA0C4B93F850306E
:10B6B000DBB2002B44D1094B1B7DDBB2012B3FD108
:10B6C000064B012283F85020044B5B7DDBB2002B3C
:10B6D00026D12021114802F05BFA2AE060340020D4
:10B6E0002835002041350020DC5B0108EC5B0108B7
:10B6F000BC340020A40300203E350020BC5D0108BE
:10B70000E05D01083835002018350020D45C0108C0
:10B71000D85C0108E45C0108F05C0108545D010894
:10B72000174B5B7DDBB2012B03D13521154802F0AD
:10B730002FFA134B052283F84520042001F010FA5C
:10B74000114B002283F801280D4B0022DA760C4BB6
:10B7500001225A770A4B0022DA750C4B00221A801C
:10B760000AE000BF08E000BF06E000BF04E000BF41
:10B7700002E000BF00E000BF1837BD46B0BD00BF0B
:10B7800060340020785D0108A403002028350020E3
:10B79000B0B586B000AF78603023FB6000233B611A
:10B7A000A94B1B881A2B00F2258201A252F823F024
:10B7B0001DB800082BB800085FB800088FB8000853
:10B7C000BDB800086FB90008A3B90008D1B90008D6
:10B7D00005BA000835BA000875BA0008A5BA00080D
:10B7E000BBBA0008DDBA0008F3BA000813BB0008B2
:10B7F00041BB00084FBB0008F5BB0008F5BB0008C3
:10B80000F5BB0008F5BB0008F5BB0008F5BB000858
:10B81000F5BB000857BB0008AFBB00088A4B1B886C
:10B8200001339AB2884B1A80E4E1884B5B7DDBB22E
:10B83000002B04D10B21864802F0AAF908E0834BC3
:10B840005B7DDBB2012B03D10B21824802F0A0F912
:10B850007D4B1B8801339AB27B4B1A80CAE10A20C8
:10B8600005F071F97C4B1B8801339AB27A4B1A8030
:10B87000794B1B88142B40F2AE81774B00221A8043
:10B88000714B1B8801339AB26F4B1A80A3E16F4B47
:10B8900093F82D30DBB2002B09D0002001F068FBBB
:10B8A0000346002B03D1002001F0DAFAA2E1664B37
:10B8B0001B8801339AB2644B1A809BE1634B5B7D1A
:10B8C000DBB2002B04D10C21644802F061F908E0DE
:10B8D0005E4B5B7DDBB2012B03D10A21604802F095
:10B8E00057F9604B1B681846F5F754FB0546574B54
:10B8F00093F83B30DCB25B4B5B681846F5F74AFBCC
:10B900000346224629460020F5F7B6FB554B1B6C33
:10B910001846F5F73FFB05464C4B93F83E30DCB23A
:10B92000504B5B6C1846F5F735FB0346224629461B
:10B930000320F5F7A1FB4B4B1B6A1846F5F72AFBD2
:10B940000546424B93F83C30DCB2464B5B6A1846E6
:10B95000F5F720FB0346224629460120F5F78CFB2C
:10B96000394B1B8801339AB2374B1A8042E13E4B68
:10B970001B7F002B40F031813B4B03F5805393F844
:10B980002838002B40F02981374B93F82038002BC2
:10B9900040F023812C4B1B8801339AB22A4B1A802A
:10B9A0001BE12A4B93F82D30DBB2002B09D001208C
:10B9B00001F0DEFA0346002B03D1002001F050FA1B
:10B9C00018E1214B1B8801339AB21F4B1A8011E1F9
:10B9D0001E4B5B7DDBB2002B04D10921234802F012
:10B9E000D7F808E0194B5B7DDBB2012B03D11221A4
:10B9F0001F4802F0CDF8144B1B8801339AB2124B4A
:10BA00001A80F7E00A2005F09EF8134B1B880133DB
:10BA10009AB2114B1A80104B1B88142B40F2DF8016
:10BA20000D4B00221A80084B1B8801339AB2064B3B
:10BA30001A80D4E0002001F035FA034B1B88013353
:10BA40009AB2014B1A80D5E02035002060340020E6
:10BA5000105E01081C5E010836350020DC5B010821
:10BA6000EC5B0108BC340020A4030020285E010820
:10BA7000F05C01080A2005F066F8604B1B88013372
:10BA80009AB25E4B1A805D4B1B88142B40F2A98042
:10BA90005A4B00221A805A4B1B8801339AB2584BDA
:10BAA0001A809EE0574B012283F82020544B1B88BC
:10BAB00001339AB2524B1A809CE0524B93F82130DA
:10BAC000DBB2012B40F08F804D4B1B8801339AB2C3
:10BAD0004B4B1A80642005F036F884E0494B012274
:10BAE00083F82320464B1B8801339AB2444B1A80BB
:10BAF00080E0444B93F82430DBB2012B75D1404BEE
:10BB00001B8801339AB23E4B1A80642005F01BF863
:10BB10006BE00A2005F017F8384B1B8801339AB206
:10BB2000364B1A80354B1B88142B60D9334B0022BF
:10BB30001A80334B1B8801339AB2314B1A8056E07E
:10BB40002F4B1B8801339AB22D4B1A8052E02C4B9D
:10BB500019221A804EE0012001F0A4F9284B1B881D
:10BB600001339AB2264B1A80274BD3E90023541C89
:10BB700043F10005244BC3E90045234BD3E90023DF
:10BB800007F10C00214908F03DFD0346FB82082225
:10BB90001F494FF4004001F01BFFFB8ADAB207F1A6
:10BBA0000C0319464FF4004001F012FF22E00A2076
:10BBB00004F0C9FF114B1B8801339AB20F4B1A8056
:10BBC0000E4B1B88142B14D90C4B00221A800C4BE3
:10BBD00000221A800DE000BF0CE000BF0AE000BFA9
:10BBE00008E000BF06E000BF04E000BF02E000BFC5
:10BBF00000E000BF1837BD46B0BD00BF363500209D
:10BC0000203500206034002018350020D45C010865
:10BC1000D85C010880B586B002AF7860A34B1B8862
:10BC2000052B00F28B8101A252F823F045BC0008DD
:10BC300083BC000891BC0008A1BD000883BE0008B9
:10BC400091BE00089A4B93F84130DBB2002B04D12F
:10BC5000974B002283F8412070E1954BDB7DDBB2EE
:10BC6000012B07D0924B1B7DDBB2032B02D0904BF4
:10BC70000722DA758D4B1B8801339AB28B4B1A80E1
:10BC80005CE18A4B1B8801339AB2884B1A8055E1DC
:10BC9000012005F0AFF90346002B28D1844B5B7DD2
:10BCA000DBB2002B04D10B21824801F071FF08E0C8
:10BCB0007F4B5B7DDBB2012B03D113217E4801F06A
:10BCC00081FF7B4B022283F84B207C4B9B6C1846F8
:10BCD000F5F760F90146764B93F83D30DAB24FF450
:10BCE000FA63009300230220F6F73CFA51E0734B0D
:10BCF0001B6DBB60714B9B6C71491846F4F784FF58
:10BD000003461846F5F746F90346FB60FB68002B2F
:10BD100001D10123FB60FB68013B6A4A52F82330E2
:10BD20001846F4F719FF034619460220F6F76CF897
:10BD30000246BB681344BB605D4B5B7DDBB2002BEE
:10BD400004D10B21604801F023FF08E0584B5B7DD4
:10BD5000DBB2012B03D10F215C4801F033FF544BC0
:10BD6000012283F84B20554B9B6C1846F5F712F9CE
:10BD700001464F4B93F83D30DBB2002B0CBF012343
:10BD80000023DBB21A46524B0093BB680220F6F741
:10BD9000E9F9464B1B8801339AB2444B1A80CDE037
:10BDA0004C4B03F5805393F82430002B40F0C580B2
:10BDB000012005F01FF90346002B25D03C4B93F8DA
:10BDC0004B30DBB2012B1FD1394B002283F84B20C3
:10BDD000374B5B7DDBB2002B04D11C213E4801F0C8
:10BDE000D7FE08E0324B5B7DDBB2012B03D125216E
:10BDF0003A4801F0CDFE2E4B042283F84520002066
:10BE000001F02EF8002399E0012005F0F3F8034635
:10BE1000002B25D1264B93F84B30DBB2022B1FD1E0
:10BE2000234B002283F84B20214B5B7DDBB2002BA0
:10BE300004D118212A4801F0ABFE08E01C4B5B7DC1
:10BE4000DBB2012B03D12221264801F0A1FE184BC1
:10BE5000032283F84520002001F002F800236DE062
:10BE6000012005F0C7F80346002B03D00F4B022238
:10BE70001A8062E00D4B1B8801339AB20B4B1A807B
:10BE80005BE00A4B1B8801339AB2084B1A8055E0DD
:10BE9000074B002283F84120054B5B7DDBB2002B72
:10BEA00024D10B21104801F073FE28E02A35002030
:10BEB00060340020345E0108405E0108BC3400207C
:10BEC000CDCCCC3D48350020545E0108605E0108B1
:10BED000A0860100A4030020F85B0108185C01089B
:10BEE000705E01088C5E0108B05E0108154B5B7D39
:10BEF000DBB2012B03D11821134801F063FE114B73
:10BF0000DB7DDBB2012B07D00E4B1B7DDBB2032B9D
:10BF100002D00C4B0022DA750A4B002283F8212054
:10BF2000084B002283F82220064B012283F82420AC
:10BF3000064B00221A80012300E000BF184610378C
:10BF4000BD4680BD60340020BC5E01082A3500205B
:10BF500098B500AF5C4B1B7DDBB2032B0ED15A4B67
:10BF60005B7DDBB2002B04D12621584801F0F0FDA7
:10BF7000A8E01E21564801F0EBFDA3E0524B1B7DCB
:10BF8000DBB2012B0ED1504B5B7DDBB2002B04D119
:10BF90002021504801F0DCFD94E020214E4801F0C2
:10BFA000D7FD8FE0484BDB7DDBB2002B36D1012083
:10BFB00000F0ACFE022000F0A9FE032000F0A6FE77
:10BFC000042000F0A3FE052000F0A0FE002003F0F6
:10BFD000B3FC01F0D5F8012001F070F8012000F069
:10BFE00061FF112001F0ACFC012005F003F80346CD
:10BFF000002B21D1344B002283F84B20324B93F895
:10C000003D30DCB2354B5B6D1846F4F7C3FF034699
:10C0100022460A210220F5F72FF80DE02A4B5B7D1E
:10C02000DBB2002B04D123212D4801F091FD03E068
:10C0300023212C4801F08CFD00BF2B4B03F58053CE
:10C0400093F82430002BF8D100210120F5F76CF98A
:10C0500000210220F5F768F900210320F5F764F9C3
:10C0600000210420F5F760F920494FF000024FF05D
:10C070000003C1E9002308221D494FF4004001F0EC
:10C08000A7FC01221B494FF4004001F0A1FC0E4B1C
:10C090005B7DDBB2002B04D10D21174801F078FD48
:10C0A00008E0094B5B7DDBB2012B03D1282113484B
:10C0B00001F06EFD044B012283F855200821104841
:10C0C00004F02EFC98BD00BF60340020D85E01084B
:10C0D000EC5E01086459010878590108BC3400205D
:10C0E0000C5F0108245F0108A4030020183500201C
:10C0F000D85C0108485F01084C5F01085C5F0108DB
:10C100006800002080B500AF324B93F82630DBB2D8
:10C11000002B03D0304B1B78012B04D12D4B002278
:10C1200083F8262054E02B4B9B7DDBB2002B02D002
:10C13000002000F0CBFC274B1B7DDBB2012B02D192
:10C14000002001F0B7F8012000F0B8FF012000F056
:10C15000A9FE012004F04EFF0346002B12D11F4B15
:10C160001B88002B0ED01B4B93F83D30DAB21B4BD3
:10C170001B881B49A1FB0313DB089BB21946104621
:10C1800001F0B6F900BF174B03F5805393F8243044
:10C19000002BF8D10F4B5B7DDBB2002B04D11A21B1
:10C1A000114801F0F5FC08E00A4B5B7DDBB2012B86
:10C1B00003D128210D4801F0EBFC08210C4804F0C4
:10C1C000AFFB054B01221A70024B002283F8262098
:10C1D00080BD00BF6034002042350020463500207D
:10C1E000CDCCCCCCA4030020885F01085C5F0108A3
:10C1F0006800002080B582B000AF7860A94B1B8832
:10C20000092B00F2C48101A252F823F035C20008C4
:10C210000FC300087DC3000891C30008D7C30008FE
:10C2200005C4000835C4000871C4000897C400089C
:10C23000D1C400089C4B93F83F30DBB2002B04D0F4
:10C24000994BDB7DDBB2002B04D0974B002283F8A7
:10C250003F209CE1F5F77AF8934B93F84530DBB239
:10C26000012B06D10021002004F080F8642004F0A6
:10C270006AFC0121002004F079F88B4B93F84530DB
:10C28000DBB2022B06D10021022004F06FF86420FB
:10C2900004F059FC0121022004F068F8824B0022CE
:10C2A00083F84520804B93F82930DBB2002B03D074
:10C2B0000121012004F05AF87B4B93F82A30DBB2BD
:10C2C000002B03D00121032004F050F8764B5B7D56
:10C2D000DBB2002B04D10B21744801F059FC08E0BB
:10C2E000714B5B7DDBB2012B03D11521704801F04E
:10C2F0004FFC6D4B0122DA756B4B002283F8242032
:10C30000684B1B8801339AB2664B1A803FE1664B3B
:10C310005B7DDBB2002B04D10D21664801F038FCB7
:10C3200008E0614B5B7DDBB2012B03D11921624830
:10C3300001F048FC012000F0E9FC022000F0E6FCDE
:10C34000032000F0E3FC042000F0E0FC052000F0F6
:10C35000DDFC5A4B1B78002B06D0584B00221A707C
:10C360000821574804F0DCFA642004F0ECFB4D4B44
:10C370001B8801339AB24B4B1A8008E1002000F071
:10C380009DFE484B1B8801339AB2464B1A80FEE053
:10C39000454B93F82D30DBB2002B0BD1032004F07A
:10C3A0004BFE0346002B05D00A2004F023FE034673
:10C3B000002B09D1012000F0DBFD0346002B03D147
:10C3C000002000F04DFDE2E0364B1B8801339AB2AD
:10C3D000344B1A80DBE0012004F02EFE0346002BD4
:10C3E00009D0002000F05EFD2E4B1B8801339AB26D
:10C3F0002C4B1A80CBE02B4B1B8802339AB2294B73
:10C400001A80C4E00A2004F09EFB2E4B1B880133E7
:10C410009AB22C4B1A802B4B1B880F2B40F2B68004
:10C42000284B00221A801F4B1B8801339AB21D4BE8
:10C430001A80ABE01C4B5B7DDBB2002B04D10921E1
:10C44000214801F0A5FB08E0174B5B7DDBB2012B17
:10C4500003D111211D4801F09BFB134B012283F8EE
:10C460004120104B1B8801339AB20E4B1A808EE08C
:10C470000D4B93F84130DBB2002B05D00020FFF7C5
:10C48000C9FB0346002B82E0064B1B8801339AB29E
:10C49000044B1A807BE0034B1B8801339AB2014B9B
:10C4A0001A8074E02C35002060340020A45F01085D
:10C4B000B05F0108C85F0108D85F0108423500205D
:10C4C0006000002036350020F45F0108006001089C
:10C4D000304B1B78DBB20A2B07D92E4B1B7DDBB20E
:10C4E000032B02D1202001F02BFA2A4B5B7DDBB21B
:10C4F000002B04D10B21284801F04AFB08E0254B12
:10C500005B7DDBB2012B03D11B21244801F040FBF2
:10C51000032000F025FB052000F022FB204B002229
:10C520001A70002000F040F8002000F0FFF8012011
:10C5300003F002FA174B002283F83F20154B00222C
:10C540005A77144B002283F82120124B012283F8E2
:10C550002420104B01221A760E4B0022DA750D4B67
:10C5600001229A750B4B012283F85020094B0022BF
:10C5700083F85520074B002283F85620054B0022F4
:10C5800083F85720074B00221A8000E000BF0837CD
:10C59000BD4680BD6034002014600108246001089D
:10C5A000413500202C350020B0B582B000AF786056
:10C5B000594B03F5805393F82838002B40F0A8809E
:10C5C000564B93F82A30DBB2002B00F0A280534B7D
:10C5D00093F82E30DBB2002B19D1504B002283F898
:10C5E0004E204F4B1B6C1846F4F7D4FC05464B4BC2
:10C5F00093F83E30DCB24A4B5B6C1846F4F7CAFC49
:10C600000346224629460320F4F736FD81E0434BDA
:10C6100093F82E30DBB2012B2FD1052004F0EAFC79
:10C620000346002B1FD13F4B1B78002B1BD13D4BEA
:10C6300001221A70394B012283F84E20384B1B6CB3
:10C640001846F4F7A7FC0546344B93F83E30DCB2AD
:10C65000334B5B6C1846F4F79DFC03462246294693
:10C660000320F4F709FD052004F0C4FC0346002B69
:10C670004FD02C4B00221A704BE0284B93F82E30F1
:10C68000DBB2022B45D1062004F0B4FC0346002B9C
:10C6900022D0244B1B78002B1ED1224B01221A7072
:10C6A000214B00221A801D4B012283F84E201C4B87
:10C6B0001B6C1846F4F76EFC0546184B93F83E3099
:10C6C000DCB2174B5B6C1846F4F764FC0346224659
:10C6D00029460320F4F7D0FC062004F08BFC034627
:10C6E000002B16D0104B1B8801339AB20E4B1A80C8
:10C6F0000D4B1B88B3F5FA7F03D8012004F023FA11
:10C7000007E0094B00221A80064B00221A7000E055
:10C7100000BF0837BD46B0BDA40300206034002030
:10C72000BC3400204135002098350020B0B582B0DF
:10C7300000AF78601F4B93F82930DBB2002B35D067
:10C740001D4B93F82038002B2FD1072004F052FC0A
:10C750000346002B1FD1194B1B78002B1BD1174B05
:10C7600001221A70134B012283F84D20144B1B6ACF
:10C770001846F4F70FFC05460E4B93F83C30DCB23C
:10C780000F4B5B6A1846F4F705FC03462246294620
:10C790000120F4F771FC072004F02CFC0346002B69
:10C7A00004D0064B00221A7000E000BF0837BD46D7
:10C7B000B0BD00BF60340020A4030020403500203D
:10C7C000BC34002080B500AF484B1B88032B00F21F
:10C7D0008B8001A252F823F0E9C700086BC800085B
:10C7E000B1C80008CDC800080B2004F003FC0346C4
:10C7F000002B2FD13E4B93F85330DBB2002B29D1C5
:10C80000052004F0A0F90B2004F0F4FB0346002BF4
:10C8100020D1374B012283F85320354B012283F876
:10C820005420334B5B7DDBB2002B04D11E213148F9
:10C8300001F0AEF908E02E4B5B7DDBB2012B03D19A
:10C8400033212D4801F0A4F9284B1B8801339AB2FB
:10C85000264B1A800B2004F0CDFB0346012B04D19C
:10C86000234B002283F853203EE0214B93F85430B1
:10C87000DBB2012B35D11E4B002283F854201C4B18
:10C88000002283F84B201D4B9B6A1846F4F782FB6D
:10C890000146174B93F83D30DAB232230220F4F709
:10C8A000EBFB124B1B8801339AB2104B1A8018E035
:10C8B000134B03F5805393F82430002B13D10B4B0B
:10C8C0001B8801339AB2094B1A800CE00021022028
:10C8D00003F04CFD002000F0C3FA044B00221A8044
:10C8E00002E000BF00E000BF80BD00BF3435002083
:10C8F000603400204060010860600108BC34002002
:10C90000A403002080B500AF124B5B7DDBB2002B8F
:10C9100004D12621104801F03BF908E00D4B5B7D66
:10C92000DBB2012B03D130210C4801F031F9094B66
:10C93000082283F84520042000F012F9032000F0BB
:10C94000E5F9F4F703FD002002F0F6FF00F018FC13
:10C9500000BF80BD6034002094600108BC60010805
:10C9600080B582B000AF7860F4F718FD022002F0C5
:10C97000E3FF144B5B7DDBB2002B04D11021124886
:10C9800001F006F908E00F4B5B7DDBB2012B03D110
:10C9900011210E4801F0FCF8012000F0B7F9022047
:10C9A00000F0B4F9032000F0B1F9042000F0AEF972
:10C9B000052000F0ABF900F0E3FB00BF0837BD46EF
:10C9C00080BD00BF60340020F060010804610108F0
:10C9D00080B582B000AF7860364B93F82530DBB27B
:10C9E000002B62D0334B93F82530DBB2022B12D1EF
:10C9F000304B5B7DDBB2002B04D110212E4801F0BF
:10CA0000E1F808E02B4B5B7DDBB2012B03D1182151
:10CA10002A4801F0D7F80821294803F081FFF4F7EC
:10CA200095FC00210020F4F77FFC00210120F4F7A1
:10CA30007BFC00210220F4F777FC00210320F4F7AF
:10CA400073FC002002F078FF1A4B93F83730DBB20A
:10CA5000002B18D00C2004F0CDFA0346002B12D086
:10CA6000144B5B7DDBB2002B04D11821154801F07B
:10CA7000A9F808E00F4B5B7DDBB2012B03D1292124
:10CA8000114801F09FF8012000F040F9022000F069
:10CA90003DF9032000F03AF9042000F037F90520B1
:10CAA00000F034F900F06CFB00E000BF0837BD4631
:10CAB00080BD00BF60340020186101082C610108AE
:10CAC00008000020486101086461010880B582B057
:10CAD00000AF78601E4B1B78DBB20A2B07D91C4BCA
:10CAE0001B7DDBB2032B02D1002000F029FF184B85
:10CAF0005B7DDBB2002B04D11021164801F048F811
:10CB000008E0134B5B7DDBB2012B03D10F211248F0
:10CB100001F03EF8F4F71AFC0821104803F000FF7A
:10CB2000002002F009FF012000F0F0F8022000F0E0
:10CB3000EDF8032000F0EAF8042000F0E7F8052003
:10CB400000F0E4F800F01CFB00BF0837BD4680BDD4
:10CB50006034002090610108A061010808000020F5
:10CB600080B582B000AF0346FB71624B1B7DDBB228
:10CB7000012B40F0B380FB79013B042B00F2B7801E
:10CB800001A252F823F000BF9DCB0008C5CB0008DE
:10CB9000EDCB000813CC0008EFCC0008022004F015
:10CBA000F9F80346002B00F09B800021022004F0DE
:10CBB0009DF800210A2002F0FFFE08214E4803F0F4
:10CBC000AFFE8DE0032004F0E5F80346002B00F0F3
:10CBD00089800021032004F089F800210B2002F055
:10CBE000EBFE0821454803F09BFE7BE0002004F0AB
:10CBF000D1F80346002B77D00021002004F076F80E
:10CC00000021082002F0D8FE08213D4803F088FEEC
:10CC10006AE0012004F0BEF80346002B66D0002134
:10CC2000012004F063F80021092002F0C5FE314B19
:10CC300093F84530DBB2013B092B49D801A252F8E9
:10CC400023F000BF6DCC000877CC000881CC000831
:10CC50008BCC000895CC00089FCC0008A9CC00081C
:10CC6000B3CC0008BDCC0008C7CC0008254B01227E
:10CC700083F8BD202DE0234B022283F8BD2028E05D
:10CC8000204B032283F8BD2023E01E4B042283F8AF
:10CC9000BD201EE01B4B052283F8BD2019E0194B77
:10CCA000062283F8BD2014E0164B072283F8BD202E
:10CCB0000FE0144B082283F8BD200AE0114B092233
:10CCC00083F8BD2005E00F4B0A2283F8BD2000E069
:10CCD00000BF08210C4803F023FE07E000BF06E078
:10CCE00000BF04E000BF02E000BF00E000BF083763
:10CCF000BD4680BD60340020580000204800002060
:10CD00002800002000000020B800002080B582B07C
:10CD100000AF0346FB71FB79013B042B61D801A2F4
:10CD200052F823F039CD00085FCD000885CD00080A
:10CD3000ABCD0008D1CD0008022004F02BF803464B
:10CD4000002B47D10121022003F0D0FF01210A204E
:10CD500002F032FE0821254803F0E2FD3AE003200C
:10CD600004F018F80346002B36D10121032003F00C
:10CD7000BDFF01210B2002F01FFE08211C4803F01B
:10CD8000CFFD29E0002004F005F80346002B25D153
:10CD90000121002003F0AAFF0121082002F00CFE6F
:10CDA0000821144803F0BCFD18E0012003F0F2FF55
:10CDB0000346002B14D10121012003F097FF01212C
:10CDC000092002F0F9FD08210B4803F0A9FD07E056
:10CDD00000BF06E000BF04E000BF02E000BF00E0CB
:10CDE00000BF00BF0837BD4680BD00BF5000002017
:10CDF0004000002020000020B000002080B584B05A
:10CE000000AF0346FB710B46BB711346BB8000238A
:10CE1000FB81142003F097FE1AE0012003F093FE3B
:10CE2000FB79184604F0E6F803467B737A7BBB79FE
:10CE30009A4201D101230FE0FA89BB889A4204D3B8
:10CE4000002000F00DF8002306E0FB890133FB8190
:10CE5000FA89BB889A42E0D918461037BD4680BD92
:10CE600080B582B000AF78600D4B1B7DDBB2012B2B
:10CE70000BD10420FFF774FE0120FFF747FF0220CB
:10CE8000FFF744FF0320FFF741FFF4F75FFA0020AC
:10CE900002F052FD00F074F900BF0837BD4680BDB6
:10CEA0006034002080B582B000AF0346FB71FB798F
:10CEB000002B23D1254B5B7DDBB2002B04D10D2150
:10CEC000234800F065FE08E0204B5B7DDBB2012BC0
:10CED00003D11E211F4800F05BFE0021012004F059
:10CEE00055F80021002002F067FD0F211A4800F0DC
:10CEF00069FE0821194803F013FD22E0134B5B7D06
:10CF0000DBB2002B04D10D21154800F041FE08E0F2
:10CF10000E4B5B7DDBB2012B03D11F21114800F0CA
:10CF200037FE0121012004F031F80121002002F038
:10CF300043FD0F210C4800F045FE08210B4803F08B
:10CF4000EFFC00BF0837BD4680BD00BF6034002045
:10CF5000E8590108F8590108B0610108880000206B
:10CF6000C0610108D0610108F06101088000002063
:10CF700080B582B000AF0346FB71FB79002B41D135
:10CF8000434B5B7DDBB2002B04D10F21414800F005
:10CF9000FFFD08E03E4B5B7DDBB2012B03D11C2182
:10CFA0003D4800F0F5FD0021032003F0EFFF0021D4
:10CFB000022002F001FD4FF4FA6200210A20FFF77F
:10CFC0001DFF0346002B14D1314B5B7DDBB2002BE0
:10CFD00004D11E21314800F0DBFD08E02C4B5B7DC5
:10CFE000DBB2012B03D131212D4800F0D1FD00230C
:10CFF0004AE00F21274800F0E5FD0821294803F009
:10D000008FFC40E0224B5B7DDBB2002B04D10F2173
:10D01000254800F0BDFD08E01D4B5B7DDBB2012B18
:10D0200003D11D21214800F0B3FD0121032003F0AD
:10D03000ADFF0121022002F0BFFC4FF4FA62002193
:10D040000920FFF7DBFE0346002B14D1104B5B7D5C
:10D05000DBB2002B04D11D21154800F099FD08E03A
:10D060000B4B5B7DDBB2012B03D13021114800F06B
:10D070008FFD002308E00F210B4800F0A3FD0821DD
:10D080000D4803F04DFC012318460837BD4680BD0E
:10D09000603400200062010810620108306201085B
:10D0A000506201088800002084620108946201082F
:10D0B000B4620108D46201088000002080B582B00B
:10D0C00000AF0346FB71FB79012B23D1254B5B7D20
:10D0D000DBB2002B04D10D21234800F059FD08E0FC
:10D0E000204B5B7DDBB2012B03D11D211F4800F0DB
:10D0F0004FFD0021022003F049FF0121012002F031
:10D100005BFC0F211A4800F05DFD0821194803F06F
:10D1100007FC22E0134B5B7DDBB2002B04D10D2119
:10D12000114800F035FD08E00E4B5B7DDBB2012BB2
:10D1300003D11D210D4800F02BFD0121022003F039
:10D1400025FF0021012002F037FC0F210A4800F0E2
:10D1500039FD0821094803F0E3FB00BF0837BD464D
:10D1600080BD00BF6034002008630108946201089C
:10D17000186301088800002028630108800000204F
:10D1800080B400AF3A4B00221A76394B00229A75D0
:10D19000374B012283F85020354B002283F83F2083
:10D1A000334B002283F84120314B0022DA76304B9A
:10D1B00000229A772E4B002283F820202C4B00224D
:10D1C00083F823202A4B002283F82520284B0022B5
:10D1D000DA77274B002283F82220254B00225A774A
:10D1E000234B002283F82420214B0022DA75204BA8
:10D1F000002283F855201E4B002283F856201C4B3A
:10D20000002283F857201B4B00221A801A4B002261
:10D210001A801A4B00221A80194B00221A80194BCF
:10D2200000221A80184B00221A80184B00221A8004
:10D23000174B00221A80174B00221A80164B00222F
:10D240001A80164B00221A80154B00221A80154BAB
:10D2500000221A80144B00221A80144B00221A70EC
:10D26000134B00221A8000BFBD4680BC704700BF30
:10D270006034002020350020223500202435002095
:10D2800026350020283500202A3500202C350020A6
:10D290002E35002030350020323500203635002074
:10D2A000383500203A3500203C350020423500203A
:10D2B0003E35002080B582B000AF0346FB71FB799C
:10D2C000012B60D1554B01221A75544B1B7DDBB2EB
:10D2D0001946462000F018FA504B1B7DDBB2184669
:10D2E00002F0DEFA4D4B5B7DDBB2002B04D10F2147
:10D2F0004B4800F04DFC08E0484B5B7DDBB2012B56
:10D3000003D11621474800F043FC0821464803F0AA
:10D3100007FB202000F014FB012003F06BFE034606
:10D32000002B13D13D4B9B7DDBB2012B0ED1032093
:10D33000FFF716FC0520FFF713FC384B5B7FDBB2D1
:10D34000012B66D10220FFF70BFC62E0334B002279
:10D350009A75002002F0F0FA304B00221A762F4B1B
:10D360005B7DDBB2002B04D11721304800F010FCAC
:10D370004FE02A4B5B7DDBB2012B4AD11D212C48AB
:10D3800000F006FC45E0254B1B78DBB2092B03D8E7
:10D39000202000F0D5FA02E0002000F0D1FA0120B0
:10D3A000FFF7B4FC0220FFF7B1FC0320FFF7AEFC4F
:10D3B0000420FFF7ABFC0520FFF7A8FC174B002269
:10D3C000DA76164B02221A75144B1B7DDBB2194616
:10D3D000462000F099F9114B1B7DDBB2184602F094
:10D3E0005FFA0E4B5B7DDBB2002B04D10F2111489D
:10D3F00000F0CEFB08E0094B5B7DDBB2012B03D1D3
:10D4000015210D4800F0C4FB08210C4803F088FAF0
:10D41000FFE700BF0837BD4680BD00BF6034002075
:10D420003863010848630108C800002060630108F0
:10D430007863010898630108A8630108C000002010
:10D4400080B582B000AF03460A46FB711346BB802D
:10D45000BB88002B05D1FB7901211846F4F756FC57
:10D460000BE0BB881B4AA2FB0323DB089BB21A46D6
:10D47000FB7911461846F4F749FC00BF164B1B7F99
:10D48000002BFBD1FB79002B04D00821134803F0BB
:10D4900047FA03E00821124803F042FA114B012237
:10D4A00083F856200F4B5B7DDBB2002B04D1132198
:10D4B0000D4800F06DFB08E00A4B5B7DDBB2012BF1
:10D4C00003D11A21094800F063FB00BF0837BD46AD
:10D4D00080BD00BFCDCCCCCCA403002070000020C8
:10D4E0007800002060340020C0630108D063010888
:10D4F00080B582B000AF03460A46FB711346BB807D
:10D50000BB88002B05D1FB7901211846F4F71AFCE2
:10D510000BE0BB881C4AA2FB0323DB089BB21A4624
:10D52000FB7911461846F4F70DFC00BF174B03F5C5
:10D53000805393F82430002BF8D1FB79002B04D1D1
:10D540000821134803F0ECF903E00821114803F027
:10D55000E7F9114B012283F857200F4B5B7DDBB2BB
:10D56000002B04D113210D4800F012FB08E00A4BF8
:10D570005B7DDBB2012B03D12021094800F008FBC1
:10D5800000BF0837BD4680BDCDCCCCCCA403002065
:10D59000800000208800002060340020EC63010837
:10D5A000FC63010880B500AF0F4B5B7DDBB2002B45
:10D5B00004D11A210D4800F0EBFA08E00A4B5B7D1C
:10D5C000DBB2012B03D12021094800F0E1FA002150
:10D5D000002002F0CBFE044B012283F845200020FE
:10D5E000FFF73EFC00BF80BD6034002020640108CE
:10D5F0003C64010880B500AF0F4B5B7DDBB2002BB4
:10D6000004D11A210D4800F0C3FA08E00A4B5B7DF3
:10D61000DBB2012B03D12321094800F0B9FA002124
:10D62000022002F0A3FE044B022283F845200020D2
:10D63000FFF716FC00BF80BD603400206064010865
:10D640007C64010880B500AF114B93F83730DBB232
:10D65000002B1AD00C2003F0CDFC0346002B14D075
:10D660000B4B5B7DDBB2002B04D11221094800F08B
:10D670006FFA08E0064B5B7DDBB2012B03D11C2166
:10D68000054800F065FA012300E00023184680BD3C
:10D6900060340020305901084459010880B500AFBA
:10D6A00002F0EEFB00BF80BD80B584B000AF034642
:10D6B000FB800023FB7302F01DFCFB881B0A9BB25E
:10D6C000DBB25B00DBB2603BDBB2184602F0E4FC8D
:10D6D00002F05CFCFB88DBB2184602F0DDFC02F0D5
:10D6E00055FC02F007FCA12002F0D6FC02F04EFC33
:10D6F000002002F017FD0346FB7302F021FCFB7BC8
:10D7000018461037BD4680BD80B582B000AF0346D5
:10D710000A46FB8013467B7102F0ECFBFB881B0A78
:10D720009BB2DBB25B00DBB2603BDBB2184602F0BF
:10D73000B3FC02F02BFCFB88DBB2184602F0ACFC19
:10D7400002F024FC7B79184602F0A6FC02F01EFCD5
:10D7500002F0F6FB0A2003F0F6F900BF0837BD46D9
:10D7600080BD000080B582B000AF3B4600221A6049
:10D770005A600D4B0D4A1A600B4804F0EAF800237A
:10D780003B6000237B603B4600221946064804F0BC
:10D790004CF93B4610221946034804F046F900BFF5
:10D7A0000837BD4680BD00BF9C3500200074004096
:10D7B00080B588B000AF786007F1100300221A60CE
:10D7C0005A609A60DA607B681B68144A934221D1E0
:10D7D000134BDB69124A43F00053D361104BDB69F2
:10D7E00003F00053FB60FB680D4B9B690C4A43F050
:10D7F000040393610A4B9B6903F00403BB60BB689D
:10D8000030233B6103237B6107F110031946054870
:10D8100004F076F900BF2037BD4680BD007400409B
:10D82000001002400008014080B584B000AF0346FC
:10D830003960FB713B68FB604FF08B41F868F3F790
:10D84000E3F903461846F2F7F7FD19A3D3E90023DD
:10D85000F2F774FF02460B4610461946F3F776F8C6
:10D860000346FB60FB79012B02D0032B0ED01BE09B
:10D87000F868F3F78FFB0346002200210E4804F0FE
:10D880001AF900210C4804F086F80DE0F868F3F767
:10D8900081FB034600221021074804F00CF91021F7
:10D8A000054804F078F800BF00BF1037BD4680BDC2
:10D8B0006666666666660A409C35002080B59CB048
:10D8C00000AF786007E097F86C2007F10803114675
:10D8D000184603F0EBF807F1080319460548F5F779
:10D8E0000DFD0346002BEED100BF00BF7037BD46D3
:10D8F00080BD00BFC023002080B5B4B018AF7860F1
:10D900000B46FB70FA7807F108037968184606F0B1
:10D9100063FEFB7887F86C30684607F114035922E0
:10D92000194606F059FE07F108030ECB0348F5F738
:10D930009DFC00BF7037BD4680BD00BFC0230020E6
:10D9400080B582B000AF0346FB800D4B5B7DDBB240
:10D95000012B02D1FB883233FB80FB881B0A9BB270
:10D96000DAB2084B1A72FB88DAB2064B5A720A21F5
:10D970000448FFF7C1FF00BF0837BD4680BD00BFA8
:10D9800060340020FC02002080B582B000AF034666
:10D99000FB800D4B5B7DDBB2012B02D1FB88323368
:10D9A000FB80FB881B0A9BB2DAB2084B1A72FB8819
:10D9B000DAB2064B5A720A21044803F077F800BF26
:10D9C0000837BD4680BD00BF60340020FC02002047
:10D9D00080B59CB000AF03463960FB8013467B7175
:10D9E000032387F86F3097F86F305A1C87F86F2041
:10D9F00070333B44822203F8682CFB881B0A9AB2DE
:10DA000097F86F30591C87F86F10D2B270333B44CF
:10DA100003F8682C97F86F305A1C87F86F20FA8843
:10DA2000D2B270333B4403F8682C002387F86E3081
:10DA300014E097F86F305A1C87F86F2019463B683E
:10DA40001A7801F170033B4403F8682C3B680133FA
:10DA50003B6097F86E30013387F86E3097F86E2090
:10DA60007B799A42E5D35A233B72A5237B7297F8C0
:10DA70006F30033BDBB2BB7297F86F2007F10803EE
:10DA800011461846FFF738FF00BF7037BD4680BD0E
:10DA900080B58EB000AF03463960FB8013467B71C2
:10DAA000032387F8373097F837305A1C87F8372028
:10DAB00038333B44822203F82C2CFB881B0A9AB291
:10DAC00097F83730591C87F83710D2B238333B44B7
:10DAD00003F82C2C97F837305A1C87F83720FA882F
:10DAE000D2B238333B4403F82C2C002387F836306D
:10DAF00014E097F837305A1C87F8372019463B68EE
:10DB00001A7801F138033B4403F82C2C3B680133AD
:10DB10003B6097F83630013387F8363097F8362077
:10DB20007B799A42E5D35A233B73A5237B7397F8FD
:10DB30003730033BDBB2BB7397F8372007F10C0398
:10DB40001146184602F0B2FF00BF3837BD4680BD0F
:10DB500080B582B000AF78600B46FB702E220A4978
:10DB600047F20850FFF734FFFB781A46796847F20E
:10DB70000850FFF72DFF07210448FFF7BDFE00BF47
:10DB80000837BD4680BD00BFA0640108080300201F
:10DB900080B582B000AF78600B46FB704022084928
:10DBA0004FF4F040FFF714FFFB781A4679684FF402
:10DBB000F040FFF70DFF00BF0837BD4680BD00BF36
:10DBC000D464010880B582B000AF78600B46FB706A
:10DBD000402208494FF4F040FFF75AFFFB781A46FD
:10DBE00079684FF4F040FFF753FF00BF0837BD4698
:10DBF00080BD00BFD464010880B598B000AF7860E4
:10DC0000012387F85F307B6804331B781B021AB24C
:10DC10007B6805331B781BB213431BB2A7F85C303B
:10DC20007B6807331B781B021AB27B6808331B78AA
:10DC30001BB213431BB2A7F85A30B7F85C30A3F5F8
:10DC4000A043192B00F2388701A252F823F000BF3D
:10DC5000B9DC000891DF000849DE000891DF000808
:10DC6000B9DC0008EBE1000849DE000891DF00089C
:10DC700059E30008ADE5000845E60008BFE80008E4
:10DC800085E70008BFE8000845E60008BFE800088F
:10DC900085E70008BFE8000845E100086BE20008DE
:10DCA00045E10008B9DC00086BE200084DE400081B
:10DCB0006BE200084DE40008B7F85A3044F62062E1
:10DCC00093425ED942F24E03A7F8583007F158014B
:10DCD000B7F85C3002221846FFF77AFEBA4B5B7D3C
:10DCE000DBB2002B04D11621B848FFF731FF08E062
:10DCF000B54B5B7DDBB2012B03D12821B448FFF784
:10DD000027FF44F62063A7F85A30B7F85C30B3F524
:10DD1000A04F0CD1AF4B4E221A70AF4B20221A707D
:10DD2000B7F85A3019461020FAF76EFE24E0B7F81B
:10DD30005C3045F2040293420CD1A64B4E221A717C
:10DD4000A54B20221A71B7F85A3019461820FAF755
:10DD50005BFE11E0B7F85C3045F2150293420BD13F
:10DD60009C4B4E225A759C4B20225A75B7F85A305C
:10DD700019463A20FAF748FE002387F85F3000F092
:10DD80009FBEB7F85A30632B00F29A864FF4C8430F
:10DD9000A7F8543007F15401B7F85C300222184656
:10DDA000FFF716FE884B5B7DDBB2002B04D11621FA
:10DDB0008648FFF7CDFE08E0834B5B7DDBB2012B8D
:10DDC00003D128218248FFF7C3FE6423A7F85A3005
:10DDD000B7F85C30B3F5A04F0CD17E4B00221A701F
:10DDE0007D4B64221A70B7F85A3019461020FAF7A2
:10DDF0000BFE24E0B7F85C3045F2040293420CD1EC
:10DE0000744B00221A71744B64221A71B7F85A309D
:10DE100019461820FAF7F8FD11E0B7F85C3045F222
:10DE2000150293420BD16B4B00225A756A4B642248
:10DE30005A75B7F85A3019463A20FAF7E5FD00232B
:10DE400087F85F3000F03CBEB7F85A3043F69822AE
:10DE500093424CD949F63A03A7F8503007F15001E4
:10DE6000B7F85C3002221846FFF7B2FD564B5B7DD7
:10DE7000DBB2002B04D116215848FFF769FE08E0F9
:10DE8000514B5B7DDBB2012B03D128215448FFF7B6
:10DE90005FFE43F69823A7F85A30B7F85C3045F296
:10DEA000020293420CD14B4B3A229A704A4B982271
:10DEB0009A70B7F85A3019461420FAF7A5FD11E008
:10DEC000B7F85C3045F2060293420BD1414B3A223F
:10DED0009A71414B98229A71B7F85A3019461C2012
:10DEE000FAF792FD002387F85F3000F0EBBDB7F83A
:10DEF0005A30632B00F2E6854FF4C843A7F84C3044
:10DF000007F14C01B7F85C3002221846FFF760FDBC
:10DF10002D4B5B7DDBB2002B04D116212F48FFF780
:10DF200017FE08E0284B5B7DDBB2012B03D12821D3
:10DF30002B48FFF70DFE6423A7F85A30B7F85C3082
:10DF400045F2020293420CD1224B00229A70224BDE
:10DF500064229A70B7F85A3019461420FAF754FD23
:10DF600011E0B7F85C3045F2060293420BD1194B31
:10DF700000229A71184B64229A71B7F85A301946E8
:10DF80001C20FAF741FD002387F85F3000F09ABDAE
:10DF9000B7F85A3044F6206293426FD942F24E03EA
:10DFA000A7F8483007F14801B7F85C30022218465C
:10DFB000FFF70EFD044B5B7DDBB2002B14D1172164
:10DFC0000848FFF7C5FD18E060340020106501081F
:10DFD00028650108CC330020B033002054650108C7
:10DFE0006C65010898650108C74B5B7DDBB2012BAE
:10DFF00003D12921C548FFF7ABFD44F62063A7F8FC
:10E000005A30B7F85C3045F2010293420CD1C04B54
:10E010004E225A70BF4B20225A70B7F85A30194618
:10E020001220FAF7F1FC24E0B7F85C3045F2030265
:10E0300093420CD1B64B4E22DA70B64B2022DA70E6
:10E04000B7F85A3019461620FAF7DEFC11E0B7F897
:10E050005C3045F2070293420BD1AD4B4E22DA7190
:10E06000AC4B2022DA71B7F85A3019461E20FAF765
:10E07000CBFC002387F85F3000F026BDB7F85A309C
:10E08000132B00F221854FF4A053A7F8443007F179
:10E090004401B7F85C3002221846FFF799FC9A4B0E
:10E0A0005B7DDBB2002B04D117219B48FFF750FDAD
:10E0B00008E0954B5B7DDBB2012B03D1292193480E
:10E0C000FFF746FD1423A7F85A30B7F85C3045F245
:10E0D000010293420CD18E4B00225A708D4B1422B8
:10E0E0005A70B7F85A3019461220FAF78DFC24E01E
:10E0F000B7F85C3045F2030293420CD1844B002206
:10E10000DA70844B1422DA70B7F85A3019461620A8
:10E11000FAF77AFC11E0B7F85C3045F20702934257
:10E120000BD17B4B0022DA717A4B1422DA71B7F8EB
:10E130005A3019461E20FAF767FC002387F85F3033
:10E1400000F0C2BCB7F85A304CF25032934240F261
:10E15000BD8445F2C303A7F8403007F14001B7F88A
:10E160005C3002221846FFF733FC674B5B7DDBB265
:10E17000002B04D116216948FFF7EAFC08E0624B46
:10E180005B7DDBB2012B03D128216548FFF7E0FC62
:10E190004CF25033A7F85A30B7F85C3045F212020F
:10E1A00093420BD15A4BC3229A745A4B50229A7401
:10E1B000B7F85A3019463420FAF726FCB7F85C3025
:10E1C00045F2140293420BD1514BC3229A74514B26
:10E1D00050229A74B7F85A3019463820FAF714FCCE
:10E1E000002387F85F3000F071BCB7F85A304CF26A
:10E1F0005032934240F26C8445F2C303BB8707F16F
:10E200003C01B7F85C3002221846FFF7E1FB3E4BB9
:10E210005B7DDBB2002B04D116214248FFF798FC4E
:10E2200008E0394B5B7DDBB2012B03D128213E484E
:10E23000FFF78EFC4CF25033A7F85A30B7F85C3039
:10E2400045F2050293420BD1314BC3225A71314B37
:10E2500050225A71B7F85A3019461A20FAF7D4FBEF
:10E26000002387F85F3000F033BCB7F85A304CF227
:10E270005032934240F22E8445F2C3033B8707F1AC
:10E280003801B7F85C3002221846FFF7A1FB1E4B9D
:10E290005B7DDBB2002B04D116212248FFF758FC2E
:10E2A00008E0194B5B7DDBB2012B03D128211E480E
:10E2B000FFF74EFC4CF25033A7F85A30B7F85C30F9
:10E2C00045F2130293420CD1114BC322DA74114B65
:10E2D0005022DA74B7F85A3019463620FAF794FB10
:10E2E00036E0B7F85C3045F2160293421ED1084B77
:10E2F000C3229A75074B50229A75B7F85A301946BF
:10E300003C20FAF781FB23E060340020B06501086F
:10E31000CC330020B033002098650108DC6501088B
:10E32000F46501082066010838660108B7F85C301A
:10E3300045F2180293420BD1BB4BC3221A76BB4B5A
:10E3400050221A76B7F85A3019464020FAF75CFB8B
:10E35000002387F85F30BDE3B7F85A3042F21072FD
:10E36000934237D941F22703BB8607F13401B7F84E
:10E370005C3002221846FFF72BFBAD4B5B7DDBB216
:10E38000002B04D11621AB48FFF7E2FB08E0A84BB5
:10E390005B7DDBB2012B03D12821A748FFF7D8FB17
:10E3A00042F21073A7F85A30B7F85C3045F2080211
:10E3B00093420BD19C4B27221A729C4B10221A724B
:10E3C000B7F85A3019462020FAF71EFB002387F8C9
:10E3D0005F3081E3B7F85A30632B00F27D834FF44E
:10E3E000C8433B8607F13001B7F85C30022218467B
:10E3F000FFF7EEFA8E4B5B7DDBB2002B04D11621CA
:10E400008C48FFF7A5FB08E0894B5B7DDBB2012B55
:10E4100003D128218848FFF79BFB6423A7F85A30D3
:10E42000B7F85C3045F2080293420BD17E4B0022D4
:10E430001A727E4B64221A72B7F85A30194620209D
:10E44000FAF7E2FA002387F85F3045E3B7F85A306D
:10E4500042F21072934249D941F22703BB8507F17A
:10E460002C01B7F85C3002221846FFF7B1FA704B66
:10E470005B7DDBB2002B04D116216E48FFF768FBF1
:10E4800008E06B4B5B7DDBB2012B03D128216A488E
:10E49000FFF75EFB42F21073A7F85A30B7F85C3012
:10E4A00045F2170293420BD15F4B2722DA755F4B7F
:10E4B0001022DA75B7F85A3019463E20FAF7A4FA56
:10E4C000B7F85C3045F2190293420BD1564B272224
:10E4D0005A76564B10225A76B7F85A3019464220CF
:10E4E000FAF792FA002387F85F30F7E2B7F85A306C
:10E4F000632B00F2F3824FF4C8433B8507F12801F8
:10E50000B7F85C3002221846FFF762FA484B5B7D91
:10E51000DBB2002B04D116214648FFF719FB08E0B7
:10E52000434B5B7DDBB2012B03D128214248FFF72F
:10E530000FFB6423A7F85A30B7F85C3045F20802A5
:10E5400093420BD1384B00221A72384B64221A7254
:10E55000B7F85A3019462020FAF756FAB7F85C3067
:10E5600045F2170293420BD12F4B0022DA752F4B45
:10E570006422DA75B7F85A3019463E20FAF744FAA1
:10E58000B7F85C3045F2190293420BD1264B0022BA
:10E590005A76264B64225A76B7F85A3019464220EA
:10E5A000FAF732FA002387F85F3097E2B7F85A306B
:10E5B000B3F57A7F40F294824EF60303BB8407F1F1
:10E5C0002401B7F85C3002221846FFF701FA184B15
:10E5D0005B7DDBB2002B04D115211848FFF7B8FA98
:10E5E00008E0134B5B7DDBB2012B03D127211448DC
:10E5F000FFF7AEFA4FF47A73A7F85A30B7F85C30E9
:10E6000045F2080293420BD1074B03225A72074B83
:10E61000E8225A72B7F85A3019462220FAF7F4F96C
:10E62000002387F85F305BE2CC330020B03300205A
:10E6300060340020646601087C660108A866010851
:10E64000C0660108B7F85A30B3F57A7F4AD94EF25E
:10E650000373BB8307F11C01B7F85C300222184634
:10E66000FFF7B6F9BC4B5B7DDBB2002B04D1162162
:10E67000BA48FFF76DFA08E0B74B5B7DDBB2012BC0
:10E6800003D12821B648FFF763FA40F2E733A7F831
:10E690005A30B7F85C3045F20A0293420CD1B14BC4
:10E6A00003229A72B04BE7229A72B7F85A30194691
:10E6B0002420FAF7A9F911E0B7F85C3045F20E0210
:10E6C00093420BD1A74B03229A73A74BE7229A736D
:10E6D000B7F85A3019462C20FAF796F9002387F834
:10E6E0005F30FFE1B7F85A30002B40F0FB814FF468
:10E6F00080733B8307F11801B7F85C30022218469B
:10E70000FFF766F9944B5B7DDBB2002B04D1162139
:10E710009248FFF71DFA08E08F4B5B7DDBB2012BBF
:10E7200003D128218E48FFF713FA4FF47A73A7F824
:10E730005A30B7F85C3045F20A0293420CD1894B4B
:10E7400000229A72884B01229A72B7F85A30194601
:10E750002420FAF759F911E0B7F85C3045F20E02BF
:10E7600093420BD17F4B00229A737F4B01229A7305
:10E77000B7F85A3019462C20FAF746F9002387F8E3
:10E780005F30AFE1B7F85A30FA2B49D94FF47A43EA
:10E79000BB8207F11401B7F85C3002221846FFF77C
:10E7A00017F96D4B5B7DDBB2002B04D117216F484D
:10E7B000FFF7CEF908E0684B5B7DDBB2012B03D19C
:10E7C0002A216B48FFF7C4F9FA23A7F85A30B7F8A3
:10E7D0005C3045F20C0293420CD1624B00229A72DB
:10E7E000614BFA229A72B7F85A3019462820FAF784
:10E7F0000BF911E0B7F85C3045F2100293420BD1EF
:10E80000584B00221A74584BFA221A74B7F85A302F
:10E8100019463020FAF7F8F8002387F85F3063E1F3
:10E82000B7F85A30092B00F25F814FF420633B8226
:10E8300007F11001B7F85C3002221846FFF7C8F85C
:10E84000454B5B7DDBB2002B04D117214748FFF716
:10E850007FF908E0404B5B7DDBB2012B03D12A211D
:10E860004348FFF775F90A23A7F85A30B7F85C3028
:10E8700045F20C0293420CD13A4B00229A723A4B69
:10E880000A229A72B7F85A3019462820FAF7BCF8CB
:10E8900011E0B7F85C3045F2100293420BD1314BD6
:10E8A00000221A74304BFA221A74B7F85A301946FB
:10E8B0003020FAF7A9F8002387F85F3014E1B7F8A1
:10E8C0005A30042B40F283804FF48063BB8107F100
:10E8D0000C01B7F85C3002221846FFF779F81E4B9E
:10E8E0005B7DDBB2002B04D114212248FFF730F905
:10E8F00008E0194B5B7DDBB2012B03D126211E48BA
:10E90000FFF726F90423A7F85A30B7F85C3045F230
:10E910000B0293420CD1134B0022DA72124B0422E9
:10E92000DA72B7F85A3019462620FAF76DF84AE03D
:10E93000B7F85C3045F20D0293421FD1094B00221B
:10E940005A73094B04225A73B7F85A3019462A20D1
:10E95000FAF75AF837E000BF60340020E866010893
:10E9600000670108CC330020B03300202C67010879
:10E9700048670108746701088C670108B7F85C30C4
:10E9800045F20F0293420CD15C4B0022DA735C4BD0
:10E990000422DA73B7F85A3019462E20FAF734F801
:10E9A00011E0B7F85C3045F2110293420BD1534BA2
:10E9B00000225A74524B04225A74B7F85A3019463E
:10E9C0003220FAF721F8002387F85F308EE0B7F89D
:10E9D0005A30002B40F08A804FF480733B8107F15E
:10E9E0000801B7F85C3002221846FEF7F1FF454BEC
:10E9F0005B7DDBB2002B04D114214348FFF7A8F85C
:10EA000008E0404B5B7DDBB2012B03D126213F4860
:10EA1000FFF79EF80123A7F85A30B7F85C3045F2AB
:10EA20000B0293420CD1354B0022DA72344B012297
:10EA3000DA72B7F85A3019462620F9F7E5FF37E0C1
:10EA4000B7F85C3045F20D0293420CD12B4B0022FB
:10EA50005A732B4B01225A73B7F85A3019462A20A1
:10EA6000F9F7D2FF24E0B7F85C3045F20F02934289
:10EA70000CD1224B0022DA73214B0122DA73B7F852
:10EA80005A3019462E20F9F7BFFF11E0B7F85C3075
:10EA900045F2110293420BD1184B00225A74184BC5
:10EAA00001225A74B7F85A3019463220F9F7ACFFF0
:10EAB000002387F85F3019E0012387F85F3016E004
:10EAC00000BF14E000BF12E000BF10E000BF0EE086
:10EAD00000BF0CE000BF0AE000BF08E000BF06E096
:10EAE00000BF04E000BF02E000BF00E000BF97F8F5
:10EAF0005F3018466037BD4680BD00BFCC33002074
:10EB0000B033002060340020746701088C6701086E
:10EB100080B582B000AF0023FB7110E0FB799BB29F
:10EB200003F5A04398B2FB79BB4AD15CFB79BB4AA1
:10EB3000D35C1A4600F06AFEFB790133FB71FB7966
:10EB40001B2BEBD9B64B1B78DBB20B2B06D1082263
:10EB5000B44947F21060FEF73BFF32E0B04B1B7840
:10EB6000DBB20C2B06D10822AF4947F21060FEF74A
:10EB70002FFF26E0AA4B1B78DBB2162B06D108220A
:10EB8000AA4947F21060FEF723FF1AE0A44B1B7856
:10EB9000DBB20A2B15D8A24B5B7DDBB2002B05D173
:10EBA0000A22A34947F21060FEF772FF9C4B5B7D7F
:10EBB000DBB2012B05D10A229E4947F21060FEF715
:10EBC00067FF974B5B7DDBB2002B40F0D1810E22BB
:10EBD000994947F21560FEF75BFF0E22974947F20D
:10EBE0001D60FEF755FF8E4B93F82D30DBB2002BE6
:10EBF00006D00F22924947F22560FEF749FF05E053
:10EC00000522904947F22560FEF742FF05228D4913
:10EC100047F22D60FEF73CFF05228A4947F2356036
:10EC2000FEF736FF0522874947F23D60FEF730FFC9
:10EC30000522844947F24560FEF72AFF05228149F3
:10EC400047F24D60FEF724FF0E227F4947F26E60C7
:10EC5000FEF71EFF0E227D4947F27660FEF718FF91
:10EC60000E227B4947F27E60FEF712FF0E227949A1
:10EC700047F28660FEF70CFF0522724947F6B000A6
:10EC8000FEF706FF05226F4947F6B800FEF700FFC2
:10EC900005226C4947F6C000FEF7FAFE05226949D5
:10ECA00047F6C800FEF7F4FE0B226B4947F630002A
:10ECB000FEF7EEFE1022694947F64000FEF7E8FE37
:10ECC0001522674947F65000FEF7E2FE0C2265491F
:10ECD00047F66000FEF7DCFE05225A4947F6700051
:10ECE000FEF7D6FE052257494FF4F140FEF7D0FE5D
:10ECF0000522544947F69000FEF7CAFE0522514905
:10ED000047F6A000FEF7C4FE172257494FF4EE4025
:10ED1000FEF7BEFE1222554947F21070FEF7B8FE0C
:10ED20001222534947F22070FEF7B2FE0F225149DA
:10ED300047F23070FEF7ACFE14224F4947F24070A4
:10ED4000FEF7A6FE364B93F83530DBB2002B0CD025
:10ED500015224A4947F25070FEF79AFE152248499B
:10ED600047F26070FEF794FE1EE02D4B93F83930A9
:10ED7000DBB2002B0CD01522424947F25070FEF74F
:10ED800087FE15223D4947F26070FEF781FE0BE0D9
:10ED900015223D4947F25070FEF77AFE15223B4995
:10EDA00047F26070FEF774FE1B22394947F270701B
:10EDB000FEF76EFE1A4B93F82E30DBB2012B12D108
:10EDC000174B93F82A30DBB2002B0CD012223149BA
:10EDD0004FF4EF40FEF75CFE10222F4947F290708F
:10EDE000FEF756FE66E00E4B93F82E30DBB2022B98
:10EDF00054D10B4B93F82A30DBB2002B4ED01222A9
:10EE000010494FF4EF40FEF743FE1022224947F22B
:10EE10009070FEF73DFE4DE0CC330020B033002073
:10EE200060340020BC670108C8670108D467010886
:10EE3000E0670108EC670108F86701080468010849
:10EE4000106801081C68010824680108346801087A
:10EE50004468010854680108646801087068010882
:10EE60007C6801088868010894680108A4680108A2
:10EE7000B8680108CC680108DC680108EC68010882
:10EE8000FC6801080C6901081C6901082C6901086B
:10EE90003C69010850690108606901081222BD49F6
:10EEA0004FF4EF40FEF7F4FD1022BA4947F290709C
:10EEB000FEF7EEFDB84B93F82930DBB2002B0CD0F7
:10EEC0001622B64947F2A070FEF7E2FD1522B449BA
:10EED00047F2B070FEF7DCFD0BE01622AD4947F2B9
:10EEE000A070FEF7D5FD1522AA4947F2B070FEF7D3
:10EEF000CFFDA94B93F82D30DBB2002B0CD016229E
:10EF0000A84947F2C070FEF7C3FD1622A64947F292
:10EF1000D070FEF7BDFD0BE016229E4947F2C0708F
:10EF2000FEF7B6FD16229B4947F2D070FEF7B0FD02
:10EF30001B229E4947F2E070FEF7AAFD964B93F81C
:10EF40003730DBB2002B06D01622994947F2F07019
:10EF5000FEF79EFD05E016228E4947F2F070FEF79F
:10EF600097FD082293494FF4E440FEF791FDD7E165
:10EF7000894B5B7DDBB2012B40F0D2810E228E49A2
:10EF800047F21560FEF784FD0E228C4947F21D60A2
:10EF9000FEF77EFD804B93F82D30DBB2002B06D0C0
:10EFA0000F22874947F22560FEF772FD05E0052232
:10EFB000844947F22560FEF76BFD0522814947F23F
:10EFC0002D60FEF765FD05227E4947F23560FEF7AC
:10EFD0005FFD05227B4947F23D60FEF759FD0522A2
:10EFE000784947F24560FEF753FD0522754947F21F
:10EFF0004D60FEF74DFD0E22734947F26E60FEF73D
:10F0000047FD0E22714947F27660FEF741FD0E2260
:10F010006F4947F27E60FEF73BFD0E226D4947F2D5
:10F020008660FEF735FD0522664947F6B000FEF71B
:10F030002FFD0522634947F6B800FEF729FD05229A
:10F04000604947F6C000FEF723FD05225D4947F6FB
:10F05000C800FEF71DFD0B225F4947F63000FEF7A2
:10F0600017FD10225D4947F64000FEF711FD1522FD
:10F070005B4947F65000FEF70BFD0B22594947F656
:10F080006000FEF705FD05224E4947F67000FEF7C9
:10F09000FFFC05224B494FF4F140FEF7F9FC052235
:10F0A000484947F69000FEF7F3FC0522454947F62C
:10F0B000A000FEF7EDFC17224B494FF4EE40FEF79F
:10F0C000E7FC1222494947F21070FEF7E1FC1222D8
:10F0D000474947F22070FEF7DBFC0F22454947F213
:10F0E0003070FEF7D5FC1422434947F24070FEF71A
:10F0F000CFFC294B93F83530DBB2002B0CD0152216
:10F100003E4947F25070FEF7C3FC15223C4947F2D6
:10F110006070FEF7BDFC1EE01F4B93F83930DBB288
:10F12000002B0CD01522374947F25070FEF7B0FC87
:10F130001522324947F26070FEF7AAFC0BE0152257
:10F14000314947F25070FEF7A3FC15222F4947F2D0
:10F150006070FEF79DFC1B222D4947F27070FEF790
:10F1600097FC0D4B93F82E30DBB2012B56D10A4B96
:10F1700093F82A30DBB2002B50D0122225494FF4ED
:10F18000EF40FEF785FC1022234947F29070FEF70E
:10F190007FFC68E01C680108603400207069010889
:10F1A0008069010890690108A4690108B86901082B
:10F1B000CC690108DC690108E4690108F469010807
:10F1C000046A0108146A01081C6A01082C6A010813
:10F1D0003C6A01084C6A01085C6A0108686A010817
:10F1E0007C6A0108946A0108A06A0108A468010801
:10F1F000B8680108CC680108B86A0108D06A01083B
:10F20000E86A0108006B0108186B0108306B0108FF
:10F21000486B0108646B0108786B0108C54B93F8D3
:10F220002E30DBB2022B12D1C24B93F82A30DBB264
:10F23000002B0CD01222C0494FF4EF40FEF728FCFF
:10F240001022BE4947F29070FEF722FC0BE012221A
:10F25000B9494FF4EF40FEF71BFC1022B64947F2C4
:10F260009070FEF715FCB34B93F82930DBB2002BFE
:10F270000CD01622B24947F2A070FEF709FC152205
:10F28000B04947F2B070FEF703FC0BE01622AA4922
:10F2900047F2A070FEF7FCFB1522A74947F2B070B9
:10F2A000FEF7F6FBA34B93F82D30DBB2002B0CD00E
:10F2B0001622A54947F2C070FEF7EAFB1622A349C1
:10F2C00047F2D070FEF7E4FB0BE016229A4947F2B2
:10F2D000C070FEF7DDFB1622974947F2D070FEF7AB
:10F2E000D7FB1B229A4947F2E070FEF7D1FB914B06
:10F2F00093F83730DBB2002B06D01622954947F23F
:10F30000F070FEF7C5FB05E016228B4947F2F0705E
:10F31000FEF7BEFB082290494FF4E440FEF7B8FB2D
:10F3200040228E494FF4F040FEF7B2FB012200214B
:10F33000002000F06BFA7F4B9B7DDBB2002B0CD1E1
:10F340000122002147F2986000F060FA00220021BB
:10F3500047F2976000F05AFA0BE00022002147F2D2
:10F36000986000F053FA0122002147F2976000F004
:10F370004DFA704B93F82F30DBB2012B12D10122E2
:10F38000002147F6501000F0F7F90022002147F65F
:10F39000511000F0F1F90022002147F6521000F060
:10F3A000EBF92AE0634B93F82F30DBB2022B12D13A
:10F3B0000022002147F6501000F0DEF90122002162
:10F3C00047F6511000F0D8F90022002147F65210FC
:10F3D00000F0D2F911E00022002147F6501000F0B1
:10F3E000CBF90022002147F6511000F0C5F90122A7
:10F3F000002147F6521000F0BFF94E4B93F82E3023
:10F40000DBB2012B12D10122002147F6581000F087
:10F41000B3F90022002147F6591000F0ADF900229F
:10F42000002147F65A1000F0A7F92AE0414B93F863
:10F430002E30DBB2022B12D10022002147F65810E9
:10F4400000F09AF90122002147F6591000F094F9D2
:10F450000022002147F65A1000F08EF911E0002238
:10F46000002147F6581000F087F90022002147F6E6
:10F47000591000F081F90122002147F65A1000F0DE
:10F480007BF92C4B5B7EDBB2012B12D101220021D8
:10F4900047F2996000F0BAF90022002147F29A6021
:10F4A00000F0B4F90022002147F29D6000F0AEF9AF
:10F4B0002EE0204B5B7EDBB2022B12D1002200211A
:10F4C00047F2996000F0A2F90122002147F29A6008
:10F4D00000F09CF90022002147F29D6000F096F9AF
:10F4E00016E0144B5B7EDBB2032B11D1002200210E
:10F4F00047F2996000F08AF90022002147F29A60F1
:10F5000000F084F90122002147F29D6000F07EF9AD
:10F51000084B9B7EDBB2012B22D10122002147F256
:10F520009B6000F073F90022002147F29C6000F01C
:10F530006DF921E060340020146A0108786B01083D
:10F540008C6B0108A46B0108BC6B0108D46B01082B
:10F55000EC6B0108086C0108206C0108D4640108F8
:10F560000022002147F29B6000F050F901220021A7
:10F5700047F29C6000F04AF97E4B1B7DDBB2032B07
:10F580002CD0032B3DDC012B02D0022B13D038E012
:10F590000122002147F2946000F038F90022002196
:10F5A00047F2956000F032F90022002147F29660A0
:10F5B00000F02CF925E00022002147F2946000F0D1
:10F5C00025F90122002147F2956000F01FF9002281
:10F5D000002147F2966000F019F912E000220021A4
:10F5E00047F2946000F012F90022002147F2956082
:10F5F00000F00CF90122002147F2966000F006F9B4
:10F6000000BF5C4B93F82930DBB21A46002147F665
:10F61000201000F0FBF8574B93F82A30DBB21A4663
:10F62000002147F6211000F0F1F8524B93F82B30EF
:10F63000DBB21A46002147F6221000F0E7F84D4BE6
:10F6400093F82C30DBB21A46002147F6231000F065
:10F65000DDF8484B93F82D30DBB21A46002147F60F
:10F66000241000F0D3F8434B93F83130DBB21A4644
:10F67000002147F6261000F0C9F83E4B93F83230CF
:10F68000DBB21A46002147F6271000F0BFF8394BCD
:10F6900093F83330DBB21A46002147F6281000F009
:10F6A000B5F8344B93F83430DBB21A46002147F6F4
:10F6B000291000F0ABF82F4B93F83530DBB21A4627
:10F6C000002147F62A1000F0A1F82A4B93F83630B3
:10F6D000DBB21A46002147F62B1000F097F8254BB5
:10F6E00093F83730DBB21A46002147F62C1000F0B1
:10F6F0008DF8204B93F83930DBB21A46002147F6DB
:10F700002D1000F083F81B4B93F83830DBB21A460B
:10F71000002147F62E1000F079F8164B93F83B3095
:10F72000DBB21A46002147F6301000F06FF8114B9B
:10F7300093F83C30DBB21A46002147F6311000F056
:10F7400065F80C4B93F83D30DBB21A46002147F6C2
:10F75000321000F05BF8074B93F83E30DBB21A46EC
:10F76000002147F6331000F051F800BF0837BD46BE
:10F7700080BD00BF6034002080B586B000AF034676
:10F78000FB800B467B7113463B710323FB75FB7DAE
:10F790005A1CFA7518333B44822203F80C2CFB8860
:10F7A0001B0A9AB2FB7D591CF975D2B218333B443F
:10F7B00003F80C2CFB7D5A1CFA75FA88D2B2183368
:10F7C0003B4403F80C2CFB7D5A1CFA7518333B4460
:10F7D0007A7903F80C2CFB7D5A1CFA7518333B44DC
:10F7E0003A7903F80C2C5A233B73A5237B73FB7DDA
:10F7F000033BDBB2BB73FA7D07F10C0311461846DD
:10F80000FEF77AF800BF1837BD4680BD80B586B0D8
:10F8100000AF0346FB800B467B7113463B7103230D
:10F82000FB75FB7D5A1CFA7518333B44822203F8A2
:10F830000C2CFB881B0A9AB2FB7D591CF975D2B2BD
:10F8400018333B4403F80C2CFB7D5A1CFA75FA88DC
:10F85000D2B218333B4403F80C2CFB7D5A1CFA75CA
:10F8600018333B447A7903F80C2CFB7D5A1CFA754B
:10F8700018333B443A7903F80C2C5A233B73A523E5
:10F880007B73FB7D033BDBB2BB73FA7D07F10C039B
:10F890001146184601F00AF900BF1837BD4680BD71
:10F8A00080B582B000AF0346FB71FB79032B2CD0EF
:10F8B000032B3DDC012B02D0022B13D038E00122B8
:10F8C000002147F29460FFF757FF0022002147F222
:10F8D0009560FFF751FF0022002147F29660FFF785
:10F8E0004BFF25E00022002147F29460FFF744FF20
:10F8F0000122002147F29560FFF73EFF0022002120
:10F9000047F29660FFF738FF12E00022002147F22D
:10F910009460FFF731FF0022002147F29560FFF766
:10F920002BFF0122002147F29660FFF725FF00BF61
:10F9300000BF0837BD4680BD80B582B000AF03462A
:10F94000FB71FB79022B23D0022B2EDC002B02D083
:10F95000012B10D029E00122002147F29860FFF727
:10F960000BFF0022002147F29760FFF705FF114BC4
:10F9700000229A7519E00022002147F29860FFF7F3
:10F98000FBFE0122002147F29760FFF7F5FE0CE035
:10F990000022002147F29860FFF7EEFE00220021CE
:10F9A00047F29760FFF7E8FE00BF00BF0837BD468B
:10F9B00080BD00BF6034002080B584B000AF034636
:10F9C0000A46FB711346BB71FB790B2B0ED847F22D
:10F9D0006063FB81FB799AB2FB891344FB81BA799E
:10F9E000FB8900211846FFF7C7FE0FE047F6D0035A
:10F9F000FB81FB799AB2FB8913449BB20C3BFB81E0
:10FA0000BA79FB8900211846FFF7B6FE00BF103710
:10FA1000BD4680BD80B59CB000AFF1E1FB79832B82
:10FA200040F0EE813B7A1B021AB27B7A1BB2134381
:10FA30001BB2A7F86C303B1D1846FEF7DDF80346F5
:10FA4000002B00D1DCE1002387F86F3027E097F826
:10FA50006F305B00073370333B4413F86C3C1B0280
:10FA60001AB297F86F305B00083370333B4413F8D9
:10FA70006C3C1BB213431BB29BB27B8097F86F3078
:10FA80009AB2B7F86C3013449BB27A881146184684
:10FA9000F8F710FA97F86F30013387F86F30BB7AB8
:10FAA00097F86F209A42D2D3B7F86C3045F6FF72C0
:10FAB00093428CBF01230023DAB2B7F86C3046F6CC
:10FAC000FF718B4294BF01230023DBB21340DBB2F2
:10FAD000002B09D0B7F86C30A3F5C043BC4A52F8EC
:10FAE0002330BA1C10469847BA4B00221A60B7F868
:10FAF0006C30B3F5A04F1FD3B7F86C3045F69912B0
:10FB0000934219D8B7F86C30DBB25B00DBB210332C
:10FB1000DBB27A8811461846F8F776FFB7F86C30F2
:10FB200045F20E02934207D145F20E00F8F766F94E
:10FB300003461846F9F70AF8B7F86C3047F617127B
:10FB4000934200F35C81B3F5F24F22DA47F29262FE
:10FB5000934200F3548147F28E62934252DA47F2A5
:10FB60000402934200F09D8047F20402934200F3A6
:10FB7000468147F20202934200F0898047F2020276
:10FB8000934200F33C81142B50D0B3F5E04F74D076
:10FB900035E1A3F5F243172B00F2318101A252F8AF
:10FBA00023F000BF27FD0008FFFD0008FFFD00084F
:10FBB000FFFD0008FFFD0008FFFD0008FFFD000835
:10FBC000FFFD0008FFFD0008FFFD0008FFFD000825
:10FBD000FFFD0008FFFD0008FFFD0008FFFD000815
:10FBE000FFFD000837FD00083FFD000871FD00081B
:10FBF000FFFD0008FFFD000879FD000881FD0008F9
:10FC0000C7FD0008A3F5ED430E3B042B00F2F7807F
:10FC100001A252F823F000BFB7FC0008C9FC00089D
:10FC2000FFFD00080FFD00081FFD0008FB7A1B0206
:10FC30001AB23B7B1BB213431BB29AB2664B1A80BB
:10FC4000654B1B880C2B03D0634B1B883E2B10D1BC
:10FC5000624B1B78DBB2092B04D9604B1B7DDBB2F6
:10FC6000012B03D15C4B20221A8002E05A4B002268
:10FC70001A800C20FDF764FEC1E00622584947F2C5
:10FC80000550FDF7A5FE554B01225A70B7E006223C
:10FC9000534947F22050FDF79BFE504B02225A7009
:10FCA000ADE006224E4947F22350FDF791FE4B4B43
:10FCB00003225A70A3E0FDF7C5FC0346012B00F0B8
:10FCC000A980F1F7F5FF9AE00020F1F7FBFB002097
:10FCD000F1F792FB03461A46424B1B8813449AB233
:10FCE000404B1A803F4B1B88194645F21200F8F72B
:10FCF000E1F83C4B1B881B0A9BB2DBB2394A1288E5
:10FD0000D2B2194645F21200FFF736FD77E0FDF753
:10FD100099FC0346012B7FD0F1F7CAFF6FE000206A
:10FD2000F1F7D0FB6BE0FDF78DFC0346012B75D09E
:10FD3000FCF70EF963E02C4B01221A705FE02A4BAE
:10FD400001221A70294BD3E90023B2F5FA6F73F13F
:10FD5000000351D325494FF000024FF00003C1E9E1
:10FD60000023214B00221A700D20FDF7E9FD43E02E
:10FD70001D4B00221A7042E01D4B01221A703EE01A
:10FD80001B4B01221A701B4BD3E9002340F6B831FC
:10FD90008A4273F1000331D316494FF000024FF04D
:10FDA0000003C1E90023124B00221A700B4B1B7891
:10FDB000DBB20A2B03D90020FDF7C2FD1EE0202094
:10FDC000FDF7BEFD1AE00A4B00221A7017E000BFD3
:10FDD00070010020B4350020B035002060340020D0
:10FDE000B4670108B2350020B8350020C0350020C6
:10FDF000C8350020D035002000BF00E000BF00BFA4
:10FE00003B1D19460748F3F779FA0346002B7FF4A8
:10FE100005AE04E000BF02E000BF00E000BF7037A5
:10FE2000BD4680BDA82B002080B584B000AF012363
:10FE30007B600323FB604FF480533B603B461946D5
:10FE4000034801F05DFE00BF1037BD4680BD00BF16
:10FE50000008014080B584B000AF00237B6001231F
:10FE6000BB604FF480533B603B461946034801F0AA
:10FE700047FE00BF1037BD4680BD00BF00080140EF
:10FE800080B586B000AF194B9B69184A43F0040354
:10FE90009361164B9B6903F004037B607B6801232D
:10FEA000FB6003237B614FF48053BB6007F10803C1
:10FEB00019460F4801F024FE4FF40063BB6007F1C0
:10FEC000080319460A4801F01BFE01224FF4805135
:10FED000074801F0C4FF01224FF40061044801F01B
:10FEE000BEFF00BF1837BD4680BD00BF00100240F6
:10FEF0000008014080B500AFFFF796FF01224FF4E4
:10FF000080510E4801F0ABFF01224FF400610B4815
:10FF100001F0A5FF042000F0FBFD00224FF480510A
:10FF2000064801F09CFF042000F0F2FD00224FF48F
:10FF30000061024801F093FF00BF80BD000801404E
:10FF400080B500AFFFF770FF00224FF400610E484C
:10FF500001F085FF00224FF480510B4801F07FFF34
:10FF6000042000F0D5FD01224FF40061064801F0A5
:10FF700076FF01224FF48051034801F070FF042006
:10FF800000F0C6FD00BF80BD0008014080B582B012
:10FF900000AF0023FB71FFF75DFF01224FF480519A
:10FFA000164801F05CFF012000F0B2FD01224FF481
:10FFB0000061124801F053FF012000F0A9FD09E0A3
:10FFC000FB790133FB71FB79FA2B03D9FFF7B8FFFB
:10FFD00001230EE04FF48051084801F029FF034649
:10FFE000002BEDD100224FF40061044801F037FFEF
:10FFF000002318460837BD4680BD00BF00080140F9
:020000040801F1
:1000000080B500AF00224FF400610F4801F027FFD8
:10001000FFF70AFF00224FF480510B4801F01FFF49
:10002000022000F075FD01224FF40061064801F046
:1000300016FF022000F06CFD00224FF40061024820
:1000400001F00DFF00BF80BD0008014080B500AF8A
:1000500000224FF400610F4801F001FFFFF7E4FEBA
:1000600001224FF480510B4801F0F9FE022000F00C
:100070004FFD01224FF40061064801F0F0FE02201E
:1000800000F046FD00224FF40061024801F0E7FE57
:1000900000BF80BD0008014080B584B000AF0346BA
:1000A000FB71FFF7C1FE00224FF400611C4801F014
:1000B000D6FE0023FB732BE097F90730002B06DAFE
:1000C00001224FF48051164801F0C9FE05E00022DC
:1000D0004FF48051124801F0C2FEFB795B00FB71C6
:1000E000022000F015FD01224FF400610C4801F0E0
:1000F000B6FE022000F00CFD00224FF4006108481B
:1001000001F0ADFE022000F003FDFB7B0133FB7329
:10011000FB7B072BD0D900BF00BF1037BD4680BD89
:100120000008014080B584B000AF0346FB71002396
:10013000BB73FFF78FFE0023FB7322E000224FF416
:100140000061184801F08BFE022000F0E1FC012262
:100150004FF40061134801F082FEBB7B5B00BB7370
:100160004FF480510F4801F063FE0346002B02D08C
:10017000BB7B0133BB73012000F0CAFCFB7B013366
:10018000FB73FB7B072BD9D9FB79002B02D1FFF73F
:100190005DFF01E0FFF734FFBB7B18461037BD461B
:1001A00080BD00BF0008014080B586B000AF124B93
:1001B0009B69114A43F0100393610F4B9B6903F055
:1001C00010037B607B680123FB604FF48043BB60BE
:1001D00000233B6103237B6107F1080319460748AD
:1001E00001F08EFC054BDB68044A23F48043D360A6
:1001F00000BF1837BD4680BD00100240001001400E
:1002000080B582B000AF78600D4B1B78002B09D011
:100210000B4B00221A7000224FF48041094801F074
:100220001EFE08E0064B01221A7001224FF48041A5
:10023000044801F014FE00BF0837BD4680BD00BF72
:10024000D83500200010014080B586B000AF454B86
:100250009B69444A43F4FE7393610123BB6000230E
:10026000FB6003233B610023FB7522E0FB7D3E4ADC
:100270005B01134404331B887B60FB7D3A4A5B01BE
:1002800013441B683A1D1146184601F039FCFB7DEA
:10029000354A5B0113441868FB7D334A5B01134404
:1002A00004331B880022194601F0D9FDFB7D013380
:1002B000FB75FB7D032BD9D90023FB7514E0FB7D77
:1002C000294A5B0113440C331B887B60FB7D264A63
:1002D0005B01134408331B683A1D1146184601F0B0
:1002E0000FFCFB7D0133FB75FB7D032BE7D900235E
:1002F000FB7514E0FB7D1C4A5B01134414331B881F
:100300007B60FB7D184A5B01134410331B683A1D68
:100310001146184601F0F4FBFB7D0133FB75FB7DB4
:10032000032BE7D90023FB7514E0FB7D0E4A5B012C
:1003300013441C331B887B60FB7D0B4A5B01134419
:1003400018331B683A1D1146184601F0D9FBFB7D96
:100350000133FB75FB7D032BE7D900BF00BF1837C6
:10036000BD4680BD001002405C7E010880B582B0B1
:1003700000AF03460A46FB711346BB71BB79002BE5
:100380000FD0FB79104A5B0113441868FB790E4AC1
:100390005B01134404331B880122194601F05FFD01
:1003A0000EE0FB79084A5B0113441868FB79064AA2
:1003B0005B01134404331B880022194601F04FFDF2
:1003C00000BF0837BD4680BD5C7E010880B582B0A5
:1003D00000AF03460A46FB711346BB71BB79013B74
:1003E000BB71BB79032B00F28F8001A252F823F07E
:1003F000010401084304010885040108C704010839
:10040000FB79544A5B01134410331868FB79514A55
:100410005B01134414331B880022194601F01FFDB1
:10042000FB794C4A5B01134418331868FB79494A3D
:100430005B0113441C331B880022194601F00FFD99
:1004400083E0FB79434A5B01134410331868FB795E
:10045000404A5B01134414331B880122194601F002
:10046000FEFCFB793B4A5B01134418331868FB79A7
:10047000384A5B0113441C331B880022194601F0E3
:10048000EEFC62E0FB79334A5B01134410331868D9
:10049000FB79304A5B01134414331B880022194650
:1004A00001F0DDFCFB792B4A5B011344183318681B
:1004B000FB79284A5B0113441C331B88012219462F
:1004C00001F0CDFC41E0FB79224A5B01134410337B
:1004D0001868FB791F4A5B01134414331B880122FF
:1004E000194601F0BCFCFB791A4A5B01134418332E
:1004F0001868FB79174A5B0113441C331B880122DF
:10050000194601F0ACFC20E0FB79124A5B01134470
:1005100010331868FB790F4A5B01134414331B88AE
:100520000122194601F09BFCFB790A4A5B01134446
:1005300018331868FB79074A5B0113441C331B8886
:100540000122194601F08BFC00BF00BF0837BD46F1
:1005500080BD00BF5C7E010880B582B000AF03465D
:100560000A46FB711346BB71FB79094A5B011344D0
:1005700008331868FB79064A5B0113440C331B8867
:10058000BA79194601F06BFC00BF0837BD4680BD43
:100590005C7E010880B586B000AF164B9B69154A9A
:1005A00043F008039361134B9B6903F008033B601E
:1005B0003B680023BB600123FB600023FB7511E057
:1005C000FB7D0D4ADB0013449B887B60FB7D0A4A60
:1005D00052F833303A1D1146184601F091FAFB7D6E
:1005E0000133FB75FB7D012BEAD900BF00BF183733
:1005F000BD4680BD00100240DC7E010880B584B09D
:1006000000AF03460A46FB711346BB710123FB731F
:10061000FB79164A52F83320FB791449DB000B446E
:100620009B881946104601F003FC0346002B17D1A6
:10063000BB79002B02D0022000F085FAFB790B4A2F
:1006400052F83320FB790949DB000B449B8819469B
:10065000104601F0EDFB0346002B01D10023FB7394
:10066000FB7B18461037BD4680BD00BFDC7E01080D
:1006700080B594B000AF07F1400300221A605A60C1
:100680009A60DA6007F1380300221A605A6007F1B5
:100690001C0300221A605A609A60DA601A615A617B
:1006A0009A613B4600221A605A609A60DA601A61C9
:1006B0005A619A612E4B2F4A1A602D4B23225A60A1
:1006C0002B4B00229A602A4B42F20F72DA60284BC1
:1006D00000221A61264B00225A61254B80229A6122
:1006E000234801F0F5FF4FF480533B6407F14003CA
:1006F00019461F4802F0A6F91D4802F01DF8002314
:10070000BB630023FB6307F138031946184802F066
:10071000E6FD6023FB6141F287333B6202237B628B
:100720000023BB620023FB6200233B6300237B6347
:1007300007F11C03002219460D4802F0BDF8002302
:100740003B6000237B600023BB600023FB60002331
:100750003B614FF400537B610023BB613B4619466C
:10076000034802F064FD00BF5037BD4680BD00BFA6
:10077000DC350020002C014080B586B000AF07F1C9
:10078000080300221A605A609A60DA601F4B9B6966
:100790001E4A43F0040393611C4B9B6903F004035E
:1007A0007B607B68194B9B69184A43F40063936133
:1007B000164B9B6903F400633B603B68FFF758FFEF
:1007C000134B1B69124A23F002031361104BDB68C1
:1007D0000F4A43F00203D360002202211B2001F0E4
:1007E00074F81B2001F08DF84FF48073BB60022376
:1007F000FB6002237B6107F108031946054801F0FD
:100800007FF900BF1837BD4680BD00BF0010024011
:10081000002C01400008014080B500AF044B0022CD
:100820001A600021034801F0BBFF00BF80BD00BF7C
:100830001C360020DC35002080B500AF00210248C6
:1008400001F0E2FF00BF80BDDC35002080B596B02E
:1008500000AF304B9B692F4A43F4804393612D4B8B
:100860009B6903F480437B607B682A4B9B69294A20
:1008700043F004039361274B9B6903F004033B603F
:100880003B680223FB604FF40073BB6001233B61B4
:1008900003237B6107F1080319461F4801F030F973
:1008A0000023FB604FF48063BB6007F10803194627
:1008B000194801F025F9194BBB614FF4E133FB6195
:1008C00000233B6200237B620023BB620C23FB629C
:1008D00000233B6300237B63104B1B680F4A23F00C
:1008E00020031360BB69DA68BB6942F02002DA605A
:1008F000252001F006F803220121252000F0E5FF64
:1009000007F11803184602F02EFD00BF5837BD4608
:1009100080BD00BF001002400008014000380140C7
:1009200080B483B000AF78600B46FB7010E07B684A
:100930001A780C4B5A607B6801337B6000BF094B0F
:100940001B6803F08003802BF9D1FB78013BFB701F
:10095000FB78002BEBD100BF00BF0C37BD4680BC3D
:10096000704700BF0038014080B582B000AF154B22
:100970005B69144A43F001035361124B5B6903F056
:1009800001037B607B6800220121112000F09DFFA4
:10099000112000F0B6FF0C4B5B690B4A43F080035B
:1009A00053610A4B0A4A9A60084B0A4ADA60074BBD
:1009B0001B68064A43F09003136000BF0837BD462A
:1009C00080BD00BF00100240004400408000024093
:1009D000044400402036002080B596B000AF304B74
:1009E000DB692F4A43F40033D3612D4BDB6903F4F9
:1009F00000337B607B682A4B9B69294A43F00403E0
:100A00009361274B9B6903F004033B603B6802231F
:100A1000FB600423BB6001233B6103237B6107F17F
:100A2000080319461F4801F06BF80023FB600823F8
:100A3000BB6007F1080319461A4801F061F81A4B28
:100A4000BB614FF4E133FB6100233B6200237B6217
:100A50000023BB620C23FB6200233B6300237B6308
:100A6000114B1B68104A23F020031360BB69DA683E
:100A7000BB6942F02002DA60262000F042FF032228
:100A80000121262000F021FF07F11803184602F08B
:100A90006AFCFFF769FF00BF5837BD4680BD00BF45
:100AA00000100240000801400044004080B483B0C0
:100AB00000AF78600B46FB7010E07B681A780C4B37
:100AC0005A607B6801337B6000BF094B1B6803F0F1
:100AD0008003802BF9D1FB78013BFB70FB78002B66
:100AE000EBD100BF00BF0C37BD4680BC704700BFD4
:100AF0000044004080B400AF044B5B68034A43F0FD
:100B00008073536000BFBD4680BC70470000024048
:100B100080B485B000AF0346FB800BE03223FB734B
:100B200002E0FB7B013BFB73FB7B002BF9D1FB88D5
:100B3000013BFB80FB88002BF0D100BF00BF1437C6
:100B4000BD4680BC704780B582B000AF0346FB80D5
:100B500005E06420FFF7DCFFFB88013BFB80FB889E
:100B6000002BF6D100BF00BF0837BD4680BD000096
:100B700080B58CB000AF5A4B9B69594A43F00403CF
:100B80009361574B9B6903F00403BB61BB69544BF2
:100B90009B69534A43F008039361514B9B6903F0EF
:100BA00008037B617B694E4B9B694D4A43F0100300
:100BB00093614B4B9B6903F010033B613B69484BCE
:100BC0009B69474A43F020039361454B9B6903F0BF
:100BD0002003FB60FB68424B9B69414A43F04003A2
:100BE00093613F4B9B6903F04003BB60BB683C4B88
:100BF0009B693B4A43F001039361394B9B6903F0C6
:100C000001037B607B68374B5B68364A43F00073B7
:100C10005360082387F82F3013E097F82F30324ABB
:100C200052F8330097F82F302F4ADB0013449B888B
:100C30000122194601F013F997F82F30013387F894
:100C40002F3097F82F300F2BE7D901233B62032376
:100C5000BB62082387F82F3016E097F82F30224A1E
:100C6000DB0013449B88FB6197F82F301E4A52F833
:100C7000333007F11C021146184600F041FF97F887
:100C80002F30013387F82F3097F82F300F2BE4D90E
:100C900000233B6201237B62002387F82F3016E09C
:100CA00097F82F30104ADB0013449B88FB6197F8BC
:100CB0002F300D4A52F8333007F11C021146184606
:100CC00000F01EFF97F82F30013387F82F3097F888
:100CD0002F30072BE4D900BF00BF3037BD4680BDA1
:100CE0000010024000000140EC7E010880B582B097
:100CF00000AF03460A46FB711346BB71BB79002B5C
:100D000011D0012B1FD1FB790833114A52F833005F
:100D1000FB7908330E4ADB0013449B8801221946F5
:100D200001F09DF80FE0FB790833094A52F83300CF
:100D3000FB790833064ADB0013449B8800221946DE
:100D400001F08DF800BF00BF0837BD4680BD00BF71
:100D5000EC7E010880B584B000AF0346FB7101232F
:100D6000FB73FB790A4A52F83320FB790849DB0010
:100D70000B449B881946104601F05AF80346002B95
:100D800001D10023FB73FB7B18461037BD4680BDA5
:100D9000EC7E010880B584B000AF0346FB710123EF
:100DA000FB73FB790833164A52F83320FB7908337A
:100DB0001349DB000B449B881946104601F038F8B4
:100DC0000346002B16D10220FFF7BDFEFB79083346
:100DD0000B4A52F83320FB7908330949DB000B44F6
:100DE0009B881946104601F023F80346002B01D1D9
:100DF0000023FB73FB7B18461037BD4680BD00BF48
:100E0000EC7E010880B58CB000AF5E4B9B695D4AFB
:100E100043F0040393615B4B9B6903F00403BB61E4
:100E2000BB69584B9B69574A43F008039361554B84
:100E30009B6903F008037B617B69524B9B69514AB4
:100E400043F0100393614F4B9B6903F010033B6128
:100E50003B694C4B9B694B4A43F020039361494BE0
:100E60009B6903F02003FB60FB68464B9B69454A86
:100E700043F040039361434B9B6903F04003BB6025
:100E8000BB68404B9B693F4A43F0800393613D4BF5
:100E90009B6903F080037B607B683A4B9B69394A0E
:100EA00043F480739361374B9B6903F480733B6019
:100EB0003B680C2387F82F3013E097F82F30324A25
:100EC00052F8330097F82F302F4ADB0013449B88E9
:100ED0000122194600F0C3FF97F82F30013387F83D
:100EE0002F3097F82F30132BE7D901233B620323D0
:100EF000BB620C2387F82F3016E097F82F30224A78
:100F0000DB0013449B88FB6197F82F301E4A52F890
:100F1000333007F11C021146184600F0F1FD97F836
:100F20002F30013387F82F3097F82F30132BE4D967
:100F300000233B6201237B62002387F82F3016E0F9
:100F400097F82F30104ADB0013449B88FB6197F819
:100F50002F300D4A52F8333007F11C021146184663
:100F600000F0CEFD97F82F30013387F82F3097F837
:100F70002F300B2BE4D900F093F800BF3037BD467B
:100F800080BD00BF001002406C7F010880B582B0B8
:100F900000AF03460A46FB711346BB71BB79002BB9
:100FA00002D0012B10D01FE0FB790B33104A52F80E
:100FB0003300FB790B330E4ADB0013449B8800227D
:100FC000194600F04CFF0FE0FB790B33084A52F84A
:100FD0003300FB790B33064ADB0013449B88012264
:100FE000194600F03CFF00BF00BF0837BD4680BD7A
:100FF0006C7F010880B584B000AF0346FB7101230C
:10100000FB73FB79013B0B4A52F83320FB79013B20
:101010000849DB000B449B881946104600F008FF86
:101020000346002B01D10023FB73FB7B18461037CE
:10103000BD4680BD6C7F010880B584B000AF03461B
:10104000FB710123FB73FB790B33144A52F83320F5
:10105000FB790B331149DB000B449B881946104682
:1010600000F0E6FE0346002B13D1FB790B330B4A4D
:1010700052F83320FB790B330849DB000B449B8883
:101080001946104600F0D4FE0346002B01D1002380
:10109000FB73FB7B18461037BD4680BD6C7F010893
:1010A00080B500AF282000F03AFC0A2000F037FCA1
:1010B000172000F034FC00220021282000F005FC5D
:1010C000002200210A2000F000FC0022002117204D
:1010D00000F0FBFB1D4B9B691C4A43F0010393612D
:1010E0001B4BDB681A4A43F03303D360184B1B6970
:1010F000174A43F448531361154B5B69144A43F490
:101100004C7343F003035361124BDB68114A43F401
:10111000784343F03003D3600E4B9B680D4A43F491
:10112000806393600B4B1B680A4A23F47C4323F0D3
:1011300030031360282000F0E4FB0A2000F0E1FBFC
:10114000172000F0DEFB00BF80BD00BF0010024092
:10115000000001400004014080B58EB000AF07F1EF
:10116000280300221A605A609A60DA6007F12003AF
:1011700000221A605A603B1D00221A605A609A6071
:10118000DA601A615A619A611F4B4FF080421A600F
:101190001D4B23225A601C4B00229A601A4B42F2CC
:1011A0000F72DA60184B00221A61174B80229A6185
:1011B000154801F08DFA4FF48053BB6207F1280304
:1011C0001946114801F03EFC0F4801F0B5FA002322
:1011D0003B6200237B6207F1200319460A4802F0B4
:1011E0007EF860237B6040F2F313BB600223FB6058
:1011F00000237B613B1D00221946034801F05CFB84
:1012000000BF3837BD4680BD4036002080B586B06F
:1012100000AF07F1080300221A605A609A60DA6092
:10122000204B9B691F4A43F0040393611D4B9B694C
:1012300003F004037B607B681A4BDB69194A43F0B7
:101240000103D361174BDB6903F001033B603B688B
:101250000123BB600223FB6002237B6107F10803CB
:101260001946114800F04CFCFFF776FF4FF0804321
:101270001B694FF0804223F0010313614FF080435C
:10128000DB684FF0804243F00103D360012202216A
:101290001C2000F01AFB1C2000F033FB00BF1837A5
:1012A000BD4680BD001002400008014080B500AF7F
:1012B000044B00221A600021034801F071FA00BFBC
:1012C00080BD00BF803600204036002080B500AFD2
:1012D0000021024801F098FA00BF80BD403600208E
:1012E00080B58AB000AF07F1200300221A605A606F
:1012F0003B1D00221A605A609A60DA601A615A61D6
:101300009A61194B194A1A60174B23225A60164BDF
:1013100000229A60144B42F20F72DA60124B0022E4
:101320001A61114B80229A610F4801F005FA0023DF
:101330003B6200237B6207F1200319460A4801F053
:10134000CEFF60237B6041F28733BB600223FB60EA
:1013500000237B613B1D08221946034801F0ACFACB
:1013600000BF2837BD4680BD843600200004004001
:1013700080B586B000AF07F1080300221A605A60FA
:101380009A60DA601E4BDB691D4A43F00203D361A9
:101390001B4BDB6903F002037B607B68184B9B6986
:1013A000174A43F008039361154B9B6903F0080348
:1013B0003B603B680123BB600223FB6002237B612F
:1013C00007F1080319460F4800F09AFBFFF788FF62
:1013D0000D4B1B690C4A23F0010313610A4BDB68B8
:1013E000094A43F00103D360002201211D2000F0CF
:1013F0006CFA1D2000F085FA00BF1837BD4680BD8D
:1014000000100240000C01400004004080B500AF15
:10141000044B00221A600821034801F0C1F900BF03
:1014200080BD00BFC43600208436002080B500AFE8
:101430000821024801F0E8F900BF80BD8436002091
:1014400080B58AB000AF07F1200300221A605A600D
:101450003B1D00221A605A609A60DA601A615A6174
:101460009A61194B194A1A60174B23225A60164B7E
:1014700000229A60144B40F2E732DA60124B0022ED
:101480001A61114B80229A610F4801F055F900232F
:101490003B6200237B6207F1200319460A4801F0F2
:1014A0001EFF60237B6040F2F313BB600223FB60EE
:1014B00000237B613B1D00221946034801F0FCF923
:1014C00000BF2837BD4680BDC83600200008004058
:1014D00080B586B000AF07F1080300221A605A6099
:1014E0009A60DA601E4B9B691D4A43F008039361C2
:1014F0001B4B9B6903F008037B607B68184BDB691F
:10150000174A43F00403D361154BDB6903F004036E
:101510003B603B684023BB600223FB6002237B618E
:1015200007F1080319460F4800F0EAFAFFF788FFB1
:101530000D4B1B690C4A23F0010313610A4BDB6856
:10154000094A43F00103D360022202211E2000F069
:10155000BCF91E2000F0D5F900BF1837BD4680BD8C
:1015600000100240000C01400008004080B500AFB0
:10157000044B00221A600021034801F011F900BF5A
:1015800080BD00BF08370020C836002080B500AFFE
:101590000021024801F038F900BF80BDC8360020A4
:1015A00080B586B000AF07F1080300221A605A60C8
:1015B0009A60DA603B4600221A605A60164B174A5E
:1015C0001A60154B41F61F425A60134B00229A6075
:1015D000114B41F28732DA600F4B00221A610E4B39
:1015E00080229A610C4801F073F84FF48053BB607D
:1015F00007F108031946084801F024FA00233B606C
:1016000000237B603B461946034801F068FE00BF9B
:101610001837BD4680BD00BF0C370020000C0040CD
:1016200080B582B000AF134BDB69124A43F0080368
:10163000D361104BDB6903F008037B607B68FFF725
:10164000AFFF0D4B1B690C4A23F0010313610A4BDA
:10165000DB68094A43F00103D360002203213220F2
:1016600000F033F9322000F04CF900BF0837BD46D6
:1016700080BD00BF00100240000C004080B582B069
:1016800000AF7860124B1A68124B1B7819464FF462
:101690007A73B3FBF1F3B2FBF3F3184600F04DF9A4
:1016A0000346002B01D001230EE07B680F2B0AD8E4
:1016B000002279684FF0FF3000F007F9064A7B6896
:1016C0001360002300E0012318460837BD4680BDA3
:1016D0001C030020140300201003002080B400AF7E
:1016E000024B1B681846BD4680BC70474C37002033
:1016F00080B485B000AF78607B6803F00703FB60BF
:101700000C4BDB68BB60BA684FF6FF031340BB604D
:10171000FB681A02BB68134343F0BF6343F4003312
:10172000BB60044ABB68D36000BF1437BD4680BCB1
:10173000704700BF00ED00E080B400AF044BDB68F1
:101740001B0A03F007031846BD4680BC704700BF64
:1017500000ED00E080B483B000AF0346FB71FB797D
:1017600003F01F02064997F907305B09012000FAD0
:1017700002F241F8232000BF0C37BD4680BC704701
:1017800000E100E080B483B000AF0346FB71FB7959
:1017900003F01F02074997F907305B09012000FA9F
:1017A00002F2203341F8232000BF0C37BD4680BC35
:1017B000704700BF00E100E080B483B000AF034693
:1017C0003960FB7197F90730002B0BDA3B68DAB20E
:1017D0000C49FB7903F00F03043B1201D2B20B4416
:1017E0001A7609E03B68DAB2074997F90730120127
:1017F000D2B20B4483F8002300BF0C37BD4680BC37
:10180000704700BF00ED00E000E100E080B489B067
:1018100000AFF860B9607A60FB6803F00703FB6112
:10182000FB69C3F10703042B28BF0423BB61FB69D9
:101830000433062B02D9FB69033B00E000237B61E4
:101840004FF0FF32BB6902FA03F3DA43BB681A4078
:101850007B699A404FF0FF317B6901FA03F3D9436A
:101860007B680B40134318462437BD4680BC704745
:1018700080B582B000AF78607B68013BB3F1807FB8
:1018800001D301230FE00A4A7B68013B53600F211B
:101890004FF0FF30FFF790FF054B00229A60044B9A
:1018A00007221A60002318460837BD4680BD00BFD6
:1018B00010E000E080B582B000AF78607868FFF794
:1018C00017FF00BF0837BD4680BD80B586B000AFAA
:1018D0000346B9607A60FB7300237B61FFF72CFF3E
:1018E00078617A68B9687869FFF790FF024697F9DE
:1018F0000F3011461846FFF75FFF00BF1837BD468F
:1019000080BD80B582B000AF0346FB7197F9073008
:101910001846FFF71FFF00BF0837BD4680BD80B5E2
:1019200082B000AF0346FB7197F907301846FFF706
:1019300029FF00BF0837BD4680BD80B582B000AF2B
:1019400078607868FFF794FF034618460837BD466D
:1019500080BD80B582B000AF78607B68002B01D17C
:10196000012314E07B681B79DBB2002B05D17B6877
:1019700000225A717868FBF71BFF7B6802221A71FC
:101980007B6800221A617B6801221A7100231846C5
:101990000837BD4680BD80B483B000AF7860396041
:1019A0007B685B79012B01D1022339E07B6801223E
:1019B0005A717B6802221A717B681B6819680122C0
:1019C0003B689A407B681B680A431A603B68002B9F
:1019D0000FD17B681B681B6803F03C033C2B18D1BC
:1019E0007B681B685A687B681B6842F001025A607A
:1019F0000FE07B681B681B6803F47013B3F5701F5E
:101A000007D17B681B685A687B681B6842F002023A
:101A10005A607B6801221A717B6800225A71002388
:101A200018460C37BD4680BC704780B487B000AF05
:101A3000F860B9607A6000237B61FB685B79012BF9
:101A400001D1022332E0FB6801225A71FB680222B5
:101A50001A71BB681A68BB685B6813437A691343E1
:101A60007B61FB681B681A6840F6FE717B6801FAAF
:101A700003F3DB4302EA03017A697B689A40FB685F
:101A80001B680A431A60FB681B681968C0227B68E0
:101A900002FA03F3DA43FB681B680A401A60FB682A
:101AA00001221A71FB6800225A71002318461C3764
:101AB000BD4680BC704780B487B000AFF860B960A5
:101AC0007A603B6000237B61FB681B687B61BB68BD
:101AD000002B05D17A697B68134408337B6104E0ED
:101AE0007A697B68134414337B617B691A463B68CF
:101AF0001360002318461C37BD4680BC70470000A9
:101B000080B48BB000AF786039600023FB610023A4
:101B1000BB6100237B6100233B6200233B61002308
:101B20007B6279E101227B6A02FA03F3FB613B6885
:101B30001B68FA691340BB61BA69FB699A4240F0BD
:101B400068813B685B68964A93425ED0944A9342B0
:101B500075D8944A934258D0924A93426FD8924A89
:101B6000934252D0904A934269D8904A93424CD0C3
:101B70008E4A934263D88E4A934246D08C4A93420F
:101B80005DD8122B2AD8122B59D801A252F823F073
:101B90000B1C0108E51B0108F71B0108391C010893
:101BA0003F1C01083F1C01083F1C01083F1C0108A5
:101BB0003F1C01083F1C01083F1C01083F1C010895
:101BC0003F1C01083F1C01083F1C01083F1C010885
:101BD0003F1C0108ED1B0108011C0108754A9342D6
:101BE00013D02CE03B68DB683B6229E03B68DB6894
:101BF00004333B6224E03B68DB6808333B621FE050
:101C00003B68DB680C333B621AE03B689B68002B47
:101C100002D104233B6213E03B689B68012B05D192
:101C200008233B627B68FA691A6109E008233B627A
:101C30007B68FA695A6103E000233B6200E000BF61
:101C4000BB69FF2B01D87B6801E07B680433FB6034
:101C5000BB69FF2B02D87B6A9B0002E07B6A083BD2
:101C60009B003B61FB681A680F213B6901FA03F393
:101C7000DB431A40396A3B6901FA03F31A43FB68F4
:101C80001A603B685B6803F08053002B00F0C18052
:101C9000494B9B69484A43F001039361464B9B695A
:101CA00003F00103BB60BB68444A7B6A9B080233B4
:101CB00052F823307B617B6A03F003039B000F2201
:101CC00002FA03F3DB437A6913407B617B683C4A89
:101CD00093421FD07B683B4A934219D07B683A4AB3
:101CE000934213D07B68394A93420DD07B68384ABF
:101CF000934207D07B68374A934201D105230AE01B
:101D0000062308E0042306E0032304E0022302E0A4
:101D1000012300E000237A6A02F00302920093405C
:101D20007A6913437B6125497B6A9B0802337A6990
:101D300041F823203B685B6803F48033002B06D016
:101D4000254B1A682449BB6913430B6006E0224BFC
:101D50001A68BB69DB43204913400B603B685B6832
:101D600003F40033002B06D01B4B5A681A49BB6999
:101D700013434B6006E0184B5A68BB69DB431649B6
:101D800013404B603B685B6803F48013002B25D045
:101D9000114B9A681049BB6913438B6025E000BF63
:101DA000000032100000311000002210000021104D
:101DB000000012100000111000100240000001404D
:101DC00000080140000C01400010014000140140D7
:101DD00000180140001C014000040140134B9A68A8
:101DE000BB69DB43114913408B603B685B6803F4BC
:101DF0000013002B06D00D4BDA680C49BB69134366
:101E0000CB6006E0094BDA68BB69DB430749134046
:101E1000CB607B6A01337B627B6A0F2B7FF682AEDD
:101E200000BF00BF2C37BD4680BC70470004014096
:101E300080B485B000AF78600B467B807B689A6881
:101E40007B881340002B02D00123FB7301E00023A9
:101E5000FB73FB7B18461437BD4680BC704780B4CB
:101E600083B000AF78600B467B8013467B707B7835
:101E7000002B03D07A887B681A6103E07B881A0400
:101E80007B681A6100BF0C37BD4680BC70470000FC
:101E900080B586B000AF786000233B617B681B682B
:101EA00003F00103002B00F08780924B5B6803F086
:101EB0000C03042B0CD08F4B5B6803F00C03082B36
:101EC00012D18C4B5B6803F48033B3F5803F0BD1A8
:101ED000884B1B6803F40033002B6CD07B685B6875
:101EE000002B68D101232DE27B685B68B3F5803F4E
:101EF00006D1804B1B687F4A43F4803313602EE089
:101F00007B685B68002B0CD17A4B1B68794A23F401
:101F100080331360774B1B68764A23F48023136069
:101F20001DE07B685B68B3F5A02F0CD1714B1B687B
:101F3000704A43F4802313606E4B1B686D4A43F470
:101F4000803313600BE06B4B1B686A4A23F48033C9
:101F50001360684B1B68674A23F4802313607B6817
:101F60005B68002B13D0FFF7B9FB386108E0FFF77F
:101F7000B5FB02463B69D31A642B01D90323E1E187
:101F80005C4B1B6803F40033002BF0D014E0FFF728
:101F9000A5FB386108E0FFF7A1FB02463B69D31AB5
:101FA000642B01D90323CDE1524B1B6803F40033AA
:101FB000002BF0D100E000BF7B681B6803F0020338
:101FC000002B63D04B4B5B6803F00C03002B0BD052
:101FD000484B5B6803F00C03082B1CD1454B5B6836
:101FE00003F48033002B16D1424B1B6803F002032D
:101FF000002B05D07B681B69012B01D00123A1E1D7
:102000003C4B1B6823F0F8027B685B69DB003949B5
:1020100013430B603AE07B681B69002B20D0364BE2
:1020200001221A60FFF75AFB386108E0FFF756FB00
:1020300002463B69D31A022B01D9032382E12D4BBF
:102040001B6803F00203002BF0D02A4B1B6823F01F
:10205000F8027B685B69DB00264913430B6015E0DF
:10206000254B00221A60FFF739FB386108E0FFF7C3
:1020700035FB02463B69D31A022B01D9032361E1E8
:102080001C4B1B6803F00203002BF0D17B681B681C
:1020900003F00803002B39D07B689B69002B19D013
:1020A000164B01221A60FFF719FB386108E0FFF7B1
:1020B00015FB02463B69D31A022B01D9032341E1E8
:1020C0000C4B5B6A03F00203002BF0D0012000F000
:1020D000DFFA1BE0094B00221A60FFF7FFFA3861B4
:1020E0000EE0FFF7FBFA02463B69D31A022B07D931
:1020F000032327E1001002400000424280044242D4
:10210000924B5B6A03F00203002BEAD17B681B68E9
:1021100003F00403002B00F0A6800023FB758B4B1B
:10212000DB6903F08053002B0DD1884BDB69874AB4
:1021300043F08053D361854BDB6903F08053FB6030
:10214000FB680123FB75824B1B6803F48073002B33
:1021500018D17F4B1B687E4A43F480731360FFF7EE
:10216000BDFA386108E0FFF7B9FA02463B69D31AB5
:10217000642B01D90323E5E0754B1B6803F48073DE
:10218000002BF0D07B68DB68012B06D16F4B1B6AFC
:102190006E4A43F0010313622DE07B68DB68002B7D
:1021A0000CD16A4B1B6A694A23F001031362674B27
:1021B0001B6A664A23F0040313621CE07B68DB6839
:1021C000052B0CD1614B1B6A604A43F00403136278
:1021D0005E4B1B6A5D4A43F0010313620BE05B4BED
:1021E0001B6A5A4A23F001031362584B1B6A574A71
:1021F00023F0040313627B68DB68002B15D0FFF724
:102200006DFA38610AE0FFF769FA02463B69D31AB2
:1022100041F28832934201D9032393E04B4B1B6A6E
:1022200003F00203002BEED014E0FFF757FA3861F9
:102230000AE0FFF753FA02463B69D31A41F28832AB
:10224000934201D903237DE0404B1B6A03F0020354
:10225000002BEED1FB7D012B05D13C4BDB693B4ACA
:1022600023F08053D3617B68DB69002B69D0374B47
:102270005B6803F00C03082B61D07B68DB69022BE1
:1022800046D1344B00221A60FFF728FA386108E083
:10229000FFF724FA02463B69D31A022B01D9032324
:1022A00050E02A4B1B6803F00073002BF0D17B68D1
:1022B0001B6AB3F5803F08D1244B5B6823F40032DE
:1022C0007B689B68214913434B60204B5B6823F478
:1022D00074127B68196A7B685B6A0B431B49134362
:1022E0004B601C4B01221A60FFF7F8F9386108E0D7
:1022F000FFF7F4F902463B69D31A022B01D90323F5
:1023000020E0124B1B6803F00073002BF0D018E0A4
:10231000104B00221A60FFF7E1F9386108E0FFF77F
:10232000DDF902463B69D31A022B01D9032309E0E8
:10233000064B1B6803F00073002BF0D101E0012372
:1023400000E0002318461837BD4680BD001002404B
:10235000007000406000424280B584B000AF7860F9
:1023600039600023FB607E4B1B6803F007033A686B
:102370009A4210D97A4B1B6823F0070278493B68D0
:1023800013430B60764B1B6803F007033A689A42CD
:1023900001D00123E0E07B681B6803F00203002BFF
:1023A00020D07B681B6803F00403002B05D06D4B25
:1023B0005B686C4A43F4E06353607B681B6803F01E
:1023C0000803002B05D0674B5B68664A43F46053F3
:1023D0005360644B5B6823F0F0027B689B68614943
:1023E00013434B607B681B6803F00103002B6AD02A
:1023F0007B685B68012B07D15A4B1B6803F40033E1
:10240000002B15D10123A7E07B685B68022B07D165
:10241000544B1B6803F00073002B09D101239BE090
:10242000504B1B6803F00203002B01D1012393E002
:102430004C4B5B6823F003027B685B68494913439C
:102440004B60FFF74BF9F8607B685B68012B12D19A
:102450000AE0FFF743F90246FB68D31A41F28832DB
:10246000934201D9032377E03E4B5B6803F00C03F2
:10247000042BEED127E07B685B68022B1DD10AE0BC
:10248000FFF72CF90246FB68D31A41F288329342D7
:1024900001D9032360E0334B5B6803F00C03082B86
:1024A000EED110E0FFF71AF90246FB68D31A41F2A9
:1024B0008832934201D903234EE02A4B5B6803F034
:1024C0000C03002BEED1264B1B6803F007033A6880
:1024D0009A4210D2224B1B6823F0070220493B6826
:1024E00013430B601E4B1B6803F007033A689A42C4
:1024F00001D0012330E07B681B6803F00403002B4C
:1025000008D0184B5B6823F4E0627B68DB681549F0
:1025100013434B607B681B6803F00803002B09D052
:10252000104B5B6823F460527B681B69DB000D492C
:1025300013434B6000F01CF802460A4B5B681B0912
:1025400003F00F030849CB5C22FA03F3074A136038
:102550000F20FFF793F8002318461037BD4680BDC3
:1025600000200240001002400C8001081C030020E3
:1025700090B48AB000AF294B3C1D0FCB84E80F000C
:1025800040F201233B800023FB610023BB61002359
:102590007B6200237B6100233B62214B5B68FB6114
:1025A000FB6903F00C03042B02D0082B03D02BE0B3
:1025B0001C4B3B622BE0FB699B0C03F00F032833A1
:1025C0003B4413F8243C7B61FB6903F48033002B0C
:1025D00012D0134B5B685B0C03F0010328333B44C0
:1025E00013F8283CBB617B690E4A03FB02F2BB690E
:1025F000B2FBF3F37B6204E07B690B4A02FB03F35B
:102600007B627B6A3B6202E0064B3B6200BF3B6A37
:1026100018462837BD4690BC704700BF286C01089B
:102620000010024000127A0000093D0080B400AFA3
:10263000024B1B681846BD4680BC70471C03002037
:1026400080B500AFFFF7F2FF0246054B5B681B0A3F
:1026500003F007030349CB5C22FA03F3184680BD5D
:10266000001002401C80010880B500AFFFF7DEFFBC
:102670000246054B5B68DB0A03F007030349CB5CAA
:1026800022FA03F3184680BD001002401C800108A6
:1026900080B485B000AF78600B4B1B680B4AA2FB7F
:1026A00003235B0A7A6802FB03F3FB6000BF00BFF1
:1026B000FB685A1EFA60002BF8D100BF00BF143728
:1026C000BD4680BC704700BF1C030020D34D621084
:1026D00080B582B000AF78607B68002B01D1012308
:1026E0001DE07B6893F83D30DBB2002B06D17B68A0
:1026F000002283F83C20786800F015F87B680222FD
:1027000083F83D207B681A687B68043319461046BD
:1027100000F084FA7B68012283F83D2000231846EC
:102720000837BD4680BD80B483B000AF786000BF7D
:102730000C37BD4680BC704780B582B000AF786072
:102740007B68002B01D101231DE07B6893F83D30AD
:10275000DBB2002B06D17B68002283F83C2078682E
:1027600000F015F87B68022283F83D207B681A6828
:102770007B6804331946104600F050FA7B6801224A
:1027800083F83D20002318460837BD4680BD80B43D
:1027900083B000AF786000BF0C37BD4680BC704787
:1027A00080B582B000AF786039607B681B68012219
:1027B0003968184600F019FD7B681B68104A93427F
:1027C00004D07B681B680F4A934201D1012300E0CB
:1027D0000023002B07D07B681B685A6C7B681B6842
:1027E00042F400425A647B681B681A687B681B6865
:1027F00042F001021A60002318460837BD4680BD2A
:10280000002C01400034014080B582B000AF7860F8
:1028100039607B681B6800223968184600F0E5FCC7
:102820007B681B68224A934204D07B681B68214A5C
:10283000934201D1012300E00023002B17D07B68D5
:102840001B681A6A41F211131340002B0FD17B68E9
:102850001B681A6A40F244431340002B07D17B687F
:102860001B685A6C7B681B6822F400425A647B68C0
:102870001B681A6A41F211131340002B0FD17B68B9
:102880001B681A6A40F244431340002B07D17B684F
:102890001B681A687B681B6822F001021A607B685B
:1028A000012283F83D20002318460837BD4680BD2D
:1028B000002C01400034014080B584B000AFF860C6
:1028C000B9607A60FB6893F83C30012B01D1022398
:1028D000B4E0FB68012283F83C20FB68022283F805
:1028E0003D207B680C2B00F29F8001A252F823F060
:1028F00025290108292A0108292A0108292A01086D
:1029000065290108292A0108292A0108292A01081C
:10291000A7290108292A0108292A0108292A0108CA
:10292000E7290108FB681B68B968184600F0F4F94C
:10293000FB681B689A69FB681B6842F008029A6191
:10294000FB681B689A69FB681B6822F004029A61A5
:10295000FB681B689969BB681A69FB681B680A43B6
:102960009A6162E0FB681B68B968184600F04AFA91
:10297000FB681B689A69FB681B6842F400629A61F5
:10298000FB681B689A69FB681B6822F480629A6185
:10299000FB681B689969BB681B691A02FB681B68A6
:1029A0000A439A6141E0FB681B68B968184600F069
:1029B000A3FAFB681B68DA69FB681B6842F008022F
:1029C000DA61FB681B68DA69FB681B6822F00402A5
:1029D000DA61FB681B68D969BB681A69FB681B6808
:1029E0000A43DA6121E0FB681B68B968184600F009
:1029F000FDFAFB681B68DA69FB681B6842F4006239
:102A0000DA61FB681B68DA69FB681B6822F4806284
:102A1000DA61FB681B68D969BB681B691A02FB682D
:102A20001B680A43DA6100E000BFFB68012283F8FB
:102A30003D20FB68002283F83C2000231846103715
:102A4000BD4680BD80B584B000AF7860396000239A
:102A5000FB607B6893F83C30012B01D10223D8E066
:102A60007B68012283F83C207B68022283F83D20AA
:102A70007B681B689B68FB60FB6823F07703FB6047
:102A8000FB6823F47F43FB607B681B68FA689A60ED
:102A90003B681B68B3F5005F52D0B3F5005F00F2EE
:102AA000AE80B3F5805F27D0B3F5805F00F2A780DA
:102AB000702B2AD0702B00F2A280602B63D0602B89
:102AC00000F29D80502B4ED0502B00F29880402B6E
:102AD00069D0402B00F29380302B00F08980302B9E
:102AE00000F28D80202B7CD0202B00F28880002BE0
:102AF00069D0102B6ED082E07B681B689A687B6877
:102B00001B6822F007029A607AE07B6818683B68CD
:102B100099683B685A683B68DB6800F045FB7B6856
:102B20001B689B68FB60FB6823F07703FB60FB6816
:102B300043F07703FB607B681B68FA689A605FE08C
:102B40007B6818683B6899683B685A683B68DB6833
:102B500000F02AFB7B681B689A687B681B6842F45C
:102B600080429A604CE07B6818683B6859683B6813
:102B7000DB681A4600F094FA7B681B6850211846FF
:102B800000F0F3FA3CE07B6818683B6859683B68E2
:102B9000DB681A4600F0B6FA7B681B6860211846AD
:102BA00000F0E3FA2CE07B6818683B6859683B68E2
:102BB000DB681A4600F074FA7B681B6840211846EF
:102BC00000F0D3FA1CE07B681B680021184600F077
:102BD000CCFA15E07B681B681021184600F0C5FA96
:102BE0000EE07B681B682021184600F0BEFA07E063
:102BF0007B681B683021184600F0B7FA00E000BF80
:102C00007B68012283F83D207B68002283F83C200A
:102C1000002318461037BD4680BD000080B485B043
:102C200000AF786039600023FB607B681B68FB6045
:102C30007B68344A934213D07B68334A93420FD067
:102C40007B68B3F1804F0BD07B68304A934207D04A
:102C50007B682F4A934203D07B682E4A934208D167
:102C6000FB6823F07003FB603B685B68FA68134302
:102C7000FB607B68234A934213D07B68224A9342CD
:102C80000FD07B68B3F1804F0BD07B681F4A934213
:102C900007D07B681E4A934203D07B681D4A93424B
:102CA00008D1FB6823F44073FB603B68DB68FA687B
:102CB0001343FB60FB6823F08003FB603B685B69A8
:102CC000FA681343FB607B68FA681A603B689A688D
:102CD0007B68DA623B681A687B689A627B68094A9B
:102CE000934203D07B68084A934203D13B681A6938
:102CF0007B681A637B6801225A6100BF1437BD46A6
:102D000080BC7047002C01400034014000040040AA
:102D100000080040000C004080B487B000AF78602D
:102D200039600023FB6000237B6100233B617B68EB
:102D30001B6A23F001027B681A627B681B6A7B6155
:102D40007B685B683B617B689B69FB60FB6823F089
:102D50007003FB60FB6823F00303FB603B681B68A8
:102D6000FA681343FB607B6923F002037B613B68D5
:102D70009B687A6913437B617B68204A934203D046
:102D80007B681F4A93420CD17B6923F008037B6167
:102D90003B68DB687A6913437B617B6923F004033A
:102DA0007B617B68154A934203D07B68144A934247
:102DB00011D13B6923F480733B613B6923F40073B9
:102DC0003B613B685B693A6913433B613B689B69C4
:102DD0003A6913433B617B683A695A607B68FA68D9
:102DE0009A613B685A687B685A637B687A691A62A1
:102DF00000BF1C37BD4680BC704700BF002C01409F
:102E00000034014080B487B000AF7860396000239F
:102E1000FB6000237B6100233B617B681B6A23F01E
:102E200010027B681A627B681B6A7B617B685B6847
:102E30003B617B689B69FB60FB6823F4E043FB60BC
:102E4000FB6823F44073FB603B681B681B02FA6855
:102E50001343FB607B6923F020037B613B689B6825
:102E60001B017A6913437B617B68214A934203D03B
:102E70007B68204A93420DD17B6923F080037B61FC
:102E80003B68DB681B017A6913437B617B6923F034
:102E900040037B617B68164A934203D07B68154AE6
:102EA000934213D13B6923F480633B613B6923F474
:102EB00000633B613B685B699B003A6913433B617C
:102EC0003B689B699B003A6913433B617B683A69A5
:102ED0005A607B68FA689A613B685A687B689A63B3
:102EE0007B687A691A6200BF1C37BD4680BC704798
:102EF000002C01400034014080B487B000AF7860FE
:102F000039600023FB6000237B6100233B617B6809
:102F10001B6A23F480727B681A627B681B6A7B6180
:102F20007B685B683B617B68DB69FB60FB6823F067
:102F30007003FB60FB6823F00303FB603B681B68C6
:102F4000FA681343FB607B6923F400737B613B6881
:102F50009B681B027A6913437B617B68214A934219
:102F600003D07B68204A93420DD17B6923F4006330
:102F70007B613B68DB681B027A6913437B617B6979
:102F800023F480637B617B68164A934203D07B689D
:102F9000154A934213D13B6923F480533B613B694B
:102FA00023F400533B613B685B691B013A6913439F
:102FB0003B613B689B691B013A6913433B617B683A
:102FC0003A695A607B68FA68DA613B685A687B68DC
:102FD000DA637B687A691A6200BF1C37BD4680BC21
:102FE000704700BF002C01400034014080B487B01E
:102FF00000AF7860396000233B610023FB60002351
:103000007B617B681B6A23F480527B681A627B6851
:103010001B6AFB607B685B687B617B68DB693B618B
:103020003B6923F4E0433B613B6923F440733B611C
:103030003B681B681B023A6913433B61FB6823F43E
:103040000053FB603B689B681B03FA681343FB60FB
:103050007B68114A934203D07B68104A934209D19E
:103060007B6923F480437B613B685B699B017A69E0
:1030700013437B617B687A695A607B683A69DA61DD
:103080003B685A687B681A647B68FA681A6200BFFA
:103090001C37BD4680BC7047002C01400034014005
:1030A00080B487B000AFF860B9607A6000237B61BC
:1030B00000233B61FB681B6A3B61FB681B6A23F0D2
:1030C0000102FB681A62FB689B697B617B6923F0E4
:1030D000F0037B617B681B017A6913437B613B6969
:1030E00023F00A033B613A69BB6813433B61FB6809
:1030F0007A699A61FB683A691A6200BF1C37BD465B
:1031000080BC704780B487B000AFF860B9607A6067
:1031100000237B6100233B61FB681B6A23F01002E4
:10312000FB681A62FB689B697B61FB681B6A3B61F9
:103130007B6923F470437B617B681B037A691343CB
:103140007B613B6923F0A0033B61BB681B013A69CB
:1031500013433B61FB687A699A61FB683A691A62BA
:1031600000BF1C37BD4680BC704780B485B000AF3F
:1031700078600B467B800023FB607B689B68FB606C
:10318000FB6823F07003FB607B8843F007039BB26E
:103190001A46FB681343FB607B68FA689A6000BFBD
:1031A0001437BD4680BC704780B487B000AFF8606C
:1031B000B9607A603B6000237B61FB689B687B6140
:1031C0007B6923F47F437B613B681A027B681A4367
:1031D000BB6813437A6913437B61FB687A699A6021
:1031E00000BF1C37BD4680BC704780B487B000AFBD
:1031F000F860B9607A6000237B610122BB6802FA43
:1032000003F37B61FB681A6A7B69DB431A40FB6846
:103210001A62FB681A6A7968BB6801FA03F31A43F9
:10322000FB681A6200BF1C37BD4680BC704780B483
:1032300085B000AF786039600023FB607B6893F84D
:103240003C30012B01D1022344E07B68012283F84A
:103250003C20FB6823F0FF023B68DB681343FB6004
:10326000FB6823F440723B689B681343FB60FB6878
:1032700023F480623B685B681343FB60FB6823F4C4
:1032800000623B681B681343FB60FB6823F48052B9
:103290003B681B691343FB60FB6823F400523B68E7
:1032A0005B691343FB60FB6823F480423B689B69C6
:1032B0001343FB60FB6823F400423B689B691343A4
:1032C000FB607B681B68FA685A647B68002283F89D
:1032D0003C20002318461437BD4680BC704780B49C
:1032E00083B000AF786039607B6893F83C30012B85
:1032F00001D1022332E07B68012283F83C207B6805
:10330000022283F83D207B681B685A687B681B6833
:1033100022F070025A607B681B6859683B681A6823
:103320007B681B680A435A607B681B689A687B68E5
:103330001B6822F080029A607B681B6899683B6872
:103340005A687B681B680A439A607B68012283F88D
:103350003D207B68002283F83C20002318460C3770
:10336000BD4680BC704780B582B000AF78607B6896
:10337000002B01D101233FE07B6893F83930DBB2A9
:10338000002B06D17B68002283F83820786800F093
:1033900037F87B68242283F839207B681B68DA6859
:1033A0007B681B6822F40052DA60786800F032F81B
:1033B0007B681B681A697B681B6822F490421A615B
:1033C0007B681B685A697B681B6822F02A025A6175
:1033D0007B681B68DA687B681B6842F40052DA601D
:1033E0007B680022DA637B68202283F839207B68BF
:1033F000202283F83A20002318460837BD4680BDB6
:1034000080B483B000AF786000BF0C37BD4680BC8D
:1034100070470000B0B584B000AF78600023FB6057
:103420007B681B681B6923F440517B68DA687B6802
:103430001B680A431A617B689A687B681B691A4398
:103440007B685B691343FA681343FB607B681B6806
:10345000DB6823F4B05323F00C037A681268F96830
:103460000B43D3607B681B685B6923F440717B6806
:103470009A697B681B680A435A617B681B686F4ABC
:1034800093426BD1FFF7F0F8024613469B001344BA
:103490009A001A447B685B689B00B2FBF3F3684AAE
:1034A000A2FB03235B091C01FFF7DEF8024613466B
:1034B0009B0013449A001A447B685B689B00B2FB34
:1034C000F3F5FFF7D1F8024613469B0013449A0028
:1034D0001A447B685B689B00B2FBF3F3584AA2FB7B
:1034E00003235B09642202FB03F3EB1A1B01323353
:1034F000534AA2FB03235B0903F0F0031C44FFF7CC
:10350000B3F8024613469B0013449A001A447B68A2
:103510005B689B00B2FBF3F5FFF7A6F80246134683
:103520009B0013449A001A447B685B689B00B2FBC3
:10353000F3F3434AA2FB03235B09642202FB03F378
:10354000EB1A1B0132333E4AA2FB03235B0903F053
:103550000F027B681B6822449A606AE0FFF770F8EC
:10356000024613469B0013449A001A447B685B682A
:103570009B00B2FBF3F3324AA2FB03235B091C015D
:10358000FFF75EF8024613469B0013449A001A4464
:103590007B685B689B00B2FBF3F5FFF751F80246CE
:1035A00013469B0013449A001A447B685B689B0097
:1035B000B2FBF3F3224AA2FB03235B09642202FB62
:1035C00003F3EB1A1B0132331D4AA2FB03235B09F1
:1035D00003F0F0031C44FFF733F8024613469B0048
:1035E00013449A001A447B685B689B00B2FBF3F5B6
:1035F000FFF726F8024613469B0013449A001A442C
:103600007B685B689B00B2FBF3F30D4AA2FB0323CC
:103610005B09642202FB03F3EB1A1B013233084AF5
:10362000A2FB03235B0903F00F027B681B682244A3
:103630009A6000BF1037BD46B0BD00BF00380140E2
:103640001F85EB5180B400AF054B1B7D054B5B69BB
:10365000044A43F00103536100BFBD4680BC70477C
:10366000603400200004014080B400AF084B1B7D93
:10367000DBB2012B01D1064BDB7D064B5B69054AB2
:1036800043F00203536100BFBD4680BC704700BFDA
:10369000603400200004014080B400AF0B4B1B7D60
:1036A000DBB2012B08D1094B1B7EDBB2012B03D10E
:1036B000064BDB7DDBB2002B054B5B69044A43F014
:1036C0000403536100BFBD4680BC704760340020D6
:1036D0000004014080B400AF0A4B1B7DDBB2012B1C
:1036E00006D1084B1B7EDBB2012B01D1054BDB7DE4
:1036F000054B5B69044A43F00803536100BFBD46B4
:1037000080BC7047603400200004014080B400AFEA
:10371000044B5B69034A43F01003536100BFBD468D
:1037200080BC70470004014080B400AF2C4B5B6943
:1037300003F48063B3F5806F05D1294B5B69284A98
:1037400043F480635361264B5B6903F40053002B01
:1037500005D0234B5B69224A43F400535361204B4D
:103760005B6903F48043002B05D01D4B5B691C4A49
:1037700043F4804353611A4B5B6903F48053002B7D
:1037800005D0174B5B69164A43F480535361144BC1
:103790005B6903F40063002B05D0114B5B69104A91
:1037A00043F4006353610E4B5B6903F48063002BA9
:1037B00005D00B4B5B690A4A43F480635361084BA5
:1037C0005B6903F40043002B05D0054B5B69044A99
:1037D00043F40043536100BFBD4680BC704700BF47
:1037E0000004014090B599B018AF354B5968354B7E
:1037F0001B781A46C9B2344B9954324B1B780133AB
:10380000DAB2304B1A702F4B1B78012B07D12E4B9D
:103810001B785A2B44D02B4B00221A704DE0294BB9
:103820001B78022B0BD1284B1B785A2B03D1264B2C
:103830005B78A52B34D0234B00221A703DE0214B3E
:103840001B78022B2CD91F4B1B78033B1E4A927806
:10385000934225D11B4B1A781B4B83F86420194BDC
:1038600000221A70184BDB78832B0CD1164B1B7976
:10387000602B08D1144B5B79002B04D1134B1B68D0
:10388000134898470CE0104C684604F10C03592289
:10389000194600F0A1FE94E80E000E48EFF7E6FC92
:1038A000084B1B781E2B02D9064B00221A70044BC2
:1038B0001B68034A23F0200313600437BD4690BD04
:1038C00000440040B5370020503700207001002030
:1038D00058370020A82B00202DE9B04300AF4B4BF8
:1038E0001B680133494A1360484B1B68B3F5FA7FE4
:1038F00005D9464B00221A600020FCF781FC444B9E
:103900001B680133424A1360414B1B68322B06D9B6
:103910003F4B00221A603F4B012283F828203D4B89
:103920001B78DBB20A2B3DD93B4B1B6801333A4A6B
:103930001360394B1B68B3F57A7F33D3364B0022C3
:103940001A60364B1B680133344A1360334B1B68D3
:10395000772B27D9314B00221A602E4B00221A7088
:103960002020F9F7EDFF2B4B5B7DDBB2002B0AD15A
:103970000A222B4947F21060FAF78AF811212948E8
:10398000FAF706F90EE0234B5B7DDBB2012B09D180
:103990000A22254947F21060FAF77AF818212348DD
:1039A000FAF7F6F81B4B1B78DBB20A2B15D9204B24
:1039B0001B78002B0AD01F4BD3E9002312F101081A
:1039C00043F100091B4BC3E9008906E019494FF098
:1039D00000024FF00003C1E90023174B1B78002BB6
:1039E00009D0164BD3E90023541C43F10005134BB7
:1039F000C3E9004506E011494FF000024FF0000313
:103A0000C1E9002300BFBDE8B08300BFB837002084
:103A1000BC37002060340020C0370020B4350020BF
:103A2000386C0108446C0108586C0108646C01088A
:103A3000B8350020C0350020C8350020D035002022
:103A400080B500AF084B1B6903F00103002B08D0C1
:103A50000020F4F7DBF8044B1B69034A23F0010351
:103A6000136100BF80BD00BF000C004080B400AFF8
:103A7000194B1B68184A23F020031360164B596832
:103A8000164B1B781A46C9B2154B9954134B1B7829
:103A90000133DAB2114B1A70114B1B78002B03D093
:103AA0000E4B00221A7013E00C4B1B78013B0C4AA2
:103AB000D35CFF2B0CD1094B1B78023B084AD35C2B
:103AC000FF2B05D1054B00221A70064B01221A70FC
:103AD000BD4680BC704700BF00380140C43700209D
:103AE000943300209033002080B500AF00F0E4FC58
:103AF00040F2DC50FDF727F80520FDF7DBFEEDF77F
:103B000069FAF4F7C5FEFDF77DF9FDF731F8FCF72A
:103B10004BFB2748EFF798FB2648EFF795FBFCF7A0
:103B20005BFFFCF793FEFAF7F3FF2020F9F72CFF79
:103B3000214B002283F84720FDF772FDEDF72EFCA4
:103B400008221E494FF40040F9F742FF01221C49A8
:103B50004FF40040F9F73CFF174B0022DA75164B83
:103B600000229A75144B012283F850200821154831
:103B7000FCF7D6FEFBF74EFF0020F9F79FFE00F0A2
:103B800023F8EFF7FDFBF8F71DFE01210020FCF7FD
:103B900035FD0346002B01D1F9F704FD0121012079
:103BA000FCF72CFD0346002BE4D1F9F723FDE1E7F8
:103BB000A82B0020C023002060340020806C010866
:103BC0008C6C01080800002080B500AF0020F8F7D9
:103BD000FFFE00F087F9B74B93F83730DBB2002BCC
:103BE00056D00C20FDF706FA0346012B25D1B24B27
:103BF00001221A70AF4B5B7DDBB2002B04D1182180
:103C0000AE48F9F7DFFF08E0AA4B5B7DDBB2012B82
:103C100003D12021AA48F9F7D5FF0120F9F776F85A
:103C20000220F9F773F80320F9F770F80420F9F788
:103C30006DF80520F9F76AF83BE10C20FDF7DAF999
:103C40000346002B24D19C4B1B78012B20D1022052
:103C5000FCF779FF0C20FDF7CDF90346002B17D1B7
:103C6000954B00221A70934B5B7DDBB2002B04D185
:103C700014219448F9F7A6FF08E08E4B5B7DDBB278
:103C8000012B03D114219048F9F79CFFF9F778FA3A
:103C9000884B1B7DDBB2012B56D10320FDF75AF870
:103CA0000346002B2ED10520FCF74DFF0320FDF726
:103CB00051F80346002B47D1844B01221A707D4BEB
:103CC0005B7DDBB2002B04D120218148F9F760FF36
:103CD00008E0784B5B7DDBB2012B03D124217D48CA
:103CE000F9F756FF0120F9F711F80220F9F70EF85D
:103CF0000320F9F70BF80420F9F708F80520F9F785
:103D000005F8D6E00320FDF725F80346012B1BD16B
:103D10006E4B1B78012B17D16C4B00221A70654B30
:103D20005B7DDBB2002B04D118216B48F9F74AFF09
:103D300008E0604B5B7DDBB2012B03D11D2167489E
:103D4000F9F740FFF9F71CFA0020F8F753FAF8F7F3
:103D5000D9F9584B9B7DDBB2012B0BD1554B93F816
:103D60002E30DBB2002B02D00020F8F71DFC002023
:103D7000F8F7DCFC4F4B1B7DDBB2032B00F085809A
:103D8000032B00F39680012B02D0022B31D090E060
:103D9000484B9B7DDBB2012B40F08680454BDB7DA1
:103DA000DBB2012B02D00020F7F734FF0020F4F73C
:103DB000F1FF0020F5F79CFB3E4B93F83130DBB26E
:103DC000002B10D00120FCF7C5FF0346002B0AD1C1
:103DD000434B03F5805393F82430002B03D0354B2D
:103DE0000022DA7665E00020F6F726F9F3F790FF77
:103DF0005AE00020F6F720F90020F4F7CBFF00206E
:103E0000F5F776FB0020F5F701FE2A4BDB7DDBB2F0
:103E1000012B02D00020F7F7FDFE264B93F8473028
:103E2000DBB2042B42D00020FCF7B4FF0346002B8A
:103E300017D00120FCF7AEFF0346002B11D0022063
:103E4000FCF7A8FF0346002B0BD00320FCF7A2FFD2
:103E50000346002B05D00420FCF79CFF0346002BF3
:103E600024D10120F8F752FF0220F8F74FFF03207A
:103E7000F8F74CFF0F4B012283F846200420F8F797
:103E800045FF0520F8F742FF10E00A4B9B7DDBB2AF
:103E9000012B0DD10020F7F77BFC0020F4F77AFF0F
:103EA0000020F5F725FB03E000BF02E000BF00E0C3
:103EB00000BF80BD60340020C5370020906C010831
:103EC000AC6C0108D06C0108E86C0108C637002012
:103ED000006D0108206D0108486D0108646D01083E
:103EE000A403002080B500AFA94B93F83730DBB2B4
:103EF000002B22D00C20FDF77DF80346012B13D1B7
:103F0000A44B1B78012B0FD10220FCF71CFE0C20C8
:103F1000FDF770F80346012B06D19E4B00221A7064
:103F20009B4B022283F825200C20FDF763F8034603
:103F3000002B02D1974B01221A700220FCF70AFFD6
:103F40000346002B72D1944B1B78012B6ED10A20B3
:103F5000FCF7F9FD0220FCF7FDFE0346002B65D1BE
:103F60008D4B00221A708A4B93F83830DBB2002B4D
:103F700040D0874B1B7DDBB2012B3BD0844B5B7D5C
:103F8000DBB2002B04D10F218448F9F701FE08E0D1
:103F90007F4B5B7DDBB2012B03D116218048F9F703
:103FA000F7FD7B4B01221A75794B1B7DDBB219465D
:103FB0004620F9F7A9FB764B1B7DDBB21846FBF7D1
:103FC0006FFC0120FDF716F80346002B12D1704B51
:103FD0009B7DDBB2012B0DD16D4B5B7FDBB2012BE7
:103FE00002D10220F8F7BCFD0320F8F7B9FD052047
:103FF000F8F7B6FD664B1B7DDBB2012B40F0DB8191
:104000000120FCF7C7FE0346002B06D1604B0022BF
:1040100083F846200420F8F779FE5D4B9B7DDBB2E8
:10402000002B03D15A4B012283F83F200220FCF7DA
:1040300091FE0346012B02D1574B01221A70544BBB
:104040001B7DDBB2012B40F0B8810320FCF782FE20
:104050000346002B13D1534B1B78012B0FD10520A6
:10406000FCF771FD0320FCF775FE0346002B06D11B
:104070004C4B00221A70464B012283F82520032066
:10408000FCF768FE0346012B02D1464B01221A7051
:104090003F4B9B7DDBB2002B05D13D4BDB7DDBB283
:1040A000002B40F08C813A4B93F83130DBB2002B7F
:1040B00040F0B280364B93F82C30DBB2012B3AD172
:1040C000334B93F82030DBB2002B34D1364B03F561
:1040D000805393F82430002B2DD10220FCF78AFF67
:1040E0000346002B7DD02A4B93F82430DBB2002B03
:1040F00077D00A20FCF727FD0220FCF77BFF034660
:10410000002B6ED0224B5B7DDBB2002B04D10D2146
:104110002648F9F73DFD08E01D4B5B7DDBB2012B26
:1041200003D114212248F9F733FD194B5B7EDAB233
:10413000174BDA7655E00020FCF70CFE0346002B07
:1041400045D11C4B1B78012B41D10A20FCF7FBFC0D
:104150000F4B93F82430DBB2002B0ED00020FCF77D
:10416000F9FD0346002B32D1124B00221A70084B86
:104170005B7EDAB2064BDA7629E0054B5B7DDBB27B
:10418000002B1BD10A210C48F9F702FD1FE000BFEC
:10419000603400201503002016030020846D010800
:1041A000946D010817030020A4030020AC6D0108E2
:1041B000BC6D010818030020D46D0108814B5B7DA4
:1041C000DBB2012B03D113217F48F9F7E1FC00207A
:1041D000FCF7C0FD0346012B04D17C4B01221A7071
:1041E00000E000BF774B93F82130DBB2002B7CD08E
:1041F0000120FCF7AFFD0346002B76D00A20FCF728
:10420000A2FC0120FCF7A6FD0346002B6DD06D4BF0
:10421000012283F8232068E06A4BDB7EDBB2002BAF
:104220003ED10220FCF7E6FE0346002B38D0654B5A
:1042300093F82430DBB2002B04D1624BDB7DDBB280
:10424000042B2DD10A20FCF77EFC614B1B88013327
:104250009AB25F4B1A805E4B1B88092B20D95C4BAE
:1042600000221A800220FCF7C5FE0346002B17D05F
:10427000544B5B7DDBB2002B04D10D215548F9F77F
:1042800087FC08E04F4B5B7DDBB2012B03D114218F
:104290005148F9F77DFC4B4B5B7EDAB2494BDA763D
:1042A000484B93F82330DBB2002B1ED1454B93F8DB
:1042B0002130DBB2002B05D1424B93F82230DBB228
:1042C000002B12D00120FCF745FD0346002B0CD03B
:1042D0000A20FCF738FC0120FCF73CFD0346002BCC
:1042E00003D0384B012283F823203C4B1B7F002B4B
:1042F00057D1344B93F82130DBB2002B51D1012040
:10430000FCF728FD0346002B4BD1354B1B78012BC6
:1043100047D10A20FCF717FC0120FCF71BFD0346E0
:10432000002B3ED1274B93F83230DBB2002B25D146
:104330002C4B5B6B4FF000011846ECF721FE034657
:10434000002B07D0264B00221A701E4B012283F847
:10435000202026E01B4B5B7DDBB2002B04D11B2110
:104360002148F9F715FC1CE0164B5B7DDBB2012BF5
:1043700017D121211D48F9F70BFC12E0114B5B7D91
:10438000DBB2002B04D110211948F9F701FC08E039
:104390000C4B5B7DDBB2012B03D11D211548F9F7D6
:1043A000F7FB0120FCF7D6FC0346012B08D10C4B90
:1043B00001221A7004E000BF02E000BF00E000BF6D
:1043C00080BD00BF60340020E06D010818030020AC
:1043D000C8370020AC6D0108BC6D0108A4030020A3
:1043E00019030020BC340020F46D0108106E010890
:1043F000346E0108486E010880B584B000AF786063
:10440000114B1B68002B02D10F4B104A1A600E4B48
:104410001B68FB600C4B1A687B6813446A46934226
:1044200007D900F0AFF803460C221A604FF0FF33B3
:1044300006E0054B1A687B681344034A1360FB6867
:1044400018461037BD4680BDCC370020E03700202D
:1044500080B400AF154B1B68144A43F0010313608E
:10446000124B5A681149124B13404B600F4B1B689B
:104470000E4A23F0847323F4803313600B4B1B68C4
:104480000A4A23F480231360084B5B68074A23F42D
:10449000FE035360054B4FF41F029A60054B4FF02B
:1044A00000629A6000BFBD4680BC704700100240A9
:1044B0000000FFF800ED00E080B590B000AF07F11C
:1044C000180328220021184600F094F83B1D002212
:1044D0001A605A609A60DA601A610123BB614FF476
:1044E0008033FB6100233B620123BB6202237B63B9
:1044F0004FF48033BB634FF4E013FB6307F1180301
:104500001846FDF7C5FC0F237B600223BB60002328
:10451000FB604FF480633B6100237B613B1D022104
:104520001846FDF719FF00BF4037BD4680BD0000AB
:104530000D4885460D480E490E4A002302E0D45826
:10454000C4500433C4188C42F9D30B4A0B4C0023DB
:1045500001E013600432A242FBD3FFF779FF00F0C1
:1045600017F8FFF7C1FAFEE7000001200000002065
:10457000840300206080010888030020E0370020C9
:10458000FEE70000014B1868704700BF20030020C1
:1045900070B500260C4D0D4C641BA410A64209D129
:1045A00000F09CFC00260A4D0A4C641BA410A64295
:1045B00005D170BD55F8043B98470136EEE755F834
:1045C000043B98470136F2E75880010858800108FB
:1045D000588001085C8001080A44914200F1FF33D1
:1045E00000D1704710B511F8014B914203F8014F0B
:1045F000F9D110BD03460244934200D1704703F83D
:10460000011BF9E70EB46FF0004100B59CB01DAB83
:1046100002900690079104910848094953F8042B29
:104620000591006802A9019300F068F80022029B3E
:104630001A701CB05DF804EB03B070472003002033
:104640000802FFFF2DE9F0478E6882469E420C4625
:1046500090461F4638D88A8912F4906F32D0256868
:1046600009690133A5EB010965694B4405EB450573
:1046700005EBD5756D109D4238BF1D46530531D5EC
:10468000294600F061FB064650B90C234FF0FF307D
:10469000CAF80030A38943F04003A381BDE8F08746
:1046A0004A462169FFF798FFA38923F4906343F0FA
:1046B0008003A38126614E4426603E466561A5EBDA
:1046C0000905A560BE4200D93E46324641462068F3
:1046D00000F0B8FAA36800209B1BA3602368334452
:1046E0002360DBE72A4600F0A3FB06460028E1D161
:1046F0005046216900F0C0FAC7E700002DE9F04FED
:1047000098468B8907461B060D4614469DB00ED56C
:104710000B6963B9402100F017FB2860286120B9BC
:104720000C233B604FF0FF30D1E040236B6100234E
:10473000099320238DF8293030234FF00109CDF85B
:104740000C80DFF8A4818DF82A3023469A4613F8AE
:10475000012B0AB1252AF9D1BAEB040B0BD05B4629
:10476000224629463846FFF76DFF013000F0AA8047
:10477000099A5A4409929AF80030002B00F0A2805E
:1047800000234FF0FF32CDE905230AF1010A04931B
:1047900007938DF853301A935446052214F8011BE1
:1047A000514800F041FA049AD8B9D00644BF2023FA
:1047B0008DF85330110744BF2B238DF853309AF8EE
:1047C00000302A2B15D0544600204FF00A0C079ACF
:1047D000214611F8013B303B092B4ED9B0B107926D
:1047E00014E0A0EB080309FA03F31343A246049371
:1047F000D2E7039B191D1B680391002BBBBF5B42D3
:1048000042F0020207930793B8BF049223782E2B3D
:104810000CD163782A2B35D1039B02341A1D1B68F7
:104820000392002BB8BF4FF0FF330593DFF8BCA015
:1048300003225046217800F0F7F940B14023A0EB65
:104840000A0003FA00F0049B01340343049314F8B4
:10485000011B062226488DF8281000F0E5F90028F3
:1048600038D0244B1BBB039B073323F007030833CB
:104870000393099B3344099367E70C4601200CFB23
:104880000232A5E700234FF00A0C194601340593C4
:10489000204610F8012B303A092A03D9002BC5D045
:1048A0000591C3E7044601230CFB0121F0E703ABAC
:1048B00000932A463846104B04A9AFF30080421CEF
:1048C0000646D6D1AB895B063FF52CAF09981DB0E3
:1048D000BDE8F08F03AB00932A463846064B04A987
:1048E00000F07CF8EBE700BF248001082A80010873
:1048F0002E80010800000000454601082DE9F04720
:10490000164699468A680B6907469342B8BF134614
:10491000336091F843200C46DDF820800AB1013362
:1049200033602368990642BF3368023333602568D9
:1049300015F0060506D104F1190AE36832689B1ADE
:10494000AB4228DC94F84320131E226818BF0123D1
:1049500092062DD44946384604F14302C04701303F
:1049600020D02368E56803F00603042B18BF002558
:1049700032684FF00006A36808BFAD1A226908BF6D
:1049800025EAE5759342C4BF9B1AED181A34B54267
:104990001AD1002008E00123524649463846C04754
:1049A000013003D14FF0FF30BDE8F0870135C4E797
:1049B0003020E11881F843005A1C94F84510224435
:1049C000023382F84310C5E70123224649463846A0
:1049D000C0470130E6D00136D9E700002DE9FF4796
:1049E0000F7E9146782F80460C469A460C9D01F129
:1049F000430207D8622F0AD8002F00F0D980582F21
:104A000000F0A48004F1420584F842703AE0A7F176
:104A10006303152BF6D801A151F823F0754A01085C
:104A2000894A0108054A0108054A0108054A0108A2
:104A3000054A0108894A0108054A0108054A010892
:104A4000054A0108054A0108974B0108B94A0108BF
:104A5000794B0108054A0108054A0108B94B0108CC
:104A6000054A0108B94A0108054A0108054A010832
:104A7000814B01082B681A1D1B682A6004F142054E
:104A800084F842300123A4E020682968060601F179
:104A900004030AD50E682B60002E03DA2D2376421C
:104AA00084F843300A235E4819E00E6810F0400F86
:104AB0002B6018BF36B2EFE72B682068191D2960FC
:104AC000010601D51E6802E04606FBD51E886F2F41
:104AD0000CBF08230A235248002184F8431065685C
:104AE000002DA8BF2168A560A4BF21F004012160AA
:104AF0000EB9002D4DD01546B6FBF3F103FB11673F
:104B0000C75D05F8017D3746BB420E46F4D9082B38
:104B10000BD12368DE0708D5236961689942DEBF9F
:104B2000302305F8013C05F1FF35521B22614B464D
:104B300021464046CDF800A003AAFFF7DFFE013072
:104B40004CD14FF0FF3004B0BDE8F087344881F815
:104B500045702968236851F8046B29601D0614D537
:104B6000DF0744BF43F0200323601EB9236823F00E
:104B7000200323601023AFE7236843F02003236062
:104B80007823284884F84530E3E7590648BFB6B291
:104B9000E6E71546BBE72B682668181D61692860A3
:104BA00035061B6801D5196002E07006FBD5198037
:104BB000002315462361BAE72B6800211A1D2A60DD
:104BC0001D686268284600F02FF808B1401B60603D
:104BD00063682361002384F84330A8E72A464946E6
:104BE00040462369D0470130ABD023689B0713D4DC
:104BF000E068039B9842B8BF1846A4E701233246F9
:104C000049464046D04701309BD00135E3680399BF
:104C10005B1AAB42F2DCEBE7002504F11906F5E77D
:104C20003580010846800108034610B5C9B2024428
:104C30009342184601D1002003E0047801338C42EE
:104C4000F6D110BD884210B501EB020402D98442AE
:104C5000234607D8431EA14208D011F8012B03F8C0
:104C6000012FF8E7014602448A4200D110BD13F833
:104C7000014D02F8014DF7E738B50546002940D04F
:104C800051F8043C0C1F002BB8BFE41800F010F9D9
:104C90001C4A136833B9636014602846BDE8384085
:104CA00000F00CB9A34208D9206821188B4201BF3B
:104CB00019685B6809182160EDE71A465B680BB15B
:104CC000A342FAD911685018A0420BD120680144C0
:104CD000501883421160E0D118685B68014411608C
:104CE0005360DAE702D90C232B60D6E7206821183D
:104CF0008B4201BF19685B680918216063605460CA
:104D0000CBE738BDD037002070B50E4E0C46316869
:104D1000054611B900F0BCF830602146284600F085
:104D2000B7F8431C0AD0C41C24F00304A04207D0E7
:104D3000211A284600F0ACF8013001D14FF0FF34C1
:104D4000204670BDD43700202DE9F041CD1C25F060
:104D5000030508350C2D38BF0C25002D074601DB57
:104D6000A94205D90C2300263B603046BDE8F081FE
:104D70002E4E00F09DF833681C4634BB2946384659
:104D8000FFF7C2FF431C04464DD134682646002E6F
:104D900040D123683146384604EB030800F078F828
:104DA00080453AD1216803356D1A25F00305083591
:104DB0000C2D38BF0C2538462946FFF7A5FF0130DA
:104DC0002BD023682B4423600EE02268521B1ED494
:104DD0000B2A16D96119A342256018BF5960636870
:104DE00008BF316062514B60384604F10B0600F099
:104DF00065F826F00706231DF21AB6D09B1BA350B8
:104E0000B3E76268A3420CBF32605A60ECE7234606
:104E10006468B2E734467668B9E70C2338463B60ED
:104E200000F04CF8A1E72560DEE700BFD037002096
:104E30002DE9F041804614460E4621B91146BDE8E1
:104E4000F041FFF781BF2AB9FFF716FF2546284634
:104E5000BDE8F08100F038F88442074602D8B4EB90
:104E6000500F12D821464046FFF76EFF0546002836
:104E7000EDD0BC422246314628BF3A46FFF7ACFB94
:104E800031464046FFF7F8FEE1E73546DFE7000030
:104E900038B50023054D044608462B60FFF7ACFAF1
:104EA000431C02D12B6803B1236038BDD8370020E2
:104EB000014800F011B800BFDC370020014800F0C5
:104EC0000CB800BFDC37002051F8043C181F002B41
:104ED000BCBF0B58C018704770477047F8B500BF8B
:104EE000F8BC08BC9E467047F8B500BFF8BC08BCCB
:044EF0009E46704723
:104EF400E4BCA0E6849FE599A8E5878FE9809FE557
:104F04008A9FE883BDE5B7B2E5BC80E590AFEFBC0E
:104F14008CE8AFB7E585B3E997ADEFBC810000003D
:104F2400506C65617365207475726E206F666620BF
:104F340073656E736F7220646563656C657261740A
:104F4400696F6E2100000000E5BD93E5898DE6845C
:104F54009FE5BA94E599A8E6A8A1E5BC8FE4B88DCD
:104F6400E58FAFE98089E6ADA4E6A8A1E5BC8FEFA3
:104F7400BC81000046656564206D6F646520646FC4
:104F84006573206E6F7420737570706F7274207403
:104F940068697320666561747572652E000000008F
:104FA400C1AABBFAC4A3CABDBDFBD6B9B2D9D7F74F
:104FB400A3A100004F6E6C696E65206D6F6465205F
:104FC40070726F686962697473206F70657261745E
:104FD400696F6E2100000000C7EBD1A1D4F1D3C3E7
:104FE400BBA7A3A100000000506C6561736520732A
:104FF400656C65637420757365722100C7EBCAE440
:10500400C8EBC3DCC2EBA3A100000000506C6561D7
:10501400736520656E7465722070617373776F7247
:105024006421000020202020202000005573657298
:105034002020202000000000C3DCC2EBB4EDCEF33E
:105044000000000057726F6E672070617373776F92
:105054007264210056656E646F72202000000000A7
:10506400537570657220202000000000557365722E
:105074002020000056656E646F720000B5C7B3F659
:10508400D6D02E2E2E0000004C6F6767696E672005
:105094006F75742E2E2E0000D2D1CDCBB3F6B5C7CA
:1050A400C2BC00004C6F6767696E67206F7574003F
:1050B400D3C3BBA7B5C7C2BC00000000557365725B
:1050C400204C6F67696E0000C7EBCAE4C8EBBEC929
:1050D400C3DCC2EBA3A10000506C6561736520655D
:1050E4006E746572206F6C642070617373776F7275
:1050F40064210000C7EBCAE4C8EBD0C2C3DCC2EB36
:10510400A3A10000506C6561736520656E746572BF
:10511400206E65772070617373776F72642100006D
:10512400C7EBCAE4C8EBC8B7C8CFD0C2C3DCC2EB74
:10513400A3A10000506C6561736520656E7465728F
:105144002061206E65772070617373776F726420BD
:10515400746F20636F6E6669726D2100C3DCC2EBED
:10516400D0DEB8C4CDEAB3C9000000005061737347
:10517400776F7264206368616E676520636F6D701A
:105184006C657465642E0000C3DCC2EBB2BBD2BB99
:10519400D6C200005468652070617373776F7264BF
:1051A400732061726520696E636F6E7369737465D1
:1051B4006E742E0050617373776F7264206368613C
:1051C4006E676520636F6D706C65746564000000C4
:1051D400BFD5C5DCC4A3CABDD4CBD0D0D6D0A3A17F
:1051E400000000004167696E67206D6F6465206987
:1051F400732072756E6E696E67210000C7EBB5C8C7
:10520400B4FDB5B1C7B0B6AFD7F7BDE1CAF8A3A135
:10521400000000007761697420666F72207468650D
:105224002063757272656E7420616374696F6E2099
:10523400746F20656E642100CFC8CDA3D6B9C8CEE3
:10524400CEF1000053746F7020746865207461732C
:105254006B20666972737400C7D0BBBBB5BDBFD584
:10526400C5DCC4A3CABD2E00537769746368207477
:105274006F20616E696E67206D6F64652E0000009B
:10528400BAF3B3B7B9A6C4DCD2D1C6C1B1CEA3A117
:10529400000000004261636B2066756E6374696F81
:1052A4006E206973206E6F7420656E61626C656434
:1052B4002E000000CCE1CABED0C5CFA2A3BABAF377
:1052C400B3B7D0D0B3CC31CEB4C9E8D6C3A3A10010
:1052D4005469703A205265747265617420737472F3
:1052E4006F6B652031206973206E6F742073657451
:1052F40021000000C7EBCFC8B8B4CEBBA3A1000007
:10530400506C65617365207265736574206669729B
:1053140073742E00CFC8CDEAB3C9BAF3B3B7B6FEDF
:10532400B6CEA3A100000000436F6D706C65746578
:1053340020746865207365636F6E6420726574728F
:10534400656174206669727374210000C9CFCAD57F
:10535400C1CFB9A6C4DCCEB4C6F4D3C3A3A10000A4
:1053640055502052656379636C652066696C6D20C5
:1053740066656174757265206E6F7420656E616216
:105384006C65642E00000000C7EBCFC8B3F5CABC3F
:10539400BBAFB2D9D7F7A3A100000000506C656180
:1053A400736520696E697469616C697A65206669E0
:1053B4007273742100000000CFC2CAD5C1CFB9A650
:1053C400C4DCCEB4C6F4D3C3A3A100004C6F77658C
:1053D400722066696C6D2066656174757265206EF5
:1053E4006F7420656E61626C65642E00B7C5C1CFB1
:1053F400C6F4B6AFD0C5BAC500000000B7C5C1CF6A
:10540400CDA3D6B9D0C5BAC500000000556E7769E2
:105414006E64696E67207374617274207369676E59
:10542400616C0000556E77696E64696E67207374F1
:105434006F70207369676E616C000000B1B8D3C3EC
:1054440000000000537061726500000055707065C3
:10545400722066696C6D2066656174757265206E74
:105464006F7420656E61626C65642E00CAD5C1CF0D
:10547400C6F4B6AFD0C5BAC500000000CAD5C1CFC6
:10548400CDA3D6B9D0C5BAC50000000066696C6D5D
:10549400207374617274207369676E616C200000FC
:1054A40066696C6D2073746F70207369676E616CCC
:1054B40000000000B4ABB8D0C6F7BCF5CBD9B9A690
:1054C400C4DCD2D1BFAAC6F4A3ACC7EBB9D8B1D55A
:1054D400A3A10000506C65617365207475726E2021
:1054E4006F66662073656E736F7220646563656CA6
:1054F40065726174696F6E2100000000B5B1C7B0B8
:10550400B8D0D3A6C6F7C4A3CABDB2BBBFC9D1A184
:10551400B4CBC4A3CABDA3A1000000004665656462
:10552400206D6F646520646F6573206E6F742073E3
:105534007570706F72742074686973206665617425
:105544007572652E000000002020202020202020DD
:1055540020202020202020202020202000000000C7
:10556400D5FDD4DABBD6B8B4B3F6B3A7B2CECAFD70
:105574002E2E2E00526573746F72696E67206661F9
:1055840063746F727920706172616D657465727392
:105594002E2E2E00202020202020202020202020FD
:1055A40020202020202020202020202020202020F7
:1055B4002020202020202020202020200000000067
:1055C400BBD6B8B4CDEAB3C92C20C7EBB6CFB5E788
:1055D400D6D8C6F4A3A10000506C65617365207031
:1055E4006F776572206F666620616E6420726573E2
:1055F4007461727421000000CBCDC1CFCAA7B0DCA6
:10560400B2BBC7D0BBBBCDA3D6B9D2D1BFAAC6F457
:105614000000000046656564696E67206661696C18
:1056240075726520646F65736E277420737769746F
:1056340063682073746F7020697320656E61626C97
:1056440065640000C9CFB9E2CFCBCAB5CAB1CAE418
:10565400B3F6D3D0C1CFD0C5BAC5D2D1BFAAC6F490
:10566400A3A100004F70746963616C206669626570
:1056740072207265616C2D74696D65206F7574702C
:105684007574207369676E616C206973204F4E2EA8
:1056940000000000B4ABB8D0C6F7C6F8B8D7000015
:1056A400B4ABB8D0C6F7C6F8B8D7D4ADB5E3D0C557
:1056B400BAC50000B4ABB8D0C6F7C6F8B8D7B6AF11
:1056C400B5E3D0C5BAC5000053656E736F7220434D
:1056D400796C696E6465720053656E736F722063D2
:1056E400796C696E646572206F726967696E000017
:1056F40053656E736F722063796C696E6465722092
:105704006D6F76696E670000D7A2D2E2A3BABFAA12
:10571400C6F4B4CBC4A3CABDD3D0D2BBB6A8B5C457
:10572400CEA3CFD5A3A100004E6F74653A54757211
:105734006E696E672074686973206665617475723A
:1057440065206F6E2069732064616E6765726F7582
:10575400732E0000B4ABB8D0C6F7C6F8B8D7B9A654
:10576400C4DCD2D1BFAAC6F4A3ACC7EBB9D8B1D5B7
:10577400A3A10000506C65617365207475726E207E
:105784006F6666207468652073656E736F7220633C
:10579400796C696E6465722066756E6374696F6E88
:1057A40021000000CFC2B9E2CFCBBCECB2E2D0C53D
:1057B400BAC50000C9CFB9E2CFCBBCECB2E2D0C5C8
:1057C400BAC500004C6F77657220646574656374B4
:1057D400696F6E20666962657200000055707065BD
:1057E4007220646574656374696F6E2066696265AE
:1057F400720000004F70746963616C2066696265B1
:1058040072207265616C2D74696D65206F7574709A
:105814007574207369676E616C206973204F4E2123
:1058240000000000B1EAC7A9B6A8CEBBD0C5BAC56E
:1058340000000000BFAACABCBCF5CBD9D0C5BAC50C
:10584400000000004C6162656C206C6F63617469D8
:105854006F6E207369676E616C000000537461722F
:105864007420736C6F77646F776E207369676E61F1
:105874006C000000D7D4B6AFCBCDC1CFB9A6C4DC81
:10588400D2D1BFAAC6F4A3ACC7EBB9D8B1D5A3A1F2
:1058940000000000506C6561736520636C6F736574
:1058A40020746865206175746F6D61746963206626
:1058B400656564696E672066756E6374696F6E21D1
:1058C40000000000C4DAB2BFBCB1CDA3D0C5BAC5D4
:1058D40000000000496E7465726E616C20452D7382
:1058E400746F70207369676E616C0000B1EAC7A9B8
:1058F400D3D0CEDED0C5BAC5000000005265616CBD
:105904002D74696D6520746167207369676E616CBD
:105914000000000030303030303000003635343391
:10592400323100003732393138330000B5C8B4FDA4
:10593400BDE2B3FDBCB1CDA3A3A1A3A1A3A100006B
:10594400506C656173652072656C65617365207464
:10595400686520452D73746F7021212100000000BB
:10596400C1AABBFAC4A3CABDBDFBD6B9B2D9D7F785
:10597400A3A100004F6E6C696E65206D6F64652095
:1059840070726F686962697473206F706572617494
:10599400696F6E2100000000BFD5C5DCC4A3CABD79
:1059A400D4CBD0D0D6D0A3A1000000004167696E4B
:1059B40067206D6F64652069732072756E6E696E01
:1059C40067210000C7EBCFC8B8B4CEBBA3A10000C9
:1059D400506C6561736520726573657420666972C5
:1059E40073742E00D1B9C1CFC6F8B8D7C9ECB3F6D9
:1059F4002E000000546865207072657373696E67C9
:105A04002063796C696E64657220657874656E6470
:105A1400732E0000B0FEB5B6C2FDCBD9BAF3B3B74E
:105A2400BFAACABC2E000000536C6F772073747237
:105A3400697070696E67207374617274732E0000EC
:105A4400B0FEB5B6BAF3B3B7BFAACABC2E00000005
:105A5400537472697070696E6720626567696E73EA
:105A64002E000000B1A8BEAFD0C5CFA2A3BAB0FE2D
:105A7400C1CFBAF3B3B7CAA7B0DCA3A1000000003A
:105A8400416C61726D20696E666F3A4661696C653E
:105A94006420746F207065656C206261636B210003
:105AA400B0FEB5B6BAF3B3B7B5BDCEBB2E00000099
:105AB400537472697070696E6720636F6D706C6582
:105AC4007465642E00000000B5C8B4FDB0FEC1CFFB
:105AD400D0C5BAC5B6CFBFAA2E00000057616974FD
:105AE40020666F72207468652073747269707069BF
:105AF4006E67207369676E616C20746F20646973CC
:105B0400636F6E6E6563742E00000000B5C8B4FD4B
:105B140032B4CEB0FEC1CFD0C5BAC52E000000004D
:105B24005761697420666F722074686520736563B9
:105B34006F6E6420737472697070696E6720736924
:105B4400676E616C2E00000032B4CEB0FEB5B6BAFA
:105B5400F3B3B7BFAACABC2E00000000537461722D
:105B640074206F6620746865207365636F6E6420AB
:105B7400737472697070696E672E000032B4CEB0AF
:105B8400FEB5B6BAF3B3B7B5BDCEBB2E0000000068
:105B94005365636F6E6420737472697070696E67A5
:105BA40020636F6D706C657465642E00B0FEB5B6CD
:105BB400B8B4CEBBBFAACABC2E2E2E0053747269D1
:105BC4007070696E67207265736574207374617296
:105BD40074732E2E2E000000CBCDC1CFD6D02E2E26
:105BE4002E2E2E2E0000000046656564696E672E19
:105BF4002E2E0000B1A8BEAFD0C5CFA2A3BACEB49A
:105C0400BCECB2E2B5BDD4ADB5E3D0C5BAC5A3A171
:105C140000000000416C61726D20696E666F3A4E3F
:105C24006F206F726967696E207369676E616C209B
:105C3400646574656374656421000000B0FEB5B6E4
:105C4400B8B4CEBBBDE1CAF82E000000537472692B
:105C54007070696E6720726573657420636F6D7010
:105C64006C657465642E0000CCE1CABED0C5CFA2B9
:105C7400A3BACBCDC1CFCAA7B0DCA3ACBCECB2E213
:105C8400B5BDC1CFA3A10000546970733A466565E0
:105C940064696E67206661696C65642C206C61625E
:105CA400656C20646574656374656421000000009C
:105CB400C2FDCBD9D1B0B1EAD6D02E2E2E00000031
:105CC400496E20736C6F77207365617263682E0070
:105CD4002564000020202020202020200000000037
:105CE400CBCDC1CFCDEAB3C92E00000046656564B3
:105CF400696E6720636F6D706C657465642E000057
:105D0400CCE1CABED0C5CFA2A3BACBCDC1CFCAA75E
:105D1400B0DCA3ACCEB4BCECB2E2B5BDC1CFA3A1A0
:105D240000000000546970733A46656564696E67E3
:105D3400206661696C65642C206C6162656C206E00
:105D44006F742064657465637465642100000000E9
:105D5400B1A8BEAFD0C5CFA2A3BAC1CFB4F8D3C344
:105D6400CDEAA3ACC7EBB2B9B3E4D0C2C1CFA3A10F
:105D740000000000416C61726D20696E666F3A54D8
:105D84006865206D6174657269616C206F766572F7
:105D94002C706C6561736520616464206E65772086
:105DA4006D6174657269616C21000000CBCDC1CF57
:105DB400D6D02E2E2E000000B1A8BEAFD0C5CFA2E3
:105DC400A3BACBCDC1CFCAA7B0DCA3ACCEB4BCECD4
:105DD400B2E2B5BDC1CFA3A100000000416C617265
:105DE4006D20696E666F3A46656564696E67206604
:105DF40061696C65642C206C6162656C206E6F74E3
:105E0400206465746563746564210000BFD5C5DCD6
:105E1400BFAACABC2E2E2E00496E206167696E6728
:105E24002E2E2E00CBCDC1CFBDE1CAF82E0000002E
:105E3400B1DCBFAAD4ADB5E32E2E2E0041766F6936
:105E44006420746865206F726967696E2E2E2E0057
:105E5400BCECB2E2D4ADB5E32E2E2E004261636BEE
:105E640020746F206F726967696E2E00B1A8BEAF8F
:105E7400D0C5CFA2A3BAB1DCBFAAD4ADB5E3CAA73B
:105E8400B0DCA3A100000000416C61726D20696E5A
:105E9400666F3A4661696C656420746F2061766F41
:105EA4006964206F726967696E210000BBD8D4AD44
:105EB400B5E3CDEAB3C92E004261636B20746F2051
:105EC4006F726967696E20636F6D706C6574652E9F
:105ED40000000000BFD5C5DCC4A3CABDBDFBD6B954
:105EE400B2D9D7F7A3A100004167696E67206D6F2F
:105EF400646520696E686962697473206F70657285
:105F04006174696F6E210000C7EBB5C8B4FDB5B10B
:105F1400C7B0B6AFD7F7BDE1CAF8A3A1000000002F
:105F24007761697420666F72207468652063757286
:105F340072656E7420616374696F6E20746F20657E
:105F44006E64210030000000BBBBC1CFB6AFD7F7F1
:105F5400CDEAB3C92E000000546865206D617465F4
:105F64007269616C206368616E676520616374693E
:105F74006F6E20697320636F6D706C657465642146
:105F840000000000BBBBC1CFB6AFD7F7CDEAB3C9A1
:105F9400A3ACC7EBB8FCBBBBCEEFC1CFA3A1000041
:105FA400BFAACABCB3F5CABCBBAF2E00537461729E
:105FB4007420696E697469616C697A6174696F6E61
:105FC4002E000000C7E5B3FDBDBBBBA5D0C5BAC557
:105FD4002E000000436C65617220696E7465726105
:105FE4006374697665207369676E616C2E000000C6
:105FF400B8B4CEBBD6D02E2E2E0000004261636B07
:1060040020746F206F726967696E2E2E2E00000057
:10601400B3F5CABCBBAFCDEAB3C9A3A1000000006D
:10602400496E697469616C697A6174696F6E20691B
:106034007320636F6D706C6574652100B1A8BEAF89
:10604400CCE1CABEA3BAB0FEB5B6B8B4CEBBBCEC04
:10605400B2E2B5BDCEEFCCE5A3A10000416C617204
:106064006D20696E666F3A20537472697070696E40
:1060740067206B6E6966652072657365742064655C
:10608400746563746564206F626A656374210000DB
:10609400B1A8BEAFD0C5CFA2A3BACBCDC1CFD0D00B
:1060A400B3CCD7DFCDEAA3ACCEB4BCECB2E2B5BD81
:1060B400D3D0C1CFA3A10000416C61726D20696E81
:1060C400666F3A66656564696E67206F7672652CE3
:1060D4006E6F206D6174657269616C2069732064F0
:1060E4006574656374656421000000005549BDF45E
:1060F400BCB1CDA3D6B9B6AFD7F7A3A100000000B9
:10610400554920452D73746F7020616374696F6EF7
:1061140021000000CDE2B2BF494FCDA3D6B9B6AF3E
:10612400D7F7A3A10000000045787465726E616C16
:1061340020494F2073746F7020616374696F6E2EF1
:1061440000000000B4A5B7A2BCB1CDA3A3ACCDA3FD
:10615400D6B9CBF9D2D4B6AFD7F7A3A100000000CB
:106164005472696767657220656D657267656E63F1
:10617400792073746F702C2073746F7020616C6C51
:1061840020616374696F6E73210000005549CDA3CB
:10619400D6B9B6AFD7F7A3A10000000055492073C4
:1061A400746F7020616374696F6E2E00D1B9C1CFB2
:1061B400C6F8B8D7D1B9BDF42E000000D1B9C1CF0B
:1061C400C6F8B8D7CBF5BBD82E00000054686520BC
:1061D4007072657373696E672063796C696E646548
:1061E400722072657472616374732E00D1B9C1CF69
:1061F400C6F8B8D7CBC9BFAA2E000000B4ABB8D03C
:10620400C6F7C6F8B8D7C9ECB3F62E0054686520B3
:1062140053656E736F722063796C696E6465722066
:10622400657874656E64732E00000000B1A8BEAF7B
:10623400D0C5CFA2A3BAB4ABB8D0C6F7C6F8B8D706
:10624400C9ECB3F6D2ECB3A3A3A10000416C617214
:106254006D20696E666F3A61626E6F726D616C205B
:10626400657874656E73696F6E206F662073656EF2
:10627400736F722063796C696E646572210000002B
:10628400B4ABB8D0C6F7C6F8B8D7CBF5BBD82E0098
:106294005468652053656E736F722063796C696E00
:1062A4006465722072657472616374732E000000F9
:1062B400B1A8BEAFD0C5CFA2A3BAB4ABB8D0C6F70D
:1062C400C6F8B8D7CBF5BBD8D2ECB3A321000000F5
:1062D400416C61726D20696E666F3A61626E6F72B5
:1062E4006D616C207265747261637473206F6620D3
:1062F40073656E736F722063796C696E6465722165
:1063040000000000BCD0C1CFC6F8B8D7CBF5BBD8CD
:106314002E000000BCD0C1CFC6F8B8D7CBC9BFAAE5
:106324002E000000BCD0C1CFC6F8B8D7BCD0BDF495
:106334002E000000C7D0BBBBB5BDC1AABBFAC4A325
:10634400CABD2E0053776974636820746F206F6E22
:106354006C696E65206D6F64652E0000CCE1CABE69
:10636400D0C5CFA2A3BAC7EBCFC8B3F5CABCB6AFEA
:10637400D7F72E00546970733A506C6561736520C9
:10638400696E697469616C697A652066697273748F
:106394002E000000C7D0BBBBB5BDB5F7CAD4C4A39B
:1063A400CABD2E0053776974636820746F206465D6
:1063B400627567206D6F64652E000000CBCDC1CF80
:1063C400CEA2B5F7CDEAB3C92E00000046656564D8
:1063D4002066696E652D74756E696E6720636F6DD6
:1063E400706C657465642E00B0FEC1CFCEA2B5F7A3
:1063F400CDEAB3C92E000000537472697070696EDF
:10640400672066696E652D74756E696E6720636FAB
:106414006D706C657465642E00000000B1A8BEAF99
:10642400D0C5CFA2A3BACBCDC1CFC7FDB6AFC6F7F7
:10643400B1A8BEAFA3A10000416C61726D20696E6A
:10644400666F3A46656564696E672064726976654D
:106454007220616C61726D2100000000B1A8BEAFB2
:10646400D0C5CFA2A3BAB0FEC1CFC7FDB6AFC6F7A1
:10647400B1A8BEAFA3A10000416C61726D20696E2A
:10648400666F3A20537472697070696E6720647223
:106494006976657220616C61726D21002020202074
:1064A40020202020202020202020202020202020E8
:1064B40020202020202020202020202020202020D8
:1064C40020202020202020202020202020202000E8
:1064D40020202020202020202020202020202020B8
:1064E40020202020202020202020202020202020A8
:1064F4002020202020202020202020202020202098
:10650400202000005AA5058200000000B2CECAFD7A
:10651400D4BDBDE72CC9E8D6C3B7B6CEA7312D325A
:1065240030300000506172616D657465722069736A
:1065340020696E76616C69642C73657474696E6726
:106544002072616E67653A312D32303000000000F0
:10655400B2CECAFDD4BDBDE72CC9E8D6C3B7B6CE0A
:10656400A7312D3135300000506172616D6574655D
:106574007220697320696E76616C69642C7365742A
:1065840074696E672072616E67653A312D313530FA
:1065940000000000B2CECAFDD4BDBDE72CC9E8D6C8
:1065A400C3B7B6CEA7322D3230303000506172619D
:1065B4006D6574657220697320696E76616C6964B7
:1065C4002C73657474696E672072616E67653A3204
:1065D4002D32303030000000B2CECAFDD4BDBDE74C
:1065E4002CC9E8D6C3B7B6CEA7302D33303000005F
:1065F400506172616D6574657220697320696E768D
:10660400616C69642C73657474696E672072616E61
:1066140067653A302D33303000000000B2CECAFD39
:10662400D4BDBDE72CC9E8D6C3B7B6CEA7302D3547
:1066340030300000506172616D6574657220697359
:1066440020696E76616C69642C73657474696E6715
:106654002072616E67653A302D35303000000000DD
:10666400B2CECAFDD4BDBDE72CC9E8D6C3B7B6CEF9
:10667400A7312D3130300000506172616D65746551
:106684007220697320696E76616C69642C73657419
:1066940074696E672072616E67653A312D313030EE
:1066A40000000000B2CECAFDD4BDBDE72CC9E8D6B7
:1066B400C3B7B6CEA7302D313000000050617261EF
:1066C4006D6574657220697320696E76616C6964A6
:1066D4002C73657474696E672072616E67653A30F5
:1066E4002D313000B2CECAFDD4BDBDE72CC9E8D6E9
:1066F400C3B7B6CEA7312D39393900005061726164
:106704006D6574657220697320696E76616C696465
:106714002C73657474696E672072616E67653A31B3
:106724002D39393900000000B2CECAFDD4BDBDE711
:106734002CC9E8D6C3B7B6CEA7302E312D322E35AC
:1067440000000000506172616D65746572206973A8
:1067540020696E76616C69642C73657474696E6704
:106764002072616E67653A302E312D322E3500006D
:10677400B2CECAFDD4BDBDE72CC9E8D6C3B7B6CEE8
:10678400A7312D3400000000506172616D6574659D
:106794007220697320696E76616C69642C73657408
:1067A40074696E672072616E67653A312D3400003A
:1067B4002A2A2A2A2A2A00005573657220202020BA
:1067C4000000000056656E646F7220200000000017
:1067D400537570657220202000000000D3C3BBA74E
:1067E400B5C7C2BC0000000055736572204C6F67CA
:1067F400696E0000D1B9C1CFC6F8B8D70000000057
:10680400BCD0C1CFC6F8B8D700000000B4ABB8D034
:10681400C6F7C6F8B8D70000B1B8D3C3000000006B
:10682400B3F5CABCBBAFCDEAB3C9D0C5BAC5000085
:10683400D2ECB3A3B1A8BEAFD0C5BAC50000000066
:10684400B0FEC1CFCDEAB3C9D0C5BAC500000000BF
:1068540020CBCDC1CFCDEAB3C9D0C5BAC520000085
:10686400CBCDC1CFD0C5BAC500000000B0FEC1CFAA
:10687400D0C5BAC500000000B3F5CABCBBAFD0C5D3
:10688400BAC50000CDA3D6B9D0C5BAC52000000052
:10689400BAF3B3B7BEEDCABDB9A9C1CFC6F70000FC
:1068A4004152442D4C42482D41322D41452D434EF9
:1068B400454E00004152442D32324D2D313249387B
:1068C4004F2D41452D41000056312E302E342032BB
:1068D4003032363033313900B9A9C1CFC6F7D4AD1F
:1068E400B5E3D0C5BAC50000B1EAC7A9B6A8CEBB06
:1068F400D0C5BAC500000000BFAACABCBCF5CBD93C
:10690400D0C5BAC500000000B1EAC7A9D3D0CEDE15
:10691400D0C5BAC500000000CFC2B9E2CFCBBCECF1
:10692400B2E2D0C5BAC50000C9CFB9E2CFCBBCEC46
:10693400B2E2D0C5BAC50000B1EAC7A9BEEDC1CF65
:10694400BCECB2E2D0C5BAC500000000CAD5C1CFC4
:10695400C6F4B6AFD0C5BAC500000000CAD5C1CFD1
:10696400CDA3D6B9D0C5BAC500000000B7C5C1CF04
:10697400C6F4B6AFD0C5BAC500000000B7C5C1CFD4
:10698400CDA3D6B9D0C5BAC500000000B4ABB8D009
:10699400C6F7C6F8B8D7D4ADB5E3D0C5BAC50000BC
:1069A400B4ABB8D0C6F7C6F8B8D7B6AFB5E3D0C560
:1069B400BAC50000B0FEB5B6B8B4CEBBBCECB2E20A
:1069C400D0C5BAC500000000C4DAB2BFBCB1CDA3C3
:1069D400D0C5BAC500000000456E676C69736800D5
:1069E40050726573732043796C696E64657200003C
:1069F400436C616D702043796C696E64657200004C
:106A040053656E736F722043796C696E64657200AE
:106A1400537061726500000020496E697469616C8D
:106A2400697A65204F4B000041626E6F726D616C34
:106A340020616C61726D0000537472697020636F21
:106A44006D706C6574650000204665656420636F35
:106A54006D706C65746500004665656420736967D4
:106A64006E616C00537472697070696E672073692B
:106A7400676E616C00000000496E697469616C693D
:106A84007A6174696F6E207369676E616C000000CF
:106A940053746F70207369676E616C005265747211
:106AA40061637461626C6520726F6C6C20666565ED
:106AB40064657200466565646572206F7269676912
:106AC4006E207369676E616C000000004C61626542
:106AD4006C206C6F636174696F6E207369676E619B
:106AE4006C000000537461727420736C6F77646F70
:106AF400776E207369676E616C0000005265616C8B
:106B04002D74696D6520746167207369676E616CAB
:106B1400000000004C6F77657220646574656374CF
:106B2400696F6E2066696265720000005570706559
:106B34007220646574656374696F6E20666962654A
:106B4400720000004C6162656C20726F6C6C206492
:106B54006574656374696F6E207369676E616C0038
:106B640066696C6D207374617274207369676E61F9
:106B74006C20000066696C6D2073746F70207369FB
:106B8400676E616C00000000556E77696E64696E13
:106B940067207374617274207369676E616C00009E
:106BA400556E77696E64696E672073746F702073B5
:106BB40069676E616C00000053656E736F722063C9
:106BC400796C696E646572206F726967696E000022
:106BD40053656E736F722063796C696E646572209D
:106BE4006D6F76696E670000416E74692D70696E11
:106BF400636820646574656374696F6E2073696784
:106C04006E616C00496E7465726E616C20452D7303
:106C1400746F70207369676E616C0000D6D0CEC447
:106C24000000000002030405060708090A0B0C0D06
:106C34000E0F1010D3C3BBA7B5C7C2BC0000000021
:106C4400CFB5CDB3D7D4B6AFCDCBB3F6B3C9B9A610
:106C54002E00000055736572204C6F67696E00004A
:106C64004175746F20657869747320737563636507
:106C7400737366756C6C792E000000002020202050
:106C8400202020200000000030000000CCE1CABE1B
:106C9400D0C5CFA2A3BAB5C8B4FDBDE2B3FDBCB1A3
:106CA400CDA3A3A100000000546970733A57616931
:106CB40074696E6720666F722072656C65617365B6
:106CC40020452D73746F702100000000CCE1CABE12
:106CD400D0C5CFA2A3BABDE2B3FDBCB1CDA3A3A1DD
:106CE40000000000546970733A52656C6561736505
:106CF40020452D73746F702100000000CCE1CABEE2
:106D0400D0C5CFA2A3BAB5C8B4FDBDE2B3FDCDE2F0
:106D1400B2BFBCB1CDA3A3A100000000546970733D
:106D24003A45787465726E616C2065787465726E2C
:106D3400616C20452D73746F7020737461746521C8
:106D440000000000CCE1CABED0C5CFA2A3BABDE208
:106D5400B3FDCDE2B2BFBCB1CDA3A3A1000000003E
:106D6400546970733A52656C656173652065787413
:106D740065726E616C20452D73746F702100000084
:106D8400C7D0BBBBB5BDC1AABBFAC4A3CABD2E0044
:106D940053776974636820746F206F6E6C696E65D5
:106DA400206D6F64652E0000D7D4B6AFCBCDC1CFB4
:106DB400D6D02E2E2E0000004175746F6D6174695B
:106DC400632066656564696E672E2E2E00000000E0
:106DD400C7EBCFC8B8B4CEBBA3A10000506C6561AB
:106DE40073652072657365742066697273742E000E
:106DF400CCE1CABED0C5CFA2A3BABAF3B3B7D0D040
:106E0400B3CC31CEB4C9E8D6C3A3A1005469703A57
:106E14002052657472656174207374726F6B65209F
:106E240031206973206E6F74207365742100000033
:106E3400BAF3B3B7B9A6C4DCD2D1C6C1B1CEA3A14B
:106E4400000000004261636B2066756E6374696FB5
:106E54006E206973206E6F7420656E61626C656468
:106E64002E000000211FF43DD8F0F43D8FC2F53D03
:106E7400B4C8F63D6B9AF73D226CF83DD93DF93D17
:106E8400FE43FA3DB515FB3D6DE7FB3D91EDFC3D41
:106E940048BFFD3D0091FE3D2497FF3D6E34003E0A
:106EA400499D003E5C20013E3789013E4A0C023E6A
:106EB4002575023E38F8023E1361033E26E4033E84
:106EC400014D043E14D0043EEF38053E02BC053E9D
:106ED400DD24063EF0A7063ECB10073EDE93073EB8
:106EE400B9FC073ECC7F083EDE02093EBA6B093E80
:106EF400CCEE093EDE710A3EBADA0A3ECC5D0B3EA8
:106F0400DFE00B3EF1630C3ECDCC0C3EDF4F0D3E7B
:106F1400F2D20D3E04560E3EE0BE0E3EF2410F3E4E
:106F240005C50F3E1748103E29CB103E3C4E113E7E
:106F340017B7113E2A3A123E3CBD123E4F40133E53
:106F440061C3133E7446143E86C9143E984C153EE4
:106F5400ABCF153EBD52163ED0D5163EE258173E75
:106F6400F5DB173E075F183E19E2183E2C65193E03
:106F74003EE8193E516B1A3E9A081B3EAC8B1B3EF1
:106F8400BF0E1C3ED1911C3EE4141D3EF6971D3EDF
:106F94003F351E3E52B81E3E643B1F3E77BE1F3E29
:106FA400C05B203ED3DE203EE561213E2EFF213E24
:106FB4004182223E5305233E9CA2233EAF25243E1C
:106FC400C1A8243E0B46253E1DC9253E6666263EC5
:106FD40079E9263EC286273ED509283E1EA7283ECB
:106FE400302A293E7AC7293E8C4A2A3ED5E72A3ED2
:106FF400E86A2B3E31082C3E448B2C3E8D282D3ED6
:10700400D6C52D3EE9482E3E32E62E3E7B832F3EEA
:107014008E06303ED7A3303E2041313E33C4313E4C
:107024007C61323EC5FE323E0F9C333E5839343EBD
:107034006ABC343EB459353EFDF6353E4694363E80
:107044009031373ED9CE373E226C383E35EF383E4C
:107054007E8C393EC7293A3E11C73A3E5A643B3EBC
:10706400A3013C3EED9E3C3E363C3D3E7FD93D3E39
:10707400C9763E3E12143F3E5BB13F3EDC68403E63
:107084002506413E6EA3413EB840423E01DE423EEB
:107094004A7B433E9318443E14D0443E5D6D453EC6
:1070A400A60A463EF0A7463E705F473EB9FC473EFF
:1070B400029A483E4C37493ECCEE493E158C4A3E36
:1070C40096434B3EDFE04B3E287E4C3EA8354D3E7A
:1070D400F2D24D3E728A4E3EBB274F3E05C54F3E0F
:1070E400857C503ECE19513E4ED1513E986E523E53
:1070F4001826533E98DD533EE17A543E6132553EA4
:10710400ABCF553E2B87563EAB3E573EF5DB573E45
:107114007593583EF54A593E3EE8593EBE9F5A3E45
:107124003F575B3E88F45B3E08AC5C3E88635D3E43
:10713400091B5E3E89D25E3ED26F5F3E5227603E9F
:10714400D3DE603E5396613ED34D623E5305633EAB
:10715400D3BC633E1D5A643E9D11653E1DC9653E08
:107164009D80663E1D38673E9EEF673E1EA7683EC3
:107174009E5E693E1E166A3E9FCD6A3E569F6B3EDA
:10718400D6566C3E560E6D3ED6C56D3E567D6E3E51
:10719400D7346F3E57EC6F3E0EBE703E8E75713E17
:1071A4000E2D723E8FE4723E0F9C733EC66D743E8C
:1071B4004625753EC6DC753E7DAE763EFE65773E61
:1071C4007E1D783E35EF783EB5A6793E355E7A3E33
:1071D400EC2F7B3E6DE77B3E24B97C3EA4707D3E64
:1071E40024287E3EDBF97E3E5BB17F3E8941803EB2
:1071F400499D803E2506813EE561813EC1CA813EAE
:107204009C33823E5C8F823E38F8823EF853833E44
:10721400D3BC833EAF25843E6F81843E4BEA843EDB
:107224002653853EE6AE853EC217863E9D80863E49
:1072340079E9863E3945873E14AE873EF016883E8E
:10724400CC7F883EA7E8883E8351893E43AD893E82
:107254001E168A3EFA7E8A3ED5E78A3EB1508B3EA0
:107264008CB98B3E68228C3E448B8C3E1FF48C3E42
:10727400FB5C8D3ED6C58D3EB22E8E3E8D978E3EE6
:1072840069008F3E44698F3E20D28F3EFB3A903E88
:10729400D7A3903EB30C913E8E75913E85EB913E03
:1072A4006154923E3CBD923E1826933EF38E933E2B
:1072B400EA04943EC66D943EA1D6943E7D3F953E2D
:1072C40058A8953E4F1E963E2B87963E07F0963E55
:1072D400FE65973ED9CE973EB537983EACAD983E05
:1072E4008716993E7E8C993E5AF5993E355E9A3EB4
:1072F4002CD49A3E083D9B3EFFB29B3EDA1B9C3E3B
:10730400D1919C3EADFA9C3EA4709D3E7FD99D3E9A
:10731400764F9E3E52B89E3E492E9F3E24979F3EF6
:107324001B0DA03E1283A03EEEEBA03EE561A13E04
:10733400C1CAA13EB840A23EAEB6A23E8A1FA33E39
:107344008195A33E780BA43E6F81A43E4BEAA43EF4
:107354004260A53E39D6A53E304CA63E0BB5A63EAE
:10736400022BA73EF9A0A73EF016A83EE78CA83E44
:10737400C3F5A83EBA6BA93EB1E1A93EA857AA3EFF
:107384009FCDAA3E9643AB3E8CB9AB3E832FAC3E19
:107394007AA5AC3E560EAD3E4D84AD3E44FAAD3EAC
:1073A4003B70AE3E32E6AE3E295CAF3E20D2AF3EED
:1073B4001748B03E0EBEB03E2041B13E17B7B13EB5
:1073C4000E2DB23E05A3B23EFC18B33EF38EB33E7F
:1073D400EA04B43EE17AB43ED8F0B43ECF66B53E9A
:1073E400E2E9B53ED95FB63ED0D5B63EC74BB73E0F
:1073F400BEC1B73ED044B83EC7BAB83EBE30B93EAF
:10740400B5A6B93EAC1CBA3EBE9FBA3EB515BB3E4E
:10741400AC8BBB3EBF0EBC3EB684BC3EADFABC3E9C
:10742400BF7DBD3EB6F3BD3EAD69BE3EC0ECBE3EC3
:10743400B762BF3EAED8BF3EC05BC03EB7D1C03E10
:10744400AE47C13EC1CAC13EB840C23ECAC3C23E35
:10745400C139C33ED3BCC33ECA32C43EC1A8C43E34
:10746400D42BC53ECBA1C53EDD24C63ED49AC63E30
:10747400E71DC73EDE93C73EF016C83EE78CC83E04
:10748400F90FC93EF085C93E0309CA3E158CCA3EB0
:107494000C02CB3E1F85CB3E16FBCB3E287ECC3E5A
:1074A4003B01CD3E3277CD3E44FACD3E3B70CE3EDD
:1074B4004DF3CE3E6076CF3E57ECCF3E696FD03E63
:1074C4007CF2D03E7368D13E85EBD13E986ED23EBD
:1074D4008FE4D23EA167D33EB3EAD33EAA60D43E42
:1074E400BDE3D43ECF66D53EE2E9D53ED95FD63E74
:1074F400EBE2D63EFE65D73E10E9D73E075FD83EA5
:1075040019E2D83E2C65D93E3EE8D93E355EDA3ED6
:1075140048E1DA3E5A64DB3E6DE7DB3E7F6ADC3EDF
:1075240076E0DC3E8863DD3E9BE6DD3EAD69DE3E13
:10753400C0ECDE3EB762DF3EC9E5DF3EDC68E03E1C
:10754400EEEBE03E006FE13E13F2E13E2575E23ED4
:107554001CEBE23E2F6EE33E41F1E33E5474E43E05
:1075640066F7E43E787AE53E8BFDE53E9D80E63E97
:10757400B003E73EA779E73EB9FCE73ECC7FE83E9F
:10758400DE02E93EF085E93E0309EA3E158CEA3E57
:10759400280FEB3E3A92EB3E4D15EC3E5F98EC3EE5
:1075A400711BED3E849EED3E9621EE3EA9A4EE3E77
:1075B400A01AEF3EB29DEF3EC520F03ED7A3F03EA9
:1075C400E926F13EFCA9F13E0E2DF23E21B0F23E39
:1075D4003333F33E46B6F33E5839F43E6ABCF43EC8
:1075E4007D3FF53E8FC2F53EA245F63EB4C8F63E59
:1075F400C74BF73ED9CEF73EEC51F83EFED4F83EE9
:107604001058F93E23DBF93E355EFA3E48E1FA3E76
:107614005A64FB3E6DE7FB3E7F6AFC3E91EDFC3E07
:10762400A470FD3EB6F3FD3EC976FE3EDBF9FE3E98
:10763400EE7CFF3E0000003F8941003F1283003F83
:107644009CC4003F2506013FAE47013F3789013FF7
:10765400C1CA013F4A0C023FD34D023F5C8F023F37
:10766400E5D0023F6F12033FF853033F8195033F78
:107674000AD7033F9318043F1D5A043FA69B043FB7
:107684002FDD043FB81E053F4260053FCBA1053FF7
:1076940054E3053FDD24063F6666063FF0A7063F38
:1076A40079E9063F022B073F8B6C073F14AE073F77
:1076B4009EEF073F2731083FB072083FACAD083F4B
:1076C40035EF083FBE30093F4772093FD0B3093F49
:1076D4005AF5093FE3360A3F6C780A3FF5B90A3F89
:1076E4007FFB0A3F083D0B3F917E0B3F1AC00B3FC7
:1076F400A3010C3F2D430C3F287E0C3FB1BF0C3F30
:107704003B010D3FC4420D3F4D840D3FD6C50D3F97
:107714005F070E3FE9480E3F728A0E3F6DC50E3F6C
:10772400F7060F3F80480F3F098A0F3F92CB0F3F68
:107734001B0D103FA54E103FA089103F29CB103FD1
:10774400B30C113F3C4E113FC58F113FC1CA113FCD
:107754004A0C123FD34D123F5C8F123FE5D0123FCB
:10776400E10B133F6A4D133FF38E133F7DD0133F5C
:10777400780B143F014D143F8A8E143F14D0143FEC
:107784000F0B153F984C153F228E153FABCF153F7D
:10779400A60A163F304C163FB98D163FB4C8163FA3
:1077A4003D0A173FC74B173FC286173F4BC8173FC9
:1077B400D509183FD044183F5986183FE3C7183FEE
:1077C400DE02193F6744193F637F193FECC0193F3C
:1077D40075021A3F713D1A3FFA7E1A3FF5B91A3FF6
:1077E4007FFB1A3F083D1B3F03781B3F8CB91B3FAF
:1077F40088F41B3F11361C3F0D711C3F96B21C3F91
:1078040091ED1C3F1B2F1D3F166A1D3F9FAB1D3F73
:107814009BE61D3F96211E3F20631E3F1B9E1E3F7D
:10782400A4DF1E3FA01A1F3F295C1F3F24971F3F60
:1078340020D21F3FA913203FA54E203FA089203FFF
:1078440029CB203F2506213F2041213FAA82213F09
:10785400A5BD213FA1F8213F2A3A223F2575223FA9
:1078640021B0223FAAF1223FA52C233FA167233F49
:107874009CA2233F98DD233F211F243F1D5A243F10
:107884001895243F14D0243F0F0B253F984C253FD7
:107894009487253F8FC2253F8BFD253F8638263FA1
:1078A4008273263F7DAE263F79E9263F7424273F25
:1078B400705F273FF9A0273FF5DB273FF016283FED
:1078C400EC51283FE78C283FE3C7283FDE02293FDD
:1078D400D93D293FD578293F43AD293F3EE8293F8B
:1078E4003A232A3F355E2A3F31992A3F2CD42A3F36
:1078F400280F2B3F234A2B3F1F852B3F8CB92B3F4F
:1079040088F42B3F832F2C3F7F6A2C3F7AA52C3F92
:10791400E8D92C3FE4142D3FDF4F2D3FDB8A2D3F68
:1079240048BF2D3F44FA2D3F3F352E3F3B702E3F3D
:10793400A9A42E3FA4DF2E3FA01A2F3F0E4F2F3FA6
:10794400098A2F3F77BE2F3F72F92F3F6E34303FA5
:10795400DC68303FD7A3303F45D8303F4013313F38
:10796400AE47313FAA82313F17B7313F13F2313F5F
:107974008126323F7C61323FEA95323FE5D0323F87
:107984005305333FC139333FBC74333F2AA9333FD6
:1079940026E4333F9318343F014D343FFD87343F91
:1079A4006ABC343FD8F0343FD42B353F4260353F76
:1079B400AF94353F1DC9353F8BFD353F8638363F83
:1079C400F46C363F62A1363FD0D5363F3D0A373F8F
:1079D4003945373FA779373F14AE373F82E2373F07
:1079E400F016383F5E4B383FCC7F383F39B4383FD0
:1079F400A7E8383F151D393F8351393FF085393F9A
:107A04005EBA393FCCEE393F3A233A3FA8573A3F62
:107A1400158C3A3F83C03A3FF1F43A3F5F293B3F2C
:107A24003F573B3FAC8B3B3F1AC03B3F88F43B3F47
:107A3400F6283C3F645D3C3F448B3C3FB1BF3C3F38
:107A44001FF43C3F8D283D3F6D563D3FDB8A3D3F53
:107A540048BF3D3F29ED3D3F96213E3F04563E3F02
:107A6400E4833E3F52B83E3F32E63E3FA01A3F3FDA
:107A74000E4F3F3FEE7C3F3F5BB13F3F3BDF3F3F1D
:107A8400A913403F8941403FF775403FD7A3403F8A
:107A9400B7D1403F2506413F0534413F7368413F1C
:107AA4005396413F33C4413FA1F8413F8126423FB1
:107AB4006154423FCE88423FAEB6423F8FE4423FDC
:107AC400FC18433FDC46433FBC74433F9CA2433F06
:107AD4007DD0433FEA04443FCA32443FAA60443F56
:107AE4008A8E443F6ABC443F4BEA443F2B18453FCF
:107AF400984C453F787A453F58A8453F39D6453F8D
:107B04001904463FF931463FD95F463FB98D463F98
:107B140099BB463F79E9463FCB10473FAB3E473FD1
:107B24008B6C473F6B9A473F4BC8473F2BF6473F09
:107B34000B24483F5E4B483F3E79483F1EA7483FD1
:107B4400FED4483FDE02493F302A493F1058493F9E
:107B5400F085493F43AD493F23DB493F03094A3F91
:107B640055304A3F355E4A3F158C4A3F68B34A3F19
:107B740048E14A3F9A084B3F7A364B3F5A644B3FA1
:107B8400AC8B4B3F8CB94B3FDFE04B3FBF0E4C3FC0
:107B940011364C3F645D4C3F448B4C3F96B24C3F96
:107BA40076E04C3FC8074D3F1B2F4D3FFB5C4D3FDC
:107BB4004D844D3F2DB24D3F7FD94D3FD2004E3FB6
:107BC40024284E3F04564E3F567D4E3FA9A44E3FB7
:107BD400FBCB4E3FDBF94E3F2D214F3F80484F3FBB
:107BE400D26F4F3F24974F3F77BE4F3FC9E54F3F7A
:107BF400A913503FFB3A503F4E62503FA089503F7B
:107C0400F2B0503F45D8503F97FF503FE926513FCF
:107C14003C4E513F8E75513FE09C513F33C4513F20
:107C2400F7E4513F4A0C523F9C33523FEE5A523FC5
:107C34004182523F93A9523FE5D0523FAAF1523FAD
:107C4400FC18533F4F40533FA167533FF38E533FBC
:107C5400B8AF533F0AD7533F5DFE533F211F543FF4
:107C64007446543FC66D543F8A8E543FDDB5543F2D
:107C74002FDD543FF4FD543F4625553F0B46553FF9
:107C84005D6D553F228E553F74B5553F39D6553FEE
:107C94008BFD553F4F1E563FA245563F6666563FE5
:107CA400B98D563F7DAE563FD0D5563F94F6563FDC
:107CB4005917573FAB3E573F705F573F3480573F8C
:107CC40087A7573F4BC8573F10E9573F6210583FAB
:107CD4002731583FEC51583FB072583F029A583FF1
:107CE400C7BA583F8CDB583F50FC583F151D593FCD
:107CF400D93D593F2C65593FF085593FB5A6593FA9
:107D04007AC7593F3EE8593F03095A3FC7295A3FAA
:107D14008C4A5A3F516B5A3F158C5A3FDAAC5A3F42
:107D24009FCD5A3F63EE5A3F280F5B3FEC2F5B3FDA
:107D3400B1505B3F76715B3F3A925B3F71AC5B3F06
:107D440036CD5B3FFAED5B3FBF0E5C3F832F5C3F5C
:107D540048505C3F7F6A5C3F448B5C3F08AC5C3FAF
:107D6400CDCC5C3F04E75C3FC8075D3F8D285D3F99
:107D740052495D3F88635D3F4D845D3F12A55D3F81
:107D840048BF5D3F0DE05D3FD2005E3F091B5E3F93
:107D9400CD3B5E3F04565E3FC9765E3F00915E3F39
:107DA400C4B15E3FFBCB5E3FC0EC5E3FF7065F3F76
:107DB400BB275F3FF2415F3FB7625F3FEE7C5F3FAF
:107DC400B29D5F3FE9B75F3FAED85F3FE5F25F3FEB
:107DD4001B0D603FE02D603F1748603F4E62603FDF
:107DE4001283603F499D603F80B7603F45D8603F44
:107DF4007CF2603FB30C613FE926613FAE47613FCF
:107E0400E561613F39080108CD1201082D1401080C
:107E14008D15010819080108AD1201080D14010897
:107E24006D1501088813F4018813F4018813D00731
:107E34008813F401B80B0000280003007800030045
:107E4400200003007800030000000000A00F881346
:107E54000000B80B0000B80B001001400002000045
:107E6400001001400001000000100140400000002B
:107E74000010014080000000001401408000000058
:107E84000010014000080000001401404000000000
:107E94000010014000100000000C014080000000B0
:107EA400000C014008000000000C0140200000000C
:107EB400000C014010000000001801400400000004
:107EC40000180140200000000018014008000000D4
:107ED4000018014010000000000C014020000000C8
:107EE400000C0140100000000014014008000000D4
:107EF40000140140040000000014014002000000CE
:107F0400001401400100000000080140800000004E
:107F1400000801404000000000180140010000007A
:107F24000018014002000000001401400004000099
:107F34000014014000020000001401400001000090
:107F4400000C0140008000000018014040000000C7
:107F540000100140002000000010014000800000DB
:107F640000140140008000000014014020000000C3
:107F74000014014010000000001001400004000043
:107F8400000801400080000000140140004000008F
:107F94000014014000200000001401400010000003
:107FA4000014014000080000001801400010000007
:107FB40000180140002000000018014000400000AB
:107FC4000018014000800000001801400008000073
:107FD40000180140000400000018014000020000E5
:107FE400001801400001000000180140800000005A
:107FF400000C0140020000000010014020000000BD
:10800400001001401000000000000000000000000B
:10801400010203040607080900000000010203042A
:10802400232D302B2000686C4C006566674546475D
:1080340000303132333435363738394142434445E0
:10804400460030313233343536373839616263644F
:04805400656600005D
:0480580055010008C6
:04805C0031010008E6
:1080600000037D000000FFFF00037D000001FFFF13
:1080700000037D010000FFFF00037D010001FFFF01
:1080800000037D020000FFFF00037D020001FFFFEF
:1080900000037D030000FFFF00037D030001FFFFDD
:1080A00000037D040000FFFF00037D040001FFFFCB
:1080B00000037D050000FFFF00037D050001FFFFB9
:1080C00000037D060000FFFF00037D060001FFFFA7
:1080D00000037D070001FFFF00037D070002FFFF93
:1080E00000037D080001FFFF00037D080002FFFF81
:1080F00000037D090000FFFF00037D090001FFFF71
:1081000000037D0A0000FFFF00037D0A0001FFFF5E
:1081100000037D0B0000FFFF00037D0B0001FFFF4C
:1081200000037D0C0000FFFF00037D0C0001FFFF3A
:1081300000037D0D0001FFFF00037D0E0001FFFF26
:1081400000037D0F0001FFFF00037D100001FFFF12
:1081500000037D110001FFFF00037D120001FFFFFE
:1081600000037D130001FFFF00037D140001FFFFEA
:1081700000037D150001FFFF00037D160001FFFFD6
:1081800000037D170001FFFF00037D180001FFFFC2
:1081900000037D190001FFFF00037D1A0001FFFFAE
:1081A00000037D1B0001FFFF00037D1C0001FFFF9A
:1081B00000037D1C0002FFFF00037D1D0001FFFF87
:1081C00000037D1D0002FFFF00037D1E0000FFFF76
:1081D0001947000885470008414B0008914B0008EB
:1081E000E1500008FD4B0008DD4C00084953000831
:1081F000E1540008B95F0008AD600008A9610008FB
:10820000FD460008FD460008FD460008FD46000842
:10821000AD5C00088D560008E5590008C15A0008F9
:10822000E95B000801590008FD46000811A000089C
:10823000FD460008FD460008E95D0008FD4600080F
:10824000FD460008FD460008FD460008FD46000802
:10825000FD460008FD460008FD460008FD460008F2
:10826000FD460008FD460008FD460008C18B0008D9
:108270005D7B0008FD4600088163000895650008E5
:10828000A9670008BD690008416B0008196C000867
:10829000B56A0008FF0000000000000000000000B8
:1082A00000000000000000004E0000004B00000035
:1082B00048000000460000004400000041000000AB
:1082C0003C000000370000003400000032000000D5
:1082D000300000002D0000002B00000029000000ED
:1082E00027000000260000002400000023000000FA
:1082F0002200000020000000B4000000AA000000DE
:10830000A0000000960000008C0000008200000029
:10831000780000006E000000640000005A000000B9
:1083200050000000460000003C0000003700000044
:1083300030000000230000002000000012000000B8
:108340000A00000005000000010101010101010116
:108350000101010101010101010100005AA507828B
:1083600000845A01000000005AA504830014010093
:1083700010000000010101010101000000A24A04F7
:1083800024030020000000000000000000000000A6
:1083900000000000000000000000000000000000DD
:1083A00000000000000000000000000000000000CD
:1083B00000000000000000000000000000000000BD
:1083C00000000000000000000000000000000000AD
:1083D000000000000000000000000000000000009D
:0483E0000000000099
:040000050801453178
:00000001FF
