:020000040800F2
:1000000000000120B943010809440108094401081E
:1000100009440108094401080944010800000000DE
:10002000000000000000000000000000094401087A
:1000300009440108000000000944010831370108A3
:100040000944010809440108094401080944010858
:1000500009440108094401089D340108C13401081C
:10006000F13401082D3501086535010809440108FE
:100070000944010809440108094401080944010828
:10008000094401084D09010809440108094401080F
:100090000944010809440108094401080944010808
:1000A000094401080944010809440108D123000852
:1000B000812800086D2B0008112F00080944010851
:1000C00009440108094401080944010809440108D8
:1000D00009440108C53801083D36010809440108F2
:1000E00081350108094401080000000009440108A5
:1000F00009440108094401080944010809440108A8
:100100000944010809440108993801080944010813
:100110000944010809440108094401080944010887
:100120000944010809440108094401080944010877
:1001300010B5054C237833B9044B13B10448AFF321
:1001400000800123237010BD880300200000000000
:10015000644D010808B5034B1BB103490348AFF3D5
:10016000008008BD000000008C030020644D0108E1
:1001700081F0004102E000BF83F0004330B54FEA58
:1001800041044FEA430594EA050F08BF90EA020FC5
:100190001FBF54EA000C55EA020C7FEA645C7FEA58
:1001A000655C00F0E2804FEA5454D4EB5555B8BF7B
:1001B0006D420CDD2C4480EA020281EA030382EAEC
:1001C000000083EA010180EA020281EA0303362D7E
:1001D00088BF30BD11F0004F4FEA01314FF4801C51
:1001E0004CEA113102D0404261EB410113F0004F63
:1001F0004FEA03334CEA133302D0524263EB43031A
:1002000094EA050F00F0A780A4F10104D5F1200EB7
:100210000DDB02FA0EFC22FA05F2801841F1000112
:1002200003FA0EF2801843FA05F359410EE0A5F1E6
:1002300020050EF1200E012A03FA0EFC28BF4CF017
:10024000020C43FA05F3C01851EBE37101F00045CD
:1002500007D54FF0000EDCF1000C7EEB00006EEBDA
:100260000101B1F5801F1BD3B1F5001F0CD3490864
:100270005FEA30004FEA3C0C04F101044FEA4452BB
:1002800012F5800F80F09A80BCF1004F08BF5FEA42
:10029000500C50F1000041EB045141EA050130BD22
:1002A0005FEA4C0C404141EB0101013C28BFB1F534
:1002B000801FE9D291F0000F04BF01460020B1FA7F
:1002C00081F308BF2033A3F10B03B3F120020CDA52
:1002D0000C3208DD02F1140CC2F10C0201FA0CF030
:1002E00021FA02F10CE002F11402D8BFC2F1200C95
:1002F00001FA02F120FA0CFCDCBF41EA0C0190404B
:10030000E41AA2BF01EB0451294330BD6FEA040493
:100310001F3C1CDA0C340EDC04F11404C4F120027E
:1003200020FA04F001FA02F340EA030021FA04F390
:1003300045EA030130BDC4F10C04C4F1200220FAE7
:1003400002F001FA04F340EA0300294630BD21FA25
:1003500004F0294630BD94F0000F83F4801306BFEB
:1003600081F480110134013D4EE77FEA645C18BFDF
:100370007FEA655C29D094EA050F08BF90EA020F76
:1003800005D054EA000C04BF1946104630BD91EA6E
:10039000030F1EBF0021002030BD5FEA545C05D171
:1003A0004000494128BF41F0004130BD14F58004B0
:1003B0003CBF01F5801130BD01F0004545F0FE4124
:1003C00041F470014FF0000030BD7FEA645C1ABF59
:1003D000194610467FEA655C1CBF0B46024650EA90
:1003E000013406BF52EA033591EA030F41F40021BC
:1003F00030BD00BF90F0000F04BF0021704730B542
:100400004FF4806404F132044FF000054FF0000116
:1004100050E700BF90F0000F04BF0021704730B5D7
:100420004FF4806404F1320410F0004548BF4042AC
:100430004FF000013EE700BF42004FEAE2014FEA01
:1004400031014FEA02701FBF12F07F4393F07F4FDC
:1004500081F06051704732F07F4208BF704793F0DF
:100460007F4F04BF41F40021704730B54FF46074F2
:1004700001F0004521F000411CE700BF50EA0102F5
:1004800008BF704730B54FF000050AE050EA01029E
:1004900008BF704730B511F0004502D5404261EB0E
:1004A00041014FF4806404F132045FEA915C3FF44F
:1004B000D8AE4FF003025FEADC0C18BF03325FEAEC
:1004C000DC0C18BF033202EBDC02C2F1200300FA9D
:1004D00003FC20FA02F001FA03FE40EA0E0021FAC2
:1004E00002F11444BDE600BF70B54FF0FF0C4CF4B0
:1004F000E06C1CEA11541DBF1CEA135594EA0C0F62
:1005000095EA0C0F00F0DEF82C4481EA030621EA9C
:100510004C5123EA4C5350EA013518BF52EA0335D7
:1005200041F4801143F4801338D0A0FB02CE4FF089
:100530000005E1FB02E506F00042E0FB03E54FF0B9
:100540000006E1FB03569CF0000F18BF4EF0010EB1
:10055000A4F1FF04B6F5007F64F5407404D25FEAAD
:100560004E0E6D4146EB060642EAC62141EA555160
:100570004FEAC52040EA5E504FEACE2EB4F1FD0CA2
:1005800088BFBCF5E06F1ED8BEF1004F08BF5FEA20
:10059000500E50F1000041EB045170BD06F00046D2
:1005A00046EA010140EA020081EA0301B4EB5C047F
:1005B000C2BFD4EB0C0541EA045170BD41F4801177
:1005C0004FF0000E013C00F3AB8014F1360FDEBF9C
:1005D000002001F0004170BDC4F10004203C35DA78
:1005E0000C341BDC04F11404C4F1200500FA05F3FB
:1005F00020FA04F001FA05F240EA020001F000429C
:1006000021F0004110EBD37021FA04F642EB060111
:100610005EEA430E08BF20EAD37070BDC4F10C043B
:10062000C4F1200500FA04F320FA05F001FA04F2FF
:1006300040EA020001F0004110EBD37041F10001EB
:100640005EEA430E08BF20EAD37070BDC4F12005F6
:1006500000FA05F24EEA020E20FA04F301FA05F25E
:1006600043EA020321FA04F001F0004121FA04F206
:1006700020EA020000EBD3705EEA430E08BF20EAD6
:10068000D37070BD94F0000F0FD101F00046400010
:1006900041EB010111F4801F08BF013CF7D041EA92
:1006A000060195F0000F18BF704703F00046520096
:1006B00043EB030313F4801F08BF013DF7D043EA67
:1006C0000603704794EA0C0F0CEA135518BF95EA1D
:1006D0000C0F0CD050EA410618BF52EA4306D1D1A4
:1006E00081EA030101F000414FF0000070BD50EAC3
:1006F000410606BF1046194652EA430619D094EA4D
:100700000C0F02D150EA013613D195EA0C0F05D136
:1007100052EA03361CBF104619460AD181EA03018A
:1007200001F0004141F0FE4141F470014FF0000042
:1007300070BD41F0FE4141F4780170BD70B54FF0DD
:10074000FF0C4CF4E06C1CEA11541DBF1CEA13555D
:1007500094EA0C0F95EA0C0F00F0A7F8A4EB05043F
:1007600081EA030E52EA03354FEA013100F0888036
:100770004FEA03334FF0805545EA131343EA1263FF
:100780004FEA022245EA111545EA10654FEA0026B4
:100790000EF000419D4208BF964244F1FD0404F56D
:1007A000407402D25B084FEA3202B61A65EB0305C9
:1007B0005B084FEA32024FF480104FF4002CB6EB86
:1007C000020E75EB030E22BFB61A754640EA0C0006
:1007D0005B084FEA3202B6EB020E75EB030E22BF46
:1007E000B61A754640EA5C005B084FEA3202B6EB87
:1007F000020E75EB030E22BFB61A754640EA9C0046
:100800005B084FEA3202B6EB020E75EB030E22BF15
:10081000B61A754640EADC0055EA060E18D04FEAD3
:10082000051545EA16754FEA06164FEAC30343EA73
:1008300052734FEAC2025FEA1C1CC0D111F4801F40
:100840000BD141EA00014FF000004FF0004CB6E739
:1008500011F4801F04BF01430020B4F1FD0C88BFD8
:10086000BCF5E06F3FF6AFAEB5EB030C04BFB6EBE3
:10087000020C5FEA500C50F1000041EB045170BDD6
:100880000EF0004E4EEA113114EB5C04C2BFD4EB03
:100890000C0541EA045170BD41F480114FF0000E87
:1008A000013C90E645EA060E8DE60CEA135594EA03
:1008B0000C0F08BF95EA0C0F3FF43BAF94EA0C0F06
:1008C0000AD150EA01347FF434AF95EA0C0F7FF47B
:1008D00025AF104619462CE795EA0C0F06D152EACF
:1008E00003353FF4FDAE1046194622E750EA4106B3
:1008F00018BF52EA43067FF4C5AE50EA41047FF4C4
:100900000DAF52EA43057FF4EBAE12E74A0011D275
:1009100012F5001211D20DD56FF47873B3EB625259
:100920000ED44FEAC12343F0004343EA505323FA65
:1009300002F070474FF00000704750EA013002D1DA
:100940004FF0FF3070474FF0000070474FEA410210
:10095000B2F1E04324BFB3F5001CDCF1FE5C0DD91D
:1009600001F0004C4FEAC0024CEA5070B2F1004F67
:1009700040EB830008BF20F00100704711F0804F6A
:1009800021D113F13872BCBF01F00040704741F42F
:1009900080114FEA5252C2F11802C2F1200C10FA33
:1009A0000CF320FA02F018BF40F001004FEAC12317
:1009B0004FEAD32303FA0CFC40EA0C0023FA02F3BB
:1009C0004FEA4303CCE77FEA625307D150EA013391
:1009D0001EBF4FF0FE4040F44000704701F0004061
:1009E00040F0FE4040F40000704700BF80F000403F
:1009F00002E000BF81F0004142001FBF5FEA4103F7
:100A000092EA030F7FEA226C7FEA236C6AD04FEAF6
:100A10001262D2EB1363C1BFD2184140484041403B
:100A2000B8BF5B42192B88BF704710F0004F40F4ED
:100A3000000020F07F4018BF404211F0004F41F409
:100A4000000121F07F4118BF494292EA030F3FD0D5
:100A5000A2F1010241FA03FC10EB0C00C3F12003E8
:100A600001FA03F100F0004302D5494260EB400077
:100A7000B0F5000F13D3B0F1807F06D340084FEAE2
:100A8000310102F10102FE2A51D2B1F1004F40EBD7
:100A9000C25008BF20F0010040EA0300704749003F
:100AA00040EB0000013A28BFB0F5000FEDD2B0FADC
:100AB00080FCACF1080CB2EB0C0200FA0CF0AABFFF
:100AC00000EBC25052421843BCBFD040184370479D
:100AD00092F0000F81F4000106BF80F400000132A3
:100AE000013BB5E74FEA41037FEA226C18BF7FEA7A
:100AF000236C21D092EA030F04D092F0000F08BFBC
:100B00000846704790EA010F1CBF0020704712F0A2
:100B10007F4F04D1400028BF40F00040704712F1E1
:100B200000723CBF00F50000704700F0004343F046
:100B3000FE4040F4000070477FEA226216BF08467C
:100B40007FEA23630146420206BF5FEA412390EA3F
:100B5000010F40F4800070474FF0000304E000BF35
:100B600010F0004348BF40425FEA000C08BF7047E6
:100B700043F0964301464FF000001CE050EA0102AA
:100B800008BF70474FF000030AE000BF50EA0102BF
:100B900008BF704711F0004302D5404261EB4101AC
:100BA0005FEA010C02BF84460146002043F0B643D1
:100BB00008BFA3F18053A3F50003BCFA8CF2083AF6
:100BC000A3EBC25310DB01FA02FC634400FA02FCFF
:100BD000C2F12002BCF1004F20FA02F243EB020006
:100BE00008BF20F00100704702F1200201FA02FC68
:100BF000C2F1200250EA4C0021FA02F243EB02005B
:100C000008BF20EADC7070474FF0FF0C1CEAD0529E
:100C10001EBF1CEAD15392EA0C0F93EA0C0F6FD05F
:100C20001A4480EA010C400218BF5FEA41211ED03D
:100C30004FF0006343EA501043EA5111A0FB013129
:100C40000CF00040B1F5000F3EBF490041EAD371FE
:100C50005B0040EA010062F17F02FD2A1DD8B3F17A
:100C6000004F40EBC25008BF20F00100704790F0E9
:100C7000000F0CF0004C08BF49024CEA502040EA3B
:100C800051207F3AC2BFD2F1FF0340EAC250704701
:100C900040F400004FF00003013A5DDC12F1190F3F
:100CA000DCBF00F000407047C2F10002410021FAB1
:100CB00002F1C2F1200200FA02FC5FEA310040F1C9
:100CC000000053EA4C0308BF20EADC70704792F042
:100CD000000F00F0004C02BF400010F4000F013A7A
:100CE000F9D040EA0C0093F0000F01F0004C02BF75
:100CF000490011F4000F013BF9D041EA0C018FE7E4
:100D00000CEAD15392EA0C0F18BF93EA0C0F0AD0E9
:100D100030F0004C18BF31F0004CD8D180EA01000F
:100D200000F00040704790F0000F17BF90F0004FA8
:100D3000084691F0000F91F0004F14D092EA0C0F8A
:100D400001D142020FD193EA0C0F03D14B0218BF1D
:100D5000084608D180EA010000F0004040F0FE4063
:100D600040F40000704740F0FE4040F440007047FF
:100D70004FF0FF0C1CEAD0521EBF1CEAD15392EA7E
:100D80000C0F93EA0C0F69D0A2EB030280EA010C6E
:100D900049024FEA402037D04FF0805343EA111107
:100DA00043EA10130CF000408B4238BF5B0042F165
:100DB0007D024FF4000C8B4224BF5B1A40EA0C000A
:100DC000B3EB510F24BFA3EB510340EA5C00B3EB3C
:100DD000910F24BFA3EB910340EA9C00B3EBD10F2A
:100DE00024BFA3EBD10340EADC001B0118BF5FEA7C
:100DF0001C1CE0D1FD2A3FF650AF8B4240EBC250A5
:100E000008BF20F0010070470CF0004C4CEA502065
:100E10007F32C2BFD2F1FF0340EAC250704740F4B4
:100E200000004FF00003013A37E792F0000F00F0A6
:100E3000004C02BF400010F4000F013AF9D040EA24
:100E40000C0093F0000F01F0004C02BF490011F4B8
:100E5000000F013BF9D041EA0C0195E70CEAD153B0
:100E600092EA0C0F08D142027FF47DAF93EA0C0F97
:100E70007FF470AF084676E793EA0C0F04D14B027B
:100E80003FF44CAF08466EE730F0004C18BF31F02D
:100E9000004CCAD130F000427FF45CAF31F0004327
:100EA0007FF43CAF5FE700BF4FF0FF3C06E000BFC0
:100EB0004FF0010C02E000BF4FF0010C4DF804CDE3
:100EC0004FEA40024FEA41037FEA226C18BF7FEAF3
:100ED000236C11D001B052EA530C18BF90EA010FF5
:100EE00058BFB2EB030088BFC81738BF6FEAE17084
:100EF00018BF40F0010070477FEA226C02D15FEA20
:100F0000402C05D17FEA236CE4D15FEA412CE1D08B
:100F10005DF8040B704700BF844608466146FFE752
:100F20000FB5FFF7C9FF002848BF10F1000F0FBD34
:100F30004DF808EDFFF7F4FF0CBF012000205DF82D
:100F400008FB00BF4DF808EDFFF7EAFF34BF0120B2
:100F500000205DF808FB00BF4DF808EDFFF7E0FF4B
:100F600094BF012000205DF808FB00BF4DF808ED9C
:100F7000FFF7D2FF94BF012000205DF808FB00BFFF
:100F80004DF808EDFFF7C8FF34BF012000205DF8E1
:100F900008FB00BF42000ED2B2F1FE4F0BD34FF060
:100FA0009E03B3EB126209D44FEA002343F00043DF
:100FB00023FA02F070474FF00000704712F1610F02
:100FC00001D1420202D14FF0FF3070474FF00000D4
:100FD000704700BF80B582B000AF0023FB710CE00A
:100FE000FA79244913465B0213449B000B441C33DB
:100FF00000221A70FB790133FB71FB79032BEFD9C7
:101000000FF04EF80FF0E4FA10F02CF810F0DCF8C6
:1010100010F08AF90CF028FB0FF0E8F9154B1A884C
:10102000144BDA83134B1422A3F82228114B03F537
:1010300080531A890F4B03F58053DA840D4B03F567
:1010400080531422A3F82A28012000F0BBFA0320C1
:1010500000F0B8FA002000F035FA012000F032FA72
:10106000022000F02FFA032000F02CFA00BF08370E
:10107000BD4680BDA403002080B586B000AFB96036
:101080007B600346FB731346BB7300237B617B6865
:10109000002B40D0FB7BB968184600F0C9FAFB7BF7
:1010A000012B02D0FB7B032B03D1FB7B184600F006
:1010B000F5FCBA7BFB7B114618460FF079F9FB7BF8
:1010C000184600F0B9FD0346FB74FA7B1449134639
:1010D0005B0213449B000B441E331B881A467B683B
:1010E00002FB03F3FA7C02FB03F37B61FA7B0C49FE
:1010F00013465B0213449B000B4408331A68FB7BC6
:101100001146184600F0D6FEB97BFB7B7A6918467B
:1011100000F008F800E000BF1837BD4680BD00BFF2
:10112000A403002080B582B000AF03463A60FB7193
:101130000B46BB71BA79FB79114618460FF038F9A6
:10114000FA790D4913465B0213449B000B440233AA
:101150001A78FB79114618460FF064F8FB791846A7
:1011600000F000FAFB793968184600F007F800BF74
:101170000837BD4680BD00BFA403002080B584B001
:1011800000AF03463960FB71FB79002B02D1C82305
:10119000FB6010E0FB79012B02D1C823FB600AE061
:1011A000FB79022B02D1C823FB6004E0FB79032BFF
:1011B00001D1C823FB60FB685B003A689A4203D800
:1011C0003B685B08023BFB60FA794E4913465B02C1
:1011D00013449B000B4418333A681A60FB790121D1
:1011E00018460EF0EFFFFA79464913465B021344A6
:1011F0009B000B4420331B887B81FA7941491346BD
:101200005B0213449B000B441033FA681A60FA79AE
:101210003C4913465B0213449B000B441833196886
:10122000FA79384813465B0213449B000344103399
:101230001B68FA79C91A334813465B0213449B00B2
:10124000034414331960FA792E4913465B021344A0
:101250009B000B441C3301221A70FA79294913466A
:101260005B0213449B000B4403F5FE6300221A80CB
:10127000FB79032B3DD801A252F823F08D12000810
:10128000A5120008C3120008DB1200081E4B002242
:101290001A601E4A7B89D3621C4BDB6A1B4A5B08BF
:1012A000536326E04FF080427B89D3624FF0804346
:1012B000DB6A4FF080425B085363154B00221A60D3
:1012C00017E0144A7B89D362124BDB6A114A5B0830
:1012D000D363114B00221A600BE0104A7B89D36262
:1012E0000E4BDB6A0D4A5B0853630D4B00221A60FC
:1012F00000BFFB790B4A52F82330984700BF1037E4
:10130000BD4680BDA40300201C360020002C0140F7
:101310008036002000040040C43600200008004051
:1013200008370020DC7B010880B582B000AF03469F
:101330000A46FB711346BB71BA79FB791146184610
:101340000EF040FF00BF0837BD4680BD80B582B0BB
:1013500000AF0023FB7115E0FB790E4A52F82330F1
:101360009847FA790C4913465B0213449B000B44DF
:101370001C3300221A70FB79184600F023F9FB7920
:101380000133FB71FB79032BE6D900BF00BF08379F
:10139000BD4680BDCC7B0108A403002080B582B08F
:1013A00000AF0023FB711AE0FB79114A52F8233099
:1013B0009847FA790F4913465B0213449B000B448C
:1013C0001C3300221A70FB79184600F0FBF8FB79F9
:1013D000002118460EF0F6FEFB790133FB71FB7914
:1013E000032BE1D900BF00BF0837BD4680BD00BF59
:1013F000CC7B0108A403002090B585B000AF034664
:10140000FB71FB79032B1BD801A252F823F000BF1C
:1014100021140008291400083114000839140008A8
:10142000224B1B68FB600BE0214B1B68FB6007E055
:10143000204B1B68FB6003E01F4B1B68FB6000BF79
:10144000FB79184600F0F8FB0346FB72F868FFF7DB
:1014500083FB0446FA79194913465B0213449B0047
:101460000B441E331B881846FFF77AFB03461946C8
:101470002046FFF77DFC03461C46FB7A1846FFF723
:101480006FFB034619462046FFF772FC03460C49E2
:101490001846FFF7B9FB03461846FFF77BFD0346E6
:1014A0009BB218461437BD4690BD00BF1C360020C5
:1014B00080360020C436002008370020A403002016
:1014C0000000C84280B582B000AF0346FB71FB79D3
:1014D0000A4A52F823309847FA79094913465B02C1
:1014E00013449B000B441C3300221A70FB791846EE
:1014F00000F068F800BF0837BD4680BDCC7B01080E
:10150000A403002080B483B000AF0346FB71FA79D6
:10151000064913465B0213449B000B441C33032211
:101520001A7000BF0C37BD4680BC7047A403002072
:1015300080B582B000AF0346FB71FA7908491346C3
:101540005B0213449B000B4402331A78FB7911466B
:1015500018460EF067FE00BF0837BD4680BD00BFCD
:10156000A403002080B584B000AF0346FB71FA7974
:10157000114913465B0213449B000B441B88184619
:10158000FFF7EEFA03460D491846FFF73DFB034609
:10159000FB600B49F868FFF7F3FC0346002B01D012
:1015A000074BFB60FB79F96818460CF0C1F800BFE7
:1015B0001037BD4680BD00BFA40300205839343C1D
:1015C0000000504080B584B000AF0346FB71FA794B
:1015D000144913465B0213449B000B441B881846B6
:1015E000FFF7BEFA03464FF07C511846FFF70CFB9D
:1015F00003460D491846FFF707FB0346FB600B49FE
:10160000F868FFF7BDFC0346002B01D0074BFB60D9
:10161000FB79F96818460CF08BF800BF1037BD460F
:1016200080BD00BFA40300205839343C0000504066
:1016300090B583B000AF03463960FB71FB79022B94
:1016400039D13868FFF788FA03464FF07F511846C2
:10165000FFF7DAFA03461C46FA79274913465B027C
:1016600013449B000B441E331B881846FFF778FA7F
:10167000034619462046FFF7C7FA03461C46FB7986
:10168000184600F0D9FA03461846FFF769FA0346F0
:1016900019462046FFF7B8FA0346FC791846FFF7CB
:1016A00079FC0246144923465B0223449B000B4409
:1016B00008331A601CE0FA790F4913465B021344A1
:1016C0009B000B441E331B881A463B6803FB02F445
:1016D000FB79184600F0B0FA0346FA7903FB04F1EF
:1016E000054813465B0213449B000344083319600A
:1016F00000BF0C37BD4690BDA403002080B500AFED
:1017000045F20B0006F0C2FA0346DAB2B84B9A7003
:1017100045F20D0006F0BAFA0346DAB2B44B83F88C
:10172000062845F20F0006F0B1FA0346DAB2B04BD4
:1017300003F580539A7245F2110006F0A7FA0346AA
:10174000DAB2AB4B03F5805383F80E2845F20A005A
:1017500006F09CFA03461A46A54B1A8045F20C0087
:1017600006F094FA03461A46A14BA3F8042845F262
:101770000E0006F08BFA03461A469D4B03F5805384
:101780001A8145F2100006F081FA03461A46984B7A
:1017900003F58053A3F80C28954B1A88944BDA83F1
:1017A000934B1422A3F82228914B03F580531A89F6
:1017B0008F4B03F58053DA848D4B03F5805314224D
:1017C000A3F82A284FF4A04006F060FA0346184612
:1017D000FFF7C6F9034687491846FFF715FA03468F
:1017E0001A46854B1A6045F2010006F04FFA03468F
:1017F0001846FFF7B5F9034680491846FFF704FA83
:1018000003461A467C4B5A607B4B5B6819460020A6
:1018100000F0B8FA03461A46774B9A6045F2170073
:1018200006F034FA03461846FFF79AF90346714961
:101830001846FFF7E9F903461A466F4BDA6045F29E
:10184000160006F023FA03461846FFF789F9034607
:1018500068491846FFF7D8F903461A46664B1A61DD
:10186000654B1B691946002000F08CFA03461A46A6
:10187000614B5A6145F2120006F008FA0346184619
:10188000FFF76EF903465B491846FFF7BDF90346BB
:101890001A46594B9A61584B9B691946002000F033
:1018A00071FA03461A46544BDA6145F2020006F01B
:1018B000EDF903461846FFF753F903464D4918461C
:1018C000FFF7A2F903461A464B4B1A6245F2030092
:1018D00006F0DCF903461846FFF742F9034647498C
:1018E0001846FFF791F903461A46434B5A6245F2F0
:1018F000040006F0CBF903461846FFF731F903461A
:101900003C491846FFF780F903461A463A4B9A625B
:1019100045F2050006F0BAF903461846FFF720F92C
:10192000034634491846FFF76FF903461A46324B0F
:101930005A6345F2190006F0A9F903461846FFF765
:101940000FF903462B491846FFF75EF903461A467E
:10195000294BDA6245F2150006F098F9034618465D
:10196000FFF7FEF8034623491846FFF74DF90346F3
:101970001A46214B1A6345F2130006F087F9034615
:101980001846FFF7EDF803461A491846FFF73CF9E9
:1019900003461A46184B9A6345F2180006F076F98A
:1019A00003461846FFF7DCF8034612491846FFF7CE
:1019B0002BF903461A46104BDA6345F2060006F08F
:1019C00065F903461846FFF7CBF803460949184660
:1019D000FFF71AF903461A46074B1A6445F2070047
:1019E00006F054F903461846FFF7BAF8034607E035
:1019F000A40300200AD7233CBC340020CDCCCC3D2E
:101A000023491846FFF700F903461A46214B5A644A
:101A100045F2080006F03AF903461846FFF7A0F829
:101A200003461D491846FFF7EFF803461A46194BBF
:101A30009A6445F2090006F029F903461846FFF7B3
:101A40008FF8034614491846FFF7DEF803461A4696
:101A5000104BDA640F4BDB6C1946022000F092F950
:101A600003461A460B4B1A6545F2140006F00EF9B0
:101A700003461846FFF774F8034607491846FFF770
:101A8000C3F803461A46034B5A6500BF80BD00BF2A
:101A9000CDCCCC3DBC3400200AD7233C80B582B0ED
:101AA00000AF0346FB71FA790A4913465B021344FF
:101AB0009B000B4402331A78FB79114618460EF04E
:101AC000B1FBFB791846FFF74DFD00BF0837BD4657
:101AD00080BD00BFA403002080B582B000AF0346E4
:101AE000FB71FB790A3B072B00F2A08001A252F8A0
:101AF00023F000BF151B0008351B0008551B00080C
:101B0000771B0008991B0008BD1B0008E11B00089B
:101B1000071C0008FB799BB203F5A0439BB2184653
:101B200006F0B4F803461A46424B1A800020FFF72D
:101B300019FD7BE0FB799BB203F5A0439BB21846ED
:101B400006F0A4F80346DAB23A4B9A700020FFF789
:101B5000EFFC6BE0FB799BB203F5A0439BB2184608
:101B600006F094F803461A46324BA3F804280120E5
:101B7000FFF7F8FC5AE0FB799BB203F5A0439BB258
:101B8000184606F083F80346DAB22A4B83F8062893
:101B90000120FFF7CDFC49E0FB799BB203F5A043A0
:101BA0009BB2184606F072F803461A46214B03F51D
:101BB00080531A810220FFF7D5FC37E0FB799BB2F6
:101BC00003F5A0439BB2184606F060F80346DAB26C
:101BD000184B03F580539A720220FFF7A9FC25E009
:101BE000FB799BB203F5A0439BB2184606F04EF872
:101BF00003461A460F4B03F58053A3F80C28032025
:101C0000FFF7B0FC12E0FB799BB203F5A0439BB257
:101C1000184606F03BF80346DAB2064B03F580534C
:101C200083F80E280320FFF783FC00BF00BF0837AE
:101C3000BD4680BDA403002080B485B000AF03463C
:101C4000FB71FA79194913465B0213449B000B445C
:101C500002331B78013B032B1FD801A252F823F05B
:101C6000711C0008771C00087D1C0008831C0008FC
:101C70000123FB7314E00223FB7311E00423FB73C5
:101C80000EE0FB79002B02D0FB79022B02D1082356
:101C9000FB7305E01023FB7302E00123FB7300BF1D
:101CA000FB7B18461437BD4680BC7047A403002058
:101CB00080B500AF0BF048FC0346012B1FD001207C
:101CC0000FF0E6F80346002B02D101200BF076F866
:101CD00002200FF0DDF80346002B02D001200BF0AC
:101CE00079F9084B1B7F002B0AD1074B93F83B3047
:101CF000DBB21A460A21002000F048F900E000BFDC
:101D000080BD00BFA40300206034002080B582B0F5
:101D100000AF03463960FB710BF016FC0346012B44
:101D20000AD0074B1B7F002B07D1FA793B680A21A9
:101D30000020FFF7A1F900E000BF0837BD4680BDD5
:101D4000A403002080B582B000AF03463960FB7168
:101D50000BF0FAFB0346012B0DD0094B03F5805322
:101D600093F82430002B07D1FA793B680A2102202E
:101D7000FFF782F900E000BF0837BD4680BD00BF15
:101D8000A403002090B585B000AF03463960FB7115
:101D90004FF000013868FFF7CBF80346002B01D065
:101DA000002328E0FB791846FFF746FF0346FB7344
:101DB000FA79134913465B0213449B000B441E330C
:101DC0001B881846FEF7CCFE034639681846FEF716
:101DD0001BFF03461C46FB7B1846FEF7C1FE03466D
:101DE00019462046FEF710FF03461846FFF7D2F8C3
:101DF0000346BB60BB6818461437BD4690BD00BFA4
:101E0000A403002000000000B0B584B000AF03467A
:101E10003960FB714FF000013868FFF789F803461D
:101E2000002B01D000233AE0FB791846FFF704FFAE
:101E30000346FB733868FEF7FFFA1BA3D3E90023C0
:101E4000FEF752FB02460B4614461D46FA79184926
:101E500013465B0213449B000B441E331B88184639
:101E6000FEF7D8FA02460B4620462946FEF73CFB11
:101E700002460B4614461D46FB7B1846FEF7CAFA7F
:101E800002460B4620462946FEF72EFB02460B462D
:101E900010461946FEF73AFD0346BB60BB6818467C
:101EA0001037BD46B0BD00BF7B14AE47E17A843F1A
:101EB000A4030020B0B584B000AF03463960FB71C5
:101EC0003B68B3F5167F36D93B68A3F51673BB6044
:101ED0000023FB8129E0B868FEF73EFE0246FB893D
:101EE000254951F8233019461046FEF78DFE03466A
:101EF00022491846FEF780FD034619462048FEF7A2
:101F000037FF0346FC79FD891846FFF743F803467F
:101F100099B21C4A23465B0223445B002B441033D6
:101F200022F81310FB890133FB81FB8940F2E63272
:101F30009342D0D91BE00023FB8113E0124A3B6897
:101F4000B2FBF3F3FA79F9899CB20E4813465B02AF
:101F500013445B000B441033224620F81320FB8906
:101F60000133FB81FB8940F2E6329342E6D900BFA0
:101F70001037BD46B0BD00BF2C6C010800001644F0
:101F80000024F449A403002080841E0080B582B0A0
:101F900000AF03463960FB711346BB71FB793968AA
:101FA0001846FFF745FBFB79012B02D0FB79032B89
:101FB00003D1FB791846FFF771FDBA79FB79114619
:101FC00018460EF0F5F9FA795D4913465B021344A1
:101FD0009B000B4402331A78FB79114618460EF029
:101FE00021F9FB791846FFF7BDFAFA7954491346EF
:101FF0005B0213449B000B4408331A68FB791146BB
:102000001846FFF757FFFB79032B5ED801A252F861
:1020100023F000BF252000084D2000087B20000889
:10202000A3200008474B00221A60FA79444913465E
:102030005B0213449B000B4420331A88424BDA6244
:10204000414BDB6A404A5B0853633EE0FA793C4906
:1020500013465B0213449B000B4420331A884FF055
:102060008043DA624FF08043DB6A4FF080425B08C6
:102070005363364B00221A6027E0FA793049134641
:102080005B0213449B000B4420331A88304BDA6206
:102090002F4BDB6A2E4A5B08D3632E4B00221A605B
:1020A00013E0FA79264913465B0213449B000B4464
:1020B00020331A88284BDA62274BDB6A264A5B08F2
:1020C0005363264B00221A6000BFFA791C4913465D
:1020D0005B0213449B000B4403F5FE6300221A804D
:1020E000FA79174913465B0213449B000B441433DF
:1020F0004FF0FF321A60FA79114913465B0213441C
:102100009B000B441C3304221A70FA790C491346C5
:102110005B0213449B000B4403F2F4734FF0FF3255
:102120001A60FB79012118460EF04CF8FB790C4A35
:1021300052F82330984700BF0837BD4680BD00BF26
:10214000A40300201C360020002C01408036002013
:1021500000040040C436002000080040083700207A
:10216000DC7B010880B586B000AFB9607B600346B8
:10217000FB731346BB73FB7BB9681846FFF758FA2D
:10218000BA7BFB7B114618460EF012F9FB7B01214E
:1021900018460EF017F8FA7B844913465B02134485
:1021A0009B000B4408331A68FB7B11461846FFF767
:1021B00081FEFB7B012B02D0FB7B032B03D1FB7B3E
:1021C0001846FFF76BFCFB7B002B02D1C8237B6119
:1021D00010E0FB7B012B02D1C8237B610AE0FB7B73
:1021E000022B02D1C8237B6104E0FB7B032B01D1CE
:1021F000C8237B613A6A7B699A4202D83B6A5B08D2
:102200007B61FB7B032B5ED801A252F823F000BF59
:102210002122000849220008772200089F22000896
:10222000634B00221A60FA7B604913465B02134439
:102230009B000B4420331A885E4BDA625D4BDB6AED
:102240005C4A5B0853633EE0FA7B584913465B02E5
:1022500013449B000B4420331A884FF08043DA620A
:102260004FF08043DB6A4FF080425B085363524B70
:1022700000221A6027E0FA7B4C4913465B021344A4
:102280009B000B4420331A884C4BDA624B4BDB6AC1
:102290004A4A5B08D3634A4B00221A6013E0FA7B78
:1022A000424913465B0213449B000B4420331A88B7
:1022B000444BDA62434BDB6A424A5B085363424B4E
:1022C00000221A6000BFFA7B384913465B021344B0
:1022D0009B000B4403F5006300221A70FA7B33491C
:1022E00013465B0213449B000B4403F5FE6300227C
:1022F0001A80FA7B2D4913465B0213449B000B4462
:102300001C3306221A70FA7B396A284813465B028E
:1023100013449B00034403F2F4731960FA7B2349CE
:1023200013465B0213449B000B4410337A691A6016
:10233000FA7B1E4913465B0213449B000B4403F2D5
:10234000F4731B681846FA7B184913465B02134462
:102350009B000B4410331B68FA7BC11A13481346C9
:102360005B0213449B00034414331960FA7B0F494A
:1023700013465B0213449B000B4403F5FF630022EA
:102380001A70FA7B094913465B0213449B000B4405
:1023900003F2FC737A681A60FB7B0C4A52F8233014
:1023A000984700BF1837BD4680BD00BFA40300207A
:1023B0001C360020002C0140803600200004004024
:1023C000C43600200008004008370020DC7B0108EC
:1023D00080B500AF984B1B6903F00203022B40F05D
:1023E0004882964B1B680133944A1360944B93F8D0
:1023F0003730DBB2002B11D0924B1B780133DAB2AD
:10240000904B1A708F4B1B78042B07D90C200EF0C1
:102410001DFD0346002B01D0FEF7C0FF874B1B6854
:10242000642B1CD9864B93F83330DBB2002B16D0CB
:10243000854B1B780133DAB2834B1A70824B1B78C1
:10244000132B0CD904200EF001FD0346002B06D0FF
:102450007D4B00221A707A4B002283F85020784B73
:1024600093F84C30DBB2012B05D0754B93F84C3010
:10247000DBB20A2B7FD1754B1B780133DAB2734B79
:102480001A70724B1B78012B23D96D4B5B7EDBB22C
:10249000012B1ED102200EF0D9FC0346002B05D0E3
:1024A00003200EF0D3FC0346002B12D1674B002211
:1024B0001A70634B002283F84C20654B012283F88D
:1024C000F827634B06221A77614B002283F8002815
:1024D0009BE05B4B5B7EDBB2022B40F09680584B5F
:1024E00093F84F30DBB2002B22D0584B1B780133CE
:1024F000DAB2564B1A70554B1B78312B0DD903208D
:102500000EF0A4FC0346002B07D0504B00221A709B
:102510004B4B002283F84F20ABE14C4B1B78012B37
:1025200073D94A4B1B78013BDAB2484B1A706CE006
:10253000464B1B780133DAB2444B1A70434B1B787D
:10254000042B62D903200EF081FC0346002B5CD1E2
:102550003E4B00221A703A4B002283F84C203C4B31
:10256000012283F8F8273A4B06221A77384B0022CB
:1025700083F8002849E0324B93F84C30DBB2022B51
:1025800044D1324B1B780133DAB2304B1A702F4BE7
:102590001B78042B13D903200EF058FC0346002BA4
:1025A0000DD12A4B00221A70254B002283F84C20B3
:1025B000234B012283F83A20254B03221A77254B1F
:1025C0001B780133DAB2234B1A70224B1B78042B91
:1025D0001CD902200EF03AFC0346002B05D0032044
:1025E0000EF034FC0346002B10D11A4B00221A7057
:1025F000134B002283F84C20114B022283F83A201F
:10260000134B012283F8F82700E000BF104B1B7F1B
:10261000062B00F2288101A252F823F06728000857
:102620005926000819270008A92600082F270008A6
:102630007127000885270008002C01401C36002067
:1026400060340020B5230020B6230020B7230020EB
:10265000A4030020B8230020864BB3F9F0371946B5
:10266000844B1A6913469B001344994218D2814B3C
:10267000B3F9F0377F4A103332F813207E4BDA6219
:102680007D4BDB6A7C4A5B0853637A4BB3F9F037C6
:102690009BB205339BB21AB2764BA3F8F027E2E067
:1026A000744B02221A77DEE0724B9A69734B1B68F7
:1026B0009A4229D96F4BB3F9F037052B40F3CA8002
:1026C0006C4BB3F9F037B3F57A7F04DD694B4FF407
:1026D0007A72A3F8F027674BB3F9F0379BB2053B4A
:1026E0009BB21AB2634BA3F8F027624BB3F9F037F1
:1026F000604A103332F813205F4BDA625E4BDB6ABC
:102700005D4A5B085363A5E00020FEF7DBFE594BF2
:102710000022A3F8F0279DE0564B5A69574B1B68DF
:102720009A4280F09980534B03221A7794E0514BE0
:10273000B3F9F03740F2E232934200F38F804D4B11
:10274000B3F9F0374B4A103332F813204A4BDA62B0
:10275000494BDB6A484A5B085363464BB3F9F03791
:102760009BB205339BB21AB2424BA3F8F02775E037
:10277000404B9A69414B1B689A4271D80020FEF782
:10278000A1FE6DE03B4BB3F9F0371946394B1A699E
:1027900013469B001344994217D2364BB3F9F037D6
:1027A000344A103332F81320334BDA62324BDB6A8F
:1027B000314A5B0853632F4BB3F9F0379BB20533B3
:1027C0009BB21AB22B4BA3F8F0272A4B93F8F83799
:1027D000002B2CD0274B002283F8F827254BD3F869
:1027E000FC37C72B16D9234BD3F8FC27234B1B6888
:1027F000134414331F4A93611E4BC8221A611D4BA8
:102800009A691C4B1B69D31A1A4A5361194B02224D
:102810001A7727E0174BD3F8FC27184B1B68134493
:102820001433144A9361134B03221A771AE0114BA5
:10283000D3F8F437002B15DD0E4B5A690F4B1B688C
:102840009A420FD80B4B012283F80028094B032230
:102850001A7707E000BF06E000BF04E000BF02E017
:1028600000BF00E000BF044B1B69034A23F00203D2
:10287000136180BDA4030020002C01401C36002001
:1028800080B500AF4FF080431B6903F00103012BBB
:1028900040F05F81B04B1B680133AF4A1360AF4B10
:1028A00093F83730DBB2002B11D0AD4B1B780133DE
:1028B000DAB2AB4B1A70AA4B1B78042B07D90C2049
:1028C0000EF0C4FA0346002B01D0FEF767FDA34BC0
:1028D00093F84D30DBB2012B1AD1A24B1B78013398
:1028E000DAB2A04B1A709F4B1B78042B10D908202A
:1028F0000EF0ACFA0346002B0AD19A4B00221A7054
:10290000964B002283F84D20974B032283F8202812
:10291000954B93F82038062B00F2138101A252F850
:1029200023F000BF432B000841290008F1290008CB
:102930009D2900080B2A0008552A00086B2A000868
:10294000894BB3F9F43F1946874BD3F81428134643
:102950009B00134499421CD2834BB3F9F43F824A43
:1029600003F2124332F813204FF08043DA624FF043
:102970008043DB6A4FF080425B0853637A4BB3F9C4
:10298000F43F9BB205339BB21AB2774BA3F8F42FF6
:10299000D7E0754B022283F82028D2E0724BB3F9BE
:1029A000F43F052B1CDD704BB3F9F43F9BB2053BA4
:1029B0009BB21AB26C4BA3F8F42F6B4BB3F9F43FF4
:1029C000694A03F2124332F813204FF08043DA626F
:1029D0004FF08043DB6A4FF080425B085363B0E006
:1029E0000120FEF76FFD604B0022A3F8F42FA8E052
:1029F0005D4BD3F81828584B1B689A4280F09A8098
:102A0000594B032283F8202894E0574BB3F9F43F45
:102A100040F2E232934200F38F80534BB3F9F43F1C
:102A2000514A03F2124332F813204FF08043DA6226
:102A30004FF08043DB6A4FF080425B0853634A4BA0
:102A4000B3F9F43F9BB205339BB21AB2464BA3F8DD
:102A5000F42F71E0444BD3F81C283F4B1B689A427B
:102A60006CD80120FEF72EFD68E03F4BB3F9F43F30
:102A700019463D4BD3F8142813469B001344994242
:102A80001BD2394BB3F9F43F374A03F2124332F801
:102A900013204FF08043DA624FF08043DB6A4FF03F
:102AA00080425B085363304BB3F9F43F9BB205336C
:102AB0009BB21AB22C4BA3F8F42F2B4B93F8FC3F8C
:102AC000002B20D0284B03F580531A68224B1B683B
:102AD0009A4218D8244B03F58053B3F9F83740F2E3
:102AE000E232934206DC204B03F5805340F2E3329E
:102AF000A3F8F8271C4B032283F820281A4B002246
:102B000083F8FC2F1CE0184BD3F8F83F002B17DD9F
:102B1000154BD3F8F83F1A460F4B1B689A420FD853
:102B2000114B03F5805301221A710F4B032283F8D6
:102B3000202805E000BF04E000BF02E000BF00E085
:102B400000BF4FF080431B694FF0804223F0010328
:102B5000136100BF80BD00BF8036002060340020BC
:102B6000B9230020BA230020A403002080B500AFC1
:102B7000984B1B6903F00103012B40F0C081964B79
:102B80001B680133944A1360944B93F83730DBB2DF
:102B9000002B11D0924B1B780133DAB2904B1A7094
:102BA0008F4B1B78042B07D90C200EF04FF90346EE
:102BB000002B01D0FEF7F2FB884B93F84B30DBB2D1
:102BC000012B1DD1874B1B780133DAB2854B1A706C
:102BD000844B1B78042B13D901200EF037F90346E0
:102BE000002B0DD17F4B00221A707C4B002283F802
:102BF0004B207D4B03F58053012283F8002822E00F
:102C0000764B93F84B30DBB2022B1CD1774B1B7801
:102C10000133DAB2754B1A70744B1B78042B12D93E
:102C200001200EF013F90346002B0CD06F4B00224D
:102C30001A706A4B002283F84B206B4B03F58053CC
:102C4000032283F82420684B03F5805393F8243043
:102C5000062B00F24E8101A252F823F0F32E000859
:102C6000792C0008472D0008E52C0008672D000886
:102C7000BB2D0008F12D00085B4B03F58053B3F921
:102C8000F8371946584B03F580539A6913469B0051
:102C9000134499421FD2544B03F58053B3F9F837CC
:102CA000514A03F6140332F813204A4BDA62494BB7
:102CB000DB6A484A5B08D3634B4B03F58053B3F997
:102CC000F8379BB205339BB21AB2474B03F58053DA
:102CD000A3F8F8270DE1444B03F58053022283F853
:102CE000242006E1404B03F58053B3F9F837052B58
:102CF0001FDD3D4B03F58053B3F9F8379BB2053B1D
:102D00009BB21AB2384B03F58053A3F8F827364B21
:102D100003F58053B3F9F837334A03F6140332F856
:102D200013202C4BDA622B4BDB6A2A4A5B08D363F5
:102D3000DFE00220FEF7C6FB2B4B03F58053002299
:102D4000A3F8F827D5E0284B03F58053DA69224B26
:102D50001B689A4200F2C680234B03F5805303227E
:102D600083F82420BEE0204B03F58053B3F9F837F5
:102D700040F2E232934240F3B7801B4B03F580539D
:102D8000B3F9F837184A03F6140332F81320114B3D
:102D9000DA62104BDB6A0F4A5B08D363124B03F510
:102DA0008053B3F9F8379BB205339BB21AB20E4B7E
:102DB00003F58053A3F8F82796E00B4B03F58053F7
:102DC0001A6A054B1B689A4200F290800220FEF7B7
:102DD00079FB8BE000040040C43600206034002002
:102DE000BB230020BC230020A4030020BD2300201F
:102DF000444B03F58053B3F9F8371946414B03F5BB
:102E000080539A6913469B00134499421ED23D4B4E
:102E100003F58053B3F9F8373A4A03F6140332F84E
:102E20001320394BDA62384BDB6A374A5B08D363CD
:102E3000344B03F58053B3F9F8379BB205339BB29B
:102E40001AB2304B03F58053A3F8F8272D4B03F546
:102E5000805393F80038002B28D02A4B03F5805379
:102E6000002283F80028274B03F58053D3F8042869
:102E7000264B1B681344234A02F58052D361214B31
:102E800003F58053B3F9F83740F2E232934206DC9F
:102E90001C4B03F5805340F2E332A3F8F827194B9B
:102EA00003F58053022283F8242021E0154B03F51B
:102EB0008053D3F8FC37002B1ADD124B03F58053F7
:102EC000DA69124B1B689A4212D80E4B03F58053F5
:102ED000012283F808280B4B03F58053032283F863
:102EE000242005E000BF04E000BF02E000BF00E0D6
:102EF00000BF054B1B69044A23F00103136100BFA7
:102F000080BD00BFA403002000040040C4360020A0
:102F100080B500AFB44B1B6903F00103012B40F0F7
:102F20009781B24B1B680133B04A1360B04B93F8E2
:102F30003730DBB2002B11D0AE4B1B780133DAB245
:102F4000AC4B1A70AB4B1B78042B07D90C200DF03F
:102F50007DFF0346002B01D0FEF720FAA44B93F827
:102F60004E30DBB2012B1CD1A34B1B780133DAB2FC
:102F7000A14B1A70A04B1B78042B12D906200DF020
:102F800065FF0346002B0CD19B4B00221A70984B17
:102F9000002283F84E20994B03F58053032283F8D7
:102FA0002828964B03F5805393F82838062B00F217
:102FB000498101A252F823F045320008D52F0008BC
:102FC000A530000843300008C73000081B31000856
:102FD00037310008894B03F58053B3F9FC3F19469C
:102FE000864B03F58053D3F81C2813469B001344EB
:102FF00099421FD2814B03F58053B3F9FC3F7F4ABE
:1030000003F6164332F81320774BDA62764BDB6A0D
:10301000754A5B085363794B03F58053B3F9FC3F62
:103020009BB205339BB21AB2744B03F58053A3F8DD
:10303000FC2F07E1714B03F58053022283F8282807
:1030400000E16E4B03F58053B3F9FC3F052B1FDD08
:103050006A4B03F58053B3F9FC3F9BB2053B9BB22F
:103060001AB2664B03F58053A3F8FC2F634B03F5AC
:103070008053B3F9FC3F614A03F6164332F813203C
:10308000594BDA62584BDB6A574A5B085363D9E005
:103090000320FEF717FA594B03F580530022A3F8DB
:1030A000FC2FCFE0554B03F58053D3F820284F4B2E
:1030B0001B689A4200F2BF80504B03F580530322F5
:1030C00083F82828B7E04D4B03F58053B3F9FC3F54
:1030D00040F2E232934200F3B080484B03F5805354
:1030E000B3F9FC3F454A03F6164332F813203E4B32
:1030F000DA623D4BDB6A3C4A5B0853633F4B03F5A6
:103100008053B3F9FC3F9BB205339BB21AB23B4BE1
:1031100003F58053A3F8FC2F8FE0384B03F5805361
:10312000D3F82428314B1B689A4200F28880032090
:10313000FEF7C8F983E0314B03F58053B3F9FC3F48
:1031400019462E4B03F58053D3F81C2813469B00D9
:10315000134499421ED2294B03F58053B3F9FC3F27
:10316000264A03F6164332F813201F4BDA621E4B31
:10317000DB6A1D4A5B085363204B03F58053B3F9A8
:10318000FC3F9BB205339BB21AB21C4B03F5805334
:10319000A3F8FC2F194B03F500531B79002B2FD0FC
:1031A000164B03F500539A68104B1B689A4227D8B8
:1031B000124B03F58053B3F9F83740F2E2329342F1
:1031C00006DC0E4B03F5805340F2E332A3F8F827F8
:1031D0000A4B03F58053032283F82828074B03F595
:1031E000005300221A712CE000080040083700202C
:1031F00060340020BE230020BF230020A403002051
:10320000144B03F500531B68002B1ADD114B03F51B
:103210008053D3F82028104B1B689A4211D80D4BCD
:1032200003F5005301221A730A4B03F5805303225E
:1032300083F8282805E000BF04E000BF02E000BFDB
:1032400000E000BF054B1B69044A23F00103136132
:1032500000BF80BDA4030020083700200008004004
:1032600080B483B000AF78607B6800221A707B68FE
:1032700000225A707B6801229A7000BF0C37BD464D
:1032800080BC704784B080B584B000AF786007F12F
:103290001C0080E80E000023FB7372B600BF7B6841
:1032A0005B785A1C194B83FB0213D910D317C91A28
:1032B0000B469B000B449B00D11ACAB2144B1A70E8
:1032C0007B681A78124B1B789A4215D07B685B7822
:1032D0001A46652302FB03F37A6813440333184646
:1032E00007F11C036522194611F0BAF8084B1A7849
:1032F0007B685A700123FB7362B600BFFB7B1846E4
:103300001037BD46BDE8804004B07047676666660A
:103310008F33002080B584B000AF7860396000231F
:10332000FB733B68002B02D07B68002B01D100238C
:103330002BE072B600BF7B681A787B685B789A4294
:1033400020D07B681B781A46652302FB03F37A685A
:103350001344033365221946386811F081F87B68FD
:103360001B785A1C0B4B83FB0213D910D317C91AB5
:103370000B469B000B449B00D11ACAB27B681A70A3
:103380000123FB7362B600BFFB7B18461037BD46B6
:1033900080BD00BF6766666680B582B000AF00235F
:1033A000FB80A34B1B78002B01F09781A04B0022E0
:1033B0001A7008219F480DF0DFF99E4B9B781B0285
:1033C0001AB29C4BDB781BB213431BB2BB80994BE8
:1033D0001B791B021AB2974B5B791BB213431BB2CA
:1033E0007B80944B5B78032B00F04B86062B41F0DF
:1033F0007981BB8847F6181293420BD18E4B9B7D87
:10340000DBB2002B01F06B818B4B012283F825206E
:1034100001F065B9BB8847F61912934201F05F814C
:10342000BB8847F61A1293420BD1834BDB7DDBB28C
:10343000002B41F05481804B012283F83F2001F0A2
:103440004EB9BB8847F61B12934211D17A4BDB7DF4
:10345000DBB2002B41F04381774B9B7DDBB2002B2D
:1034600001F03D81744B012283F8232001F037B92C
:10347000BB8847F61C12934212D16F4BDB7DDBB247
:10348000002B41F02C816C4B9B7DDBB2002B01F0BB
:103490002681694B5B7EDAB2674BDA7601F01FB9A1
:1034A000BB8847F61D12934211D1634BDB7DDBB223
:1034B000002B41F01481604B9B7DDBB2002B01F0AF
:1034C0000E815D4B012283F8202001F008B9BB88F2
:1034D00047F61E12934217D1574BDB7DDBB2002B10
:1034E00041F0FD80544B012283F826207B88002B7D
:1034F00004D0524A7B88138001F0F1B84F4B40F65C
:10350000B8321A8001F0EBB8BB8847F61F1293421D
:103510000AD1494B93F83B30DBB27A881146184602
:1035200009F010FF01F0DBB8BB8847F62012934288
:103530000AD1414B93F83D30DBB27A8811461846E8
:1035400009F058FF01F0CBB8BB8847F6211293422F
:1035500001F0C580BB8847F62212934201F0BF807C
:10356000BB8847F62312934206D17B88DBB218460C
:1035700009F02CFE01F0B3B8BB8847F62412934241
:103580003AD12F4A7B8813802D4B1B88632B05D99A
:103590002B4B1B8844F62062934209D9294BFF220A
:1035A00083F8D520082128480DF0E6F800F068BD22
:1035B000234B1B8819464FF4A04004F0C3FB204B5B
:1035C0001B881946102005F067F91D4B1B881B0A44
:1035D0009BB2DBB21A4A1288D2B219464FF4A0400D
:1035E0000BF0F6FF174B012283F8D520082116486F
:1035F0000DF0C2F801F073B8BB8847F6251293426C
:103600004AD10F4A7B8813800D4B1B88632B05D949
:103610000B4B1B8844F62062934219D9094BFF22B9
:1036200083F8DD20082109480DF0A6F800F028BD38
:103630009033002094330020603400204635002071
:103640004435002000000020D0000020D8000020D9
:10365000AD4B1B88194645F2010004F073FBAA4BE1
:103660001B881946122005F017F9A74B1B881B0A67
:103670009BB2DBB2A44A1288D2B2194645F20100CD
:103680000BF0A6FFA14B012283F8DD200821A04802
:103690000DF072F801F023B8BB8847F6261293426A
:1036A00036D1994A7B881380974B1B8840F6B832F5
:1036B000934209D9954BFF2283F8E52008219548CC
:1036C0000DF05AF801F00BB88F4B1B88194645F2E4
:1036D000120004F037FB8C4B1B881946342005F090
:1036E000DBF8894B1B881B0A9BB2DBB2864A128827
:1036F000D2B2194645F212000BF06AFF834B012249
:1037000083F8E520082183480DF036F800F0E7BF84
:10371000BB8847F62712934236D17B4A7B881380B9
:10372000794B1B884CF25032934209D9774BFF22D8
:1037300083F8ED20082178480DF01EF800F0CFBF87
:10374000714B1B88194645F2160004F0FBFA6E4BCC
:103750001B8819463C2005F09FF86B4B1B881B0A01
:103760009BB2DBB2684A1288D2B2194645F2160003
:103770000BF02EFF654BFF2283F8ED2008216648F1
:103780000CF0FAFF00F0ABBFBB8847F6281293425B
:103790003AD15D4A7B8813805B4B1B88632B05D92C
:1037A000594B1B8842F21072934209D9574BFF22A2
:1037B00083F8F520082159480CF0DEFF00F060BCCA
:1037C000514B1B88194645F2170004F0BBFA4E4BCB
:1037D0001B8819463E2005F05FF84B4B1B881B0ADF
:1037E0009BB2DBB2484A1288D2B2194645F21700A2
:1037F0000BF0EEFE454B012283F8F52008214748E7
:103800000CF0BAFF00F06BBFBB8847F62912934259
:103810003AD13D4A7B8813803B4B1B88632B05D9EB
:10382000394B1B8844F62062934209D9374BFF225B
:1038300083F8FD2008213A480CF09EFF00F020BCE0
:10384000314B1B88194645F2040004F07BFA2E4BDD
:103850001B881946182005F01FF82B4B1B881B0AE4
:103860009BB2DBB2284A1288D2B2194645F2040054
:103870000BF0AEFE254B012283F8FD2008212848DD
:103880000CF07AFF00F02BBFBB8847F62A12934258
:103890004AD11D4A7B8813801B4B1B88632B05D99B
:1038A000194B1B8844F62062934208D9174BFF221C
:1038B00083F8052108211B480CF05EFFE0E3124B62
:1038C0001B88194645F2150004F03CFA0E4B1B8884
:1038D00019463A2004F0E0FF0B4B1B881B0A9BB2F1
:1038E000DBB2094A1288D2B2194645F215000BF034
:1038F0006FFE064B012283F80521082109480CF0D0
:103900003BFF00F0ECBE00BF44350020000000206B
:10391000D8000020E0000020E8000020F000002097
:10392000F800002000010020BB8847F62B129342CC
:1039300036D1B24A7B881380B04B1B884CF2503290
:10394000934209D9AE4BFF2283F80D210821AD48DF
:103950000CF012FF00F0C3BEA84B1B88194645F2BD
:10396000050004F0EFF9A54B1B8819461A2004F056
:1039700093FFA24B1B881B0A9BB2DBB29F4A1288A3
:10398000D2B2194645F205000BF022FE9C4B0122F3
:1039900083F80D2108219B480CF0EEFE00F09FBE3D
:1039A000BB8847F62C12934236D1944A7B88138009
:1039B000924B1B884CF25032934209D9904BFF2214
:1039C00083F81521082190480CF0D6FE00F087BE40
:1039D0008A4B1B88194645F2130004F0B3F9874B54
:1039E0001B881946362004F057FF844B1B881B0A9E
:1039F0009BB2DBB2814A1288D2B2194645F213005B
:103A00000BF0E6FD7E4B012283F8152108217E484C
:103A10000CF0B2FE00F063BEBB8847F62D12934255
:103A200036D1764A7B881380744B1B884CF2503217
:103A3000934209D9724BFF2283F81D210821734854
:103A40000CF09AFE00F04BBE6C4B1B88194645F2F9
:103A5000180004F077F9694B1B881946402004F0E0
:103A60001BFF664B1B881B0A9BB2DBB2634A1288A2
:103A7000D2B2194645F218000BF0AAFD604B0122A4
:103A800083F81D21082161480CF076FE00F027BE66
:103A9000BB8847F62E12934238D1584A7B88138050
:103AA000564B1B884CF25032934209D9544BFF229B
:103AB00083F82521082156480CF05EFE00F00FBE69
:103AC0004E4B1B88194645F2190004F03BF94B4B4D
:103AD0001B881946422004F0DFFE484B1B881B0A56
:103AE0009BB2DBB2454A1288D2B2194645F21900A0
:103AF0000BF06EFD424B03F58053012283F8252A1B
:103B0000082143480CF038FE00F0E9BDBB8847F6B9
:103B10002F12934236D1394A7B881380374B1B884A
:103B20004CF25032934209D9354BFF2283F82D21B4
:103B3000082138480CF020FE00F0D1BD2F4B1B8827
:103B4000194645F2020004F0FDF82C4B1B8819467B
:103B5000142004F0A1FE294B1B881B0A9BB2DBB288
:103B6000264A1288D2B2194645F202000BF030FD07
:103B7000234B012283F82D21082126480CF0FCFD5F
:103B800000F0ADBDBB8847F63012934246D11B4AC8
:103B90007B881380194B1B884CF25032934209D911
:103BA000174BFF2283F8352108211B480CF0E4FD58
:103BB00000F095BD114B1B88194645F2030004F037
:103BC000C1F80E4B1B881946162004F065FE0B4BFE
:103BD0001B881B0A9BB2DBB2084A1288D2B2194674
:103BE00045F203000BF0F4FC054B012283F835216C
:103BF000082109480CF0C0FD00F071BD44350020DB
:103C00000000002008010020100100201801002001
:103C1000200100202801002030010020BB8847F649
:103C20003112934236D1B74A7B881380B54B1B883B
:103C30004CF25032934209D9B34BFF2283F83D2115
:103C40000821B2480CF098FD00F049BDAD4B1B882F
:103C5000194645F2060004F075F8AA4B1B88194670
:103C60001C2004F019FEA74B1B881B0A9BB2DBB279
:103C7000A44A1288D2B2194645F206000BF0A8FCFD
:103C8000A14B012283F83D210821A0480CF074FDCE
:103C900000F025BDBB8847F63212934236D1994ACF
:103CA0007B881380974B1B884CF25032934209D982
:103CB000954BFF2283F84521082195480CF05CFDC7
:103CC00000F00DBD8F4B1B88194645F2070004F02C
:103CD00039F88C4B1B8819461E2004F0DDFD894BFA
:103CE0001B881B0A9BB2DBB2864A1288D2B21946E5
:103CF00045F207000BF06CFC834B012283F8452151
:103D0000082183480CF038FD00F0E9BCBB8847F679
:103D10003312934240F008817B88012B43D101226A
:103D2000002147F299600BF053FC0022002147F27A
:103D30009A600BF04DFC0022002147F29D600BF0D1
:103D400047FC744B01225A760121442009F05EFCA5
:103D50006D4B012283F84D2108216F480CF00CFDBA
:103D60006C4B9B7EDBB2022B40F0B9840122002118
:103D700047F29B600BF02CFC0022002147F29C6074
:103D80000BF026FC634B01229A760121452009F0B5
:103D90003DFC5D4B012283F85D2108215F480CF05A
:103DA000EBFC00F09CBC7B88022B61D1594B93F853
:103DB0003530DBB2002B1CD0564B5B7DDBB2002BC9
:103DC00004D11E21564809F047FE08E0514B5B7DA7
:103DD000DBB2012B03D12421524809F03DFE4A4BAE
:103DE000FF2283F84D2108214B480CF0C5FC00F060
:103DF00079BC0022002147F299600BF0E9FB012217
:103E0000002147F29A600BF0E3FB0022002147F209
:103E10009D600BF0DDFB3F4B02225A7602214420CD
:103E200009F0F4FB384B022283F84D2108213A486F
:103E30000CF0A2FC374B002283F82C20002200213A
:103E400047F623100BF0C4FB0021732009F0DEFBC2
:103E5000304B002283F831200022002147F6261043
:103E60000BF0B6FB0021762009F0D0FB00F037BC48
:103E70007B88032B3DD10022002147F299600BF093
:103E8000A7FB0022002147F29A600BF0A1FB012260
:103E9000002147F29D600BF09BFB1E4B03225A76DC
:103EA0000321442009F0B2FB174B032283F84D2174
:103EB000082119480CF060FC164B002283F82C20D6
:103EC0000022002147F623100BF082FB0021732013
:103ED00009F09CFB0F4B002283F8312000220021C7
:103EE00047F626100BF074FB0021762009F08EFBBC
:103EF000F5E3054BFF2283F84D21082106480CF01D
:103F00003BFCECE344350020000000203801002099
:103F100040010020603400204801002058010020AA
:103F20007C4D0108AC4D0108BB8847F63412934222
:103F300067D17B88012B1BD10122002147F29B60B6
:103F40000BF046FB0022002147F29C600BF040FB87
:103F5000AC4B01229A760121452009F057FBAA4B70
:103F6000012283F85D210821A8480CF005FCB6E386
:103F70007B88022B3CD1A34B5B7EDBB2012B1BD198
:103F8000A04B5B7DDBB2002B04D11E21A04809F0C1
:103F900063FD08E09B4B5B7DDBB2012B03D1282145
:103FA0009C4809F059FD984B032283F85D210821B4
:103FB00096480CF0E1FB95E30022002147F29B605C
:103FC0000BF006FB0122002147F29C600BF000FB86
:103FD0008C4B02229A760221452009F017FB8A4B6E
:103FE000022283F85D21082188480CF0C5FB76E3A6
:103FF000854BFF2283F85D21082184480CF0BCFB2F
:104000006DE3BB8847F63512934240F06883824ADD
:104010007B881380804B1B88632B05D97E4B1B88C4
:1040200047F23052934208D9774BFF2283F86D2034
:1040300008217A480CF0A0FB22E0774B1B88194638
:1040400045F2140003F07EFE734B1B88194638209E
:1040500004F022FC704B1B881B0A9BB2DBB26E4A39
:104060001288D2B2194645F214000BF0B1FA664B31
:10407000012283F86D20082168480CF07DFB2EE3B7
:104080002DE3BB88B3F5FA4F14D15E4B9B7DDBB2B9
:10409000012B04D108215C480CF06EFB21E3594B45
:1040A0009B7DDBB2002B40F01C8308215C480CF0A8
:1040B00063FB16E3BB8847F60152934200F011837D
:1040C000BB8847F6025293420ED14E4B9B7DDBB22A
:1040D000012B04D1082153480CF04EFB01E30821C9
:1040E00051480CF049FBFCE2BB8847F6035293426F
:1040F0000FD1444B93F82430DBB2012B04D10821BB
:104100004A480CF039FBECE2082149480CF034FB3A
:10411000E7E2BB8847F6045293420ED1394B5B7FEE
:10412000DBB2012B04D1082142480CF025FBD8E278
:10413000082141480CF020FBD3E2BB8847F605522A
:1041400093420FD12F4B93F82130DBB2012B04D1D6
:1041500008213A480CF010FBC3E2082138480CF063
:104160000BFBBEE2BB8847F6065293420FD1254BAC
:1041700093F85530DBB2012B04D1082127480CF00D
:10418000FBFAAEE208212F480CF0F6FAA9E2BB8850
:1041900047F60752934217D11A4B93F85630DBB2C9
:1041A000012B04D1082128480CF0E6FA99E2164BBD
:1041B000002283F87520082123480CF0DDFA124B09
:1041C000012283F875208CE2BB8847F6085293429F
:1041D0003ED10C4B93F85630DBB2012B04D10821B1
:1041E0001A480CF0C9FA7CE2074B002283F88520BC
:1041F000082116480CF0C0FA034B012283F88520F1
:104200006FE200BF60340020000000205801002051
:10421000D44D0108004E01084435002068000020FC
:104220000800002028000020200000203800002086
:1042300030000020480000204000002058000020EE
:10424000500000206000002070000020800000204E
:10425000BB8847F60952934200F04382BB8847F679
:104260000A52934200F03D82BB8847F60B529342BC
:104270000BD1AD4B93F84530DAB2AC4B83F8BD208F
:104280000821AB480CF078FA2BE2BB8847F60C52B9
:10429000934214D1A44B1B7DDBB2012B04D1082126
:1042A000A4480CF069FA1CE29F4B1B7DDBB2022B89
:1042B00040F017820821A0480CF05EFA11E2BB889A
:1042C00047F60D52934216D14FF4A04003F0DEFCA6
:1042D0000346FB80FB881B0A9BB2DAB2934B83F840
:1042E000D420FB88DAB2914B83F8D520082193487B
:1042F0000CF042FAF5E1BB8847F60E52934216D114
:1043000045F2010003F0C2FC0346FB80FB881B0A58
:104310009BB2DAB2854B83F8DC20FB88DAB2834BA0
:1043200083F8DD20082186480CF026FAD9E1BB8805
:1043300047F60F52934216D145F2120003F0A6FC45
:104340000346FB80FB881B0A9BB2DAB2774B83F8EB
:10435000E420FB88DAB2754B83F8E5200821794820
:104360000CF00AFABDE1BB8847F61052934216D111
:1043700045F2160003F08AFC0346FB80FB881B0A0B
:104380009BB2DAB2694B83F8EC20FB88DAB2674B58
:1043900083F8ED2008216C480CF0EEF9A1E1BB8810
:1043A00047F61152934216D145F2170003F06EFC06
:1043B0000346FB80FB881B0A9BB2DAB25B4B83F897
:1043C000F420FB88DAB2594B83F8F52008215F48C6
:1043D0000CF0D2F985E1BB8847F61252934216D110
:1043E00045F2040003F052FC0346FB80FB881B0AE5
:1043F0009BB2DAB24D4B83F8FC20FB88DAB24B4B10
:1044000083F8FD20082152480CF0B6F969E1BB8819
:1044100047F61352934216D145F2150003F036FCCD
:104420000346FB80FB881B0A9BB2DAB23F4B83F842
:104430000421FB88DAB23D4B83F805210821454869
:104440000CF09AF94DE1BB8847F61452934216D10D
:1044500045F2050003F01AFC0346FB80FB881B0AAB
:104460009BB2DAB2314B83F80C21FB88DAB22F4BC6
:1044700083F80D21082138480CF07EF931E1BB8822
:1044800047F61552934216D145F2130003F0FEFB96
:104490000346FB80FB881B0A9BB2DAB2234B83F8EE
:1044A0001421FB88DAB2214B83F8152108212B480F
:1044B0000CF062F915E1BB8847F61652934216D10B
:1044C00045F2180003F0E2FB0346FB80FB881B0A61
:1044D0009BB2DAB2154B83F81C21FB88DAB2134B7E
:1044E00083F81D2108211E480CF046F9F9E0BB882D
:1044F00047F61752934237D145F2190003F0C6FB35
:104500000346FB80FB881B0A9BB2DAB2074B83F899
:104510002421FB88DAB2054B83F8252108211148B4
:104520000CF02AF9DDE000BF60340020000000201C
:10453000B8000020C8000020C0000020D0000020EB
:10454000D8000020E0000020E8000020F00000205B
:10455000F8000020000100200801002010010020C8
:104560001801002020010020BB8847F61852934212
:1045700016D145F2020003F089FB0346FB80FB885D
:104580001B0A9BB2DAB2594B83F82C21FB88DAB2B2
:10459000564B83F82D21082155480CF0EDF8A0E08A
:1045A000BB8847F61952934216D145F2030003F037
:1045B0006DFB0346FB80FB881B0A9BB2DAB24B4BB8
:1045C00083F83421FB88DAB2484B83F8352108217F
:1045D00048480CF0D1F884E0BB8847F61A52934261
:1045E00016D145F2060003F051FB0346FB80FB8821
:1045F0001B0A9BB2DAB23D4B83F83C21FB88DAB24E
:104600003A4B83F83D2108213B480CF0B5F868E0AF
:10461000BB8847F61B52934216D145F2070003F0C0
:1046200035FB0346FB80FB881B0A9BB2DAB22F4B9B
:1046300083F84421FB88DAB22C4B83F8452108210A
:104640002E480CF099F84CE0BB8847F61C52934278
:104650000ED12B4B5B7EDAB2244B83F84D2108211F
:1046600028480CF089F8214B012283F84D2138E0CD
:10467000BB8847F61D52934213D1214B9B7EDBB280
:10468000012B04D1082120480CF076F829E01C4BBE
:104690009B7EDBB2022B24D108211C480CF06CF865
:1046A0001FE0BB8847F61E5293421AD145F2140010
:1046B00003F0ECFA0346FB80FB881B0A9BB2DAB2DC
:1046C0000A4B83F86C21FB88DAB2084B83F86D2122
:1046D00008210F480CF050F803E000BF02E000BFD3
:1046E00000E000BF00BF0837BD4680BD00000020CD
:1046F0002801002030010020380100204001002066
:104700006034002048010020580100206001002092
:104710006801002080B483B000AF7860034B1B7D3C
:10472000DBB2002B0C37BD4680BC704760340020E4
:1047300080B582B000AF78607B681B78012B02D017
:10474000042B1DD021E0124B1B7DDBB2012B03D0CB
:10475000002008F049F918E00D4B5B7DDBB2002B1F
:1047600004D120210B4809F077F90DE0084B5B7D5F
:10477000DBB2012B08D12021074809F06DF903E0D5
:10478000002008F07BF800E000BF0837BD4680BD80
:10479000603400202C4E0108404E010880B584B0E2
:1047A00000AF78604FF4E04003F070FA0346FB601E
:1047B000FB681B04FB6047F2010003F067FA034645
:1047C0001A46FB681344FB608D4B1B78DBB2002B51
:1047D00014D18B4B5B7DDBB2002B04D10C218948BB
:1047E00009F03AF906E1864B5B7DDBB2012B40F024
:1047F00001811321844809F02FF9FBE0804B5B789D
:10480000DBB2002B14D17E4B5B7DDBB2002B04D1DD
:104810000C217E4809F020F9EEE0794B5B7DDBB29C
:10482000012B40F0E9801621794809F015F9E3E001
:10483000734B1B78DBB2012B02D0022B48D0D2E0A5
:10484000F968002000F0F4F80346002B25D06C4BEB
:104850001B7DDBB2012B03D1202008F0F5FF02E025
:10486000002008F0F1FF06226A4947F2055009F0DE
:1048700033F8062267494FF4EA4009F02DF8604BFF
:104880001B78DBB20A33DAB25D4B1A700822624938
:1048900047F2106009F020F8A2E006225D4947F2D5
:1048A000055009F019F8564B5B7DDBB2002B04D1A3
:1048B00008215A4809F0D0F892E0514B5B7DDBB2F9
:1048C000012B40F08D800F21554809F0C5F887E095
:1048D000F968012000F0ACF80346002B2FD0484BBC
:1048E0001B7DDBB2012B09D0454B1B7DDBB2032BBB
:1048F00008D1434B9B7DDBB2002B03D0202008F076
:10490000A3FF02E0002008F09FFF0622414947F282
:10491000055008F0E1FF06223E494FF4EA4008F056
:10492000DBFF374B1B78DBB20A33DAB2344B1A7039
:1049300008223C4947F2106008F0CEFF52E0F968C7
:10494000022000F075F80346002B2FD02C4B1B7D66
:10495000DBB2012B09D02A4B1B7DDBB2032B08D124
:10496000274B9B7DDBB2002B03D0202008F06CFF8F
:1049700002E0002008F068FF0622264947F20550B1
:1049800008F0AAFF062223494FF4EA4008F0A4FFEA
:104990001B4B1B78DBB21433DAB2194B1A700822A6
:1049A000214947F2106008F097FF1BE006221949E1
:1049B00047F2055008F090FF114B5B7DDBB2002BF6
:1049C00004D10821154809F047F80BE00C4B5B7D3A
:1049D000DBB2012B06D10F21114809F03DF801E0AF
:1049E00000BF00E000BF064B00225A700F4B0022B0
:1049F0005A7002E000BF00E000BF1037BD4680BD26
:104A000060340020644E0108744E0108884E01088D
:104A1000984E0108B04E0108B84E0108C44E010876
:104A2000D04E0108E04E0108EC4E0108E8330020AA
:104A300080B485B000AF03463960FB710123FB737E
:104A4000FB79022B56D0022B7CDC002B02D0012BF1
:104A500028D077E00623BB7320E039683C4BA3FBEA
:104A60000123DA0813469B0013445B00CA1A02F1C3
:104A70003003BA7B013A37490A449278D2B2934262
:104A800003D00023FB7300BF5CE03B68304AA2FB0D
:104A90000323DB083B60BB7B013BBB73BB7B002B71
:104AA000DBD14FE00623BB7320E03968284BA3FB22
:104AB0000123DA0813469B0013445B00CA1A02F173
:104AC0003003BA7B013A23490A44127AD2B29342A4
:104AD00003D00023FB7300BF34E03B681C4AA2FBF9
:104AE0000323DB083B60BB7B013BBB73BB7B002B21
:104AF000DBD127E00623BB7320E03968144BA3FB0E
:104B00000123DA0813469B0013445B00CA1A02F122
:104B10003003BA7B013A0F490A44927BD2B29342E6
:104B200003D00023FB7300BF0BE03B68084AA2FBE5
:104B30000323DB083B60BB7B013BBB73BB7B002BD0
:104B4000DBD100BFFB7B18461437BD4680BC7047E5
:104B5000CDCCCCCC6034002080B582B000AF786082
:104B60000E4B5B7DDBB2002B04D10D4B1B8818462E
:104B700008F06AFE094B5B7DDBB2012B06D1084BC6
:104B80001B88323B9BB2184608F05EFE054B0022A4
:104B90009A7000BF0837BD4680BD00BF603400205A
:104BA000B0350020E833002080B582B000AF7860D7
:104BB000134B0022DA707B681B78012B02D0022B8A
:104BC0000AD013E006220F494FF4EA4008F084FEB1
:104BD0000D4B01221A7009E006220C494FF4EA40FD
:104BE00008F07AFE084B02221A7000BF062208491C
:104BF00047F2055008F070FE00BF0837BD4680BD83
:104C0000E8330020F84E010860340020004F01080E
:104C1000B04E010880B582B000AF78602C4B002206
:104C20005A7106222B494FF4EA4008F055FE06223D
:104C3000284947F2055008F04FFE274B00221A7012
:104C4000254B5B7DDBB2002B04D10921234808F002
:104C500003FF08E0204B5B7DDBB2012B03D10E216B
:104C60001F4808F0F9FE4FF4FA700BF098FE1A4B4B
:104C70005B7DDBB2002B04D10A211A4808F0ECFE60
:104C800008E0154B5B7DDBB2012B03D10B211648ED
:104C900008F0E2FE02200BF082FE0F4B5B7DDBB2E0
:104CA000002B06D10A22114947F2106008F074FE69
:104CB0000AE0094B5B7DDBB2012B05D10A220C49CE
:104CC00047F2106008F068FE00BF0837BD4680BD9F
:104CD000E8330020B04E010860340020084F01087E
:104CE000144F0108244F0108304F01083C4F0108C0
:104CF000484F010880B588B000AF7860894B00222A
:104D00009A71894B1B78DBB2002B14D1864B5B7DEB
:104D1000DBB2002B04D10C21844808F09DFECDE1CC
:104D2000814B5B7DDBB2012B40F0C88113218048B1
:104D300008F092FEC2E17C4B5B78DBB2002B14D111
:104D4000794B5B7DDBB2002B04D10E21794808F052
:104D500083FEB5E1744B5B7DDBB2012B40F0B0818B
:104D60001A21754808F078FEAAE16F4B5B78DBB238
:104D7000012B14D86C4B5B7DDBB2002B04D10E21D0
:104D80006E4808F069FE9DE1674B5B7DDBB2012B4D
:104D900040F098811A216A4808F05EFE92E1624B69
:104DA0005B78DBB2022B14D85F4B5B7DDBB2002B50
:104DB00004D11221634808F04FFE85E15A4B5B7D18
:104DC000DBB2012B40F0808127215F4808F044FED0
:104DD0007AE14FF4E04002F059FF0346FB61FB69C2
:104DE0001B04FB6147F2010002F050FF03461A4624
:104DF000FB691344FB614C4B1B78DBB20A2B06D9D1
:104E0000494B1B78DBB20A3BDAB2474B1A70464B70
:104E10001B78DBB2012B40F0A380F9690020FFF77B
:104E200007FE0346002B00F09B8047F2020002F0D1
:104E30002DFF0346BB61BB691B04BB6147F2030046
:104E400002F024FF03461A46BB691344BB6147F2D4
:104E5000040002F01BFF03467B617B691B047B613E
:104E600047F2050002F012FF03461A467B6913441D
:104E70007B61BA697B699A422DD1B969002003F040
:104E800067F8002003F0C8FC0622304947F20550BD
:104E900008F022FD06222D4947F2205008F01CFDA3
:104EA00006222A4947F2235008F016FD1E4B5B7D6F
:104EB000DBB2002B04D10A21254808F0CDFD05E125
:104EC000194B5B7DDBB2012B40F000811A21214898
:104ED00008F0C2FDFAE006221C4947F2055008F02E
:104EE000FBFC0622194947F2205008F0F5FC062287
:104EF000164947F2235008F0EFFC0B4B5B7DDBB209
:104F0000002B04D10A21144808F0A6FDDEE0064B70
:104F10005B7DDBB2012B40F0D9801F210F4808F0E8
:104F20009BFDD3E0E833002060340020644E01088C
:104F3000744E0108544F0108644F0108804F010866
:104F4000904F0108AC4F0108C04F0108B04E010856
:104F5000E84F0108F84F01081450010820500108DB
:104F60005D4B1B78DBB2022B40F08280F969012097
:104F7000FFF75EFD0346002B7AD047F2020002F0F5
:104F800085FE03463B613B691B043B6147F203001E
:104F900002F07CFE03461A463B6913443B6147F22C
:104FA000040002F073FE0346FB60FB681B04FB6019
:104FB00047F2050002F06AFE03461A46FB681344F6
:104FC000FB603A69FB689A422CD13969012002F0F2
:104FD000BFFF012003F020FC0622404947F20550A4
:104FE00008F07AFC06223D4947F2205008F074FC94
:104FF00006223A4947F2235008F06EFC364B5B7D9F
:10500000DBB2002B04D10A21354808F025FD5FE012
:10501000314B5B7DDBB2012B5AD11721314808F0AF
:105020001BFD55E006222D4947F2055008F054FCBF
:1050300006222A4947F2205008F04EFC0622274952
:1050400047F2235008F048FC234B5B7DDBB2002B7A
:1050500004D10A21244808F0FFFC39E01E4B5B7D97
:10506000DBB2012B34D11F21204808F0F5FC2FE0E2
:1050700006221A4947F2055008F02EFC062217496D
:1050800047F2205008F028FC0622144947F223502A
:1050900008F022FC104B5B7DDBB2002B04D1082111
:1050A000134808F0D9FC14E00B4B5B7DDBB2012BFD
:1050B0000FD10F210F4808F0CFFC0AE000BF08E035
:1050C00000BF06E000BF04E000BF02E000BF00E058
:1050D00000BF2037BD4680BD60340020B04E0108BF
:1050E000E84F010840500108145001082050010801
:1050F000C44E0108D04E010880B582B000AF786080
:10510000904B00221A717B681B78013B072B00F241
:10511000168101A252F823F0395100088751000886
:10512000CD5100085D5200087352000889520008F2
:10513000CF520008FB520008002002F0AFFC824B67
:10514000002283F84720804B002283F852207E4BB8
:105150001B78DBB2092B0ED97B4B1B7DDBB2012BFD
:1051600009D0794B1B7DDBB2032B08D1764B9B7D9D
:10517000DBB2002B03D0202008F066FBDFE000202C
:1051800008F062FBDBE0002002F088FC6E4B01229D
:1051900083F847206C4B1B78DBB2092B0ED96A4B86
:1051A0001B7DDBB2012B09D0674B1B7DDBB2032BD0
:1051B00008D1654B9B7DDBB2002B03D01E2008F08D
:1051C00043FBBCE0012008F03FFBB8E05E4B1B7DD9
:1051D000DBB2012B14D15C4B5B7DDBB2002B04D125
:1051E00020215A4808F038FCA6E0574B5B7DDBB223
:1051F000012B40F0A1802021554808F02DFC9BE0B8
:10520000514B1B7DDBB2032B19D14F4B9B7DDBB286
:10521000002B14D04C4B5B7DDBB2002B04D1102152
:105220004C4808F019FC89E0474B5B7DDBB2012B51
:1052300040F084801621484808F00EFC7EE0424B86
:10524000022283F84720404B012283F8522000209D
:1052500002F024FC022008F0F7FA70E03A4B032237
:1052600083F84720012002F019FC032008F0ECFA33
:1052700065E0354B042283F84720002002F00EFC45
:10528000042008F0E1FA5AE0002002F007FC2E4B5F
:10529000052283F847202C4B1B78DBB20B2B0ED951
:1052A000294B1B7DDBB2012B09D0274B1B7DDBB2C9
:1052B000032B08D1244B9B7DDBB2002B03D01F2096
:1052C00008F0C2FA3BE0052008F0BEFA37E0002003
:1052D00002F0E4FB0622214947F2055008F0FCFAEF
:1052E00006221E494FF4EA4008F0F6FA164B002257
:1052F0005A70072008F0A8FA21E0062217494FF457
:10530000EA4008F0E9FA0622144947F2055008F08D
:10531000E3FA0622114947F2205008F0DDFA06228E
:105320000E4947F2235008F0D7FA074B00225A7073
:10533000082008F089FA02E000BF00E000BF08374B
:10534000BD4680BDE8330020603400202C4E0108AB
:10535000404E01085C50010870500108B04E010831
:1053600080B582B000AF78607B681B78032B65D076
:10537000032B00F3AC80012B02D0022B3CD0A6E023
:10538000544B1B7DDBB2032B19D1524B9B7DDBB2FF
:10539000002B14D04F4B5B7DDBB2002B04D11021CE
:1053A0004D4808F059FB8BE04A4B5B7DDBB2012B8B
:1053B00040F086801621494808F04EFB80E0454BBE
:1053C000DB7DDBB2002B13D0424B5B7DDBB2002BCD
:1053D00004D12321424808F03FFB73E03D4B5B7D45
:1053E000DBB2012B6ED123213E4808F035FB69E08A
:1053F000012007F0EBFE6AE0364B1B7DDBB2032B8E
:1054000018D1344B9B7DDBB2012B13D1314B5B7D2B
:10541000DBB2002B04D110212F4808F01DFB53E014
:105420002C4B5B7DDBB2012B4ED116212B4808F0B3
:1054300013FB49E0002007F0C9FE48E0254B9B7DA7
:10544000DBB2012B13D1234B5B7DDBB2002B04D1EC
:105450000A21254808F000FB38E01E4B5B7DDBB2DB
:10546000012B33D11321214808F0F6FA2EE0012058
:1054700007F0DAFB022007F0D7FB042007F0D4FB8B
:10548000052007F0D1FB134B5B7DDBB2002B04D171
:105490000F21174808F000FB08E00E4B5B7DDBB2E4
:1054A000012B03D11521134808F0F6FA094B03220A
:1054B0001A75084B1B7DDBB218460AF01DF906E091
:1054C00000BF04E000BF02E000BF00E000BF0837FB
:1054D000BD4680BD603400205C500108705001085A
:1054E00088500108A0500108C4500108D05001089C
:1054F000E4500108F450010880B582B000AF786034
:1055000008F022F80346012B00F0C6807B681B7868
:10551000013B232B00F2C18001A252F823F000BF0F
:10552000B1550008B9550008C1550008C955000813
:105530009B5600089B5600089B5600089B56000887
:105540009B5600089B5600089B5600089B56000877
:105550009B5600089B5600089B5600089B56000867
:10556000D1550008E5550008F95500080D5600080A
:105570009B5600089B5600089B5600089B56000847
:105580009B5600089B5600089B5600089B56000837
:105590009B5600089B5600089B5600089B56000827
:1055A000215600083F5600085D5600087B5600084B
:1055B0000020FBF787FF70E00120FBF7A3FF6CE002
:1055C0000220FBF79FFF68E00320FBF79BFF64E0EE
:1055D000334B93F83B30DBB21A460A210020FCF72C
:1055E000D5FC5AE02E4B93F83C30DBB21A460A2128
:1055F0000120FCF7CBFC50E0294B93F83D30DBB2A7
:105600001A460A210220FCF7C1FC46E0244B93F81D
:105610003E30DBB21A460A210320FCF7B7FC3CE01F
:105620001F4B93F83B30DBB2002B0CBF0123002350
:10563000DBB21A460A210020FCF7A8FC2DE0184B2B
:1056400093F83C30DBB2002B0CBF01230023DBB20C
:105650001A460A210120FCF799FC1EE0104B93F832
:105660003D30DBB2002B0CBF01230023DBB21A4616
:105670000A210220FCF78AFC0FE0094B93F83E3028
:10568000DBB2002B0CBF01230023DBB21A460A2138
:105690000320FCF77BFC00E000BF0837BD4680BD5F
:1056A0006034002080B582B000AF786007F04CFF16
:1056B0000346012B00F007818B4B93F83230DBB2AD
:1056C000002B14D0884B5B7DDBB2002B04D1102162
:1056D000864808F0E1F9F8E0834B5B7DDBB2012BF3
:1056E00040F0F3801D21824808F0D6F9EDE07E4BB2
:1056F000DB7DDBB2002B40F0D2807B681B78032B74
:1057000000F09E80032B00F3EB80012B02D0022BD4
:1057100045D0E5E0774B5B6B764A926B11461846B5
:10572000FBF76AF903464FF000011846FBF714FC3B
:105730000346002B14D06C4B5B7DDBB2002B04D1F5
:105740001B216D4808F0A8F9C1E0674B5B7DDBB217
:10575000012B40F0BC802121684808F09DF9B6E09B
:10576000614B93F82430DBB2002B14D15E4B5B7D90
:10577000DBB2002B04D10A21614808F06DF9A8E0E2
:10578000594B5B7DDBB2012B40F0A38013215D48B8
:1057900008F062F99DE0544B01229A77A0E0524B49
:1057A000DB7DDBB2002B40F0968001200BF04EFB3E
:1057B0000346002B28D14C4B93F82130DBB2002B51
:1057C00022D14C4B5B6B4FF000011846FBF7C4FB3A
:1057D0000346002B13D0444B5B7DDBB2002B04D17E
:1057E0001B21454808F038F977E03F4B5B7DDBB281
:1057F000012B72D12121414808F02EF96DE03A4B7E
:10580000012283F8202066E0374B93F82130DBB289
:10581000002B60D0374B9B6B4FF000011846FBF715
:10582000AFFB0346002B00D155E02F4B93F82230FD
:10583000DBB2002B4FD12C4B022283F820204AE010
:10584000294B93F82130DBB2002B23D0294B9B6BE3
:105850004FF000011846FBF793FB0346002B19D0CD
:10586000214B93F82230DBB2002B13D11E4B5B7D12
:10587000DBB2002B04D11021234808F0EDF82EE014
:10588000194B5B7DDBB2012B29D122211F4808F087
:10589000E3F824E0144B012283F8232020E0124B8C
:1058A0005B7DDBB2002B04D12321194808F0D4F82A
:1058B00016E00D4B5B7DDBB2012B11D12321154886
:1058C00008F0CAF80CE000BF0AE000BF08E000BF23
:1058D00006E000BF04E000BF02E000BF00E000BF40
:1058E0000837BD4680BD00BF603400200C51010860
:1058F00020510108BC340020405101085C510108CE
:10590000805101088C510108A0510108B4510108CF
:1059100088500108A0500108B0B582B000AF78608F
:1059200007F012FE0346012B5ED001200BF0B0FA07
:105930000346002B02D1012007F040FA02200BF0B1
:10594000A7FA0346002B02D0012007F043FB7B6837
:105950001B78012B02D0022B1CD046E0244B1B6885
:105960001846FBF717FB0446224B93F83B30DBB29B
:10597000002B0CBF01230023DBB21D461C4B5B68D0
:105980001846FBF707FB03462A4621460020FBF793
:1059900073FB2AE0184B1B78002B06D00020FBF786
:1059A00091FD154B00221A7015E0114B1B6818462B
:1059B000FBF7F0FA01460F4B93F83B30DBB2002BBC
:1059C0000CBF01230023DBB21A460020FCF7DEFAED
:1059D000094B01221A70084B1B781A46002147F622
:1059E000141009F0F5FD00E000BF0837BD46B0BD5A
:1059F000BC34002060340020A8330020B0B582B051
:105A000000AF78602F4B0022DA7207F09DFD03464D
:105A1000012B50D07B681B78012B02D0022B25D0A4
:105A20004CE0294B93F82038002B46D108200BF08E
:105A30000DFA0346002B40D0244B012283F84D2061
:105A4000234B1B6A1846FBF7A5FA05461F4B93F834
:105A50003C30DCB21E4B5B6A1846FBF79BFA0346F0
:105A6000224629460120FBF707FB26E0194B1B784D
:105A7000002B06D00120FBF745FD164B00221A70C3
:105A800010E0134B1B6A1846FBF784FA01460F4BD4
:105A900093F83C30DBB21A460120FCF777FA0D4B45
:105AA00001221A700B4B1B781A46002147F6111081
:105AB00009F08EFD02E000BF00E000BF0837BD46E0
:105AC000B0BD00BFE8330020A403002060340020F4
:105AD000BC340020A9330020B0B582B000AF78609C
:105AE000404B00229A7307F02FFD0346012B70D024
:105AF0003D4B93F82A30DBB2002B13D13A4B5B7D40
:105B0000DBB2002B04D11221384807F0A5FF62E078
:105B1000354B5B7DDBB2012B5DD12421344807F08E
:105B20009BFF58E07B681B78012B02D0022B27D00B
:105B300054E0304B03F5805393F82838002B4CD1B8
:105B400006200BF083F90346002B46D0264B01229A
:105B500083F84E20284B1B6C1846FBF71BFA0546B2
:105B6000214B93F83E30DCB2234B5B6C1846FBF7BD
:105B700011FA0346224629460320FBF77DFA2CE062
:105B80001E4B1B78002B06D01C4B00221A700320E2
:105B9000FBF7B8FC14E0194B01221A70124B0022DB
:105BA00083F84E20144B1B6C1846FBF7F3F90146A3
:105BB0000D4B93F83E30DBB21A460320FCF7E6F9B2
:105BC0000E4B1B781A46002147F6121009F000FD13
:105BD00004E000BF02E000BF00E000BF0837BD46A0
:105BE000B0BD00BFE833002060340020D851010868
:105BF000EC510108A4030020BC340020AA3300208B
:105C000090B583B000AF7860294B00221A7407F07A
:105C10009BFC0346012B44D07B681B78012B02D0F0
:105C2000022B19D040E0234B03F5805393F828381A
:105C3000002B38D1204B9B6A1846FBF7ABF9044682
:105C40001D4B5B6B1846FBF7A5F903460022214666
:105C50000320FBF711FA26E0184B1B78002B06D027
:105C6000164B00221A700320FBF74CFC10E0134B7C
:105C700001221A70104B9B6A1846FBF78BF90146FC
:105C80000F4B93F83E30DBB21A460320FCF77EF947
:105C90000A4B1B781A46002147F6131009F098FCAE
:105CA00002E000BF00E000BF0C37BD4690BD00BF62
:105CB000E8330020A4030020BC340020AB330020D4
:105CC0006034002080B582B000AF786007F03CFC03
:105CD0000346012B7DD07B681B78032B76D0032BEA
:105CE0007CDC012B02D0022B39D077E03D4B93F8BE
:105CF0002430DBB2002B13D13A4B5B7DDBB2002B9F
:105D000004D10A21384807F0A7FE64E0354B5B7DDB
:105D1000DBB2012B5FD11321344807F09DFE5AE01E
:105D2000304BDB7DDBB2002B05D12E4B5B7EDAB234
:105D30002C4BDA7651E02B4B5B7DDBB2002B04D190
:105D400023212B4807F088FE47E0264B5B7DDBB222
:105D5000012B42D12321274807F07EFE3DE0264B50
:105D60001B78002B06D0244B00221A700020FBF772
:105D7000A9FB22E0204B01221A7001200BF088F8C9
:105D80000346002B02D1012007F018F802200BF087
:105D90007FF80346002B02D0012007F01BF9174BB8
:105DA0001B681846FBF7F6F801460E4B93F83B309C
:105DB000DBB21A460020FCF7E9F80F4B1B781A46B5
:105DC000002147F6101009F003FC07E0FBF770FF15
:105DD00004E000BF02E000BF00E000BF0837BD469E
:105DE00080BD00BF60340020805101088C51010843
:105DF00088500108A0500108AC330020BC340020BA
:105E000080B582B000AF786007F09EFB0346012B9F
:105E100000F0DA807B681B78013B072B00F2D5800D
:105E200001A252F823F000BF495E0008795E000825
:105E3000A95E0008D95E0008095F0008395F000804
:105E4000695F0008995F000801200BF021F8034604
:105E5000002B08D0002101200AF0C4FF00210020FF
:105E600009F0D6FCB1E0012101200AF0BBFF0121BD
:105E7000002009F0CDFCA8E002200BF009F8034651
:105E8000002B08D0002102200AF0ACFF00210120E5
:105E900009F0BEFC99E0012102200AF0A3FF0121D4
:105EA000012009F0B5FC90E003200AF0F1FF034661
:105EB000002B08D0002103200AF094FF00210220CB
:105EC00009F0A6FC81E0012103200AF08BFF0121EB
:105ED000022009F09DFC78E004200AF0D9FF034677
:105EE000002B08D0002104200AF07CFF00210320B1
:105EF00009F08EFC69E0012104200AF073FF012102
:105F0000032009F085FC60E005200AF0C1FF03468C
:105F1000002B08D0002105200AF064FF0021042096
:105F200009F076FC51E0012105200AF05BFF012118
:105F3000042009F06DFC48E006200AF0A9FF0346A2
:105F4000002B08D0002106200AF04CFF002105207C
:105F500009F05EFC39E0012106200AF043FF01212F
:105F6000052009F055FC30E007200AF091FF0346B8
:105F7000002B08D0002107200AF034FF0021062062
:105F800009F046FC21E0012107200AF02BFF012146
:105F9000062009F03DFC18E008200AF079FF0346CE
:105FA000002B08D0002108200AF01CFF0021072048
:105FB00009F02EFC09E0012108200AF013FF01215D
:105FC000072009F025FC00E000BF0837BD4680BD72
:105FD00080B582B000AF7860324B00229A7607F02D
:105FE000B3FA0346012B54D02F4B1B7DDBB2012BA0
:105FF00013D12D4B5B7DDBB2002B04D120212B482C
:1060000007F02AFD47E0284B5B7DDBB2012B42D134
:106010002021274807F020FD3DE0234B1B7DDBB20C
:10602000032B18D1204B9B7DDBB2012B13D11E4BD0
:106030005B7DDBB2002B04D110211E4807F00CFD64
:106040002BE0194B5B7DDBB2012B26D116211A48C0
:1060500007F002FD21E0144BDB7DDBB2002B04D105
:10606000114B012283F83F2018E00F4B5B7DDBB220
:10607000002B04D12321114807F0EEFC0EE00A4B5F
:106080005B7DDBB2012B09D123210D4807F0E4FC35
:1060900004E000BF02E000BF00E000BF0837BD46DB
:1060A00080BD00BFE8330020603400202C4E010882
:1060B000404E01085C5001087050010888500108EA
:1060C000A050010880B582B000AF7860344B002248
:1060D00083F82A2007F038FA0346012B56D0314BBB
:1060E0009B7DDBB2002B19D12E4B93F84730DBB2EE
:1060F000002B13D12B4B5B7DDBB2002B04D1102185
:10610000294807F0A9FC43E0264B5B7DDBB2012B5D
:106110003ED11821254807F09FFC39E0214B1B7D1B
:10612000DBB2012B13D11F4B5B7DDBB2002B04D103
:1061300020211F4807F090FC2CE01A4B5B7DDBB25E
:10614000012B27D120211B4807F086FC22E0154BAC
:10615000DB7DDBB2002B13D0124B5B7DDBB2002B5F
:1061600004D12321144807F077FC15E00D4B5B7D2B
:10617000DBB2012B10D12321104807F06DFC0BE09E
:10618000084B5B7EDAB2074BDA7606E000BF04E02C
:1061900000BF02E000BF00E000BF0837BD4680BD81
:1061A000E83300206034002014520108285201080E
:1061B0002C4E0108404E010888500108A0500108EB
:1061C00080B582B000AF786007F0BEF90346012BBE
:1061D00000F0BC80644B93F83230DBB2002B14D05B
:1061E000614B5B7DDBB2002B04D110215F4807F0CF
:1061F00033FCADE05C4B5B7DDBB2012B40F0A88053
:106200001D215B4807F028FCA2E0574B9B7DDBB2C9
:10621000002B14D1544B5B7DDBB2002B04D1102139
:10622000544807F019FC95E04F4B5B7DDBB2012B26
:1062300040F090801821504807F00EFC8AE04A4B4D
:106240001B7DDBB2012B13D1474B5B7DDBB2002BF7
:1062500004D12021494807F0FFFB7DE0424B5B7DE4
:10626000DBB2012B78D12021454807F0F5FB73E024
:106270003D4BDB7DDBB2002B13D03B4B5B7DDBB2B8
:10628000002B04D123213F4807F0E6FB66E0364BA4
:106290005B7DDBB2012B61D123213B4807F0DCFBA6
:1062A0005CE001200AF0D2FD0346002B28D12E4BE2
:1062B00093F82130DBB2002B22D1344B5B6B4FF0D3
:1062C00000011846FAF748FE0346002B13D0264B70
:1062D0005B7DDBB2002B04D11B212D4807F0BCFBFA
:1062E0003EE0214B5B7DDBB2012B39D121212948D6
:1062F00007F0B2FB34E01C4B012283F8202030E091
:10630000194B93F82130DBB2002B14D01F4B9B6B41
:106310004FF000011846FAF733FE0346002B0AD06F
:10632000114B93F82230DBB2002B04D10E4B02222A
:1063300083F8202015E00C4B93F82130DBB2002BC2
:106340000FD0094B012283F823200AE000BF08E0A8
:1063500000BF06E000BF04E000BF02E000BF00E0B5
:1063600000BF0837BD4680BD603400200C510108D5
:106370002051010814520108285201082C4E01082E
:10638000404E010888500108A0500108BC3400208C
:10639000405101085C51010880B582B000AF7860BF
:1063A000784B93F82B30DBB2002B14D1754B5B7D0F
:1063B000DBB2002B04D11221734807F04DFBDDE066
:1063C000704B5B7DDBB2012B40F0D8801F216F4802
:1063D00007F042FBD2E06E4B93F82A30032B00F01B
:1063E0008580032B00F3C580012B02D0022B3FD008
:1063F000BFE00122002147F6501009F0E9F8002221
:10640000002147F6511009F0E3F80022002147F679
:10641000521009F0DDF85B4B012283F82F20012197
:106420007E2007F0F3F8574B5B7DDBB2002B0CD1DD
:106430001622584947F2A07007F0AEFA15225649C5
:1064400047F2B07007F0A8FA8EE04E4B5B7DDBB2EE
:10645000012B40F089801622504947F2A07007F0C6
:106460009BFA15224E4947F2B07007F095FA7BE08F
:106470000022002147F6501009F0AAF8012200215D
:1064800047F6511009F0A4F80022002147F65210F7
:1064900009F09EF83B4B022283F82F2002217E2038
:1064A00007F0B4F8374B5B7DDBB2002B0CD1162222
:1064B0003C4947F2A07007F06FFA1522364947F2BF
:1064C000B07007F069FA51E02E4B5B7DDBB2012B17
:1064D0004CD11622344947F2A07007F05DFA15221C
:1064E0002F4947F2B07007F057FA3FE00022002131
:1064F00047F6501009F06CF80022002147F65110C1
:1065000009F066F80122002147F6521009F060F800
:106510001C4B002283F82F2000217E2007F076F804
:10652000184B5B7DDBB2002B0CD116221D4947F2C4
:10653000A07007F031FA15221A4947F2B07007F03F
:106540002BFA15E00F4B5B7DDBB2012B10D116222D
:10655000154947F2A07007F01FFA1522124947F2B9
:10656000B07007F019FA03E000BF02E000BF00E0DE
:1065700000BF074B002283F82A2000E000BF083745
:10658000BD4680BD603400204452010858520108C5
:10659000E833002078520108885201089852010817
:1065A000B0520108C8520108D052010880B582B02B
:1065B00000AF7860784B93F82A30DBB2002B14D10F
:1065C000754B5B7DDBB2002B04D11221734807F0C1
:1065D00043FADDE0704B5B7DDBB2012B40F0D880ED
:1065E0001F216F4807F038FAD2E06E4B93F82B303A
:1065F000032B00F08580032B00F3C580012B02D014
:10660000022B3FD0BFE00122002147F6581008F0CE
:10661000DFFF0022002147F6591008F0D9FF0022C1
:10662000002147F65A1008F0D3FF5B4B012283F894
:106630002E200121752006F0E9FF574B5B7DDBB270
:10664000002B0CD1122258494FF4EF4007F0A4F967
:106650001022564947F2907007F09EF98EE04E4B9B
:106660005B7DDBB2012B40F08980122250494FF450
:10667000EF4007F091F910224E4947F2907007F071
:106680008BF97BE00022002147F6581008F0A0FFAC
:106690000122002147F6591008F09AFF002200213C
:1066A00047F65A1008F094FF3B4B022283F82E2045
:1066B0000221752006F0AAFF374B5B7DDBB2002B71
:1066C0000CD112223C494FF4EF4007F065F910223B
:1066D000364947F2907007F05FF951E02E4B5B7D31
:1066E000DBB2012B4CD1122234494FF4EF4007F0BA
:1066F00053F910222F4947F2907007F04DF93FE00F
:106700000022002147F6581008F062FF0022002105
:1067100047F6591008F05CFF0122002147F65A1095
:1067200008F056FF1C4B002283F82E200021752014
:1067300006F06CFF184B5B7DDBB2002B0CD11222F4
:106740001D494FF4EF4007F027F910221A4947F28C
:10675000907007F021F915E00F4B5B7DDBB2012B48
:1067600010D1122215494FF4EF4007F015F910220D
:10677000124947F2907007F00FF903E000BF02E002
:1067800000BF00E000BF074B002283F82B2000E091
:1067900000BF0837BD4680BD60340020D8510108D5
:1067A000D8520108E8330020F852010808530108C4
:1067B000185301082C530108C8520108D05201088F
:1067C00080B582B000AF7860554B93F82C30032B26
:1067D0005DD0032B00F39A80012B02D0022B42D014
:1067E00094E00122002147F2996008F0F1FE0022B6
:1067F000002147F29A6008F0EBFE0022002147F2E8
:106800009D6008F0E5FE474B01225A7601214420A5
:1068100006F0FCFE444B012283F84D210821434839
:1068200009F0AAFF3F4B9B7EDBB2022B6DD1012208
:10683000002147F29B6008F0CBFE0022002147F2C6
:106840009C6008F0C5FE374B01229A760121452055
:1068500006F0DCFE344B012283F85D210821344828
:1068600009F08AFF51E02F4B5B7DDBB2002B04D196
:106870001621304807F0F0F84DE02A4B5B7DDBB283
:10688000012B48D132212C4807F0E6F843E00022E2
:10689000002147F2996008F09BFE0022002147F298
:1068A0009A6008F095FE0122002147F29D6008F0F1
:1068B0008FFE1C4B03225A760321442006F0A6FECD
:1068C000194B032283F84D210821184809F054FF81
:1068D000144B002283F82C200022002147F62310BD
:1068E00008F076FE0021732006F090FE0D4B00228A
:1068F00083F831200022002147F6261008F068FEB8
:106900000021762006F082FE00E000BF044B00224A
:1069100083F82C2000E000BF0837BD4680BD00BFD3
:10692000E8330020603400200000002048010020EF
:1069300058010020405301085853010880B582B027
:1069400000AF7860344B93F82D30012B02D0022B2E
:106950001CD058E00122002147F29B6008F038FE6D
:106960000022002147F29C6008F032FE2B4B0122EE
:106970009A760121452006F049FE294B012283F831
:106980005D210821274809F0F7FE3CE0234B5B7EA0
:10699000DBB2012B1BD1214B5B7DDBB2002B04D181
:1069A0001C21214807F058F808E01C4B5B7DDBB246
:1069B000012B03D128211D4807F04EF8184BFF2268
:1069C00083F84D2108211A4809F0D6FE1BE0002269
:1069D000002147F29B6008F0FBFD0122002147F2F5
:1069E0009C6008F0F5FD0D4B02229A7602214520AD
:1069F00006F00CFE0A4B022283F84D2108210C48B8
:106A000009F0BAFE00BF044B002283F82D2000BF1E
:106A10000837BD4680BD00BFE83300206034002049
:106A200000000020580100208C530108AC530108DD
:106A30004801002080B582B000AF78601D4B5B7DBF
:106A4000DBB2002B11D11B4B01225A7501214720CB
:106A500006F0DCFD07F0E0FF174B012283F85D2113
:106A60000821164809F088FE0DE0124B5B7DDBB271
:106A7000012B08D10F4B00225A750021472006F048
:106A8000C5FD07F0C9FF0B4B1B78DBB20A2B08D9F9
:106A9000084B1B7DDBB2022B03D1002006F0D4FE95
:106AA00003E0202006F0D0FE00BF00BF0837BD463F
:106AB00080BD00BF6034002000000020580100208D
:106AC00080B582B000AF78602A4B002283F82E2078
:106AD0001422294947F2085006F0FEFE274B5B7D41
:106AE000DBB2002B06D11322254947F2085006F0ED
:106AF000F3FE0AE0214B5B7DDBB2012B05D11F22A7
:106B0000204947F2085006F0E7FE1F4B0C221A807E
:106B10000C2006F099FE2E221C4947F2085006F080
:106B2000DBFE164B5B7DDBB2002B06D11822184929
:106B300047F2085006F0D0FE0AE0104B5B7DDBB256
:106B4000012B05D11D22134947F2085006F0C4FE5F
:106B50000A4B1B78DBB20B2B02D101F0F5FE01E0F2
:106B600001F03EFD054B00221A7000BF0837BD46FC
:106B700080BD00BFE8330020D853010860340020F6
:106B8000F053010804540108B035002024540108D2
:106B9000505401086854010880B582B000AF786095
:106BA0007B681B78013B162B00F23A8701A252F852
:106BB00023F000BF116C0008F16C00088D6E000816
:106BC000577000081F710008D3790008A7720008E9
:106BD0008B730008D37300081B740008CF7400087F
:106BE000117600089B760008437700082F7800088C
:106BF000217A0008217A0008217A0008217A000809
:106C0000B3780008FB780008437900088B79000806
:106C1000BC4B93F82930DBB2002B34D0B94B0022A7
:106C200083F829200022002147F6201008F0D0FC2C
:106C30000021702006F0EAFCB24B5B7DDBB2002B3A
:106C40000DD11622B04947F2A07006F0A5FE15221C
:106C5000AD4947F2B07006F09FFE00F0BCBEA94BF4
:106C60005B7DDBB2012B40F0B6861622A74947F2C6
:106C7000A07006F091FE1522A44947F2B07006F00C
:106C80008BFE00F0A8BE9F4B012283F82920012231
:106C9000002147F6201008F09BFC0121702006F02F
:106CA000B5FC984B5B7DDBB2002B0DD116229849C9
:106CB00047F2A07006F070FE1522964947F2B070B8
:106CC00006F06AFE00F087BE8E4B5B7DDBB2012BC7
:106CD00040F081861622904947F2A07006F05CFED3
:106CE00015228E4947F2B07006F056FE00F073BED2
:106CF000844B93F82A30DBB2002B34D0814B002236
:106D000083F82A200022002147F6211008F060FCB9
:106D10000021712006F07AFC7A4B5B7DDBB2002B00
:106D20000DD1122278494FF4EF4006F035FE1022C3
:106D3000754947F2907006F02FFE00F04EBE714B81
:106D40005B7DDBB2012B40F0488612226F494FF485
:106D5000EF4006F021FE10226C4947F2907006F0D9
:106D60001BFE00F03ABE674B012283F82A20012265
:106D7000002147F6211008F02BFC0121712006F0BC
:106D800045FC604B5B7DDBB2002B3CD15D4B93F847
:106D90002E30DBB2012B0DD1122261494FF4EF40AE
:106DA00006F0FAFD10225F4947F2907006F0F4FDFC
:106DB00000F013BE534B93F82E30DBB2022B0DD1F3
:106DC000122251494FF4EF4006F0E6FD10225549DA
:106DD00047F2907006F0E0FD00F0FFBD494B93F8DC
:106DE0002E30DBB2002B40F0F885122246494FF4DA
:106DF000EF4006F0D1FD1022434947F2907006F0B3
:106E0000CBFD00F0EABD3F4B5B7DDBB2012B40F0D8
:106E1000E4853C4B93F82E30DBB2012B0DD11222CE
:106E200041494FF4EF4006F0B7FD10223F4947F2C9
:106E3000907006F0B1FD00F0D0BD324B93F82E30CB
:106E4000DBB2022B0DD1122230494FF4EF4006F095
:106E5000A3FD1022354947F2907006F09DFD00F029
:106E6000BCBD284B93F82E30DBB2002B40F0B5852B
:106E7000122226494FF4EF4006F08EFD10222349DE
:106E800047F2907006F088FD00F0A7BD1D4B93F807
:106E90002B30DBB2002B4BD01A4B002283F82B2077
:106EA0000022002147F6221008F092FB00217220F8
:106EB00006F0ACFB134B5B7DDBB2002B0DD1162231
:106EC000114947F2A07006F067FD15220E4947F2FE
:106ED000B07006F061FD00F082BD0A4B5B7DDBB255
:106EE000012B40F07C851622084947F2A07006F07D
:106EF00053FD1522054947F2B07006F04DFD00F034
:106F00006EBD00BF60340020C8520108D052010895
:106F1000785201088852010898520108B0520108BD
:106F2000F852010808530108185301082C530108AE
:106F3000C04B012283F82B200122002147F62210AA
:106F400008F046FB0121722006F060FBB94B5B7D27
:106F5000DBB2002B3CD1B74B93F82F30DBB2012BC7
:106F60000DD11622B44947F2A07006F015FD152286
:106F7000B24947F2B07006F00FFD00F030BDAD4BE6
:106F800093F82F30DBB2022B0DD11622AC4947F219
:106F9000A07006F001FD1522A84947F2B07006F076
:106FA000FBFC00F01CBDA34B93F82F30DBB2002B91
:106FB00040F015851622A24947F2A07006F0ECFCBD
:106FC00015229F4947F2B07006F0E6FC00F007BDBD
:106FD000984B5B7DDBB2012B40F00185954B93F81C
:106FE0002F30DBB2012B0DD11622964947F2A0704B
:106FF00006F0D2FC1522944947F2B07006F0CCFCA2
:1070000000F0EDBC8B4B93F82F30DBB2022B0DD18F
:1070100016228E4947F2A07006F0BEFC15228A495E
:1070200047F2B07006F0B8FC00F0D9BC814B93F881
:107030002F30DBB2002B40F0D2841622834947F276
:10704000A07006F0A9FC1522804947F2B07006F046
:10705000A3FC00F0C4BC774B93F82C30DBB2002BC0
:107060000FD0744B002283F82C200022002147F619
:10707000231008F0ADFA0021732006F0C7FA00F0E3
:10708000CFBC6C4B5B7EDBB2022B04D0694B5B7ECA
:10709000DBB2032B16D1674B5B7DDBB2002B05D136
:1070A0001C216B4806F0D8FC00F09BBC614B5B7D5B
:1070B000DBB2012B40F095842821664806F0CCFC19
:1070C00000F08FBC5B4B93F83630DBB2002B16D050
:1070D000584B5B7DDBB2002B05D118215E4806F0D2
:1070E000BBFC00F080BC534B5B7DDBB2012B40F05E
:1070F0007A842E21594806F0AFFC00F074BC4D4B49
:10710000012283F82C200122002147F6231008F0E9
:107110005FFA0121732006F079FA00F081BC454B3B
:1071200093F82D30DBB2002B40D0424B002283F885
:107130002D200022002147F6241008F049FA0021F2
:10714000742006F063FA3B4B5B7DDBB2002B13D15E
:107150000F223B4947F2256006F01EFC16223849F3
:1071600047F2C07006F018FC1622354947F2D0707D
:1071700006F012FC00F039BC2E4B5B7DDBB2012B1C
:1071800040F033840F22314947F2256006F004FCB9
:1071900016222E4947F2C07006F0FEFB16222B493C
:1071A00047F2D07006F0F8FB00F01FBC214B93F8BB
:1071B0003430DBB2002B16D01E4B5B7DDBB2002BD4
:1071C00005D11E21264806F047FC00F010BC194BE3
:1071D0005B7DDBB2012B40F00A842B21214806F0B5
:1071E0003BFC00F004BC134B012283F82D2001224C
:1071F000002147F6241008F0EBF90121742006F075
:1072000005FA0C4B5B7DDBB2002B33D10F22164904
:1072100047F2256006F0C0FB1622144947F2C07001
:1072200006F0BAFB1622124947F2D07006F0B4FB02
:10723000DBE300BF60340020785201088852010867
:10724000C852010898520108B0520108D0520108F2
:107250008C530108AC53010888540108A454010858
:10726000D4540108F454010824550108305501088C
:1072700044550108B24B5B7DDBB2012B40F0B58376
:107280000F22B04947F2256006F086FB1622AE4970
:1072900047F2C07006F080FB1622AC4947F2D0706E
:1072A00006F07AFBA1E3A64B93F83130DBB2002B5A
:1072B0000ED0A34B002283F831200022002147F694
:1072C000261008F085F90021762006F09FF994E356
:1072D0009B4B5B7EDBB2022B04D0994B5B7EDBB217
:1072E000032B14D1964B5B7DDBB2002B04D11C2108
:1072F000974806F0B1FB7CE3914B5B7DDBB2012B41
:1073000040F077832821934806F0A6FB71E38C4B6D
:1073100093F83630DBB2002B14D0894B5B7DDBB2A7
:10732000002B04D118218C4806F096FB63E3844BB4
:107330005B7DDBB2012B40F05E832E21874806F097
:107340008BFB58E37E4B012283F831200122002180
:1073500047F6261008F03CF90121762006F056F990
:10736000774B5B7DDBB2002B04D11E217C4806F0FD
:1073700073FB42E3724B5B7DDBB2012B40F03D833C
:107380002A21784806F068FB37E36D4B93F83230DA
:10739000DBB2002B0ED06A4B002283F83220002291
:1073A000002147F6271008F013F90021772006F096
:1073B0002DF935E3624B012283F8322001220021AE
:1073C00047F6271008F004F90121772006F01EF98E
:1073D00026E35B4B93F83330DBB2002B0ED0584BD7
:1073E000002283F833200022002147F6281008F0FD
:1073F000EFF80021782006F009F911E3504B012243
:1074000083F833200122002147F6281008F0E0F825
:107410000121782006F0FAF802E3494B93F8343062
:10742000DBB2002B0ED0464B002283F83420002222
:10743000002147F6291008F0CBF80021792006F04A
:10744000E5F8EDE23E4B93F83530DBB2002B14D07B
:107450003B4B5B7DDBB2002B04D11E21424806F082
:10746000FBFACCE2364B5B7DDBB2012B40F0C782EE
:1074700024213E4806F0F0FAC1E2314B93F82D305A
:10748000DBB2002B14D02E4B5B7DDBB2002B04D182
:107490001E21374806F0E0FAB3E2294B5B7DDBB2F0
:1074A000012B40F0AE822D21324806F0D5FAA8E239
:1074B000234B012283F834200122002147F62910B2
:1074C00008F086F80121792006F0A0F8A8E21C4B0C
:1074D00093F83530DBB2002B56D0194B002283F8DD
:1074E00035200022002147F62A1008F071F800210B
:1074F0007A2006F08BF8124B5B7DDBB2002B0CD1AF
:107500000E221D4947F2507006F046FA0E221B4922
:1075100047F2607006F040FA75E2094B5B7DDBB222
:10752000012B40F070820E22154947F2507006F090
:1075300033FA0E22134947F2607006F02DFA62E228
:10754000603400205855010868550108805501082D
:107550008C530108AC53010888540108A454010855
:1075600098550108B8550108E4550108045601086A
:107570002C5601084C5601087C5601088C5601080F
:107580009C560108AC560108B34B93F83430DBB27B
:10759000002B14D0B04B5B7DDBB2002B04D11E213D
:1075A000AE4806F059FA30E2AB4B5B7DDBB2012B03
:1075B00040F02B822C21AA4806F04EFA25E2A64B79
:1075C0005B7EDBB2022B14D1A34B5B7DDBB2002BC5
:1075D00004D11C21A34806F03FFA18E29E4B5B7DC4
:1075E000DBB2012B40F0138228219F4806F034FAC9
:1075F0000DE2994B012283F835200122002147F644
:107600002A1007F0E5FF01217A2005F0FFFFFAE1DB
:10761000914B93F83630DBB2002B0ED08E4B00220C
:1076200083F836200022002147F62B1007F0D0FF08
:1076300000217B2005F0EAFFF2E1874B93F82C3024
:10764000DBB2002B05D1844B93F83130DBB2002B39
:1076500014D0814B5B7DDBB2002B04D11C2183480D
:1076600006F0FAF9D5E17C4B5B7DDBB2012B40F0F3
:10767000D0812C217E4806F0EFF9CAE1764B012239
:1076800083F836200122002147F62B1007F0A0FFD7
:1076900001217B2005F0BAFFC2E16F4B93F8373030
:1076A000DBB2002B26D06C4B002283F8372000225F
:1076B000002147F62C1007F08BFF00217C2005F0FD
:1076C000A5FF654B5B7DDBB2002B06D11622694915
:1076D00047F2F07006F060F99DE15F4B5B7DDBB235
:1076E000012B40F098811622634947F2F07006F0B2
:1076F00053F990E1584B012283F8372001220021F1
:1077000047F62C1007F064FF01217C2005F07EFF76
:10771000514B5B7DDBB2002B06D11622574947F255
:10772000F07006F039F976E14B4B5B7DDBB2012B53
:1077300040F071811622524947F2F07006F02CF9A0
:1077400069E1454B93F83930DBB2002B32D0424B24
:10775000002283F839200022002147F62D1007F07F
:1077600037FF00217D2005F051FF3B4B5B7DDBB2F5
:10777000002B0CD10E22434947F2507006F00CF951
:107780000E22414947F2607006F006F945E1324B9E
:107790005B7DDBB2012B40F040810E223B4947F27A
:1077A000507006F0F9F80E22394947F2607006F081
:1077B000F3F832E1284B5B7EDBB2012B14D1264B70
:1077C0005B7DDBB2002B04D11C21264806F044F976
:1077D00025E1214B5B7DDBB2012B40F0208128218C
:1077E000214806F039F91AE11B4B93F83530DBB22A
:1077F000012B0DD1184B002283F8352000220021E7
:1078000047F62A1007F0E4FE00217A2005F0FEFE7C
:10781000114B012283F839200122002147F62D1057
:1078200007F0D6FE01217D2005F0F0FEF5E00A4BC1
:1078300093F83830DBB2002B2CD0074B002283F8B2
:1078400038200022002147F62E1007F0C1FE00214B
:107850007D2005F0DBFEE3E060340020D454010815
:10786000BC5601088C530108AC530108EC560108C2
:107870000C570108C8520108D05201083C570108B2
:107880004C5701087C5601088C5601089C5601088B
:10789000AC560108644B012283F8382001220021F4
:1078A00047F62E1007F094FE01217D2005F0AEFE74
:1078B000B6E05D4B93F83B30DBB2002B0ED05A4B59
:1078C000002283F83B200022002147F6301007F009
:1078D0007FFE0021802005F099FEA1E0524B01229D
:1078E00083F83B200122002147F6301007F070FE9C
:1078F0000121802005F08AFE92E04B4B93F83C304A
:10790000DBB2002B0ED0484B002283F83C20002233
:10791000002147F6311007F05BFE0021812005F0C1
:1079200075FE7DE0404B012283F83C2001220021BE
:1079300047F6311007F04CFE0121812005F066FE6C
:107940006EE0394B93F83D30DBB2002B0ED0364B56
:10795000002283F83D200022002147F6321007F074
:1079600037FE0021822005F051FE59E02E4B012206
:1079700083F83D200122002147F6321007F028FE4F
:107980000121822005F042FE4AE0274B93F83E3069
:10799000DBB2002B0ED0244B002283F83E200022C5
:1079A000002147F6331007F013FE0021832005F075
:1079B0002DFE35E01C4B012283F83E2001220021E0
:1079C00047F6331007F004FE0121832005F01EFE68
:1079D00026E000BF24E000BF22E000BF20E000BF9F
:1079E0001EE000BF1CE000BF1AE000BF18E000BFAF
:1079F00016E000BF14E000BF12E000BF10E000BFBF
:107A00000EE000BF0CE000BF0AE000BF08E000BFCE
:107A100006E000BF04E000BF02E000BF00E000BFDE
:107A200000BF0837BD4680BD6034002080B582B0FD
:107A300000AF7860174B93F82830012B02D0022B4F
:107A400010D01FE00122002147F26C6007F0C0FD5A
:107A50000022002147F26D6007F0BAFD0E4B0122B3
:107A60001A700FE00022002147F26C6007F0B0FDB1
:107A70000122002147F26D6007F0AAFD064B0222A9
:107A80001A7000BF034B002283F8282000BF08377C
:107A9000BD4680BDE8330020B423002080B483B00D
:107AA00000AF0346FB71FB79002B08D0012B0DD1F1
:107AB000094B1B68084A43F00103136006E0064BBC
:107AC0001B68054A23F00103136000BF00BF0C3799
:107AD000BD4680BC704700BF000C004080B584B03C
:107AE00000AF78600023BB730123FB7320E0FB7BB6
:107AF000184609F0ABF903467B73BB7B374AD35C6E
:107B00007A7B9A420ED0BB7B34497A7BCA54FB7B8A
:107B10009BB203F5EB437F339BB27A7B002118467F
:107B200007F056FDBB7B0133BB73FB7B0133FB735B
:107B3000FB7B0C2BDBD90023FB7320E0FB7B18467F
:107B400009F034F803467B73BB7B244AD35C7A7B11
:107B50009A420ED0BB7B21497A7BCA54FB7B9BB2F5
:107B600003F5EC430C339BB27A7B0021184607F0F7
:107B70002FFDBB7B0133BB73FB7B0133FB73FB7BB3
:107B8000032BDBD90423FB7320E0FB7B184609F0B1
:107B90000DF803467B73BB7B104AD35C7A7B9A4219
:107BA0000ED0BB7B0D497A7BCA54FB7B9BB203F59D
:107BB000F0431E339BB27A7B0021184607F008FD84
:107BC000BB7B0133BB73FB7B0133FB73FB7B072B5D
:107BD000DBD900BF00BF1037BD4680BD3402002096
:107BE00080B500AF274B1B7EDBB2002B45D0254B69
:107BF00093F82830DBB2002B41D0224B1B7DDBB247
:107C0000012B3DD1204B1B7F002B39D1022009F0E5
:107C10001DF90346002B0BD1022008F0C0FE022004
:107C200009F014F90346002B02D1022004F026FFCC
:107C3000022009F00BF90346012B02D1022004F0C7
:107C4000F3FF032009F002F90346002B0BD10220B9
:107C500008F0A5FE032009F0F9F80346002B02D135
:107C6000042004F00BFF032009F0F0F80346012B79
:107C700006D1042004F0D8FF02E000BF00E000BFFE
:107C800080BD00BF60340020A403002080B485B014
:107C900000AF0346FB80FB88B3F5A04F40D3FB88C1
:107CA00045F69912934210D8FB88A3F5A043FB80B8
:107CB000FB881E4AD35C1B021AB2FB881C49CB5CB2
:107CC0001BB213431BB2FB812AE0FB8846F69912D4
:107CD000934210D8FB88A3F5C043FB80FB88154A6C
:107CE000D35C1B021AB2FB881349CB5C1BB2134353
:107CF0001BB2FB8114E0FB8847F6991293420FD820
:107D0000FB88A3F5E043FB80FB880C4AD35C1B0295
:107D10001AB2FB880A49CB5C1BB213431BB2FB812E
:107D2000FB8918461437BD4680BC7047CC33002011
:107D3000B03300201C340020E833002058340020E9
:107D40005034002080B483B000AF03460A46FB8065
:107D50001346BB80FB88B3F5A04F40D3FB8845F6A4
:107D60009912934210D8FB88A3F5A043FB80BB88EF
:107D70001B0A9AB2FB88D1B21B4AD154FB88BA883D
:107D8000D1B21A4AD1542AE0FB8846F6991293429E
:107D900010D8FB88A3F5C043FB80BB881B0A9AB2AE
:107DA000FB88D1B2124AD154FB88BA88D1B2114AA9
:107DB000D15414E0FB8847F6991293420FD8FB8800
:107DC000A3F5E043FB80BB881B0A9AB2FB88D1B2C3
:107DD000094AD154FB88BA88D1B2084AD15400BFAD
:107DE0000C37BD4680BC7047CC330020B033002038
:107DF0001C340020E8330020583400205034002088
:107E000080B582B000AF0346FB800B467B71134602
:107E10003B71FB88B3F5A04F39D3FB8845F6991227
:107E2000934211D8FB88A3F5A043FB80FB881A4935
:107E30007A79CA54FB8819493A79CA54FB88DBB26B
:107E40001846F9F749FE22E0FB8846F6991293425C
:107E50000CD8FB88A3F5C043FB80FB8810497A79D6
:107E6000CA54FB880F493A79CA5410E0FB8847F698
:107E7000991293420BD8FB88A3F5E043FB80FB8863
:107E800009497A79CA54FB8808493A79CA5400BF2B
:107E90000837BD4680BD00BFCC330020B033002082
:107EA0001C340020E83300205834002050340020D7
:107EB00080B485B000AF03463960FB71FB79022BBB
:107EC0002CD0022B3DDC002B02D0012B13D038E04C
:107ED0000023FB730BE0FB7B3A681A44FB7B1178B1
:107EE0001A4A13440A469A70FB7B0133FB73FB7BEF
:107EF000052BF0D925E00023FB730BE0FB7B3A68F0
:107F00001A44FB7B1178114A13440A461A72FB7B10
:107F10000133FB73FB7B052BF0D912E00023FB73CD
:107F20000BE0FB7B3A681A44FB7B1178074A134449
:107F30000A469A73FB7B0133FB73FB7B052BF0D95D
:107F400000BF00BF1437BD4680BC704760340020BE
:107F500080B485B000AF03463960FB71FB79002B1C
:107F600002D0012B23D045E00623FB731BE03968C8
:107F7000234BA3FB0123DA0813469B0013445B0049
:107F8000CA1AD2B2FB7B013B3032D1B21D4A134434
:107F90000A469A703B681A4AA2FB0323DB083B603F
:107FA000FB7B013BFB73FB7B002BE0D122E0062334
:107FB000FB731BE03968124BA3FB0123DA0813465D
:107FC0009B0013445B00CA1AD2B2FB7B013B3032E8
:107FD000D1B20C4A13440A461A723B68084AA2FB03
:107FE0000323DB083B60FB7B013BFB73FB7B002B2C
:107FF000E0D100BF00BF1437BD4680BC704700BF52
:10800000CDCCCCCC6034002080B582B000AF5A21FA
:10801000002005F0FBFA002005F0C8FA03465A2BB1
:1080200002D10123FB7101E00023FB71FB791846AB
:108030000837BD4680BD80B582B000AF012005F095
:10804000B5FA0346372B02D10123FB7101E000236F
:10805000FB71FB7918460837BD4680BD90B583B0EB
:1080600000AF4FF4A043FB8010237B71AE4900208A
:1080700000F076FBAD49012000F072FB1AE07B793D
:108080009BB201339BB2184605F090FA03461C469A
:108090007B799BB2184605F089FA03461A46FB889D
:1080A00021461846FFF7ACFEFB880133FB807B7945
:1080B00002337B717B79422BE1D900233B714AE08B
:1080C0003B799BB29B009BB251339BB2184605F0A3
:1080D0006DFA03461B021CB23B799BB29B009BB21C
:1080E00050339BB2184605F061FA03461BB2234396
:1080F0001BB23A7998B28E4913465B0213449B0037
:108100000B44043302461A803B799BB29B009BB21E
:1081100053339BB2184605F049FA03461B021CB2C2
:108120003B799BB29B009BB252339BB2184605F041
:108130003DFA03461BB223431BB23A7998B27C49FD
:1081400013465B0213449B000B44063302461A801D
:108150003B7901333B713B79032BB1D9442005F0C6
:1081600025FA03461A46734B5A76452005F01EFA47
:1081700003461A466F4B9A76462005F017FA0346D7
:108180001A466C4B1A75472005F010FA03461A463A
:10819000684B5A75674B5B7DDBB2002B04D1654B96
:1081A0005B7DDBB2012B09D0624B00225A75614B1B
:1081B0005B7DDBB21946472005F028FA702005F0F8
:1081C000F5F903461A465B4B83F82920712005F028
:1081D000EDF903461A46574B83F82A20722005F022
:1081E000E5F903461A46534B83F82B207E2005F011
:1081F000DDF903461A464F4B83F82F20732005F014
:10820000D5F903461A464B4B83F82C20742005F011
:10821000CDF903461A46474B83F82D20752005F00B
:10822000C5F903461A46434B83F82E20762005F005
:10823000BDF903461A463F4B83F83120772005F0FD
:10824000B5F903461A463B4B83F83220782005F0F7
:10825000ADF903461A46374B83F83320792005F0F1
:10826000A5F903461A46334B83F834207A2005F0EB
:108270009DF903461A462F4B83F835207B2005F0E5
:1082800095F903461A462B4B83F836207C2005F0DF
:108290008DF903461A46274B83F837207D2005F0D9
:1082A00085F903461A46234B83F839207D2005F0D3
:1082B0007DF903461A461F4B83F838207F2005F0CE
:1082C00075F903461A461B4B83F83020802005F0D1
:1082D0006DF903461A46174B83F83B20812005F0C1
:1082E00065F903461A46134B83F83C20822005F0BB
:1082F0005DF903461A460F4B83F83D20832005F0B5
:1083000055F903461A460B4B83F83E2045F20E0002
:10831000FFF7BCFC0346184600F060FBF9F7EEF9E6
:1083200000BF0C37BD4690BD623400206834002089
:10833000A40300206034002080B582B000AF102379
:10834000FB710023BB711AE0FB799AB2BB79A0499B
:10835000CB5C1946104605F059F9FB790133FB71E6
:10836000FB799AB2BB799B49CB5C1946104605F064
:108370004DF9FB790133FB71BB790133BB71BB79DB
:108380001B2BE1D90023BB7152E0BB799BB29B0050
:108390009BB2503398B2BA798F4913465B021344AB
:1083A0009B000B4404331B88DBB2194605F02EF901
:1083B000BB799BB29B009BB2513398B2BA79864984
:1083C00013465B0213449B000B4404331B881B0AB7
:1083D0009BB2DBB2194605F019F9BB799BB29B0041
:1083E0009BB2523398B2BA797B4913465B0213446D
:1083F0009B000B4406331B88DBB2194605F006F9D7
:10840000BB799BB29B009BB2533398B2BA79724945
:1084100013465B0213449B000B4406331B881B0A64
:108420009BB2DBB2194605F0F1F8BB790133BB71A1
:10843000BB79032BA9D9694B1B7DDBB219464620BA
:1084400005F0E4F8654B5B7EDBB21946442005F08D
:10845000DDF8624B9B7EDBB21946452005F0D6F86D
:108460005E4B5B7DDBB21946472005F0CFF85B4BD6
:1084700093F82930DBB21946702005F0C7F8574B46
:1084800093F82A30DBB21946712005F0BFF8534B40
:1084900093F82B30DBB21946722005F0B7F84F4B3A
:1084A00093F82F30DBB219467E2005F0AFF84B4B26
:1084B00093F82C30DBB21946732005F0A7F8474B30
:1084C00093F82D30DBB21946742005F09FF8434B2A
:1084D00093F82E30DBB21946752005F097F83F4B24
:1084E00093F83130DBB21946762005F08FF83B4B1C
:1084F00093F83230DBB21946772005F087F8374B16
:1085000093F83330DBB21946782005F07FF8334B0F
:1085100093F83430DBB21946792005F077F82F4B09
:1085200093F83530DBB219467A2005F06FF82B4B03
:1085300093F83630DBB219467B2005F067F8274BFD
:1085400093F83730DBB219467C2005F05FF8234BF7
:1085500093F83930DBB219467D2005F057F81F4BF0
:1085600093F83830DBB219467D2005F04FF81B4BED
:1085700093F83030DBB219467F2005F047F8174BEF
:1085800093F83B30DBB21946802005F03FF8134BDF
:1085900093F83C30DBB21946812005F037F80F4BD9
:1085A00093F83D30DBB21946822005F02FF80B4BD3
:1085B00093F83E30DBB21946832005F027F83721C7
:1085C000012005F023F800BF0837BD4680BD00BF7D
:1085D000B0330020CC330020A403002060340020FE
:1085E00080B582B000AF0023FB710FE0FB799BB236
:1085F00003F5A0439AB2FB79444931F81330194688
:108600001046FFF79FFBFB790133FB71FB791B2BB6
:10861000ECD945F20E00FFF739FB0346184600F08F
:10862000DDF9F9F76BF83A4B01221A70394B022247
:108630001A75384B01229A76364B01225A76354B01
:1086400000225A75334B012283F82920314B012235
:1086500083F82A202F4B012283F82B202D4B002258
:1086600083F82C202B4B002283F82D20294B02224B
:1086700083F82E20274B002283F83120254B00223F
:1086800083F83220234B002283F83320214B002231
:1086900083F834201F4B002283F835201D4B002225
:1086A00083F836201B4B002283F83720194B002219
:1086B00083F83920174B002283F83820154B00220D
:1086C00083F83B20134B002283F83C20114B0022FF
:1086D00083F83D200F4B002283F83E200E490020F6
:1086E000FFF7E6FB0D490120FFF7E2FB0A490020F6
:1086F00000F064F80949012000F060F800F0F0F89B
:10870000FFF71AFE00BF0837BD4680BDEC7B0108AD
:10871000B423002060340020645701086C5701081E
:1087200080B500AF0D490220FFF7C2FB04F038FF0F
:10873000FFF76AFC0346002B02D1FFF751FF09E067
:10874000FFF779FC0346002B02D1FFF749FF01E058
:10875000FFF784FC00F0C4F800BF80BD7457010827
:1087600090B585B000AF03463960FB71FB79002BF3
:1087700002D0012B03D005E00223BB7302E00823E3
:10878000BB7300BF0023FB7310E0BB7B9AB2FB7B83
:108790009BB2134499B2FB7B3A68D418084604F0A4
:1087A00005FF03462370FB7B0133FB73FB7B052B2B
:1087B000EBD900BF00BF1437BD4690BD80B584B073
:1087C00000AF03463960FB71FB79002B02D0012B0F
:1087D00003D005E00223BB7302E00823BB7300BF94
:1087E0000023FB730FE0BB7B9AB2FB7B9BB213446D
:1087F00098B2FB7B3A6813441B78194604F006FFD5
:10880000FB7B0133FB73FB7B052BECD900BF00BF67
:108810001037BD4680BD000080B584B000AF034670
:10882000FB71FB79002B02D0012B17D02DE0002328
:10883000FB730FE0FB7B9BB202339AB2FB7B1549C3
:108840000B449B78DBB21946104604F0DFFEFB7B3D
:108850000133FB73FB7B052BECD916E00023FB7384
:108860000FE0FB7B9BB208339AB2FB7B09490B44B8
:108870001B7ADBB21946104604F0C8FEFB7B0133BD
:10888000FB73FB7B052BECD900BF00BF1037BD4647
:1088900080BD00BF6034002080B584B000AF0346C7
:1088A0000A46FB711346BB80BB88FB73FB799BB206
:1088B000FA7B1146184604F0A9FEBB881B0A9BB23E
:1088C000FB73FB799BB201339BB2FA7B11461846CE
:1088D00004F09CFEF8F712FF00BF1037BD4680BDC4
:1088E00080B400AF174B4FF496729A80154B4FF43B
:1088F0007A72DA80134B4FF4FA72A3F80828114BFE
:108900004FF47A72A3F80A280E4B03F580536422C1
:108910009A810C4B03F580534FF4FA72DA81094BBC
:1089200003F580534FF4FA72A3F81028054B03F5B2
:1089300080534FF47A72A3F8122800BFBD4680BC62
:10894000704700BFA403002080B582B000AF1023A1
:10895000BB710023FB710EE0FB791E4A32F8132035
:10896000BB7911461846FFF797FFBB790233BB71FD
:10897000FB790133FB71FB79072BEDD93423BB71F4
:108980000023FB710FE0FB791233124A32F81320F7
:10899000BB7911461846FFF77FFFBB790233BB71E5
:1089A000FB790133FB71FB791B2BECD90A490020C1
:1089B000FFF77EFA08490020FFF700FF012144205D
:1089C00004F024FE0121452004F020FE00BF0837FA
:1089D000BD4680BDEC7B01086457010880B485B0BA
:1089E00000AF0346FB80FB881D2B11D90023FB60E1
:1089F0000AE0144AFB6852F823201349FB6841F847
:108A00002320FB680133FB60FB68132BF1DD13E0CF
:108A1000FB881D2B10D80023BB600AE00B4ABB6803
:108A200052F823200849BB6841F82320BB68013372
:108A3000BB60BB68132BF1DD00BF1437BD4680BCA3
:108A4000704700BF480200204835002098020020EF
:108A500080B582B000AF78606A4B93F83730DBB2F4
:108A6000002B1AD00C2008F0F1F90346012B14D189
:108A7000644B5B7DDBB2002B04D11221624804F011
:108A8000EBFFB7E05F4B5B7DDBB2012B40F0B280C8
:108A90001C215E4804F0E0FFACE05A4B1B7DDBB2CA
:108AA000012B14D1574B5B7DDBB2002B04D120216D
:108AB000574804F0D1FF9FE0524B5B7DDBB2012BA6
:108AC00040F09A802021534804F0C6FF94E04D4BBB
:108AD0001B7DDBB2032B18D14A4B9B7DDBB2002BF5
:108AE00013D0484B5B7DDBB2002B04D110214A48E8
:108AF00004F0B2FF82E0434B5B7DDBB2012B7DD102
:108B00001621464804F0A8FF78E07B681B781A46D7
:108B1000434B9B5C002B36D07B681B78082B06D818
:108B20007B681B780021184608F05CF907E07B6839
:108B30001B78093BDBB20021184608F003F87B687C
:108B40001B781A46364B002199547B681B780C2BF6
:108B50000CD87B681B789BB203F5EC435F339BB268
:108B600000220021184606F033FD48E07B681B78A0
:108B70009BB203F5F14343339BB200220021184618
:108B800006F026FD3BE07B681B78082B06D87B6847
:108B90001B780121184608F025F907E07B681B784F
:108BA000093BDBB20121184607F0CCFF7B681B783C
:108BB0001A461B4B012199547B681B780C2B0CD84F
:108BC0007B681B789BB203F5EC435F339BB20122B9
:108BD0000021184606F0FCFC11E07B681B789BB274
:108BE00003F5F14343339BB201220021184606F0FE
:108BF000EFFC04E000BF02E000BF00E000BF083768
:108C0000BD4680BD603400207C57010890570108A4
:108C1000B0570108C4570108E8570108FC5701087C
:108C2000E8020020B0B582B000AF78609A4B1B8894
:108C3000122B00F2908301A252F823F0898C0008D5
:108C4000198D00086D8D00089D8D0008678E000845
:108C5000858E00083F8F0008D38F0008E18F000841
:108C6000EF8F00082F90000889900008CB90000833
:108C7000019100080792000825920008AF920008B1
:108C8000CB9200080D930008844B93F82030DBB2A0
:108C9000002B00F05183814B93F82030DBB2022B84
:108CA00003D17D4B0D221A8055E3012008F0CEF848
:108CB0000346002B17D0794B5B7DDBB2002B04D130
:108CC0000A21774804F0E8FE08E0744B5B7DDBB2D4
:108CD000012B03D11321734804F0DEFE6F4B0022F9
:108CE00083F8202037E3012003F09EFF6B4B002226
:108CF00083F82120694B002283F82220674B002251
:108D000083F82420654B0322DA75634B1B880133FB
:108D10009AB2614B1A801EE3012008F0B9F80346AD
:108D2000002B1CD05D4B5B7DDBB2002B04D10D21F1
:108D30005D4804F0B1FE08E0584B5B7DDBB2012BCF
:108D400003D11E21594804F0A7FE002004F036F894
:108D5000514B1B8801339AB24F4B1A80FBE24E4BAA
:108D60001B8802339AB24C4B1A80F4E20A2007F0B7
:108D700016FE4F4B1B8801339AB24D4B1A804C4B59
:108D80001B88082B40F2DA82494B00221A80424BA2
:108D90001B8801339AB2404B1A80CFE2454BDB6B04
:108DA0004FF000011846F8F7EBF80346002B53D0BC
:108DB0003A4B5B7DDBB2002B04D111213E4804F01D
:108DC0006BFE08E0354B5B7DDBB2012B03D1162136
:108DD0003A4804F061FE314B002283F84B20354BBA
:108DE0005B6B344AD26B11461846F8F7C9F8034654
:108DF000002B15D02F4BDB6A1846F8F7CBF8054649
:108E0000264B93F83D30DCB22A4BDB6B1846F8F763
:108E1000C1F80346224629460220F8F72DF914E04E
:108E2000244BDB6A1846F8F7B5F805461B4B93F858
:108E30003D30DCB21F4B5B6B1846F8F7ABF80346CE
:108E4000224629460220F8F717F9134B1B880133F5
:108E50009AB2114B1A807EE20F4B1B8802339AB2F2
:108E60000D4B1A8077E2164B03F5805393F82430AC
:108E7000002B40F06582084B1B8801339AB2064BE9
:108E80001A805DE2054B5B7DDBB2002B1CD10D210E
:108E90000C4804F001FE20E02E3500206034002054
:108EA0001458010820580108345801084458010892
:108EB00036350020BC340020645801087858010879
:108EC000A403002090580108974B5B7DDBB2012B77
:108ED00003D11121954804F0DFFD954B5B6B944A5B
:108EE000D26B11461846F8F74BF80346002B1FD0FB
:108EF0008D4B002283F84B208D4B9B6A1846F8F768
:108F000049F80546884B93F83D30DCB2884B5B6BE3
:108F1000874AD26B11461846F7F76CFD0346184690
:108F2000F8F738F80346224629460220F8F7A4F855
:108F3000804B1B8801339AB27E4B1A800BE27E4B2A
:108F400003F5805393F82430002B40F0FB8101207F
:108F500007F07CFF0346002B33D1754B5C6B744BE1
:108F6000DB6C76491846F7F747FD0346194620465D
:108F7000F7F7FCFF0346002B23D0052007F00FFD79
:108F8000012007F063FF0346002B21D1664B5B7D78
:108F9000DBB2002B04D11821694804F07DFD08E004
:108FA000614B5B7DDBB2012B03D11F21654804F0CF
:108FB00073FD5D4B092283F84520002003F0DEFE9F
:108FC000C9E15C4B1B8801339AB25A4B1A80B9E154
:108FD000B8E1584B1B8801339AB2564B1A80BAE15C
:108FE000544B1B8801339AB2524B1A80B3E10120D3
:108FF00003F044FD022003F017FE4B4B5B7DDBB218
:10900000002B04D10D21504804F046FD08E0464BEA
:109010005B7DDBB2012B03D114214C4804F056FDDB
:10902000444B1B8801339AB2424B1A8093E1404B68
:109030009B6B4FF000011846F7F7A2FF0346002B89
:109040001ED0394B1B7DDBB2012B19D1364B5B7D1A
:10905000DBB2002B04D111213D4804F01DFD08E0D6
:10906000314B5B7DDBB2012B03D12C21394804F05D
:1090700013FD304B1B8801339AB22E4B1A806AE1E4
:109080002C4B12221A8066E1012007F08FFD034667
:10909000002B00F05981244B5B7DDBB2002B04D107
:1090A00010212D4804F0F8FC08E01F4B5B7DDBB27B
:1090B000012B03D12521294804F0EEFC1D4B1B8810
:1090C00001339AB21B4B1A803EE1012007F06EFD7E
:1090D0000346002B40F03A81052007F060FC012098
:1090E00007F064FD0346002B40F03081012003F0BF
:1090F0009BFD104B1B8801339AB20E4B1A8025E161
:109100000B4BDB6B4FF000011846F7F739FF0346B6
:10911000002B71D0044B5B7DDBB2002B22D11121DF
:109120000F4804F0B9FC26E060340020A058010884
:10913000BC3400202E350020A40300200000204174
:10914000B4580108D0580108F05801080059010826
:10915000185901082C5901085C5901087059010877
:10916000645801087D4B5B7DDBB2012B03D11621D6
:109170007B4804F091FC794B002283F84B20794B1B
:109180009B6B784AD26B11461846F7F7F9FE0346F7
:10919000002B15D0734BDB6A1846F7F7FBFE05462C
:1091A0006E4B93F83D30DCB26E4BDB6B1846F7F735
:1091B000F1FE0346224629460220F7F75DFF14E040
:1091C000684BDB6A1846F7F7E5FE0546634B93F8F4
:1091D0003D30DCB2634B9B6B1846F7F7DBFE034672
:1091E000224629460220F7F747FF5F4B1B880133D1
:1091F0009AB25D4B1A80AEE05B4B1B8802339AB289
:10920000594B1A80A7E0594B03F5805393F824304B
:10921000002B40F09D80544B1B8801339AB2524B77
:109220001A8095E04D4B5B7DDBB2002B04D1102101
:109230004F4804F031FC08E0484B5B7DDBB2012B6A
:1092400003D11E214B4804F027FC464B9B6B454A3B
:10925000D26B11461846F7F793FE0346002B1FD03A
:109260003E4B002283F84B203E4B9B6A1846F7F793
:1092700091FE0546394B93F83D30DCB2394B9B6B80
:10928000384AD26B11461846F7F7B4FB0346184626
:10929000F7F780FE0346224629460220F7F7ECFE48
:1092A000314B1B8801339AB22F4B1A8053E02F4B5E
:1092B00003F5805393F82430002B4BD12A4B1B88A5
:1092C00001339AB2284B1A8044E0244B012283F8E0
:1092D0002220012003F0D2FB204B5B7DDBB2002B70
:1092E00004D11021244804F0D7FB08E01B4B5B7D20
:1092F000DBB2012B03D11B21204804F0CDFB1A4B1C
:109300001B8801339AB2184B1A8024E0134B0022B9
:10931000DA75124B012283F82120104B002283F8CA
:1093200024200E4B00225A770C4B002283F8202079
:109330000D4B00221A800EE000BF0CE000BF0AE0D7
:1093400000BF08E000BF06E000BF04E000BF02E08D
:1093500000BF00E000BF0837BD46B0BD603400204C
:1093600078580108BC3400202E350020A4030020CA
:1093700098590108AC590108CC590108E059010875
:10938000B0B586B002AF78608D4B1B88072B00F21A
:109390007C8201A252F823F0B9930008F9930008E7
:1093A00051940008819400088F9400089D9700084C
:1093B0000D98000841980008824B93F82330DBB2E7
:1093C000002B00F05D827F4B93F82130DBB2002B45
:1093D00004D17C4B002283F8232056E2794B0022F3
:1093E00083F82420774B0422DA75754B1B880133F0
:1093F0009AB2734B1A8048E2724B93F83130DBB269
:10940000002B0ED06F4B1B7DDBB2012B09D101204D
:1094100003F0D4FC6A4B1B8801339AB2684B1A8064
:1094200033E2012007F034FD0346002B09D0002071
:1094300003F0C4FC624B1B8801339AB2604B1A8064
:1094400023E25F4B1B8802339AB25D4B1A801CE209
:109450000A2007F0A4FA5C4B1B8801339AB25A4BDE
:109460001A80594B1B88082B40F20C82564B002265
:109470001A80534B1B8801339AB2514B1A8001E278
:109480004F4B1B8801339AB24D4B1A80FDE14D4B77
:109490005B7DDBB2002B04D10F214C4804F0FCFAB9
:1094A00008E0484B5B7DDBB2012B03D11921484812
:1094B00004F00CFB474B5B6B464A926B1146184617
:1094C000F7F79AFA03461C46424BDB6C42491846B2
:1094D000F7F792FA034619462046F7F747FD034689
:1094E000002B3FD03B4B1B6DBB603A4B1B6B3B498A
:1094F0001846F7F789FB03461846F7F74BFD034676
:10950000FB60FB68002B01D10123FB60FB68013B82
:10951000334A52F823301846F7F71EFB0346194624
:109520000220F8F771FC0246BB681344BB60254B70
:10953000012283F84B20274B1B6B1846F7F72AFDB7
:109540000146204B93F83D30DBB2002B0CBF0123CA
:109550000023DBB21A46234B0093BB680220F8F7C6
:1095600001FE5CE0174B002283F84B20154B93F86B
:109570002230DBB2002B37D0164B1B6B1846F7F7A7
:1095800009FD04460F4B93F83D30DBB2002B0CBFB6
:1095900001230023DBB21D460E4B5B6B0D4A926B21
:1095A00011461846F7F728FA03461846F7F7F2FC73
:1095B00003462A4621460220F7F75EFD2FE000BF52
:1095C00030350020603400203C350020FC59010873
:1095D0000C5A0108BC34002000002041CDCCCC3D09
:1095E00048350020A0860100A94B1B6B1846F7F7F1
:1095F000D1FC0446A74B93F83D30DBB2002B0CBFE7
:1096000001230023DBB21D46A14B5B6B1846F7F725
:10961000C1FC03462A4621460220F7F72DFD022011
:1096200007F014FC0346002B00F0B180032007F084
:109630000DFC0346002B00F0AA80964B93F83130C6
:10964000DBB2002B00F0A380924B1B7DDBB2012B21
:1096500040F09D80022007F0A2F9022007F0F6FBFF
:109660000346002B00F09380032007F0EFFB034636
:10967000002B00F08C80874B5B7DDBB2002B04D18C
:109680000C21854804F008FA08E0824B5B7DDBB2D0
:10969000012B03D10C21814804F0FEF97D4B0022FF
:1096A00083F83A207B4B93F83530DBB2002B18D08F
:1096B000784B022283F84C20754B1B681846F7F74D
:1096C00069FC0146734B93F83B30DAB2704BDB69AF
:1096D00018466F4B9B68009303460020F8F742FD45
:1096E00055E06B4B5B69002B39DD6A4B93F83530E5
:1096F000DBB2002B33D1674B012283F84C20644B43
:109700009A68634B5B699A4214DC614B1B6818468C
:10971000F7F740FC01465F4B93F83B30DAB25C4B05
:10972000DB6918465A4B9B68009303460020F8F704
:1097300019FD2CE0564B1B681846F7F72BFC014629
:10974000544B93F83B30DAB2514BDB691846504B1F
:109750005B69009303460020F8F704FD17E04D4BCA
:10976000012283F84C204A4B1B681846F7F712FC7D
:109770000146484B93F83B30DAB2454BDB6918465B
:10978000434B9B68009303460020F8F7EBFC444BE7
:109790001B8801339AB2424B1A8076E0414B03F5A5
:1097A000805393F82430002B6ED1012007F04EFB3C
:1097B0000346002B23D0022007F0F1F8012007F028
:1097C00045FB0346002B1AD0324B5B7DDBB2002BEE
:1097D00004D11C21344804F05FF908E02D4B5B7D77
:1097E000DBB2012B03D12521304804F055F9294B78
:1097F000042283F84520002003F0C0FA45E0284BFE
:109800001B8801339AB2264B1A803DE0214B5B7DC9
:10981000DBB2002B04D10D21254804F03DF908E00E
:109820001C4B5B7DDBB2012B03D11A21214804F0D4
:109830004DF91B4B1B8801339AB2194B1A8024E057
:10984000012003F0F1F9052003F018F9114B002273
:109850005A77104B0022DA750E4B002283F8212034
:109860000C4B002283F822200A4B012283F824208B
:10987000084B002283F82320094B00221A8004E0C1
:1098800000BF02E000BF00E000BF1037BD46B0BD22
:10989000BC34002060340020285A0108385A0108DE
:1098A00030350020A4030020445A0108645A0108FE
:1098B0008C5A01089C5A0108B0B586B002AF786096
:1098C000A34B1B880E2B00F2F28201A252F823F068
:1098D0000D9900082D9900085B9900088B990008E4
:1098E000559A0008739A0008759B0008099C0008A7
:1098F0003D9C00086D9D0008CF9D00084D9E00080E
:109900005B9E0008699E00087D9E0008914B9B7F2E
:10991000DBB2002B00F0C2828E4B0322DA758C4B37
:109920001B8801339AB28A4B1A80C0E2012007F0EB
:10993000AFFA0346002B09D0002003F03FFA844B16
:109940001B8801339AB2824B1A80B0E2804B1B888D
:1099500002339AB27E4B1A80A9E20A2007F01FF860
:109960007D4B1B8801339AB27B4B1A807A4B1B8844
:10997000082B40F29582784B00221A80744B1B888A
:1099800001339AB2724B1A808AE2744BDB6B4FF050
:1099900000011846F7F7F4FA0346002B53D06D4B3D
:1099A0005B7DDBB2002B04D111216D4804F074F80B
:1099B00008E0684B5B7DDBB2012B03D116216948BF
:1099C00004F06AF8634B002283F84B20634B5B6B17
:1099D000624AD26B11461846F7F7D2FA0346002BBB
:1099E00015D05E4BDB6A1846F7F7D4FA0546594B9B
:1099F00093F83D30DCB2594BDB6B1846F7F7CAFAE7
:109A00000346224629460220F7F736FB14E0534B63
:109A1000DB6A1846F7F7BEFA05464E4B93F83D3021
:109A2000DCB24E4B5B6B1846F7F7B4FA034622469E
:109A300029460220F7F720FB454B1B8801339AB2D9
:109A4000434B1A8033E2424B1B8802339AB2404B9D
:109A50001A802CE2444B03F5805393F82430002BFA
:109A600040F020823A4B1B8801339AB2384B1A805F
:109A700018E2384B5B7DDBB2002B04D10D213B4853
:109A800004F00AF808E0334B5B7DDBB2012B03D115
:109A90001121374804F000F82E4B002283F84B20A8
:109AA0002E4B5B6B2D4AD26B11461846F7F74AFADC
:109AB0000346002B15D0294B9B6A1846F7F76AFA24
:109AC0000546244B93F83D30DCB2244B9B6B184683
:109AD000F7F760FA0346224629460220F7F7CCFA48
:109AE0002EE01E4B5B6B1D4AD26B11461846F7F7F2
:109AF0003DFA0346002B23D0184B9B6A1846F7F714
:109B000049FA0546134B93F83D30DCB2134B5B6BBF
:109B1000124A926B11461846F6F76EFF03461A4634
:109B20000E4BDB6B19461046F6F764FF03461846EA
:109B3000F7F730FA0346224629460220F7F79CFA47
:109B4000034B1B8801339AB2014B1A80AFE100BF6F
:109B5000323500206034002036350020BC3400202F
:109B60006458010878580108A4030020905801089F
:109B7000A0580108A34B03F5805393F82430002B21
:109B800040F09281012007F061F90346002B33D1A8
:109B90009D4B5C6B9C4BDB6C9C491846F6F72CFF8D
:109BA000034619462046F7F7E1F90346002B23D078
:109BB000052006F0F4FE012007F048F90346002BCB
:109BC00021D1934B5B7DDBB2002B04D1182191484E
:109BD00003F062FF08E08E4B5B7DDBB2012B03D10B
:109BE0001F218D4803F058FF894B092283F8452037
:109BF000002003F0C3F85AE1884B1B8801339AB266
:109C0000864B1A8050E14FE1814B5B7DDBB2002B2C
:109C100004D10D21824803F03FFF08E07C4B5B7DBF
:109C2000DBB2012B03D114217E4803F04FFF7B4BA5
:109C30001B8801339AB2794B1A8038E1744B5B7DF3
:109C4000DBB2002B04D10F21774803F025FF08E099
:109C50006F4B5B7DDBB2012B03D11921734803F0FD
:109C600035FF694B5B6B684A926B11461846F6F7F5
:109C7000C3FE03461C46644BDB6C64491846F6F78A
:109C8000BBFE034619462046F7F770F90346002B42
:109C90003FD05D4B1B6DBB605B4B1B6B6449184633
:109CA000F6F7B2FF03461846F7F774F90346FB6070
:109CB000FB68002B01D10123FB60FB68013B5D4A7F
:109CC00052F823301846F6F747FF0346194602209C
:109CD000F8F79AF80246BB681344BB604C4B01226C
:109CE00083F84B20484B1B6B1846F7F753F9014696
:109CF000474B93F83D30DBB2002B0CBF0123002310
:109D0000DBB21A464C4B0093BB680220F8F72AFAE4
:109D100025E03F4B002283F84B203B4B1B6B184642
:109D2000F7F738F904463A4B93F83D30DBB2002B95
:109D30000CBF01230023DBB21D46334B5B6B324A61
:109D4000926B11461846F6F757FE03461846F7F78A
:109D500021F903462A4621460220F7F78DF92F4BB9
:109D60001B8801339AB22D4B1A80A0E0254B03F5D6
:109D7000805393F82430002B40F09880214B03F55A
:109D8000805393F80838012B1AD1214B5B7DDBB24D
:109D9000002B04D11C21294803F07EFE08E01C4B57
:109DA0005B7DDBB2012B03D12521254803F074FE36
:109DB000174B042283F84520002002F0DFFF76E0F5
:109DC000164B1B8801339AB2144B1A806EE0104B6D
:109DD0005B7DDBB2002B04D10D211A4803F05CFE41
:109DE00008E00B4B5B7DDBB2012B03D11A21164837
:109DF00003F06CFE094B1B8801339AB2074B1A80A3
:109E000055E000BFA4030020BC3400200000204126
:109E100060340020B4580108D058010832350020C1
:109E2000F058010800590108FC5901080C5A0108B2
:109E3000CDCCCC3D48350020A0860100445A010815
:109E4000645A01088C5A01089C5A0108194B1B8856
:109E500001339AB2174B1A8029E0164B1B88013345
:109E60009AB2144B1A8022E0052002F007FE114B33
:109E70001B8801339AB20F4B1A8018E00E4B002258
:109E8000DA750D4B0122DA770B4B00225A770A4B19
:109E900000229A77074B00221A8008E000BF06E0F4
:109EA00000BF04E000BF02E000BF00E000BF1037C9
:109EB000BD46B0BD323500206034002080B582B090
:109EC00000AF786003F040FB0346012B04D0044B45
:109ED000012283F8412000E000BF0837BD4680BD65
:109EE0006034002080B582B000AF78600E4B5B7E9E
:109EF000DBB2012B03D1786800F018F810E00A4BB0
:109F00005B7EDBB2022B03D1786800F019FC07E01E
:109F1000054B5B7EDBB2032B02D1786801F0C0F801
:109F200000BF0837BD4680BD60340020B0B588B0A2
:109F300002AF78603023BB600023FB60A84B93F82E
:109F40003130DBB2002B0FD0022006F02FFE03468B
:109F5000002B09D1A24B0022DA76A14B0022DA7540
:109F6000A04B00221A80C9E39E4B1B88102B00F2E5
:109F7000C58301A252F823F0BD9F000899A00008F4
:109F8000DFA000080DA100083DA100086BA100089A
:109F90009BA10008C7A1000809A2000839A3000876
:109FA0007DA30008B3A30008B5A40008D9A4000845
:109FB00025A500085FA500088FA50008884BDB7E5B
:109FC000DBB2012B40F08F83854B1B7DDBB2012B75
:109FD0001DD0834B93F82430DBB2002B17D1804B7C
:109FE0000022DA767E4B5B7DDBB2002B04D10A21A6
:109FF0007D4803F051FD78E3794B5B7DDBB2012BAB
:10A0000040F073831321794803F046FD6DE302208D
:10A0100006F01CFF0346002B05D0032006F016FFB8
:10A020000346002B25D16E4B5B7DDBB2002B04D1A8
:10A030001E216F4803F030FD08E0694B5B7DDBB209
:10A04000012B03D124216B4803F026FD644B002231
:10A05000DA76634B01225A77614B072283F8452059
:10A06000654B072283F8BD200821644806F084FB75
:10A0700044E3022002F0D8FD042002F0D5FD584B45
:10A0800000225A77564B0222DA75564B1B88013351
:10A090009AB2544B1A8031E3514B93F82D30DBB216
:10A0A000002B0BD1032006F0F3FE0346002B05D056
:10A0B0000A2006F0CBFE0346002B09D1012002F056
:10A0C000E3FE0346002B03D1002002F057FE15E308
:10A0D000444B1B8801339AB2424B1A800EE3012095
:10A0E00006F0D6FE0346002B09D1012002F066FEE1
:10A0F0003C4B1B8801339AB23A4B1A80FEE2394B33
:10A100001B8802339AB2374B1A80F7E20A2006F016
:10A1100046FC3B4B1B8801339AB2394B1A80384BB3
:10A120001B88072B40F2E382354B00221A802D4B0F
:10A130001B8801339AB22B4B1A80D8E2022006F01A
:10A14000A7FE0346002B09D1002002F043FF254B58
:10A150001B8801339AB2234B1A80CFE2214B1B8814
:10A1600002339AB21F4B1A80C8E20A2006F017FC8D
:10A17000234B1B8801339AB2214B1A80204B1B883A
:10A18000092B40F2B6821E4B00221A80154B1B8809
:10A1900001339AB2134B1A80ABE2114B93F829307A
:10A1A000DBB2002B08D0072006F050FE0346002B40
:10A1B00002D1002002F04AFA0A4B1B8801339AB2FE
:10A1C000084B1A809AE20F4B00221A70002002F00E
:10A1D0007BF9044B1B8801339AB2024B1A808DE243
:10A1E000603400202435002014580108205801084C
:10A1F000B85A0108D85A010800000020B800002011
:10A200003835002041350020A04B1B7F002B40F04B
:10A210008C809F4B5B7DDBB2002B04D10C219D48D1
:10A2200003F03AFC08E09A4B5B7DDBB2012B03D1D3
:10A230000C21994803F030FC954B002283F83A201A
:10A24000934B93F83530DBB2002B18D0904B0222A1
:10A2500083F84C20914B1B681846F6F79BFE01468D
:10A260008B4B93F83B30DAB28C4BDB6918468B4B47
:10A270009B68009303460020F7F774FF55E0874B77
:10A280005B69002B39DD824B93F83530DBB2002B54
:10A2900033D17F4B012283F84C20804B9A687F4B4F
:10A2A0005B699A4214DC7D4B1B681846F6F772FE18
:10A2B0000146774B93F83B30DAB2784BDB691846AE
:10A2C000764B9B68009303460020F7F74BFF2CE08A
:10A2D000724B1B681846F6F75DFE01466C4B93F80F
:10A2E0003B30DAB26D4BDB6918466C4B5B6900930F
:10A2F00003460020F7F736FF17E0654B012283F88D
:10A300004C20664B1B681846F6F744FE0146604B2E
:10A3100093F83B30DAB2614BDB6918465F4B9B68C0
:10A32000009303460020F7F71DFF5D4B1B880133A8
:10A330009AB25B4B1A80E1E1544B1B7F002B16D184
:10A34000022006F083FD0346002B05D1032006F012
:10A350007DFD0346002B06D0514B1B8801339AB27A
:10A360004F4B1A80CAE14E4B0D221A80C6E14D4B6D
:10A3700000221A70002002F0A7F8BFE1444B93F8C6
:10A380003A30DBB2022B06D0454B1B8801339AB220
:10A39000434B1A80AFE13E4B93F83A30DBB2022BCD
:10A3A00040F0A9813E4B1B8803339AB23C4B1A8084
:10A3B000A1E13A4B5B69002B05DD354B93F8353055
:10A3C000DBB2002B05D0324B93F83A30DBB2012BD5
:10A3D00054D12F4B5B7DDBB2002B04D10D213248D1
:10A3E00003F05AFB08E02A4B5B7DDBB2012B03D163
:10A3F0000F212E4803F06AFB284B9A68274B5B69B4
:10A400009A421FDC224B93F83530DBB2002B19D176
:10A4100064233B611E4B0A2283F84C201F4BDB68F0
:10A420001846F6F7B7FD0146194B93F83B30DAB200
:10A430001A4BDB6918463B69009303460020F7F787
:10A4400091FE1BE0124B0A2283F84C20134BDB6871
:10A450001846F6F79FFD01460D4B93F83B30DAB2F4
:10A460000E4BDB691C460D4B9B681846104B1B6856
:10A47000C31A009323460020F7F774FE084B1B888D
:10A4800001339AB2064B1A8038E100BFA4030020C2
:10A4900060340020285A0108385A0108BC340020D2
:10A4A0002435002041350020005B0108105B0108C5
:10A4B0001C360020934B1B7F002B06D1924B1B8830
:10A4C00001339AB2904B1A8018E1904B00221A7017
:10A4D000002001F0F9FF11E18A4B93F80038012BBD
:10A4E00019D18B4B93F83630DBB2002B03D0884B5D
:10A4F00002225A770FE0864B93F85230DBB2002BE2
:10A5000009D102F08FF9824B012283F824207E4B7F
:10A5100000221A80F2E07C4B1B8801339AB27A4BFE
:10A520001A80EBE07A4B93F83230DBB2002B0FD17C
:10A53000012006F0ADFC0346002B02D0002002F003
:10A540003DFC714B1B8801339AB26F4B1A80D5E0EA
:10A550006D4B1B8802339AB26B4B1A80CEE00A20F7
:10A5600006F01DFA6B4B1B8801339AB2694B1A80B7
:10A57000684B1B88082B40F2C080664B00221A8073
:10A58000614B1B8801339AB25F4B1A80B5E0604B78
:10A590005B7FDBB2022B35D05F4BD3E90023541C29
:10A5A00043F100055C4BC3E900455B4BD3E9002355
:10A5B00007F10800594909F069FF0346FB820822A8
:10A5C00057494FF4004003F087F9FB8ADAB207F1EC
:10A5D000080319464FF4004003F07EF94C4B5B7DB5
:10A5E000DBB2002B04D109214E4803F055FA1CE0E0
:10A5F000474B5B7DDBB2012B17D112214A4803F098
:10A600004BFA12E0424B5B7DDBB2002B04D12021E0
:10A61000464803F041FA08E03D4B5B7DDBB2012B7D
:10A6200003D12821424803F037FA394B93F85030D0
:10A63000DBB2002B22D1364B1B7DDBB2012B1DD1AF
:10A64000334B012283F85020314B5B7DDBB2002B72
:10A6500004D12021374803F01FFA08E02C4B5B7D22
:10A66000DBB2012B03D13521334803F015FA284B17
:10A67000052283F84520032002F0D6FA214B93F8F7
:10A680002038002B1ED1082006F0E0FB0346002BEB
:10A6900018D01F4B012283F84D20284B1B6A184607
:10A6A000F6F778FC05461A4B93F83C30DCB2234BA6
:10A6B0005B6A1846F6F76EFC0346224629460120DF
:10A6C000F6F7DAFC0F4B002283F80128104B00222A
:10A6D000DA760F4B01225A770D4B0022DA750A4BBE
:10A6E00000221A800AE000BF08E000BF06E000BFB9
:10A6F00004E000BF02E000BF00E000BF1837BD4625
:10A70000B0BD00BFA4030020243500204135002047
:10A71000603400203835002018350020205B010807
:10A72000245B0108305B01083C5B0108505B0108B9
:10A73000745B0108A05B0108C45B0108BC34002005
:10A74000B0B588B002AF78603023BB600023FB60F7
:10A75000A34B1B88132B00F2868401A252F823F02E
:10A76000B1A7000883A800082BA9000885A9000844
:10A7700069AA000897AA0008C7AA0008F5AA000855
:10A7800025AB000851AB00086BAB000805AC000816
:10A7900029AC00085DAD000881AD0008CDAD000812
:10A7A00077AE0008A5AE000811AF000841AF000861
:10A7B0008C4B1B78002B1ED08B4BDB7DDBB2042B2C
:10A7C00019D1002006F0F2F90346002B13D1864B75
:10A7D0001B7DDBB2012B0ED1052006F0E0F8002036
:10A7E00006F0E4F90346002B05D17E4B00221A70D7
:10A7F0007D4B0222DA76002006F0D8F90346002BC2
:10A8000002D0784B01221A70774BDB7EDBB2022B31
:10A8100040F01E84744B1B7DDBB2012B1ED0724BAB
:10A8200093F82430DBB2002B18D16F4B0022DA767C
:10A830006D4B5B7DDBB2002B05D10A216B4803F029
:10A840002BF900F007BC684B5B7DDBB2012B40F0BD
:10A8500001841321664803F01FF9FBE3022002F094
:10A86000E3F9042002F0E0F95F4B00225A775E4BD7
:10A870000222DA755A4B1B8801339AB2584B1A8060
:10A88000F1E3594B93F83930DBB2002B46D002206C
:10A8900006F0DCFA0346002B05D0032006F0D6FABA
:10A8A0000346002B3AD1052006F079F8022006F085
:10A8B000CDFA0346002B05D0032006F0C7FA034665
:10A8C000002B2BD1484B5B7DDBB2002B04D11E212A
:10A8D000484803F0E1F808E0434B5B7DDBB2012B15
:10A8E00003D12421444803F0D7F83F4B072283F8D3
:10A8F0004520424B072283F8BD200821404805F03F
:10A900003BFF374B00221A80374B01225A77364BD8
:10A910000022DA75344B0022DA76A4E3304B1B8830
:10A9200001339AB22E4B1A809DE32F4B93F82D30B2
:10A93000DBB2002B09D0002002F0A6FA0346002B60
:10A9400019D1002002F01AFA8DE3032006F0A0FAD4
:10A950000346002B05D00A2006F078FA0346002BA8
:10A9600009D1012002F090FA0346002B03D1002008
:10A9700002F004FA77E31A4B1B8801339AB2184BA2
:10A980001A8070E3032006F061FA0346002B60D1C1
:10A99000022006F004F8032006F058FA0346002BC4
:10A9A0005BD1114B9B7EDBB2012B4DD10E4B93F84B
:10A9B0002D30DBB2002B09D0012002F065FA0346EE
:10A9C000002B03D1002002F0D9F94CE3064B5B7D4C
:10A9D000DBB2002B16D11E21064803F05DF81AE009
:10A9E00026350020F90200206034002014580108A8
:10A9F00020580108B85A0108D85A01080000002060
:10AA0000B80000208F4B5B7DDBB2012B03D12421EA
:10AA10008D4803F041F88B4B072283F845208B4B80
:10AA2000072283F8BD200821894805F0A5FE894B3F
:10AA300000221A80834B01225A77824B0022DA755A
:10AA4000804B0022DA760EE37E4B012283F84F2002
:10AA500003E07C4B002283F84F207E4B1B880133A0
:10AA60009AB27C4B1A80FEE2012006F011FA0346EE
:10AA7000002B09D1012002F0A1F9764B1B8801338C
:10AA80009AB2744B1A80EEE2724B1B8802339AB270
:10AA9000704B1A80E7E20A2005F081FF6E4B1B889D
:10AAA00001339AB26C4B1A806B4B1B88082B40F217
:10AAB000D382694B00221A80664B1B8801339AB2FD
:10AAC000644B1A80C8E2022006F0E2F90346002B2C
:10AAD00009D1002002F07EFA5E4B1B8801339AB246
:10AAE0005C4B1A80BFE25B4B1B8802339AB2594B16
:10AAF0001A80B8E20A2005F052FF574B1B88013339
:10AB00009AB2554B1A80544B1B880A2B40F2A682EE
:10AB1000514B00221A804F4B1B8801339AB24D4B88
:10AB20001A809BE2474B93F82930DBB2002B08D008
:10AB3000072006F08BF90346002B02D1002001F01C
:10AB400085FD444B1B8801339AB2424B1A808AE23E
:10AB5000424B00221A70002001F0B6FC3D4B1B88CE
:10AB600001339AB23B4B1A807DE23D4B5B69002B6F
:10AB700041DD344B012283F84C20394B9A68384B25
:10AB80005B699A4218DC364B1B681846F6F702FAE6
:10AB90002C4B93F83B30D9B2314BDB691C46304B20
:10ABA0009A682F4BDB69D31A009323460A46014665
:10ABB0000020F7F7D7FA17E0294B1B681846F6F77D
:10ABC000E9F9204B93F83B30D9B2254BDB691C46A1
:10ABD000234B5A69224BDB69D31A009323460A465A
:10ABE00001460020F7F7BEFA1A4B1B8801339AB2D0
:10ABF000184B1A8037E2174B1B8802339AB2154B59
:10AC00001A8030E2174B1B7F002B06D1114B1B889B
:10AC100001339AB20F4B1A8025E2104B00221A70B2
:10AC2000002001F051FC1EE20D4B5B69002B63DD3F
:10AC3000044B5B7DDBB2002B18D10D210A4802F0DA
:10AC40002BFF1CE060340020D85A010800000020CF
:10AC5000B80000202635002038350020413500207E
:10AC6000BC340020A4030020005B01089C4B5B7DEA
:10AC7000DBB2012B03D10F219A4802F027FF9A4B38
:10AC80009A68994B5B699A4219DC64233B61944B47
:10AC90000A2283F84C20944BDB681846F6F77AF9C1
:10ACA00001468F4B93F83B30DAB28F4BDB69184685
:10ACB0003B69009303460020F7F754FA47E0884BBE
:10ACC0000A2283F84C20884BDB681846F6F762F9B5
:10ACD0000146834B93F83B30DAB2834BDB691C4669
:10ACE000814B9B681846814B1B68C31A009323460F
:10ACF0000020F7F737FA2AE0794B5B7DDBB2002BB7
:10AD000004D109217A4802F0C7FE08E0744B5B7D4C
:10AD1000DBB2012B03D10C21764802F0BDFE704B53
:10AD2000012283F84C20704B1B681846F6F732F965
:10AD300001466B4B93F83B30DAB26B4BDB6918463C
:10AD4000694B9B68009303460020F7F70BFA6A4BA8
:10AD50001B8801339AB2684B1A8084E1674B1B7FD2
:10AD6000002B06D1644B1B8801339AB2624B1A80C8
:10AD700079E1634B00221A70002001F0A5FB72E11B
:10AD80005E4B93F80038012B19D1554B93F83630B0
:10AD9000DBB2002B03D0524B02225A770FE0504B0C
:10ADA00093F85230DBB2002B09D101F03BFD4C4B44
:10ADB000012283F82420504B00221A8053E14E4B8D
:10ADC0001B8801339AB24C4B1A804CE1444B93F8E8
:10ADD0003930DBB2002B47D0022006F037F80346AB
:10ADE000002B05D0032006F031F80346002B36D1A6
:10ADF000052005F0D4FD022006F028F80346002BBC
:10AE000005D0032006F022F80346002B2BD13D4B42
:10AE10001B8801339AB23B4B1A803A4B1B88042B98
:10AE200019D92F4B5B7DDBB2002B04D12021364892
:10AE300002F032FE08E02A4B5B7DDBB2012B03D12E
:10AE40002821324802F028FE002001F097FF2D4B08
:10AE500000221A8007E1284B03221A8003E1294BC4
:10AE600000221A8000E000BF234B1B8801339AB2F6
:10AE7000214B1A80F7E01A4B93F82D30DBB2012BEF
:10AE800009D1012002F000F80346002B03D1002075
:10AE900001F074FFE7E0184B1B8801339AB2164BA0
:10AEA0001A80E0E00E4B93F83230DBB2002B10D169
:10AEB000012005F0EDFF0346002B00F0D1800020BB
:10AEC00001F07CFF0C4B1B8801339AB20A4B1A80AD
:10AED000C6E0094B1B8802339AB2074B1A80BFE0C9
:10AEE00060340020105B0108BC3400201C360020B8
:10AEF000FC5B0108385A010826350020A403002015
:10AF0000413500203E350020505B0108745B01088C
:10AF10000A2005F044FD554B1B8801339AB2534B70
:10AF20001A80524B1B880A2B40F29C804F4B002208
:10AF30001A804F4B1B8801339AB24D4B1A8091E017
:10AF40004C4B5B7FDBB2022B35D04B4BD3E900235C
:10AF5000541C43F10005484BC3E90045464BD3E977
:10AF6000002307F10800454909F090FA0346FB82E7
:10AF7000082243494FF4004002F0AEFCFB8ADAB2EB
:10AF800007F1080319464FF4004002F0A5FC394BC5
:10AF90005B7DDBB2002B04D109213A4802F07CFD35
:10AFA0001CE0344B5B7DDBB2012B17D112213648FC
:10AFB00002F072FD12E02F4B5B7DDBB2002B04D15F
:10AFC0002021324802F068FD08E02A4B5B7DDBB2AD
:10AFD000012B03D128212E4802F05EFD254B93F86A
:10AFE0005030DBB2002B22D1224B1B7DDBB2012B78
:10AFF0001DD1204B012283F850201E4B5B7DDBB21C
:10B00000002B04D12021234802F046FD08E0194B13
:10B010005B7DDBB2012B03D135211F4802F03CFDE3
:10B02000144B052283F84520032001F0FDFD1B4B46
:10B03000002283F801280F4B0022DA760D4B012203
:10B040005A770C4B0022DA75094B00221A800AE06D
:10B0500000BF08E000BF06E000BF04E000BF02E060
:10B0600000BF00E000BF1837BD46B0BD3835002036
:10B07000263500206034002018350020205B0108B0
:10B08000245B0108305B01083C5B0108505B010850
:10B09000745B0108A05B0108C45B0108A4030020E5
:10B0A000B0B586B000AF78603023FB6000233B6111
:10B0B000A84B1B880E2B00F2EF8201A252F823F05E
:10B0C000FDB00008E3B10008F1B1000899B2000832
:10B0D000C7B20008F7B2000825B3000879B300082A
:10B0E000A5B30008BFB3000825B4000849B40008A0
:10B0F000F3B400082FB500085FB50008964BDB7E5F
:10B10000DBB2032B40F0BD82934B1B7DDBB2012BE6
:10B110001DD0914B93F82430DBB2002B17D18E4B0E
:10B120000022DA768C4B5B7DDBB2002B04D10A2146
:10B130008A4802F0B1FCA6E2874B5B7DDBB2012BB3
:10B1400040F0A1821321864802F0A6FC9BE2824BCC
:10B150009B7EDBB2012B31D1022005F077FE034646
:10B16000002B05D0032005F071FE0346002B25D1EE
:10B17000794B5B7DDBB2002B04D11E21794802F0B4
:10B180008BFC08E0744B5B7DDBB2012B03D12421E7
:10B19000754802F081FC704B0022DA766E4B01227A
:10B1A0005A776D4B072283F84520704B072283F8AE
:10B1B000BD2008216E4805F0DFFA6DE2022001F0A3
:10B1C00033FD042001F030FD634B00225A77624BBF
:10B1D0000222DA755F4B1B8801339AB25D4B1A80ED
:10B1E0005AE25C4B1B8801339AB25A4B1A8053E2E5
:10B1F000594B93F83930DBB2002B46D0022005F0D2
:10B2000025FE0346002B05D0032005F01FFE034654
:10B21000002B3AD1022005F0C2FB022005F016FEF9
:10B220000346002B05D0032005F010FE0346002B3B
:10B230002BD1494B5B7DDBB2002B04D11E21494849
:10B2400002F02AFC08E0444B5B7DDBB2012B03D10A
:10B250002421454802F020FC3F4B072283F845207B
:10B26000424B072283F8BD200821414805F084FAAB
:10B27000384B00221A80384B01225A77364B002275
:10B28000DA75354B0022DA7606E2324B1B88013341
:10B290009AB2304B1A80FFE1012005F0F9FD034618
:10B2A000002B09D1012001F089FD2A4B1B880133B5
:10B2B0009AB2284B1A80EFE1264B1B8802339AB2D0
:10B2C000244B1A80E8E10A2005F069FB294B1B8812
:10B2D00001339AB2274B1A80264B1B88082B40F269
:10B2E000D481244B00221A801A4B1B8801339AB256
:10B2F000184B1A80C9E1022005F0CAFD0346002B55
:10B3000009D1002001F066FE124B1B8801339AB26E
:10B31000104B1A80C0E10F4B1B8802339AB20D4BC1
:10B320001A80B9E10A2005F03AFB124B1B88013361
:10B330009AB2104B1A800F4B1B880A2B40F2A78140
:10B340000C4B00221A80034B1B8801339AB2014B2D
:10B350001A809CE128350020603400201458010830
:10B3600020580108B85A0108D85A010800000020E6
:10B37000B800002038350020A04B93F82930DBB20C
:10B38000002B08D0072005F061FD0346002B02D1F9
:10B39000002001F05BF99A4B1B8801339AB2984B5D
:10B3A0001A8079E1974B00221A70002001F08CF886
:10B3B000934B1B8801339AB2914B1A806CE18F4BEF
:10B3C0005B7DDBB2002B04D10C218F4802F064FBC3
:10B3D00008E08A4B5B7DDBB2012B03D10C218B484B
:10B3E00002F05AFB854B002283F84C20884B1B68E7
:10B3F0001846F5F7CFFD0546804B93F83B30DCB29D
:10B40000834B5B681846F5F7C5FD0346224629467F
:10B410000020F5F731FE7A4B1B8801339AB2784B46
:10B420001A8039E17B4B1B7F002B06D1744B1B88A4
:10B4300001339AB2724B1A802EE1724B00221A70BD
:10B44000002001F041F827E16C4B93F83930DBB272
:10B45000002B47D0022005F0F9FC0346002B05D154
:10B46000032005F0F3FC0346002B36D0022005F044
:10B4700096FA022005F0EAFC0346002B05D10320D2
:10B4800005F0E4FC0346002B2BD0634B1B880133F3
:10B490009AB2614B1A80604B1B88042B19D9574B09
:10B4A0005B7DDBB2002B04D120215C4802F0F4FA72
:10B4B00008E0524B5B7DDBB2012B03D12E215848B3
:10B4C00002F0EAFA002001F059FC534B00221A80E6
:10B4D000E2E04B4B07221A80DEE04F4B00221A803D
:10B4E00000E000BF464B1B8801339AB2444B1A80E0
:10B4F000D2E0424B93F83230DBB2002B10D1012066
:10B5000005F0C6FC0346002B00F0C380002001F0CC
:10B5100055FC3B4B1B8801339AB2394B1A80B8E07B
:10B52000374B1B8802339AB2354B1A80B1E00A20A0
:10B5300005F035FA3B4B1B8801339AB2394B1A8020
:10B54000384B1B880A2B40F2A680364B00221A800B
:10B550002B4B1B8801339AB2294B1A809BE0324B4C
:10B56000D3E90023541C43F100052F4BC3E90045E8
:10B570002D4BD3E9002307F10C002C4908F086FF7E
:10B580000346FB8208222A494FF4004002F0A4F946
:10B59000FB8ADAB207F10C0319464FF4004002F0BF
:10B5A0009BF9164B5B7DDBB2002B04D109212148AE
:10B5B00002F072FA08E0114B5B7DDBB2012B03D184
:10B5C00012211D4802F068FA0C4B93F85030DBB2A0
:10B5D000002B45D1094B1B7DDBB2012B40D1074B22
:10B5E000012283F85020054B5B7DDBB2002B27D175
:10B5F0002021124802F050FA2BE000BF60340020F6
:10B600002835002041350020285A0108385A010801
:10B61000BC340020A40300203E350020085C010853
:10B620002C5C01083835002018350020205B01080B
:10B63000245B0108305B01083C5B0108A05B01084A
:10B64000174B5B7DDBB2012B03D13521154802F08E
:10B6500023FA134B052283F84520032001F0E4FA76
:10B66000114B002283F801280D4B0022DA760C4B97
:10B6700001225A770A4B0022DA750C4B00221A80FD
:10B680000AE000BF08E000BF06E000BF04E000BF22
:10B6900002E000BF00E000BF1837BD46B0BD00BFEC
:10B6A00060340020C45B0108A4030020283500207A
:10B6B000B0B586B000AF78603023FB6000233B61FB
:10B6C000A94B1B881A2B00F2258201A252F823F005
:10B6D0003DB700084BB700087FB70008AFB70008B8
:10B6E000DDB700088FB80008C3B80008F1B800083B
:10B6F00025B9000855B9000895B90008C5B9000872
:10B70000DBB90008FDB9000813BA000833BA000815
:10B7100061BA00086FBA000815BB000815BB000825
:10B7200015BB000815BB000815BB000815BB0008B9
:10B7300015BB000877BA0008CFBA00088A4B1B88EF
:10B7400001339AB2884B1A80E4E1884B5B7DDBB20F
:10B75000002B04D10B21864802F09EF908E0834BB0
:10B760005B7DDBB2012B03D10B21824802F094F9FF
:10B770007D4B1B8801339AB27B4B1A80CAE10A20A9
:10B7800005F00DF97C4B1B8801339AB27A4B1A8075
:10B79000794B1B88142B40F2AE81774B00221A8024
:10B7A000714B1B8801339AB26F4B1A80A3E16F4B28
:10B7B00093F82D30DBB2002B09D0002001F064FBA0
:10B7C0000346002B03D1002001F0D8FAA2E1664B1A
:10B7D0001B8801339AB2644B1A809BE1634B5B7DFB
:10B7E000DBB2002B04D10C21644802F055F908E0CB
:10B7F0005E4B5B7DDBB2012B03D10A21604802F076
:10B800004BF9604B1B681846F5F7C4FB0546574BD0
:10B8100093F83B30DCB25B4B5B681846F5F7BAFB3C
:10B820000346224629460020F5F726FC554B1B6CA3
:10B830001846F5F7AFFB05464C4B93F83E30DCB2AB
:10B84000504B5B6C1846F5F7A5FB0346224629468C
:10B850000320F5F711FC4B4B1B6A1846F5F79AFBD2
:10B860000546424B93F83C30DCB2464B5B6A1846C7
:10B87000F5F790FB0346224629460120F5F7FCFB2D
:10B88000394B1B8801339AB2374B1A8042E13E4B49
:10B890001B7F002B40F031813B4B03F5805393F825
:10B8A0002838002B40F02981374B93F82038002BA3
:10B8B00040F023812C4B1B8801339AB22A4B1A800B
:10B8C0001BE12A4B93F82D30DBB2002B09D001206D
:10B8D00001F0DAFA0346002B03D1002001F04EFA02
:10B8E00018E1214B1B8801339AB21F4B1A8011E1DA
:10B8F0001E4B5B7DDBB2002B04D10921234802F0F3
:10B90000CBF808E0194B5B7DDBB2012B03D1122190
:10B910001F4802F0C1F8144B1B8801339AB2124B36
:10B920001A80F7E00A2005F03AF8134B1B88013320
:10B930009AB2114B1A80104B1B88142B40F2DF80F7
:10B940000D4B00221A80084B1B8801339AB2064B1C
:10B950001A80D4E0002001F031FA034B1B88013338
:10B960009AB2014B1A80D5E02035002060340020C7
:10B970005C5C0108685C010836350020285A010823
:10B98000385A0108BC340020A4030020745C01086C
:10B990003C5B01080A2005F002F8604B1B8801336C
:10B9A0009AB25E4B1A805D4B1B88142B40F2A98023
:10B9B0005A4B00221A805A4B1B8801339AB2584BBB
:10B9C0001A809EE0574B012283F82020544B1B889D
:10B9D00001339AB2524B1A809CE0524B93F82130BB
:10B9E000DBB2012B40F08F804D4B1B8801339AB2A4
:10B9F0004B4B1A80642004F0D2FF84E0494B0122B3
:10BA000083F82320464B1B8801339AB2444B1A809B
:10BA100080E0444B93F82430DBB2012B75D1404BCE
:10BA20001B8801339AB23E4B1A80642004F0B7FFA2
:10BA30006BE00A2004F0B3FF384B1B8801339AB245
:10BA4000364B1A80354B1B88142B60D9334B0022A0
:10BA50001A80334B1B8801339AB2314B1A8056E05F
:10BA60002F4B1B8801339AB22D4B1A8052E02C4B7E
:10BA700019221A804EE0012001F0A0F9284B1B8802
:10BA800001339AB2264B1A80274BD3E90023541C6A
:10BA900043F10005244BC3E90045234BD3E90023C0
:10BAA00007F10C00214908F0F1FC0346FB82082253
:10BAB0001F494FF4004001F00FFFFB8ADAB207F193
:10BAC0000C0319464FF4004001F006FF22E00A2063
:10BAD00004F065FF114B1B8801339AB20F4B1A809B
:10BAE0000E4B1B88142B14D90C4B00221A800C4BC4
:10BAF00000221A800DE000BF0CE000BF0AE000BF8A
:10BB000008E000BF06E000BF04E000BF02E000BFA5
:10BB100000E000BF1837BD46B0BD00BF363500207D
:10BB2000203500206034002018350020205B0108FB
:10BB3000245B010880B586B002AF7860A34B1B88F8
:10BB4000052B00F28B8101A252F823F065BB00089F
:10BB5000A3BB0008B1BB0008C1BC0008A3BD00081E
:10BB6000B1BD00089A4B93F84130DBB2002B04D1F1
:10BB7000974B002283F8412070E1954BDB7DDBB2CF
:10BB8000012B07D0924B1B7DDBB2032B02D0904BD5
:10BB90000722DA758D4B1B8801339AB28B4B1A80C2
:10BBA0005CE18A4B1B8801339AB2884B1A8055E1BD
:10BBB000012005F04BF90346002B28D1844B5B7D17
:10BBC000DBB2002B04D10B21824801F065FF08E0B5
:10BBD0007F4B5B7DDBB2012B03D113217E4801F04B
:10BBE00075FF7B4B022283F84B207C4B9B6C1846E5
:10BBF000F5F7D0F90146764B93F83D30DAB24FF4C1
:10BC0000FA63009300230220F6F7ACFA51E0734B7D
:10BC10001B6DBB60714B9B6C71491846F4F7F4FFC8
:10BC200003461846F5F7B6F90346FB60FB68002BA0
:10BC300001D10123FB60FB68013B6A4A52F82330C3
:10BC40001846F4F789FF034619460220F6F7DCF898
:10BC50000246BB681344BB605D4B5B7DDBB2002BCF
:10BC600004D10B21604801F017FF08E0584B5B7DC1
:10BC7000DBB2012B03D10F215C4801F027FF544BAD
:10BC8000012283F84B20554B9B6C1846F5F782F93F
:10BC900001464F4B93F83D30DBB2002B0CBF012324
:10BCA0000023DBB21A46524B0093BB680220F6F722
:10BCB00059FA464B1B8801339AB2444B1A80CDE0A7
:10BCC0004C4B03F5805393F82430002B40F0C58093
:10BCD000012005F0BBF80346002B25D03C4B93F820
:10BCE0004B30DBB2012B1FD1394B002283F84B20A4
:10BCF000374B5B7DDBB2002B04D11C213E4801F0A9
:10BD0000CBFE08E0324B5B7DDBB2012B03D125215A
:10BD10003A4801F0C1FE2E4B042283F84520002052
:10BD200001F02CF8002399E0012005F08FF803467C
:10BD3000002B25D1264B93F84B30DBB2022B1FD1C1
:10BD4000234B002283F84B20214B5B7DDBB2002B81
:10BD500004D118212A4801F09FFE08E01C4B5B7DAE
:10BD6000DBB2012B03D12221264801F095FE184BAE
:10BD7000032283F84520002001F000F800236DE045
:10BD8000012005F063F80346002B03D00F4B02227D
:10BD90001A8062E00D4B1B8801339AB20B4B1A805C
:10BDA0005BE00A4B1B8801339AB2084B1A8055E0BE
:10BDB000074B002283F84120054B5B7DDBB2002B53
:10BDC00024D10B21104801F067FE28E02A3500201D
:10BDD00060340020805C01088C5C0108BC340020C9
:10BDE000CDCCCC3D48350020A05C0108AC5C0108FE
:10BDF000A0860100A4030020445A0108645A0108E7
:10BE0000BC5C0108D85C0108FC5C0108154B5B7D3B
:10BE1000DBB2012B03D11821134801F057FE114B5F
:10BE2000DB7DDBB2012B07D00E4B1B7DDBB2032B7E
:10BE300002D00C4B0022DA750A4B002283F8212035
:10BE4000084B002283F82220064B012283F824208D
:10BE5000064B00221A80012300E000BF184610376D
:10BE6000BD4680BD60340020085D01082A350020F1
:10BE700098B500AF5C4B1B7DDBB2032B0ED15A4B48
:10BE80005B7DDBB2002B04D12621584801F0E4FD94
:10BE9000A8E01E21564801F0DFFDA3E0524B1B7DB8
:10BEA000DBB2012B0ED1504B5B7DDBB2002B04D1FA
:10BEB0002021504801F0D0FD94E020214E4801F0AF
:10BEC000CBFD8FE0484BDB7DDBB2002B36D1012070
:10BED00000F0AAFE022000F0A7FE032000F0A4FE5E
:10BEE000042000F0A1FE052000F09EFE002003F0DB
:10BEF0004FFC01F0D1F8012001F06CF8012000F0B6
:10BF00005DFF112001F0A0FC012004F09FFF03461B
:10BF1000002B21D1344B002283F84B20324B93F875
:10BF20003D30DCB2354B5B6D1846F5F733F8034610
:10BF300022460A210220F5F79FF80DE02A4B5B7D8F
:10BF4000DBB2002B04D123212D4801F085FD03E055
:10BF500023212C4801F080FD00BF2B4B03F58053BB
:10BF600093F82430002BF8D100210120F5F7DCF9FB
:10BF700000210220F5F7D8F900210320F5F7D4F9C4
:10BF800000210420F5F7D0F920494FF000024FF0CE
:10BF90000003C1E9002308221D494FF4004001F0CD
:10BFA0009BFC01221B494FF4004001F095FC0E4B15
:10BFB0005B7DDBB2002B04D10D21174801F06CFD35
:10BFC00008E0094B5B7DDBB2012B03D1282113482C
:10BFD00001F062FD044B012283F85520082110482E
:10BFE00004F0CAFB98BD00BF60340020245D010846
:10BFF000385D0108B0570108C4570108BC3400205F
:10C00000585D0108705D0108A40300201835002068
:10C01000245B0108945D0108985D0108A85D010892
:10C020006800002080B500AF324B93F82630DBB2B9
:10C03000002B03D0304B1B78012B04D12D4B002259
:10C0400083F8262054E02B4B9B7DDBB2002B02D0E3
:10C05000002000F0C9FC274B1B7DDBB2012B02D175
:10C06000002001F0B3F8012000F0B4FF012000F03F
:10C07000A5FE012004F0EAFE0346002B12D11F4B5F
:10C080001B88002B0ED01B4B93F83D30DAB21B4BB4
:10C090001B881B49A1FB0313DB089BB21946104602
:10C0A00001F0A8F900BF174B03F5805393F8243033
:10C0B000002BF8D10F4B5B7DDBB2002B04D11A2192
:10C0C000114801F0E9FC08E00A4B5B7DDBB2012B73
:10C0D00003D128210D4801F0DFFC08210C4804F0B1
:10C0E0004BFB054B01221A70024B002283F82620DD
:10C0F00080BD00BF6034002042350020463500205E
:10C10000CDCCCCCCA4030020D45D0108A85D0108EF
:10C110006800002080B582B000AF7860A94B1B8812
:10C12000092B00F2C48101A252F823F055C1000886
:10C130002FC200089DC20008B1C20008F7C2000863
:10C1400025C3000855C3000891C30008B7C3000801
:10C15000F1C300089C4B93F83F30DBB2002B04D0B6
:10C16000994BDB7DDBB2002B04D0974B002283F888
:10C170003F209CE1F5F7EAF8934B93F84530DBB2AA
:10C18000012B06D10021002004F01CF8642004F0EB
:10C1900006FC0121002004F015F88B4B93F8453084
:10C1A000DBB2022B06D10021022004F00BF8642040
:10C1B00004F0F5FB0121022004F004F8824B002278
:10C1C00083F84520804B93F82930DBB2002B03D055
:10C1D0000121012003F0F6FF7B4B93F82A30DBB2FC
:10C1E000002B03D00121032003F0ECFF764B5B7D95
:10C1F000DBB2002B04D10B21744801F04DFC08E0A8
:10C20000714B5B7DDBB2012B03D11521704801F02E
:10C2100043FC6D4B0122DA756B4B002283F824201E
:10C22000684B1B8801339AB2664B1A803FE1664B1C
:10C230005B7DDBB2002B04D10D21664801F02CFCA4
:10C2400008E0614B5B7DDBB2012B03D11921624811
:10C2500001F03CFC012000F0E7FC022000F0E4FCCF
:10C26000032000F0E1FC042000F0DEFC052000F0DB
:10C27000DBFC5A4B1B78002B06D0584B00221A705F
:10C280000821574804F078FA642004F088FB4D4BED
:10C290001B8801339AB24B4B1A8008E1002000F052
:10C2A00099FE484B1B8801339AB2464B1A80FEE038
:10C2B000454B93F82D30DBB2002B0BD1032004F05B
:10C2C000E7FD0346002B05D00A2004F0BFFD03461E
:10C2D000002B09D1012000F0D7FD0346002B03D12C
:10C2E000002000F04BFDE2E0364B1B8801339AB290
:10C2F000344B1A80DBE0012004F0CAFD0346002B1A
:10C3000009D0002000F05AFD2E4B1B8801339AB251
:10C310002C4B1A80CBE02B4B1B8802339AB2294B53
:10C320001A80C4E00A2004F03AFB2E4B1B8801332C
:10C330009AB22C4B1A802B4B1B880F2B40F2B680E5
:10C34000284B00221A801F4B1B8801339AB21D4BC9
:10C350001A80ABE01C4B5B7DDBB2002B04D10921C2
:10C36000214801F099FB08E0174B5B7DDBB2012B04
:10C3700003D111211D4801F08FFB134B012283F8DB
:10C380004120104B1B8801339AB20E4B1A808EE06D
:10C390000D4B93F84130DBB2002B05D00020FFF7A6
:10C3A000C9FB0346002B82E0064B1B8801339AB27F
:10C3B000044B1A807BE0034B1B8801339AB2014B7C
:10C3C0001A8074E02C35002060340020F05D0108F4
:10C3D000FC5D0108145E0108245E0108423500205E
:10C3E0006000002036350020405E01084C5E0108E8
:10C3F000304B1B78DBB20A2B07D92E4B1B7DDBB2EF
:10C40000032B02D1202001F01FFA2A4B5B7DDBB207
:10C41000002B04D10B21284801F03EFB08E0254BFE
:10C420005B7DDBB2012B03D11B21244801F034FBDF
:10C43000032000F023FB052000F020FB204B00220E
:10C440001A70002000F040F8002000F0FFF80120F2
:10C4500003F09EF9174B002283F83F20154B002272
:10C460005A77144B002283F82120124B012283F8C3
:10C470002420104B01221A760E4B0022DA750D4B48
:10C4800001229A750B4B012283F85020094B0022A0
:10C4900083F85520074B002283F85620054B0022D5
:10C4A00083F85720074B00221A8000E000BF0837AE
:10C4B000BD4680BD60340020605E0108705E0108EA
:10C4C000413500202C350020B0B582B000AF786037
:10C4D000594B03F5805393F82838002B40F0A8807F
:10C4E000564B93F82A30DBB2002B00F0A280534B5E
:10C4F00093F82E30DBB2002B19D1504B002283F879
:10C500004E204F4B1B6C1846F4F744FD05464B4B31
:10C5100093F83E30DCB24A4B5B6C1846F4F73AFDB8
:10C520000346224629460320F4F7A6FD81E0434B4B
:10C5300093F82E30DBB2012B2FD1052004F086FCBE
:10C540000346002B1FD13F4B1B78002B1BD13D4BCB
:10C5500001221A70394B012283F84E20384B1B6C94
:10C560001846F4F717FD0546344B93F83E30DCB21D
:10C57000334B5B6C1846F4F70DFD03462246294603
:10C580000320F4F779FD052004F060FC0346002B3E
:10C590004FD02C4B00221A704BE0284B93F82E30D2
:10C5A000DBB2022B45D1062004F050FC0346002BE1
:10C5B00022D0244B1B78002B1ED1224B01221A7053
:10C5C000214B00221A801D4B012283F84E201C4B68
:10C5D0001B6C1846F4F7DEFC0546184B93F83E300A
:10C5E000DCB2174B5B6C1846F4F7D4FC03462246CA
:10C5F00029460320F4F740FD062004F027FC0346FB
:10C60000002B16D0104B1B8801339AB20E4B1A80A8
:10C610000D4B1B88B3F5FA7F03D8012004F0BFF956
:10C6200007E0094B00221A80064B00221A7000E036
:10C6300000BF0837BD46B0BDA40300206034002011
:10C64000BC3400204135002098350020B0B582B0C0
:10C6500000AF78601F4B93F82930DBB2002B35D048
:10C660001D4B93F82038002B2FD1072004F0EEFB50
:10C670000346002B1FD1194B1B78002B1BD1174BE6
:10C6800001221A70134B012283F84D20144B1B6AB0
:10C690001846F4F77FFC05460E4B93F83C30DCB2AD
:10C6A0000F4B5B6A1846F4F775FC03462246294691
:10C6B0000120F4F7E1FC072004F0C8FB0346002B3F
:10C6C00004D0064B00221A7000E000BF0837BD46B8
:10C6D000B0BD00BF60340020A4030020403500201E
:10C6E000BC34002080B500AF484B1B88032B00F200
:10C6F0008B8001A252F823F009C700088BC70008FD
:10C70000D1C70008EDC700080B2004F09FFB0346CB
:10C71000002B2FD13E4B93F85330DBB2002B29D1A5
:10C72000052004F03CF90B2004F090FB0346002B9D
:10C7300020D1374B012283F85320354B012283F857
:10C740005420334B5B7DDBB2002B04D11E213148DA
:10C7500001F0A2F908E02E4B5B7DDBB2012B03D187
:10C7600033212D4801F098F9284B1B8801339AB2E8
:10C77000264B1A800B2004F069FB0346012B04D1E1
:10C78000234B002283F853203EE0214B93F8543092
:10C79000DBB2012B35D11E4B002283F854201C4BF9
:10C7A000002283F84B201D4B9B6A1846F4F7F2FBDE
:10C7B0000146174B93F83D30DAB232230220F4F7EA
:10C7C0005BFC124B1B8801339AB2104B1A8018E0A5
:10C7D000134B03F5805393F82430002B13D10B4BEC
:10C7E0001B8801339AB2094B1A800CE00021022009
:10C7F00003F0E8FC002000F0C1FA044B00221A808C
:10C8000002E000BF00E000BF80BD00BF3435002063
:10C81000603400208C5E0108AC5E0108BC3400204E
:10C82000A403002080B500AF114B5B7DDBB2002B71
:10C8300004D126210F4801F02FF908E00C4B5B7D55
:10C84000DBB2012B03D130210B4801F025F9084B55
:10C85000082283F84520032000F0E6F9F4F776FD7E
:10C86000002002F095FF00F017FC00BF80BD00BF64
:10C8700060340020E05E0108085F010880B582B0E6
:10C8800000AF7860F4F78AFD022002F081FF144BBC
:10C890005B7DDBB2002B04D11021124801F0FCF8C3
:10C8A00008E00F4B5B7DDBB2012B03D111210E4859
:10C8B00001F0F2F8012000F0B7F9022000F0B4F91D
:10C8C000032000F0B1F9042000F0AEF9052000F0DB
:10C8D000ABF900F0E1FB00BF0837BD4680BD00BFEB
:10C8E000603400203C5F0108505F010880B582B0D1
:10C8F00000AF7860364B93F82530DBB2002B62D066
:10C90000334B93F82530DBB2022B12D1304B5B7DD9
:10C91000DBB2002B04D110212E4801F0D7F808E03B
:10C920002B4B5B7DDBB2012B03D118212A4801F090
:10C93000CDF80821294803F01FFFF4F707FD002177
:10C940000020F4F7F1FC00210120F4F7EDFC0021B8
:10C950000220F4F7E9FC00210320F4F7E5FC0020B5
:10C9600002F016FF1A4B93F83730DBB2002B18D0C9
:10C970000C2004F06BFA0346002B12D0144B5B7DA5
:10C98000DBB2002B04D11821154801F09FF808E014
:10C990000F4B5B7DDBB2012B03D12921114801F044
:10C9A00095F8012000F040F9022000F03DF9032045
:10C9B00000F03AF9042000F037F9052000F034F9CE
:10C9C00000F06AFB00E000BF0837BD4680BD00BF35
:10C9D00060340020645F0108785F010808000020CF
:10C9E000945F0108B05F010880B582B000AF786045
:10C9F0001E4B1B78DBB20A2B07D91C4B1B7DDBB20D
:10CA0000032B02D1002000F01FFF184B5B7DDBB22F
:10CA1000002B04D11021164801F03EF808E0134B1A
:10CA20005B7DDBB2012B03D10F21124801F034F8FA
:10CA3000F4F78CFC0821104803F09EFE002002F061
:10CA4000A7FE012000F0F0F8022000F0EDF803202E
:10CA500000F0EAF8042000F0E7F8052000F0E4F820
:10CA600000F01AFB00BF0837BD4680BD60340020CF
:10CA7000DC5F0108EC5F01080800002080B582B08F
:10CA800000AF0346FB71624B1B7DDBB2012B40F014
:10CA9000B380FB79013B042B00F2B78001A252F86E
:10CAA00023F000BFB9CA0008E1CA000809CB00089A
:10CAB0002FCB00080BCC0008022004F097F80346A7
:10CAC000002B00F09B800021022004F03BF80021A5
:10CAD0000A2002F09DFE08214E4803F04DFE8DE035
:10CAE000032004F083F80346002B00F08980002126
:10CAF000032004F027F800210B2002F089FE082112
:10CB0000454803F039FE7BE0002004F06FF803464F
:10CB1000002B77D00021002004F014F80021082019
:10CB200002F076FE08213D4803F026FE6AE001206F
:10CB300004F05CF80346002B66D00021012004F0CD
:10CB400001F80021092002F063FE314B93F84530D3
:10CB5000DBB2013B092B49D801A252F823F000BFF8
:10CB600089CB000893CB00089DCB0008A7CB000819
:10CB7000B1CB0008BBCB0008C5CB0008CFCB000869
:10CB8000D9CB0008E3CB0008254B012283F8BD2058
:10CB90002DE0234B022283F8BD2028E0204B032206
:10CBA00083F8BD2023E01E4B042283F8BD201EE045
:10CBB0001B4B052283F8BD2019E0194B062283F890
:10CBC000BD2014E0164B072283F8BD200FE0144B64
:10CBD000082283F8BD200AE0114B092283F8BD200A
:10CBE00005E00F4B0A2283F8BD2000E000BF0821BA
:10CBF0000C4803F0C1FD07E000BF06E000BF04E001
:10CC000000BF02E000BF00E000BF0837BD4680BDA6
:10CC10006034002058000020480000202800002038
:10CC200000000020B800002080B582B000AF0346AD
:10CC3000FB71FB79013B042B61D801A252F823F070
:10CC400055CC00087BCC0008A1CC0008C7CC00085C
:10CC5000EDCC0008022003F0C9FF0346002B47D1AA
:10CC60000121022003F06EFF01210A2002F0D0FD15
:10CC70000821254803F080FD3AE0032003F0B6FFC9
:10CC80000346002B36D10121032003F05BFF012175
:10CC90000B2002F0BDFD08211C4803F06DFD29E0CA
:10CCA000002003F0A3FF0346002B25D10121002023
:10CCB00003F048FF0121082002F0AAFD08211448D2
:10CCC00003F05AFD18E0012003F090FF0346002B0B
:10CCD00014D10121012003F035FF0121092002F0C8
:10CCE00097FD08210B4803F047FD07E000BF06E071
:10CCF00000BF04E000BF02E000BF00E000BF00BFD3
:10CD00000837BD4680BD00BF500000204000002015
:10CD100020000020B000002080B584B000AF0346A2
:10CD2000FB710B46BB711346BB800023FB811420B3
:10CD300003F035FE1AE0012003F031FEFB791846BE
:10CD400004F084F803467B737A7BBB799A4201D165
:10CD500001230FE0FA89BB889A4204D3002000F037
:10CD60000DF8002306E0FB890133FB81FA89BB88BB
:10CD70009A42E0D918461037BD4680BD80B582B0D2
:10CD800000AF78600C4B1B7DDBB2012B08D101207A
:10CD9000FFF74AFF0220FFF747FF0320FFF744FF9A
:10CDA000F4F7D4FA002002F0F3FC00F075F900BFAC
:10CDB0000837BD4680BD00BF6034002080B582B01A
:10CDC00000AF0346FB71FB79002B23D1254B5B7D24
:10CDD000DBB2002B04D10D21234800F05DFE08E0FA
:10CDE000204B5B7DDBB2012B03D11E211F4800F0DD
:10CDF00053FE0021012003F0F5FF0021002002F086
:10CE000007FD0F211A4800F061FE0821194803F0C0
:10CE1000B3FC22E0134B5B7DDBB2002B04D10D2170
:10CE2000154800F039FE08E00E4B5B7DDBB2012BAC
:10CE300003D11F21114800F02FFE0121012003F032
:10CE4000D1FF0121002002F0E3FC0F210C4800F08B
:10CE50003DFE08210B4803F08FFC00BF0837BD469C
:10CE600080BD00BF603400203458010844580108D8
:10CE7000FC5F0108880000200C6001081C600108AC
:10CE80003C6001088000002080B582B000AF0346FE
:10CE9000FB71FB79002B41D1434B5B7DDBB2002B57
:10CEA00004D10F21414800F0F7FD08E03E4B5B7DC7
:10CEB000DBB2012B03D11C213D4800F0EDFD002128
:10CEC000032003F08FFF0021022002F0A1FC4FF4A9
:10CED000FA6200210A20FFF71FFF0346002B14D13E
:10CEE000314B5B7DDBB2002B04D11E21314800F0B9
:10CEF000D3FD08E02C4B5B7DDBB2012B03D131214C
:10CF00002D4800F0C9FD00234AE00F21274800F01A
:10CF1000DDFD0821294803F02FFC40E0224B5B7D1A
:10CF2000DBB2002B04D10F21254800F0B5FD08E04D
:10CF30001D4B5B7DDBB2012B03D11D21214800F08D
:10CF4000ABFD0121032003F04DFF0121022002F07F
:10CF50005FFC4FF4FA6200210920FFF7DDFE034673
:10CF6000002B14D1104B5B7DDBB2002B04D11D21B3
:10CF7000154800F091FD08E00B4B5B7DDBB2012B07
:10CF800003D13021114800F087FD002308E00F2174
:10CF90000B4800F09BFD08210D4803F0EDFB012339
:10CFA00018460837BD4680BD603400204C6001083B
:10CFB0005C6001087C6001089C600108880000201A
:10CFC000D0600108E06001080061010820610108EB
:10CFD0008000002080B582B000AF0346FB71FB7972
:10CFE000012B23D1254B5B7DDBB2002B04D10D211E
:10CFF000234800F051FD08E0204B5B7DDBB2012BA4
:10D0000003D11D211F4800F047FD0021022003F03D
:10D01000E9FE0121012002F0FBFB0F211A4800F07C
:10D0200055FD0821194803F0A7FB22E0134B5B7D57
:10D03000DBB2002B04D10D21114800F02DFD08E0DA
:10D040000E4B5B7DDBB2012B03D11D210D4800F09F
:10D0500023FD0121022003F0C5FE0021012002F082
:10D06000D7FB0F210A4800F031FD0821094803F0E1
:10D0700083FB00BF0837BD4680BD00BF6034002081
:10D0800054610108E0600108646101088800002023
:10D09000746101088000002080B400AF3A4B002288
:10D0A0001A76394B00229A75374B012283F85020AB
:10D0B000354B002283F83F20334B002283F8412078
:10D0C000314B0022DA76304B00229A772E4B002229
:10D0D00083F820202C4B002283F823202A4B0022A7
:10D0E00083F82520284B0022DA77274B002283F88B
:10D0F0002220254B00225A77234B002283F824203C
:10D10000214B0022DA75204B002283F855201E4B5C
:10D11000002283F856201C4B002283F857201B4B1B
:10D1200000221A801A4B00221A801A4B00221A8001
:10D13000194B00221A80194B00221A80184B00222A
:10D140001A80184B00221A80174B00221A80174BA6
:10D1500000221A80164B00221A80164B00221A80D9
:10D16000154B00221A80154B00221A80144B002206
:10D170001A80144B00221A70134B00221A8000BF31
:10D18000BD4680BC704700BF6034002020350020C1
:10D1900022350020243500202635002028350020A7
:10D1A0002A3500202C3500202E3500203035002077
:10D1B0003235002036350020383500203A35002041
:10D1C0003C350020423500203E35002080B582B03D
:10D1D00000AF0346FB71FB79012B58D1504B012264
:10D1E0001A754F4B1B7DDBB21946462000F00EFA34
:10D1F0004B4B1B7DDBB2184602F07EFA484B5B7D41
:10D20000DBB2002B04D10F21464800F045FC08E0BA
:10D21000434B5B7DDBB2012B03D11621424800F06A
:10D220003BFC0821414803F0A7FA202000F00CFB4A
:10D23000012003F00BFE0346002B0BD1384B9B7DE6
:10D24000DBB2012B06D10320FFF718FC0520FFF706
:10D2500015FC61E0324B00229A75002002F098FA2A
:10D260002F4B00221A762E4B5B7DDBB2002B04D1B4
:10D2700017212F4800F010FC4EE0294B5B7DDBB2FC
:10D28000012B49D11D212B4800F006FC44E0244B22
:10D290001B78DBB2092B03D8202000F0D5FA02E07E
:10D2A000002000F0D1FA0120FFF7BEFC0220FFF7BA
:10D2B000BBFC0320FFF7B8FC0420FFF7B5FC0520FA
:10D2C000FFF7B2FC164B0022DA76154B02221A75D4
:10D2D000134B1B7DDBB21946462000F097F9104B2B
:10D2E0001B7DDBB2184602F007FA0D4B5B7DDBB20B
:10D2F000002B04D10F21104800F0CEFB08E0084BB2
:10D300005B7DDBB2012B03D115210C4800F0C4FB7F
:10D3100008210B4803F030FA00BF0837BD4680BD36
:10D32000603400208461010894610108C800002075
:10D33000AC610108C4610108E4610108F4610108FD
:10D34000C000002080B582B000AF03460A46FB71E2
:10D350001346BB80BB88002B05D1FB790121184601
:10D36000F4F7D4FC0BE0BB881B4AA2FB0323DB08C9
:10D370009BB21A46FB7911461846F4F7C7FC00BF6A
:10D38000164B1B7F002BFBD1FB79002B04D008210F
:10D39000134803F0F1F903E00821124803F0ECF917
:10D3A000114B012283F856200F4B5B7DDBB2002B23
:10D3B00004D113210D4800F06FFB08E00A4B5B7DA0
:10D3C000DBB2012B03D11A21094800F065FB00BF35
:10D3D0000837BD4680BD00BFCDCCCCCCA403002017
:10D3E0007000002078000020603400200C620108EA
:10D3F0001C62010880B582B000AF03460A46FB718B
:10D400001346BB80BB88002B05D1FB790121184650
:10D41000F4F798FC0BE0BB881C4AA2FB0323DB0853
:10D420009BB21A46FB7911461846F4F78BFC00BFF5
:10D43000174B03F5805393F82430002BF8D1FB7978
:10D44000002B04D10821134803F096F903E00821CA
:10D45000114803F091F9114B012283F857200F4B2B
:10D460005B7DDBB2002B04D113210D4800F014FBCF
:10D4700008E00A4B5B7DDBB2012B03D12021094878
:10D4800000F00AFB00BF0837BD4680BDCDCCCCCC38
:10D49000A4030020800000208800002060340020C9
:10D4A000386201084862010880B500AF0F4B5B7D10
:10D4B000DBB2002B04D11A210D4800F0EDFA08E090
:10D4C0000A4B5B7DDBB2012B03D12021094800F020
:10D4D000E3FA0021002002F075FE044B012283F8DC
:10D4E00045200020FFF74AFC00BF80BD60340020CB
:10D4F0006C6201088862010880B500AF0F4B5B7D4C
:10D50000DBB2002B04D11A210D4800F0C5FA08E067
:10D510000A4B5B7DDBB2012B03D12321094800F0CC
:10D52000BBFA0021022002F04DFE044B022283F8D8
:10D5300045200020FFF722FC00BF80BD60340020A2
:10D54000AC620108C862010880B500AF114B93F8C6
:10D550003730DBB2002B1AD00C2003F077FC0346E7
:10D56000002B14D00B4B5B7DDBB2002B04D11221BE
:10D57000094800F071FA08E0064B5B7DDBB2012B35
:10D5800003D11C21054800F067FA012300E00023C5
:10D59000184680BD603400207C5701089057010870
:10D5A00080B500AF02F098FB00BF80BD80B584B0AD
:10D5B00000AF0346FB800023FB7302F0C7FBFB8830
:10D5C0001B0A9BB2DBB25B00DBB2603BDBB21846EE
:10D5D00002F08EFC02F006FCFB88DBB2184602F07B
:10D5E00087FC02F0FFFB02F0B1FBA12002F080FCFF
:10D5F00002F0F8FB002002F0C1FC0346FB7302F0CE
:10D60000CBFBFB7B18461037BD4680BD80B582B092
:10D6100000AF03460A46FB8013467B7102F096FB7F
:10D62000FB881B0A9BB2DBB25B00DBB2603BDBB268
:10D63000184602F05DFC02F0D5FBFB88DBB2184611
:10D6400002F056FC02F0CEFB7B79184602F050FC4B
:10D6500002F0C8FB02F0A0FB0A2003F0A0F900BF13
:10D660000837BD4680BD000080B582B000AF3B46A4
:10D6700000221A605A600D4B0D4A1A600B4804F0E4
:10D6800094F800233B6000237B603B460022194650
:10D69000064804F0F6F83B4610221946034804F009
:10D6A000F0F800BF0837BD4680BD00BF9C350020A4
:10D6B0000074004080B588B000AF786007F11003B7
:10D6C00000221A605A609A60DA607B681B68144A0C
:10D6D000934221D1134BDB69124A43F00053D361CB
:10D6E000104BDB6903F00053FB60FB680D4B9B693B
:10D6F0000C4A43F0040393610A4B9B6903F0040353
:10D70000BB60BB6830233B6103237B6107F11003DF
:10D710001946054804F020F900BF2037BD4680BDFA
:10D7200000740040001002400008014000000000AA
:10D7300080B584B000AF03463960FB713B68FB6085
:10D740004FF08B41F868F3F75FFA03461846F2F79B
:10D7500073FE19A3D3E90023F2F7F0FF02460B464C
:10D7600010461946F3F7F2F80346FB60FB79012BEC
:10D7700002D0032B0ED01BE0F868F3F70BFC034636
:10D78000002200210E4804F0C2F800210C4804F0E9
:10D790002EF80DE0F868F3F7FDFB03460022102198
:10D7A000074804F0B4F81021054804F020F800BF41
:10D7B00000BF1037BD4680BD6666666666660A4075
:10D7C0009C35002080B59CB000AF786007E097F8EA
:10D7D0006C2007F108031146184603F093F807F18F
:10D7E000080319460548F5F795FD0346002BEED1D1
:10D7F00000BF00BF7037BD4680BD00BFC023002002
:10D8000080B5B4B018AF78600B46FB70FA7807F1BA
:10D8100008037968184606F023FEFB7887F86C3019
:10D82000684607F114035922194606F019FE07F15C
:10D8300008030ECB0348F5F725FD00BF7037BD4642
:10D8400080BD00BFC023002080B582B000AF03467A
:10D85000FB800D4B5B7DDBB2012B02D1FB883233A9
:10D86000FB80FB881B0A9BB2DAB2084B1A72FB885A
:10D87000DAB2064B5A720A210448FFF7C1FF00BF13
:10D880000837BD4680BD00BF60340020FC02002088
:10D8900080B582B000AF0346FB800D4B5B7DDBB2F1
:10D8A000012B02D1FB883233FB80FB881B0A9BB221
:10D8B000DAB2084B1A72FB88DAB2064B5A720A21A6
:10D8C000044803F01FF800BF0837BD4680BD00BF05
:10D8D00060340020FC02002080B59CB000AF0346FD
:10D8E0003960FB8013467B71032387F86F3097F80C
:10D8F0006F305A1C87F86F2070333B44822203F844
:10D90000682CFB881B0A9AB297F86F30591C87F86D
:10D910006F10D2B270333B4403F8682C97F86F3025
:10D920005A1C87F86F20FA88D2B270333B4403F850
:10D93000682C002387F86E3014E097F86F305A1C7B
:10D9400087F86F2019463B681A7801F170033B4451
:10D9500003F8682C3B6801333B6097F86E30013365
:10D9600087F86E3097F86E207B799A42E5D35A2378
:10D970003B72A5237B7297F86F30033BDBB2BB721F
:10D9800097F86F2007F1080311461846FFF738FF94
:10D9900000BF7037BD4680BD80B58EB000AF034676
:10D9A0003960FB8013467B71032387F8373097F883
:10D9B00037305A1C87F8372038333B44822203F82B
:10D9C0002C2CFB881B0A9AB297F83730591C87F821
:10D9D0003710D2B238333B4403F82C2C97F8373049
:10D9E0005A1C87F83720FA88D2B238333B4403F800
:10D9F0002C2C002387F8363014E097F837305A1C67
:10DA000087F8372019463B681A7801F138033B4400
:10DA100003F82C2C3B6801333B6097F83630013318
:10DA200087F8363097F836207B799A42E5D35A2327
:10DA30003B73A5237B7397F83730033BDBB2BB7393
:10DA400097F8372007F10C031146184602F05AFFE9
:10DA500000BF3837BD4680BD80B582B000AF78606A
:10DA60000B46FB702E220A4947F20850FFF734FF9D
:10DA7000FB781A46796847F20850FFF72DFF072117
:10DA80000448FFF7BDFE00BF0837BD4680BD00BF9C
:10DA9000EC6201080803002080B582B000AF786016
:10DAA0000B46FB70402208494FF4F040FFF714FF8B
:10DAB000FB781A4679684FF4F040FFF70DFF00BF7E
:10DAC0000837BD4680BD00BF2063010880B582B025
:10DAD00000AF78600B46FB70402208494FF4F040DD
:10DAE000FFF75AFFFB781A4679684FF4F040FFF7CA
:10DAF00053FF00BF0837BD4680BD00BF206301084B
:10DB000080B598B000AF7860012387F85F307B68FC
:10DB100004331B781B021AB27B6805331B781BB2D7
:10DB200013431BB2A7F85C307B6807331B781B02DA
:10DB30001AB27B6808331B781BB213431BB2A7F8D9
:10DB40005A30B7F85C30A3F5A043192B00F23887A0
:10DB500001A252F823F000BFC1DB000899DE0008E3
:10DB600051DD000899DE0008C1DB0008F3E0000881
:10DB700051DD000899DE000861E20008B5E4000804
:10DB80004DE50008C7E700088DE60008C7E7000874
:10DB90004DE50008C7E700088DE60008C7E7000864
:10DBA0004DE0000873E100084DE00008C1DB00080B
:10DBB00073E1000855E3000873E1000855E300082D
:10DBC000B7F85A3044F6206293425ED942F24E03CF
:10DBD000A7F8583007F15801B7F85C300222184610
:10DBE000FFF77AFEBA4B5B7DDBB2002B04D1162126
:10DBF000B848FFF731FF08E0B54B5B7DDBB2012B86
:10DC000003D12821B448FFF727FF44F62063A7F883
:10DC10005A30B7F85C30B3F5A04F0CD1AF4B4E2261
:10DC20001A70AF4B20221A70B7F85A3019461020DC
:10DC3000FAF732FE24E0B7F85C3045F20402934272
:10DC40000CD1A64B4E221A71A54B20221A71B7F89F
:10DC50005A3019461820FAF71FFE11E0B7F85C3069
:10DC600045F2150293420BD19C4B4E225A759C4BA8
:10DC700020225A75B7F85A3019463A20FAF70CFEA6
:10DC8000002387F85F3000F09FBEB7F85A30632B4F
:10DC900000F29A864FF4C843A7F8543007F15401B4
:10DCA000B7F85C3002221846FFF716FE884B5B7D02
:10DCB000DBB2002B04D116218648FFF7CDFE08E029
:10DCC000834B5B7DDBB2012B03D128218248FFF718
:10DCD000C3FE6423A7F85A30B7F85C30B3F5A04F01
:10DCE0000CD17E4B00221A707D4B64221A70B7F85B
:10DCF0005A3019461020FAF7CFFD24E0B7F85C300F
:10DD000045F2040293420CD1744B00221A71744BF9
:10DD100064221A71B7F85A3019461820FAF7BCFD78
:10DD200011E0B7F85C3045F2150293420BD16B4B12
:10DD300000225A756A4B64225A75B7F85A30194650
:10DD40003A20FAF7A9FD002387F85F3000F03CBEC7
:10DD5000B7F85A3043F6982293424CD949F63A0321
:10DD6000A7F8503007F15001B7F85C30022218468E
:10DD7000FFF7B2FD564B5B7DDBB2002B04D11621C1
:10DD80005848FFF769FE08E0514B5B7DDBB2012B81
:10DD900003D128215448FFF75FFE43F69823A7F8E4
:10DDA0005A30B7F85C3045F2020293420CD14B4B2B
:10DDB0003A229A704A4B98229A70B7F85A3019460C
:10DDC0001420FAF769FD11E0B7F85C3045F206025D
:10DDD00093420BD1414B3A229A71414B98229A714E
:10DDE000B7F85A3019461C20FAF756FD002387F879
:10DDF0005F3000F0EBBDB7F85A30632B00F2E685D8
:10DE00004FF4C843A7F84C3007F14C01B7F85C3029
:10DE100002221846FFF760FD2D4B5B7DDBB2002B25
:10DE200004D116212F48FFF717FE08E0284B5B7D31
:10DE3000DBB2012B03D128212B48FFF70DFE642311
:10DE4000A7F85A30B7F85C3045F2020293420CD181
:10DE5000224B00229A70224B64229A70B7F85A30F3
:10DE600019461420FAF718FD11E0B7F85C3045F2B6
:10DE7000060293420BD1194B00229A71184B64226F
:10DE80009A71B7F85A3019461C20FAF705FD00239D
:10DE900087F85F3000F09ABDB7F85A3044F6206238
:10DEA00093426FD942F24E03A7F8483007F1480178
:10DEB000B7F85C3002221846FFF70EFD044B5B7D7D
:10DEC000DBB2002B14D117210848FFF7C5FD18E07D
:10DED000603400205C63010874630108CC330020C7
:10DEE000B0330020A0630108B8630108E4630108AF
:10DEF000C74B5B7DDBB2012B03D12921C548FFF75E
:10DF0000ABFD44F62063A7F85A30B7F85C3045F211
:10DF1000010293420CD1C04B4E225A70BF4B2022BB
:10DF20005A70B7F85A3019461220FAF7B5FC24E0B7
:10DF3000B7F85C3045F2030293420CD1B64B4E2247
:10DF4000DA70B64B2022DA70B7F85A30194616202C
:10DF5000FAF7A2FC11E0B7F85C3045F207029342F1
:10DF60000BD1AD4B4E22DA71AC4B2022DA71B7F8EF
:10DF70005A3019461E20FAF78FFC002387F85F30CD
:10DF800000F026BDB7F85A30132B00F221854FF46C
:10DF9000A053A7F8443007F14401B7F85C300222DF
:10DFA0001846FFF799FC9A4B5B7DDBB2002B04D13E
:10DFB00017219B48FFF750FD08E0954B5B7DDBB2D6
:10DFC000012B03D129219348FFF746FD1423A7F81D
:10DFD0005A30B7F85C3045F2010293420CD18E4BB7
:10DFE00000225A708D4B14225A70B7F85A301946D5
:10DFF0001220FAF751FC24E0B7F85C3045F2030236
:10E0000093420CD1844B0022DA70844B1422DA70D4
:10E01000B7F85A3019461620FAF73EFC11E0B7F867
:10E020005C3045F2070293420BD17B4B0022DA7140
:10E030007A4B1422DA71B7F85A3019461E20FAF7D3
:10E040002BFC002387F85F3000F0C2BCB7F85A30D1
:10E050004CF25032934240F2BD8445F2C303A7F81C
:10E06000403007F14001B7F85C3002221846FFF754
:10E0700033FC674B5B7DDBB2002B04D11621694872
:10E08000FFF7EAFC08E0624B5B7DDBB2012B03D1BA
:10E0900028216548FFF7E0FC4CF25033A7F85A30CE
:10E0A000B7F85C3045F2120293420BD15A4BC322AF
:10E0B0009A745A4B50229A74B7F85A301946342041
:10E0C000FAF7EAFBB7F85C3045F2140293420BD141
:10E0D000514BC3229A74514B50229A74B7F85A305C
:10E0E00019463820FAF7D8FB002387F85F3000F094
:10E0F00071BCB7F85A304CF25032934240F26C8403
:10E1000045F2C303BB8707F13C01B7F85C3002223C
:10E110001846FFF7E1FB3E4B5B7DDBB2002B04D1E1
:10E1200016214248FFF798FC08E0394B5B7DDBB2D3
:10E13000012B03D128213E48FFF78EFC4CF25033CF
:10E14000A7F85A30B7F85C3045F2050293420BD17C
:10E15000314BC3225A71314B50225A71B7F85A30A1
:10E1600019461A20FAF798FB002387F85F3000F071
:10E1700033BCB7F85A304CF25032934240F22E84FE
:10E1800045F2C3033B8707F13801B7F85C30022240
:10E190001846FFF7A1FB1E4B5B7DDBB2002B04D1C1
:10E1A00016212248FFF758FC08E0194B5B7DDBB2D3
:10E1B000012B03D128211E48FFF74EFC4CF25033AF
:10E1C000A7F85A30B7F85C3045F2130293420CD1ED
:10E1D000114BC322DA74114B5022DA74B7F85A305B
:10E1E00019463620FAF758FB36E0B7F85C3045F2AE
:10E1F000160293421ED1084BC3229A75074B502238
:10E200009A75B7F85A3019463C20FAF745FB23E0D7
:10E2100060340020FC630108CC330020B0330020C0
:10E22000E463010828640108406401086C64010883
:10E2300084640108B7F85C3045F2180293420BD1B0
:10E24000BB4BC3221A76BB4B50221A76B7F85A3012
:10E2500019464020FAF720FB002387F85F30BDE322
:10E26000B7F85A3042F21072934237D941F227037D
:10E27000BB8607F13401B7F85C3002221846FFF77D
:10E280002BFBAD4B5B7DDBB2002B04D11621AB48E1
:10E29000FFF7E2FB08E0A84B5B7DDBB2012B03D16B
:10E2A0002821A748FFF7D8FB42F21073A7F85A308D
:10E2B000B7F85C3045F2080293420BD19C4B272201
:10E2C0001A729C4B10221A72B7F85A301946202045
:10E2D000FAF7E2FA002387F85F3081E3B7F85A30A3
:10E2E000632B00F27D834FF4C8433B8607F1300176
:10E2F000B7F85C3002221846FFF7EEFA8E4B5B7DD2
:10E30000DBB2002B04D116218C48FFF7A5FB08E0F7
:10E31000894B5B7DDBB2012B03D128218848FFF7B5
:10E320009BFB6423A7F85A30B7F85C3045F208022B
:10E3300093420BD17E4B00221A727E4B64221A72DA
:10E34000B7F85A3019462020FAF7A6FA002387F8C2
:10E350005F3045E3B7F85A3042F21072934249D920
:10E3600041F22703BB8507F12C01B7F85C3002228C
:10E370001846FFF7B1FA704B5B7DDBB2002B04D17E
:10E3800016216E48FFF768FB08E06B4B5B7DDBB244
:10E39000012B03D128216A48FFF75EFB42F210737C
:10E3A000A7F85A30B7F85C3045F2170293420BD108
:10E3B0005F4B2722DA755F4B1022DA75B7F85A30B7
:10E3C00019463E20FAF768FAB7F85C3045F21902B0
:10E3D00093420BD1564B27225A76564B10225A762F
:10E3E000B7F85A3019464220FAF756FA002387F850
:10E3F0005F30F7E2B7F85A30632B00F2F3824FF444
:10E40000C8433B8507F12801B7F85C300222184663
:10E41000FFF762FA484B5B7DDBB2002B04D116217B
:10E420004648FFF719FB08E0434B5B7DDBB2012B4D
:10E4300003D128214248FFF70FFB6423A7F85A3085
:10E44000B7F85C3045F2080293420BD1384B0022FA
:10E450001A72384B64221A72B7F85A3019462020C3
:10E46000FAF71AFAB7F85C3045F2170293420BD16B
:10E470002F4B0022DA752F4B6422DA75B7F85A3029
:10E4800019463E20FAF708FAB7F85C3045F219024F
:10E4900093420BD1264B00225A76264B64225A76A1
:10E4A000B7F85A3019464220FAF7F6F9002387F8F0
:10E4B0005F3097E2B7F85A30B3F57A7F40F2948232
:10E4C0004EF60303BB8407F12401B7F85C30022247
:10E4D0001846FFF701FA184B5B7DDBB2002B04D125
:10E4E00015211848FFF7B8FA08E0134B5B7DDBB243
:10E4F000012B03D127211448FFF7AEFA4FF47A73AA
:10E50000A7F85A30B7F85C3045F2080293420BD1B5
:10E51000074B03225A72074BE8225A72B7F85A3057
:10E5200019462220FAF7B8F9002387F85F305BE23A
:10E53000CC330020B033002060340020B0640108E8
:10E54000C8640108F46401080C650108B7F85A3082
:10E55000B3F57A7F4AD94EF20373BB8307F11C01EE
:10E56000B7F85C3002221846FFF7B6F9BC4B5B7D6A
:10E57000DBB2002B04D11621BA48FFF76DFA08E090
:10E58000B74B5B7DDBB2012B03D12821B648FFF7E7
:10E5900063FA40F2E733A7F85A30B7F85C3045F237
:10E5A0000A0293420CD1B14B03229A72B04BE7227C
:10E5B0009A72B7F85A3019462420FAF76DF911E02B
:10E5C000B7F85C3045F20E0293420BD1A74B032201
:10E5D0009A73A74BE7229A73B7F85A3019462C2042
:10E5E000FAF75AF9002387F85F30FFE1B7F85A309D
:10E5F000002B40F0FB814FF480733B8307F118013F
:10E60000B7F85C3002221846FFF766F9944B5B7D41
:10E61000DBB2002B04D116219248FFF71DFA08E067
:10E620008F4B5B7DDBB2012B03D128218E48FFF796
:10E6300013FA4FF47A73A7F85A30B7F85C3045F202
:10E640000A0293420CD1894B00229A72884B012214
:10E650009A72B7F85A3019462420FAF71DF911E0DA
:10E66000B7F85C3045F20E0293420BD17F4B00228B
:10E670009A737F4B01229A73B7F85A3019462C20AF
:10E68000FAF70AF9002387F85F30AFE1B7F85A309C
:10E69000FA2B49D94FF47A43BB8207F11401B7F83A
:10E6A0005C3002221846FFF717F96D4B5B7DDBB239
:10E6B000002B04D117216F48FFF7CEF908E0684B13
:10E6C0005B7DDBB2012B03D12A216B48FFF7C4F934
:10E6D000FA23A7F85A30B7F85C3045F20C0293429F
:10E6E0000CD1624B00229A72614BFA229A72B7F8EF
:10E6F0005A3019462820FAF7CFF811E0B7F85C3005
:10E7000045F2100293420BD1584B00221A74584B19
:10E71000FA221A74B7F85A3019463020FAF7BCF8C2
:10E72000002387F85F3063E1B7F85A30092B00F215
:10E730005F814FF420633B8207F11001B7F85C3032
:10E7400002221846FFF7C8F8454B5B7DDBB2002B71
:10E7500004D117214748FFF77FF908E0404B5B7D64
:10E76000DBB2012B03D12A214348FFF775F90A23B5
:10E77000A7F85A30B7F85C3045F20C0293420CD13E
:10E780003A4B00229A723A4B0A229A72B7F85A30E0
:10E7900019462820FAF780F811E0B7F85C3045F206
:10E7A000100293420BD1314B00221A74304BFA22E3
:10E7B0001A74B7F85A3019463020FAF76DF800236A
:10E7C00087F85F3014E1B7F85A30042B40F28380A9
:10E7D0004FF48063BB8107F10C01B7F85C30022273
:10E7E0001846FFF779F81E4B5B7DDBB2002B04D196
:10E7F00014212248FFF730F908E0194B5B7DDBB2AA
:10E80000012B03D126211E48FFF726F90423A7F880
:10E810005A30B7F85C3045F20B0293420CD1134BDF
:10E820000022DA72124B0422DA72B7F85A30194613
:10E830002620FAF731F84AE0B7F85C3045F20D02CD
:10E8400093421FD1094B00225A73094B04225A7379
:10E85000B7F85A3019462A20FAF71EF837E000BFF9
:10E8600060340020346501084C650108CC33002079
:10E87000B03300207865010894650108C06501087F
:10E88000D8650108B7F85C3045F20F0293420CD10D
:10E890005C4B0022DA735C4B0422DA73B7F85A300F
:10E8A00019462E20F9F7F8FF11E0B7F85C3045F271
:10E8B000110293420BD1534B00225A74524B042243
:10E8C0005A74B7F85A3019463220F9F7E5FF002399
:10E8D00087F85F308EE0B7F85A30002B40F08A801E
:10E8E0004FF480733B8107F10801B7F85C300222D6
:10E8F0001846FEF7F1FF454B5B7DDBB2002B04D1E0
:10E9000014214348FFF7A8F808E0404B5B7DDBB2D9
:10E91000012B03D126213F48FFF79EF80123A7F8DA
:10E920005A30B7F85C3045F20B0293420CD1354BAC
:10E930000022DA72344B0122DA72B7F85A301946E3
:10E940002620F9F7A9FF37E0B7F85C3045F20D0251
:10E9500093420CD12B4B00225A732B4B01225A733A
:10E96000B7F85A3019462A20F9F796FF24E0B7F88D
:10E970005C3045F20F0293420CD1224B0022DA7335
:10E98000214B0122DA73B7F85A3019462E20F9F7D5
:10E9900083FF11E0B7F85C3045F2110293420BD1CE
:10E9A000184B00225A74184B01225A74B7F85A3087
:10E9B00019463220F9F770FF002387F85F3019E01D
:10E9C000012387F85F3016E000BF14E000BF12E0BB
:10E9D00000BF10E000BF0EE000BF0CE000BF0AE087
:10E9E00000BF08E000BF06E000BF04E000BF02E097
:10E9F00000BF00E000BF97F85F3018466037BD46A3
:10EA000080BD00BFCC330020B03300206034002034
:10EA1000C0650108D865010880B582B000AF002349
:10EA2000FB7110E0FB799BB203F5A04398B2FB7930
:10EA3000B84AD15CFB79B84AD35C1A4600F012FEA2
:10EA4000FB790133FB71FB791B2BEBD9B34B1B78A3
:10EA5000DBB20B2B06D10822B14947F21060FEF75A
:10EA60003BFF32E0AD4B1B78DBB20C2B06D108220A
:10EA7000AC4947F21060FEF72FFF26E0A74B1B784A
:10EA8000DBB2162B06D10822A74947F21060FEF729
:10EA900023FF1AE0A14B1B78DBB20A2B15D89F4B42
:10EAA0005B7DDBB2002B05D10A22A04947F2106042
:10EAB000FEF772FF994B5B7DDBB2012B05D10A2279
:10EAC0009B4947F21060FEF767FF944B5B7DDBB21A
:10EAD000002B40F0AA810E22964947F21560FEF7FE
:10EAE0005BFF0E22944947F21D60FEF755FF8B4BEA
:10EAF00093F82D30DBB2002B06D00F228F4947F25E
:10EB00002560FEF749FF05E005228D4947F22560A3
:10EB1000FEF742FF05228A4947F22D60FEF73CFFCF
:10EB20000522874947F23560FEF736FF0522844902
:10EB300047F23D60FEF730FF0522814947F245600C
:10EB4000FEF72AFF05227E4947F24D60FEF724FFBB
:10EB50000E227C4947F26E60FEF71EFF0E227A49B4
:10EB600047F27660FEF718FF0E22784947F27E6082
:10EB7000FEF712FF0E22764947F28660FEF70CFF81
:10EB800005226F4947F6B000FEF706FF05226C49E3
:10EB900047F6B800FEF700FF0522694947F6C000B6
:10EBA000FEF7FAFE0522664947F6C800FEF7F4FEB6
:10EBB0000B22684947F63000FEF7EEFE1022664948
:10EBC00047F64000FEF7E8FE1522644947F650007C
:10EBD000FEF7E2FE0C22624947F66000FEF7DCFE1B
:10EBE0000522574947F67000FEF7D6FE0522544924
:10EBF0004FF4F140FEF7D0FE0522514947F6900050
:10EC0000FEF7CAFE05224E4947F6A000FEF7C4FEF5
:10EC1000172254494FF4EE40FEF7BEFE122252492D
:10EC200047F21070FEF7B8FE1222504947F22070EA
:10EC3000FEF7B2FE0F224E4947F23070FEF7ACFEEF
:10EC400014224C4947F24070FEF7A6FE0E224A49B4
:10EC500047F25070FEF7A0FE0E22484947F260705E
:10EC6000FEF79AFE1B22464947F27070FEF794FEAB
:10EC70002A4B93F82E30DBB2012B12D1274B93F89D
:10EC80002A30DBB2002B0CD012223E494FF4EF4069
:10EC9000FEF782FE10223C4947F29070FEF77CFEA0
:10ECA00024E01E4B93F82E30DBB2022B12D11B4B0B
:10ECB00093F82A30DBB2002B0CD0122220494FF4FB
:10ECC000EF40FEF769FE10222F4947F29070FEF7E1
:10ECD00063FE0BE012221A494FF4EF40FEF75CFE90
:10ECE0001022174947F29070FEF756FE0B4B93F82F
:10ECF0002930DBB2002B4DD01622244947F2A070F8
:10ED0000FEF74AFE1522224947F2B070FEF744FE94
:10ED10004CE000BFCC330020B03300206034002032
:10ED20000866010814660108206601082C660108BF
:10ED30003866010844660108506601085C660108EF
:10ED4000686601087066010880660108906601081F
:10ED5000A0660108B0660108BC660108C866010823
:10ED6000D4660108E0660108F0660108046701083E
:10ED70001867010828670108386701084867010813
:10ED8000586701086C6701087C6701088C670108F7
:10ED90009C6701081622C64947F2A070FEF7FCFDE9
:10EDA0001522C34947F2B070FEF7F6FDC14B93F848
:10EDB0002D30DBB2002B0CD01622BF4947F2C070B9
:10EDC000FEF7EAFD1622BD4947F2D070FEF7E4FDDA
:10EDD0000BE01622B64947F2C070FEF7DDFD1622A1
:10EDE000B34947F2D070FEF7D7FD1B22B44947F272
:10EDF000E070FEF7D1FDAF4B93F83730DBB2002B5C
:10EE000006D01622AF4947F2F070FEF7C5FD05E0C7
:10EE10001622A74947F2F070FEF7BEFD0822AA4964
:10EE20004FF4E440FEF7B8FDAFE1A24B5B7DDBB2EF
:10EE3000012B40F0AA810E22A44947F21560FEF78B
:10EE4000ABFD0E22A24947F21D60FEF7A5FD994BCE
:10EE500093F82D30DBB2002B06D00F229D4947F2EC
:10EE60002560FEF799FD05E005229B4947F22560E4
:10EE7000FEF792FD0522984947F22D60FEF78CFDC2
:10EE80000522954947F23560FEF786FD0522924935
:10EE900047F23D60FEF780FD05228F4947F245604D
:10EEA000FEF77AFD05228C4947F24D60FEF774FDAE
:10EEB0000E228A4947F26E60FEF76EFD0E228849E7
:10EEC00047F27660FEF768FD0E22864947F27E60C3
:10EED000FEF762FD0E22844947F28660FEF75CFD74
:10EEE00005227D4947F6B000FEF756FD05227A4916
:10EEF00047F6B800FEF750FD0522774947F6C000F7
:10EF0000FEF74AFD0522744947F6C800FEF744FDA6
:10EF10000B22764947F63000FEF73EFD1022744979
:10EF200047F64000FEF738FD1522724947F65000BB
:10EF3000FEF732FD0B22704947F66000FEF72CFD0C
:10EF40000522654947F67000FEF726FD0522624955
:10EF50004FF4F140FEF720FD05225F4947F690008F
:10EF6000FEF71AFD05225C4947F6A000FEF714FDE6
:10EF7000172262494FF4EE40FEF70EFD122260495F
:10EF800047F21070FEF708FD12225E4947F220702A
:10EF9000FEF702FD0F225C4947F23070FEF7FCFCE1
:10EFA00014225A4947F24070FEF7F6FC0E225849E7
:10EFB00047F25070FEF7F0FC0E22564947F260709F
:10EFC000FEF7EAFC1B22544947F27070FEF7E4FC9E
:10EFD000384B93F82E30DBB2012B12D1354B93F81E
:10EFE0002A30DBB2002B0CD012224C494FF4EF40F8
:10EFF000FEF7D2FC10224A4947F29070FEF7CCFC93
:10F0000024E02C4B93F82E30DBB2022B12D1294B8B
:10F0100093F82A30DBB2002B0CD012222E494FF489
:10F02000EF40FEF7B9FC10223D4947F29070FEF721
:10F03000B3FC0BE0122228494FF4EF40FEF7ACFC82
:10F040001022254947F29070FEF7A6FC194B93F861
:10F050002930DBB2002B0CD01622324947F2A070C7
:10F06000FEF79AFC1522304947F2B070FEF794FC87
:10F070000BE01622184947F2A070FEF78DFC15220E
:10F08000154947F2B070FEF787FC0A4B93F82D3014
:10F09000DBB2002B4ED01622244947F2C070FEF797
:10F0A0007BFC1622224947F2D070FEF775FC4DE03A
:10F0B0006866010860340020AC670108C067010879
:10F0C000D4670108E8670108F867010800680108CB
:10F0D00010680108206801083068010838680108D4
:10F0E00048680108586801086868010878680108DC
:10F0F0008468010898680108B0680108BC680108C4
:10F10000F06601080467010818670108D46801085F
:10F11000EC680108FC6801080C690108286901080D
:10F120003C690108506901086869010880690108A3
:10F13000986901081622B94947F2C070FEF72CFC05
:10F140001622B64947F2D070FEF726FC1B22B449BE
:10F1500047F2E070FEF720FCB24B93F83730DBB299
:10F16000002B06D01622B04947F2F070FEF714FCCF
:10F1700005E01622A94947F2F070FEF70DFC0822BF
:10F18000AA494FF4E440FEF707FC4022A8494FF497
:10F19000F040FEF701FC01220021002000F062FA9D
:10F1A000A04B9B7DDBB2002B0CD10122002147F24A
:10F1B000986000F057FA0022002147F2976000F0B3
:10F1C00051FA0BE00022002147F2986000F04AFA61
:10F1D0000122002147F2976000F044FA914B93F826
:10F1E0002F30DBB2012B12D10122002147F6501043
:10F1F00000F0EEF90022002147F6511000F0E8F986
:10F200000022002147F6521000F0E2F92AE0854B77
:10F2100093F82F30DBB2022B12D10022002147F6E7
:10F22000501000F0D5F90122002147F6511000F0EE
:10F23000CFF90022002147F6521000F0C9F911E081
:10F240000022002147F6501000F0C2F900220021F0
:10F2500047F6511000F0BCF90122002147F6521088
:10F2600000F0B6F96F4B93F82E30DBB2012B12D1C0
:10F270000122002147F6581000F0AAF900220021CF
:10F2800047F6591000F0A4F90022002147F65A1061
:10F2900000F09EF92AE0634B93F82E30DBB2022B8C
:10F2A00012D10022002147F6581000F091F90122F6
:10F2B000002147F6591000F08BF90022002147F693
:10F2C0005A1000F085F911E00022002147F658108D
:10F2D00000F07EF90022002147F6591000F078F97D
:10F2E0000122002147F65A1000F072F94D4B5B7E67
:10F2F000DBB2012B12D10122002147F2996000F00C
:10F30000B1F90022002147F29A6000F0ABF9002227
:10F31000002147F29D6000F0A5F92EE0414B5B7E95
:10F32000DBB2022B12D10022002147F2996000F0DB
:10F3300099F90122002147F29A6000F093F9002226
:10F34000002147F29D6000F08DF916E0354B5B7EA1
:10F35000DBB2032B11D10022002147F2996000F0AB
:10F3600081F90022002147F29A6000F07BF9012226
:10F37000002147F29D6000F075F92A4B9B7EDBB2BD
:10F38000012B0CD10122002147F29B6000F06AF9A9
:10F390000022002147F29C6000F064F90BE000229B
:10F3A000002147F29B6000F05DF90122002147F245
:10F3B0009C6000F057F91B4B1B7DDBB2032B39D04F
:10F3C000032B4ADC012B02D0022B13D045E0012293
:10F3D000002147F2946000F045F90022002147F235
:10F3E000956000F03FF90022002147F2966000F09E
:10F3F00039F932E00022002147F2946000F032F93E
:10F400000122002147F2956000F02CF90022002132
:10F4100047F2966000F026F91FE000BF306801084F
:10F42000B069010860340020CC690108E469010872
:10F43000206301080022002147F2946000F012F9D5
:10F440000022002147F2956000F00CF90122002112
:10F4500047F2966000F006F900BF5C4B93F8293044
:10F46000DBB21A46002147F6201000F0FBF8574B9C
:10F4700093F82A30DBB21A46002147F6211000F03B
:10F48000F1F8524B93F82B30DBB21A46002147F6C5
:10F49000221000F0E7F84D4B93F82C30DBB21A46FF
:10F4A000002147F6231000F0DDF8484B93F82D308B
:10F4B000DBB21A46002147F6241000F0D3F8434B84
:10F4C00093F83130DBB21A46002147F6261000F0DF
:10F4D000C9F83E4B93F83230DBB21A46002147F6AA
:10F4E000271000F0BFF8394B93F83330DBB21A46DF
:10F4F000002147F6281000F0B5F8344B93F834306B
:10F50000DBB21A46002147F6291000F0ABF82F4B6A
:10F5100093F83530DBB21A46002147F62A1000F086
:10F52000A1F82A4B93F83630DBB21A46002147F691
:10F530002B1000F097F8254B93F83730DBB21A46C2
:10F54000002147F62C1000F08DF8204B93F839304D
:10F55000DBB21A46002147F62D1000F083F81B4B52
:10F5600093F83830DBB21A46002147F62E1000F02F
:10F5700079F8164B93F83B30DBB21A46002147F678
:10F58000301000F06FF8114B93F83C30DBB21A46A4
:10F59000002147F6311000F065F80C4B93F83D3030
:10F5A000DBB21A46002147F6321000F05BF8074B39
:10F5B00093F83E30DBB21A46002147F6331000F0D4
:10F5C00051F800BF0837BD4680BD00BF6034002041
:10F5D00080B586B000AF0346FB800B467B711346B7
:10F5E0003B710323FB75FB7D5A1CFA7518333B44B2
:10F5F000822203F80C2CFB881B0A9AB2FB7D591C53
:10F60000F975D2B218333B4403F80C2CFB7D5A1C1D
:10F61000FA75FA88D2B218333B4403F80C2CFB7D00
:10F620005A1CFA7518333B447A7903F80C2CFB7D8D
:10F630005A1CFA7518333B443A7903F80C2C5A23B8
:10F640003B73A5237B73FB7D033BDBB2BB73FA7D6E
:10F6500007F10C0311461846FEF7D2F800BF183721
:10F66000BD4680BD80B586B000AF0346FB800B462B
:10F670007B7113463B710323FB75FB7D5A1CFA75A6
:10F6800018333B44822203F80C2CFB881B0A9AB2E5
:10F69000FB7D591CF975D2B218333B4403F80C2C8E
:10F6A000FB7D5A1CFA75FA88D2B218333B4403F832
:10F6B0000C2CFB7D5A1CFA7518333B447A7903F8FD
:10F6C0000C2CFB7D5A1CFA7518333B443A7903F82D
:10F6D0000C2C5A233B73A5237B73FB7D033BDBB2CE
:10F6E000BB73FA7D07F10C031146184601F00AF9C5
:10F6F00000BF1837BD4680BD80B582B000AF03465D
:10F70000FB71FB79032B2CD0032B3DDC012B02D0AA
:10F71000022B13D038E00122002147F29460FFF75A
:10F7200057FF0022002147F29560FFF751FF0022AA
:10F73000002147F29660FFF74BFF25E000220021F1
:10F7400047F29460FFF744FF0122002147F29560E1
:10F75000FFF73EFF0022002147F29660FFF738FFD7
:10F7600012E00022002147F29460FFF731FF0022EF
:10F77000002147F29560FFF72BFF0122002147F29D
:10F780009660FFF725FF00BF00BF0837BD4680BD6C
:10F7900080B582B000AF0346FB71FB79022B23D00A
:10F7A000022B2EDC002B02D0012B10D029E00122ED
:10F7B000002147F29860FFF70BFF0022002147F27B
:10F7C0009760FFF705FF114B00229A7519E00022A0
:10F7D000002147F29860FFF7FBFE0122002147F26B
:10F7E0009760FFF7F5FE0CE00022002147F29860D9
:10F7F000FFF7EEFE0022002147F29760FFF7E8FED8
:10F8000000BF00BF0837BD4680BD00BF6034002088
:10F8100080B584B000AF03460A46FB711346BB7146
:10F82000FB790B2B0ED847F26063FB81FB799AB210
:10F83000FB891344FB81BA79FB8900211846FFF745
:10F84000C7FE0FE047F6D003FB81FB799AB2FB8934
:10F8500013449BB20C3BFB81BA79FB89002118460B
:10F86000FFF7B6FE00BF1037BD4680BD80B59CB027
:10F8700000AFF1E1FB79832B40F0EE813B7A1B0274
:10F880001AB27B7A1BB213431BB2A7F86C303B1D34
:10F890001846FEF735F90346002B00D1DCE10023C2
:10F8A00087F86F3027E097F86F305B0007337033CD
:10F8B0003B4413F86C3C1B021AB297F86F305B00A4
:10F8C000083370333B4413F86C3C1BB213431BB238
:10F8D0009BB27B8097F86F309AB2B7F86C301344C4
:10F8E0009BB27A8811461846F8F72CFA97F86F30D1
:10F8F000013387F86F30BB7A97F86F209A42D2D3E2
:10F90000B7F86C3045F6FF7293428CBF0123002399
:10F91000DAB2B7F86C3046F6FF718B4294BF012320
:10F920000023DBB21340DBB2002B09D0B7F86C30F8
:10F93000A3F5C043BC4A52F82330BA1C104698477E
:10F94000BA4B00221A60B7F86C30B3F5A04F1FD342
:10F95000B7F86C3045F69912934219D8B7F86C3065
:10F96000DBB25B00DBB21033DBB27A88114618469B
:10F97000F8F792FFB7F86C3045F20E02934207D1C8
:10F9800045F20E00F8F782F903461846F9F726F813
:10F99000B7F86C3047F61712934200F35C81B3F569
:10F9A000F24F22DA47F29262934200F3548147F217
:10F9B0008E62934252DA47F20402934200F09D8035
:10F9C00047F20402934200F3468147F20202934257
:10F9D00000F0898047F20202934200F33C81142B2D
:10F9E00050D0B3F5E04F74D035E1A3F5F243172BB7
:10F9F00000F2318101A252F823F000BF7FFB000822
:10FA000057FC000857FC000857FC000857FC00088A
:10FA100057FC000857FC000857FC000857FC00087A
:10FA200057FC000857FC000857FC000857FC00086A
:10FA300057FC000857FC000857FC00088FFB000823
:10FA400097FB0008C9FB000857FC000857FC00089A
:10FA5000D1FB0008D9FB00081FFC0008A3F5ED430B
:10FA60000E3B042B00F2F78001A252F823F000BFF6
:10FA70000FFB000821FB000857FC000867FB00088B
:10FA800077FB0008FB7A1B021AB23B7B1BB21343C5
:10FA90001BB29AB2664B1A80654B1B880C2B03D0A5
:10FAA000634B1B883E2B10D1624B1B78DBB2092BBA
:10FAB00004D9604B1B7DDBB2012B03D15C4B2022B0
:10FAC0001A8002E05A4B00221A800C20FDF7BCFE7F
:10FAD000C1E00622584947F20550FDF7FDFE554B9F
:10FAE00001225A70B7E00622534947F22050FDF731
:10FAF000F3FE504B02225A70ADE006224E4947F207
:10FB00002350FDF7E9FE4B4B03225A70A3E0FDF7AB
:10FB10001BFD0346012B00F0A980F2F7C9F89AE01B
:10FB20000020F1F7CFFC0020F1F766FC03461A46EF
:10FB3000424B1B8813449AB2404B1A803F4B1B88A0
:10FB4000194645F21200F8F7FDF83C4B1B881B0ADA
:10FB50009BB2DBB2394A1288D2B2194645F2120082
:10FB6000FFF736FD77E0FDF7EFFC0346012B7FD072
:10FB7000F2F79EF86FE00020F1F7A4FC6BE0FDF7D0
:10FB8000E3FC0346012B75D0FCF772F963E02C4BC4
:10FB900001221A705FE02A4B01221A70294BD3E927
:10FBA0000023B2F5FA6F73F1000351D325494FF0EA
:10FBB00000024FF00003C1E90023214B00221A701C
:10FBC0000D20FDF741FE43E01D4B00221A7042E07C
:10FBD0001D4B01221A703EE01B4B01221A701B4B79
:10FBE000D3E9002340F6B8318A4273F1000331D3E0
:10FBF00016494FF000024FF00003C1E90023124BF9
:10FC000000221A700B4B1B78DBB20A2B03D90020A1
:10FC1000FDF71AFE1EE02020FDF716FE1AE00A4B43
:10FC200000221A7017E000BF70010020B4350020D8
:10FC3000B03500206034002000660108B235002095
:10FC4000B8350020C0350020C8350020D035002050
:10FC500000BF00E000BF00BF3B1D19460748F3F797
:10FC600059FB0346002B7FF405AE04E000BF02E021
:10FC700000BF00E000BF7037BD4680BDA82B00204C
:10FC800080B584B000AF01237B600323FB604FF499
:10FC900080533B603B461946034801F05DFE00BFC0
:10FCA0001037BD4680BD00BF0008014080B584B05C
:10FCB00000AF00237B600123BB604FF480533B60A7
:10FCC0003B461946034801F047FE00BF1037BD46CA
:10FCD00080BD00BF0008014080B586B000AF194B61
:10FCE0009B69184A43F004039361164B9B6903F028
:10FCF00004037B607B680123FB6003237B614FF47B
:10FD00008053BB6007F1080319460F4801F024FE39
:10FD10004FF40063BB6007F1080319460A4801F07D
:10FD20001BFE01224FF48051074801F0C4FF01225D
:10FD30004FF40061044801F0BEFF00BF1837BD4614
:10FD400080BD00BF001002400008014080B500AF38
:10FD5000FFF796FF01224FF480510E4801F0ABFFF0
:10FD600001224FF400610B4801F0A5FF042000F0D0
:10FD7000FBFD00224FF48051064801F09CFF042057
:10FD800000F0F2FD00224FF40061024801F093FF01
:10FD900000BF80BD0008014080B500AFFFF770FFD5
:10FDA00000224FF400610E4801F085FF00224FF45D
:10FDB00080510B4801F07FFF042000F0D5FD0122A7
:10FDC0004FF40061064801F076FF01224FF48051A4
:10FDD000034801F070FF042000F0C6FD00BF80BDA5
:10FDE0000008014080B582B000AF0023FB71FFF72F
:10FDF0005DFF01224FF48051164801F05CFF0120A5
:10FE000000F0B2FD01224FF40061124801F053FFEF
:10FE1000012000F0A9FD09E0FB790133FB71FB79BA
:10FE2000FA2B03D9FFF7B8FF01230EE04FF48051FE
:10FE3000084801F029FF0346002BEDD100224FF4C2
:10FE40000061044801F037FF002318460837BD461B
:10FE500080BD00BF0008014080B500AF00224FF414
:10FE600000610F4801F027FFFFF70AFF00224FF45F
:10FE700080510B4801F01FFF022000F075FD0122A8
:10FE80004FF40061064801F016FF022000F06CFDFF
:10FE900000224FF40061024801F00DFF00BF80BD59
:10FEA0000008014080B500AF00224FF400610F4808
:10FEB00001F001FFFFF7E4FE01224FF480510B48EF
:10FEC00001F0F9FE022000F04FFD01224FF4006125
:10FED000064801F0F0FE022000F046FD00224FF43B
:10FEE0000061024801F0E7FE00BF80BD000801404C
:10FEF00080B584B000AF0346FB71FFF7C1FE00225E
:10FF00004FF400611C4801F0D6FE0023FB732BE088
:10FF100097F90730002B06DA01224FF4805116487A
:10FF200001F0C9FE05E000224FF48051124801F0B3
:10FF3000C2FEFB795B00FB71022000F015FD01227F
:10FF40004FF400610C4801F0B6FE022000F00CFDF9
:10FF500000224FF40061084801F0ADFE022000F0DD
:10FF600003FDFB7B0133FB73FB7B072BD0D900BF69
:10FF700000BF1037BD4680BD0008014080B584B089
:10FF800000AF0346FB710023BB73FFF78FFE002316
:10FF9000FB7322E000224FF40061184801F08BFE51
:10FFA000022000F0E1FC01224FF40061134801F04F
:10FFB00082FEBB7B5B00BB734FF480510F4801F0A6
:10FFC00063FE0346002B02D0BB7B0133BB730120D1
:10FFD00000F0CAFCFB7B0133FB73FB7B072BD9D9F9
:10FFE000FB79002B02D1FFF75DFF01E0FFF734FF43
:10FFF000BB7B18461037BD4680BD00BF00080140DE
:020000040801F1
:1000000080B586B000AF124B9B69114A43F01003D4
:1000100093610F4B9B6903F010037B607B680123A6
:10002000FB604FF48043BB6000233B6103237B6193
:1000300007F108031946074801F08EFC054BDB6801
:10004000044A23F48043D36000BF1837BD4680BD07
:10005000001002400010014080B582B000AF78600F
:100060000D4B1B78002B09D00B4B00221A7000227D
:100070004FF48041094801F01EFE08E0064B0122C2
:100080001A7001224FF48041044801F014FE00BFB1
:100090000837BD4680BD00BFD835002000100140A4
:1000A00080B586B000AF454B9B69444A43F4FE736C
:1000B00093610123BB600023FB6003233B610023AA
:1000C000FB7522E0FB7D3E4A5B01134404331B8831
:1000D0007B60FB7D3A4A5B0113441B683A1D114665
:1000E000184601F039FCFB7D354A5B011344186862
:1000F000FB7D334A5B01134404331B8800221946FD
:1001000001F0D9FDFB7D0133FB75FB7D032BD9D9B4
:100110000023FB7514E0FB7D294A5B0113440C337B
:100120001B887B60FB7D264A5B01134408331B68F8
:100130003A1D1146184601F00FFCFB7D0133FB759B
:10014000FB7D032BE7D90023FB7514E0FB7D1C4AE4
:100150005B01134414331B887B60FB7D184A5B01F1
:10016000134410331B683A1D1146184601F0F4FB86
:10017000FB7D0133FB75FB7D032BE7D90023FB756A
:1001800014E0FB7D0E4A5B0113441C331B887B602B
:10019000FB7D0B4A5B01134418331B683A1D114663
:1001A000184601F0D9FBFB7D0133FB75FB7D032B6A
:1001B000E7D900BF00BF1837BD4680BD0010024020
:1001C000207C010880B582B000AF03460A46FB716F
:1001D0001346BB71BB79002B0FD0FB79104A5B0132
:1001E00013441868FB790E4A5B01134404331B88DF
:1001F0000122194601F05FFD0EE0FB79084A5B0120
:1002000013441868FB79064A5B01134404331B88C6
:100210000022194601F04FFD00BF0837BD4680BDE2
:10022000207C010880B582B000AF03460A46FB710E
:100230001346BB71BB79013BBB71BB79032B00F249
:100240008F8001A252F823F0590201089B02010895
:10025000DD0201081F030108FB79544A5B011344C6
:1002600010331868FB79514A5B01134414331B881F
:100270000022194601F01FFDFB794C4A5B01134433
:1002800018331868FB79494A5B0113441C331B88F7
:100290000022194601F00FFD83E0FB79434A5B0120
:1002A000134410331868FB79404A5B01134414333C
:1002B0001B880122194601F0FEFCFB793B4A5B01D9
:1002C000134418331868FB79384A5B0113441C3314
:1002D0001B880022194601F0EEFC62E0FB79334AEC
:1002E0005B01134410331868FB79304A5B011344F7
:1002F00014331B880022194601F0DDFCFB792B4AE0
:100300005B01134418331868FB79284A5B011344D6
:100310001C331B880122194601F0CDFC41E0FB791A
:10032000224A5B01134410331868FB791F4A5B01B2
:10033000134414331B880122194601F0BCFCFB79DD
:100340001A4A5B01134418331868FB79174A5B019A
:1003500013441C331B880122194601F0ACFC20E039
:10036000FB79124A5B01134410331868FB790F4A7A
:100370005B01134414331B880122194601F09BFCD6
:10038000FB790A4A5B01134418331868FB79074A62
:100390005B0113441C331B880122194601F08BFCBE
:1003A00000BF00BF0837BD4680BD00BF207C0108EC
:1003B00080B582B000AF03460A46FB711346BB719D
:1003C000FB79094A5B01134408331868FB79064A34
:1003D0005B0113440C331B88BA79194601F06BFC9E
:1003E00000BF0837BD4680BD207C010880B586B0BF
:1003F00000AF164B9B69154A43F008039361134BFA
:100400009B6903F008033B603B680023BB6001234A
:10041000FB600023FB7511E0FB7D0D4ADB001344FC
:100420009B887B60FB7D0A4A52F833303A1D1146A7
:10043000184601F091FAFB7D0133FB75FB7D012B22
:10044000EAD900BF00BF1837BD4680BD001002408A
:10045000A07C010880B584B000AF03460A46FB715A
:100460001346BB710123FB73FB79164A52F8332004
:10047000FB791449DB000B449B881946104601F0B8
:1004800003FC0346002B17D1BB79002B02D00220BE
:1004900000F085FAFB790B4A52F83320FB790949C1
:1004A000DB000B449B881946104601F0EDFB034628
:1004B000002B01D10023FB73FB7B18461037BD4690
:1004C00080BD00BFA07C010880B594B000AF07F1EB
:1004D000400300221A605A609A60DA6007F138031C
:1004E00000221A605A6007F11C0300221A605A6049
:1004F0009A60DA601A615A619A613B4600221A607A
:100500005A609A60DA601A615A619A612E4B2F4ADA
:100510001A602D4B23225A602B4B00229A602A4BE3
:1005200042F20F72DA60284B00221A61264B002239
:100530005A61254B80229A61234801F0F5FF4FF460
:1005400080533B6407F1400319461F4802F0A6F9A7
:100550001D4802F01DF80023BB630023FB6307F175
:1005600038031946184802F0E6FD6023FB6141F2AA
:1005700087333B6202237B620023BB620023FB6262
:1005800000233B6300237B6307F11C030022194611
:100590000D4802F0BDF800233B6000237B60002380
:1005A000BB600023FB6000233B614FF400537B6181
:1005B0000023BB613B461946034802F064FD00BFBF
:1005C0005037BD4680BD00BFDC350020002C014007
:1005D00080B586B000AF07F1080300221A605A60A8
:1005E0009A60DA601F4B9B691E4A43F004039361D3
:1005F0001C4B9B6903F004037B607B68194B9B6970
:10060000184A43F400639361164B9B6903F400633B
:100610003B603B68FFF758FF134B1B69124A23F0FE
:1006200002031361104BDB680F4A43F00203D360EF
:10063000002202211B2001F074F81B2001F08DF82C
:100640004FF48073BB600223FB6002237B6107F1E0
:1006500008031946054801F07FF900BF1837BD4669
:1006600080BD00BF00100240002C01400008014086
:1006700080B500AF044B00221A600021034801F04E
:10068000BBFF00BF80BD00BF1C360020DC35002052
:1006900080B500AF0021024801F0E2FF00BF80BD3D
:1006A000DC35002080B596B000AF304B9B692F4AF7
:1006B00043F4804393612D4B9B6903F480437B603B
:1006C0007B682A4B9B69294A43F004039361274BBB
:1006D0009B6903F004033B603B680223FB604FF41B
:1006E0000073BB6001233B6103237B6107F10803B7
:1006F00019461F4801F030F90023FB604FF4806376
:10070000BB6007F108031946194801F025F9194B98
:10071000BB614FF4E133FB6100233B6200237B624A
:100720000023BB620C23FB6200233B6300237B633B
:10073000104B1B680F4A23F020031360BB69DA6873
:10074000BB6942F02002DA60252001F006F803229E
:100750000121252000F0E5FF07F11803184602F0FB
:100760002EFD00BF5837BD4680BD00BF00100240BF
:10077000000801400038014080B483B000AF7860C9
:100780000B46FB7010E07B681A780C4B5A607B6854
:1007900001337B6000BF094B1B6803F08003802B93
:1007A000F9D1FB78013BFB70FB78002BEBD100BF4C
:1007B00000BF0C37BD4680BC704700BF0038014009
:1007C00080B582B000AF154B5B69144A43F001035A
:1007D0005361124B5B6903F001037B607B6800226D
:1007E0000121112000F09DFF112000F0B6FF0C4BFD
:1007F0005B690B4A43F0800353610A4B0A4A9A60D3
:10080000084B0A4ADA60074B1B68064A43F090031C
:10081000136000BF0837BD4680BD00BF0010024016
:100820000044004080000240044400402036002084
:1008300080B596B000AF304BDB692F4A43F40033EC
:10084000D3612D4BDB6903F400337B607B682A4B5B
:100850009B69294A43F004039361274B9B6903F08A
:1008600004033B603B680223FB600423BB6001235D
:100870003B6103237B6107F1080319461F4801F020
:100880006BF80023FB600823BB6007F108031946DF
:100890001A4801F061F81A4BBB614FF4E133FB6178
:1008A00000233B6200237B620023BB620C23FB62BC
:1008B00000233B6300237B63114B1B68104A23F02A
:1008C00020031360BB69DA68BB6942F02002DA607A
:1008D000262000F042FF03220121262000F021FF04
:1008E00007F11803184602F06AFCFFF769FF00BF22
:1008F0005837BD4680BD00BF0010024000080140CF
:100900000044004080B483B000AF78600B46FB70B9
:1009100010E07B681A780C4B5A607B6801337B606F
:1009200000BF094B1B6803F08003802BF9D1FB78D3
:10093000013BFB70FB78002BEBD100BF00BF0C37F5
:10094000BD4680BC704700BF0044004080B400AF8B
:10095000044B5B68034A43F08073536000BFBD469D
:1009600080BC70470000024080B485B000AF0346F1
:10097000FB800BE03223FB7302E0FB7B013BFB734C
:10098000FB7B002BF9D1FB88013BFB80FB88002B14
:10099000F0D100BF00BF1437BD4680BC704780B5A2
:1009A00082B000AF0346FB8005E06420FFF7DCFF68
:1009B000FB88013BFB80FB88002BF6D100BF00BF0A
:1009C0000837BD4680BD000080B58CB000AF5A4BE3
:1009D0009B69594A43F004039361574B9B6903F0A9
:1009E0000403BB61BB69544B9B69534A43F0080342
:1009F0009361514B9B6903F008037B617B694E4B0C
:100A00009B694D4A43F0100393614B4B9B6903F084
:100A100010033B613B69484B9B69474A43F0200305
:100A20009361454B9B6903F02003FB60FB68424BDD
:100A30009B69414A43F0400393613F4B9B6903F03C
:100A40004003BB60BB683C4B9B693B4A43F00103DE
:100A50009361394B9B6903F001037B607B68374BE3
:100A60005B68364A43F000735360082387F82F30E1
:100A700013E097F82F30324A52F8330097F82F30AE
:100A80002F4ADB0013449B880122194601F013F919
:100A900097F82F30013387F82F3097F82F300F2B2E
:100AA000E7D901233B620323BB62082387F82F3079
:100AB00016E097F82F30224ADB0013449B88FB6135
:100AC00097F82F301E4A52F8333007F11C021146B6
:100AD000184600F041FF97F82F30013387F82F3088
:100AE00097F82F300F2BE4D900233B6201237B6260
:100AF000002387F82F3016E097F82F30104ADB00DC
:100B000013449B88FB6197F82F300D4A52F833301D
:100B100007F11C021146184600F01EFF97F82F300F
:100B2000013387F82F3097F82F30072BE4D900BF17
:100B300000BF3037BD4680BD0010024000000140BC
:100B4000B07C010880B582B000AF03460A46FB7155
:100B50001346BB71BB79002B11D0012B1FD1FB7940
:100B60000833114A52F83300FB7908330E4ADB0090
:100B700013449B880122194601F09DF80FE0FB7990
:100B80000833094A52F83300FB790833064ADB0080
:100B900013449B880022194601F08DF800BF00BF66
:100BA0000837BD4680BD00BFB07C010880B584B069
:100BB00000AF0346FB710123FB73FB790A4A52F82D
:100BC0003320FB790849DB000B449B88194610460B
:100BD00001F05AF80346002B01D10023FB73FB7B85
:100BE00018461037BD4680BDB07C010880B584B082
:100BF00000AF0346FB710123FB73FB790833164AF0
:100C000052F83320FB7908331349DB000B449B88EF
:100C10001946104601F038F80346002B16D1022081
:100C2000FFF7BDFEFB7908330B4A52F83320FB79FE
:100C300008330949DB000B449B881946104601F034
:100C400023F80346002B01D10023FB73FB7B1846DE
:100C50001037BD4680BD00BFB07C010880B58CB0A8
:100C600000AF5E4B9B695D4A43F0040393615B4BAD
:100C70009B6903F00403BB61BB69584B9B69574AEE
:100C800043F008039361554B9B6903F008037B61B4
:100C90007B69524B9B69514A43F0100393614F4B60
:100CA0009B6903F010033B613B694C4B9B694B4ACA
:100CB00043F020039361494B9B6903F02003FB60E1
:100CC000FB68464B9B69454A43F040039361434BA5
:100CD0009B6903F04003BB60BB68404B9B693F4A84
:100CE00043F0800393613D4B9B6903F080037B607D
:100CF0007B683A4B9B69394A43F480739361374B65
:100D00009B6903F480733B603B680C2387F82F30AA
:100D100013E097F82F30324A52F8330097F82F300B
:100D20002F4ADB0013449B880122194600F0C3FFC1
:100D300097F82F30013387F82F3097F82F30132B87
:100D4000E7D901233B620323BB620C2387F82F30D2
:100D500016E097F82F30224ADB0013449B88FB6192
:100D600097F82F301E4A52F8333007F11C02114613
:100D7000184600F0F1FD97F82F30013387F82F3037
:100D800097F82F30132BE4D900233B6201237B62B9
:100D9000002387F82F3016E097F82F30104ADB0039
:100DA00013449B88FB6197F82F300D4A52F833307B
:100DB00007F11C021146184600F0CEFD97F82F30BF
:100DC000013387F82F3097F82F300B2BE4D900F040
:100DD00093F800BF3037BD4680BD00BF0010024011
:100DE000307D010880B582B000AF03460A46FB7132
:100DF0001346BB71BB79002B02D0012B10D01FE032
:100E0000FB790B33104A52F83300FB790B330E4A4F
:100E1000DB0013449B880022194600F04CFF0FE0D2
:100E2000FB790B33084A52F83300FB790B33064A3F
:100E3000DB0013449B880122194600F03CFF00BFF1
:100E400000BF0837BD4680BD307D010880B584B045
:100E500000AF0346FB710123FB73FB79013B0B4A97
:100E600052F83320FB79013B0849DB000B449B8897
:100E70001946104600F008FF0346002B01D100235D
:100E8000FB73FB7B18461037BD4680BD307D0108E3
:100E900080B584B000AF0346FB710123FB73FB797F
:100EA0000B33144A52F83320FB790B331149DB0022
:100EB0000B449B881946104600F0E6FE0346002BC3
:100EC00013D1FB790B330B4A52F83320FB790B33E8
:100ED0000849DB000B449B881946104600F0D4FEFD
:100EE0000346002B01D10023FB73FB7B1846103710
:100EF000BD4680BD307D010880B500AF282000F0E0
:100F00003AFC0A2000F037FC172000F034FC0022E5
:100F10000021282000F005FC002200210A2000F01A
:100F200000FC00220021172000F0FBFB1D4B9B69F9
:100F30001C4A43F0010393611B4BDB681A4A43F0E0
:100F40003303D360184B1B69174A43F448531361AA
:100F5000154B5B69144A43F44C7343F0030353612C
:100F6000124BDB68114A43F4784343F03003D360FB
:100F70000E4B9B680D4A43F4806393600B4B1B68D8
:100F80000A4A23F47C4323F030031360282000F046
:100F9000E4FB0A2000F0E1FB172000F0DEFB00BFBD
:100FA00080BD00BF0010024000000140000401406D
:100FB00080B58EB000AF07F1280300221A605A6096
:100FC0009A60DA6007F1200300221A605A603B1D24
:100FD00000221A605A609A60DA601A615A619A6156
:100FE0001F4B4FF080421A601D4B23225A601C4B4E
:100FF00000229A601A4B42F20F72DA60184B0022FC
:101000001A61174B80229A61154801F08DFA4FF44E
:101010008053BB6207F128031946114801F03EFCDA
:101020000F4801F0B5FA00233B6200237B6207F111
:10103000200319460A4802F07EF860237B6040F2E4
:10104000F313BB600223FB6000237B613B1D002286
:101050001946034801F05CFB00BF3837BD4680BD30
:101060004036002080B586B000AF07F108030022AB
:101070001A605A609A60DA60204B9B691F4A43F0FD
:10108000040393611D4B9B6903F004037B607B6841
:101090001A4BDB69194A43F00103D361174BDB6933
:1010A00003F001033B603B680123BB600223FB604C
:1010B00002237B6107F108031946114800F04CFC3C
:1010C000FFF776FF4FF080431B694FF0804223F01B
:1010D000010313614FF08043DB684FF0804243F01F
:1010E0000103D360012202211C2000F01AFB1C2006
:1010F00000F033FB00BF1837BD4680BD0010024032
:101100000008014080B500AF044B00221A600021A6
:10111000034801F071FA00BF80BD00BF8036002097
:101120004036002080B500AF0021024801F098FA57
:1011300000BF80BD4036002080B58AB000AF07F107
:10114000200300221A605A603B1D00221A605A6078
:101150009A60DA601A615A619A61194B194A1A60E9
:10116000174B23225A60164B00229A60144B42F20E
:101170000F72DA60124B00221A61114B80229A61C1
:101180000F4801F005FA00233B6200237B6207F160
:10119000200319460A4801F0CEFF60237B6041F22C
:1011A0008733BB600223FB6000237B613B1D082269
:1011B0001946034801F0ACFA00BF2837BD4680BD90
:1011C000843600200004004080B586B000AF07F1EF
:1011D000080300221A605A609A60DA601E4BDB69CD
:1011E0001D4A43F00203D3611B4BDB6903F002038A
:1011F0007B607B68184B9B69174A43F00803936137
:10120000154B9B6903F008033B603B680123BB60FF
:101210000223FB6002237B6107F1080319460F4894
:1012200000F09AFBFFF788FF0D4B1B690C4A23F077
:10123000010313610A4BDB68094A43F00103D360E1
:10124000002201211D2000F06CFA1D2000F085FA1B
:1012500000BF1837BD4680BD00100240000C0140A1
:101260000004004080B500AF044B00221A60082142
:10127000034801F0C1F900BF80BD00BFC4360020A3
:101280008436002080B500AF0821024801F0E8F95B
:1012900000BF80BD8436002080B58AB000AF07F162
:1012A000200300221A605A603B1D00221A605A6017
:1012B0009A60DA601A615A619A61194B194A1A6088
:1012C000174B23225A60164B00229A60144B40F2AF
:1012D000E732DA60124B00221A61114B80229A61C8
:1012E0000F4801F055F900233B6200237B6207F1B0
:1012F000200319460A4801F01EFF60237B6040F27C
:10130000F313BB600223FB6000237B613B1D0022C3
:101310001946034801F0FCF900BF2837BD4680BDDF
:10132000C83600200008004080B586B000AF07F145
:10133000080300221A605A609A60DA601E4B9B69AB
:101340001D4A43F0080393611B4B9B6903F008039C
:101350007B607B68184BDB69174A43F00403D36159
:10136000154BDB6903F004033B603B684023BB6023
:101370000223FB6002237B6107F1080319460F4833
:1013800000F0EAFAFFF788FF0D4B1B690C4A23F0C7
:10139000010313610A4BDB68094A43F00103D36080
:1013A000022202211E2000F0BCF91E2000F0D5F917
:1013B00000BF1837BD4680BD00100240000C014040
:1013C0000008004080B500AF044B00221A600021E5
:1013D000034801F011F900BF80BD00BF08370020AD
:1013E000C836002080B500AF0021024801F038F96E
:1013F00000BF80BDC836002080B586B000AF07F1C1
:10140000080300221A605A609A60DA603B460022A4
:101410001A605A60164B174A1A60154B41F61F4264
:101420005A60134B00229A60114B41F28732DA6006
:101430000F4B00221A610E4B80229A610C4801F07A
:1014400073F84FF48053BB6007F10803194608484E
:1014500001F024FA00233B6000237B603B461946E1
:10146000034801F068FE00BF1837BD4680BD00BFCD
:101470000C370020000C004080B582B000AF134B49
:10148000DB69124A43F00803D361104BDB6903F0B8
:1014900008037B607B68FFF7AFFF0D4B1B690C4AAD
:1014A00023F0010313610A4BDB68094A43F001038F
:1014B000D36000220321322000F033F9322000F003
:1014C0004CF900BF0837BD4680BD00BF0010024088
:1014D000000C004080B582B000AF7860124B1A68F3
:1014E000124B1B7819464FF47A73B3FBF1F3B2FB3E
:1014F000F3F3184600F04DF90346002B01D0012309
:101500000EE07B680F2B0AD8002279684FF0FF307D
:1015100000F007F9064A7B681360002300E001230E
:1015200018460837BD4680BD1C0300201403002068
:101530001003002080B400AF024B1B681846BD4664
:1015400080BC70474C37002080B485B000AF786015
:101550007B6803F00703FB600C4BDB68BB60BA6879
:101560004FF6FF031340BB60FB681A02BB681343CE
:1015700043F0BF6343F40033BB60044ABB68D360ED
:1015800000BF1437BD4680BC704700BF00ED00E0CF
:1015900080B400AF044BDB681B0A03F00703184656
:1015A000BD4680BC704700BF00ED00E080B483B052
:1015B00000AF0346FB71FB7903F01F02064997F960
:1015C00007305B09012000FA02F241F8232000BF36
:1015D0000C37BD4680BC704700E100E080B483B0AA
:1015E00000AF0346FB71FB7903F01F02074997F92F
:1015F00007305B09012000FA02F2203341F8232072
:1016000000BF0C37BD4680BC704700BF00E100E062
:1016100080B483B000AF03463960FB7197F907309F
:10162000002B0BDA3B68DAB20C49FB7903F00F03AD
:10163000043B1201D2B20B441A7609E03B68DAB2DD
:10164000074997F907301201D2B20B4483F80023FF
:1016500000BF0C37BD4680BC704700BF00ED00E006
:1016600000E100E080B489B000AFF860B9607A6052
:10167000FB6803F00703FB61FB69C3F10703042B5D
:1016800028BF0423BB61FB690433062B02D9FB6925
:10169000033B00E000237B614FF0FF32BB6902FA9D
:1016A00003F3DA43BB681A407B699A404FF0FF317D
:1016B0007B6901FA03F3D9437B680B401343184657
:1016C0002437BD4680BC704780B582B000AF7860DB
:1016D0007B68013BB3F1807F01D301230FE00A4A0D
:1016E0007B68013B53600F214FF0FF30FFF790FF05
:1016F000054B00229A60044B07221A60002318460B
:101700000837BD4680BD00BF10E000E080B582B064
:1017100000AF78607868FFF717FF00BF0837BD4655
:1017200080BD80B586B000AF0346B9607A60FB73B8
:1017300000237B61FFF72CFF78617A68B9687869CC
:10174000FFF790FF024697F90F3011461846FFF752
:101750005FFF00BF1837BD4680BD80B582B000AFC7
:101760000346FB7197F907301846FFF71FFF00BFCC
:101770000837BD4680BD80B582B000AF0346FB711F
:1017800097F907301846FFF729FF00BF0837BD4615
:1017900080BD80B582B000AF78607868FFF794FFB5
:1017A000034618460837BD4680BD80B582B000AFFD
:1017B00078607B68002B01D1012314E07B681B79E2
:1017C000DBB2002B05D17B6800225A717868FBF7E9
:1017D00071FF7B6802221A717B6800221A617B68A4
:1017E00001221A71002318460837BD4680BD80B417
:1017F00083B000AF786039607B685B79012B01D1E1
:10180000022339E07B6801225A717B6802221A7137
:101810007B681B68196801223B689A407B681B68DB
:101820000A431A603B68002B0FD17B681B681B685A
:1018300003F03C033C2B18D17B681B685A687B681B
:101840001B6842F001025A600FE07B681B681B684E
:1018500003F47013B3F5701F07D17B681B685A68D7
:101860007B681B6842F002025A607B6801221A7191
:101870007B6800225A71002318460C37BD4680BC95
:10188000704780B487B000AFF860B9607A60002319
:101890007B61FB685B79012B01D1022332E0FB689D
:1018A00001225A71FB6802221A71BB681A68BB6870
:1018B0005B6813437A6913437B61FB681B681A6892
:1018C00040F6FE717B6801FA03F3DB4302EA030191
:1018D0007A697B689A40FB681B680A431A60FB6858
:1018E0001B681968C0227B6802FA03F3DA43FB68BD
:1018F0001B680A401A60FB6801221A71FB6800220B
:101900005A71002318461C37BD4680BC704780B40E
:1019100087B000AFF860B9607A603B6000237B61FC
:10192000FB681B687B61BB68002B05D17A697B680B
:10193000134408337B6104E07A697B6813441433F1
:101940007B617B691A463B681360002318461C378D
:10195000BD4680BC7047000080B48BB000AF78609B
:1019600039600023FB610023BB6100237B610023FE
:101970003B6200233B6100237B6279E101227B6AA9
:1019800002FA03F3FB613B681B68FA691340BB6111
:10199000BA69FB699A4240F068813B685B68964A85
:1019A00093425ED0944A934275D8944A934258D059
:1019B000924A93426FD8924A934252D0904A9342AD
:1019C00069D8904A93424CD08E4A934263D88E4A4B
:1019D000934246D08C4A93425DD8122B2AD8122BC0
:1019E00059D801A252F823F0631A01083D1A0108E0
:1019F0004F1A0108911A0108971A0108971A01084D
:101A0000971A0108971A0108971A0108971A0108EE
:101A1000971A0108971A0108971A0108971A0108DE
:101A2000971A0108971A0108971A0108451A010820
:101A3000591A0108754A934213D02CE03B68DB68C1
:101A40003B6229E03B68DB6804333B6224E03B688F
:101A5000DB6808333B621FE03B68DB680C333B62AA
:101A60001AE03B689B68002B02D104233B6213E021
:101A70003B689B68012B05D108233B627B68FA69B0
:101A80001A6109E008233B627B68FA695A6103E046
:101A900000233B6200E000BFBB69FF2B01D87B68DD
:101AA00001E07B680433FB60BB69FF2B02D87B6AD3
:101AB0009B0002E07B6A083B9B003B61FB681A6865
:101AC0000F213B6901FA03F3DB431A40396A3B6992
:101AD00001FA03F31A43FB681A603B685B6803F082
:101AE0008053002B00F0C180494B9B69484A43F06A
:101AF00001039361464B9B6903F00103BB60BB6824
:101B0000444A7B6A9B08023352F823307B617B6A2C
:101B100003F003039B000F2202FA03F3DB437A690D
:101B200013407B617B683C4A93421FD07B683B4AF1
:101B3000934219D07B683A4A934213D07B68394A62
:101B400093420DD07B68384A934207D07B68374A6E
:101B5000934201D105230AE0062308E0042306E0AE
:101B6000032304E0022302E0012300E000237A6A59
:101B700002F00302920093407A6913437B61254986
:101B80007B6A9B0802337A6941F823203B685B68D3
:101B900003F48033002B06D0254B1A682449BB6917
:101BA00013430B6006E0224B1A68BB69DB432049F4
:101BB00013400B603B685B6803F40033002B06D0D6
:101BC0001B4B5A681A49BB6913434B6006E0184B1C
:101BD0005A68BB69DB43164913404B603B685B683E
:101BE00003F48013002B25D0114B9A681049BB6970
:101BF00013438B6025E000BF00003210000031105D
:101C0000000022100000211000001210000011102E
:101C1000001002400000014000080140000C01409B
:101C2000001001400014014000180140001C014058
:101C300000040140134B9A68BB69DB431149134010
:101C40008B603B685B6803F40013002B06D00D4BE0
:101C5000DA680C49BB691343CB6006E0094BDA68CC
:101C6000BB69DB4307491340CB607B6A01337B626E
:101C70007B6A0F2B7FF682AE00BF00BF2C37BD46BC
:101C800080BC70470004014080B485B000AF78602C
:101C90000B467B807B689A687B881340002B02D0C0
:101CA0000123FB7301E00023FB73FB7B1846143711
:101CB000BD4680BC704780B483B000AF78600B46EF
:101CC0007B8013467B707B78002B03D07A887B68FF
:101CD0001A6103E07B881A047B681A6100BF0C3725
:101CE000BD4680BC7047000080B586B000AF78600C
:101CF00000233B617B681B6803F00103002B00F0AD
:101D00008780924B5B6803F00C03042B0CD08F4B45
:101D10005B6803F00C03082B12D18C4B5B6803F457
:101D20008033B3F5803F0BD1884B1B6803F400333D
:101D3000002B6CD07B685B68002B68D101232DE2FF
:101D40007B685B68B3F5803F06D1804B1B687F4A98
:101D500043F4803313602EE07B685B68002B0CD16A
:101D60007A4B1B68794A23F480331360774B1B68E6
:101D7000764A23F4802313601DE07B685B68B3F52B
:101D8000A02F0CD1714B1B68704A43F48023136061
:101D90006E4B1B686D4A43F4803313600BE06B4B52
:101DA0001B686A4A23F480331360684B1B68674AD8
:101DB00023F4802313607B685B68002B13D0FFF74C
:101DC000B9FB386108E0FFF7B5FB02463B69D31A5F
:101DD000642B01D90323E1E15C4B1B6803F400335E
:101DE000002BF0D014E0FFF7A5FB386108E0FFF707
:101DF000A1FB02463B69D31A642B01D90323CDE131
:101E0000524B1B6803F40033002BF0D100E000BFFD
:101E10007B681B6803F00203002B63D04B4B5B68AD
:101E200003F00C03002B0BD0484B5B6803F00C0352
:101E3000082B1CD1454B5B6803F48033002B16D173
:101E4000424B1B6803F00203002B05D07B681B6923
:101E5000012B01D00123A1E13C4B1B6823F0F802C8
:101E60007B685B69DB00394913430B603AE07B68B0
:101E70001B69002B20D0364B01221A60FFF75AFB5A
:101E8000386108E0FFF756FB02463B69D31A022B84
:101E900001D9032382E12D4B1B6803F00203002BC1
:101EA000F0D02A4B1B6823F0F8027B685B69DB00EB
:101EB000264913430B6015E0254B00221A60FFF7FB
:101EC00039FB386108E0FFF735FB02463B69D31A5E
:101ED000022B01D9032361E11C4B1B6803F00203B1
:101EE000002BF0D17B681B6803F00803002B39D06E
:101EF0007B689B69002B19D0164B01221A60FFF7F3
:101F000019FB386108E0FFF715FB02463B69D31A5D
:101F1000022B01D9032341E10C4B5B6A03F002035E
:101F2000002BF0D0012000F0DFFA1BE0094B00226B
:101F30001A60FFF7FFFA38610EE0FFF7FBFA02467E
:101F40003B69D31A022B07D9032327E10010024073
:101F50000000424280044242924B5B6A03F002035B
:101F6000002BEAD17B681B6803F00403002B00F010
:101F7000A6800023FB758B4BDB6903F08053002B9D
:101F80000DD1884BDB69874A43F08053D361854B81
:101F9000DB6903F08053FB60FB680123FB75824B18
:101FA0001B6803F48073002B18D17F4B1B687E4A9B
:101FB00043F480731360FFF7BDFA386108E0FFF760
:101FC000B9FA02463B69D31A642B01D90323E5E031
:101FD000754B1B6803F48073002BF0D07B68DB68C3
:101FE000012B06D16F4B1B6A6E4A43F0010313624B
:101FF0002DE07B68DB68002B0CD16A4B1B6A694AB9
:1020000023F001031362674B1B6A664A23F0040343
:1020100013621CE07B68DB68052B0CD1614B1B6AEB
:10202000604A43F0040313625E4B1B6A5D4A43F04F
:10203000010313620BE05B4B1B6A5A4A23F0010356
:102040001362584B1B6A574A23F0040313627B68E0
:10205000DB68002B15D0FFF76DFA38610AE0FFF757
:1020600069FA02463B69D31A41F28832934201D998
:10207000032393E04B4B1B6A03F00203002BEED0CB
:1020800014E0FFF757FA38610AE0FFF753FA024607
:102090003B69D31A41F28832934201D903237DE090
:1020A000404B1B6A03F00203002BEED1FB7D012B9A
:1020B00005D13C4BDB693B4A23F08053D3617B68FD
:1020C000DB69002B69D0374B5B6803F00C03082BEE
:1020D00061D07B68DB69022B46D1344B00221A6049
:1020E000FFF728FA386108E0FFF724FA02463B6957
:1020F000D31A022B01D9032350E02A4B1B6803F0AB
:102100000073002BF0D17B681B6AB3F5803F08D1C8
:10211000244B5B6823F400327B689B68214913439E
:102120004B60204B5B6823F474127B68196A7B68F0
:102130005B6A0B431B4913434B601C4B01221A6023
:10214000FFF7F8F9386108E0FFF7F4F902463B6958
:10215000D31A022B01D9032320E0124B1B6803F092
:102160000073002BF0D018E0104B00221A60FFF72C
:10217000E1F9386108E0FFF7DDF902463B69D31A5F
:10218000022B01D9032309E0064B1B6803F00073FF
:10219000002BF0D101E0012300E00023184618379E
:1021A000BD4680BD00100240007000406000424209
:1021B00080B584B000AF786039600023FB607E4B4F
:1021C0001B6803F007033A689A4210D97A4B1B68E0
:1021D00023F0070278493B6813430B60764B1B687A
:1021E00003F007033A689A4201D00123E0E07B68DC
:1021F0001B6803F00203002B20D07B681B6803F0F0
:102200000403002B05D06D4B5B686C4A43F4E0631C
:1022100053607B681B6803F00803002B05D0674BF5
:102220005B68664A43F460535360644B5B6823F019
:10223000F0027B689B68614913434B607B681B68B5
:1022400003F00103002B6AD07B685B68012B07D188
:102250005A4B1B6803F40033002B15D10123A7E070
:102260007B685B68022B07D1544B1B6803F000733B
:10227000002B09D101239BE0504B1B6803F00203A4
:10228000002B01D1012393E04C4B5B6823F0030248
:102290007B685B68494913434B60FFF74BF9F86073
:1022A0007B685B68012B12D10AE0FFF743F9024615
:1022B000FB68D31A41F28832934201D9032377E0B5
:1022C0003E4B5B6803F00C03042BEED127E07B68E8
:1022D0005B68022B1DD10AE0FFF72CF90246FB6870
:1022E000D31A41F28832934201D9032360E0334B81
:1022F0005B6803F00C03082BEED110E0FFF71AF92E
:102300000246FB68D31A41F28832934201D9032373
:102310004EE02A4B5B6803F00C03002BEED1264BFA
:102320001B6803F007033A689A4210D2224B1B68DD
:1023300023F0070220493B6813430B601E4B1B68C8
:1023400003F007033A689A4201D0012330E07B682A
:102350001B6803F00403002B08D0184B5B6823F4C0
:10236000E0627B68DB68154913434B607B681B6840
:1023700003F00803002B09D0104B5B6823F4605274
:102380007B681B69DB000D4913434B6000F01CF8B0
:1023900002460A4B5B681B0903F00F030849CB5C3C
:1023A00022FA03F3074A13600F20FFF793F8002384
:1023B00018461037BD4680BD002002400010024084
:1023C000D07D01081C03002090B48AB000AF294BD7
:1023D0003C1D0FCB84E80F0040F201233B8000231B
:1023E000FB610023BB6100237B6200237B61002330
:1023F0003B62214B5B68FB61FB6903F00C03042B20
:1024000002D0082B03D02BE01C4B3B622BE0FB6976
:102410009B0C03F00F0328333B4413F8243C7B61EF
:10242000FB6903F48033002B12D0134B5B685B0C09
:1024300003F0010328333B4413F8283CBB617B695C
:102440000E4A03FB02F2BB69B2FBF3F37B6204E0CA
:102450007B690B4A02FB03F37B627B6A3B6202E00F
:10246000064B3B6200BF3B6A18462837BD4690BC0E
:10247000704700BFEC6901080010024000127A00AA
:1024800000093D0080B400AF024B1B681846BD46F2
:1024900080BC70471C03002080B500AFFFF7F2FF3F
:1024A0000246054B5B681B0A03F007030349CB5C3C
:1024B00022FA03F3184680BD00100240E07D0108B7
:1024C00080B500AFFFF7DEFF0246054B5B68DB0A15
:1024D00003F007030349CB5C22FA03F3184680BDDF
:1024E00000100240E07D010880B485B000AF786044
:1024F0000B4B1B680B4AA2FB03235B0A7A6802FBA7
:1025000003F3FB6000BF00BFFB685A1EFA60002B9C
:10251000F8D100BF00BF1437BD4680BC704700BF74
:102520001C030020D34D621080B582B000AF7860EC
:102530007B68002B01D101231DE07B6893F83D30BF
:10254000DBB2002B06D17B68002283F83C20786840
:1025500000F015F87B68022283F83D207B681A683A
:102560007B6804331946104600F084FA7B68012228
:1025700083F83D20002318460837BD4680BD80B44F
:1025800083B000AF786000BF0C37BD4680BC704799
:1025900080B582B000AF78607B68002B01D1012349
:1025A0001DE07B6893F83D30DBB2002B06D17B68E1
:1025B000002283F83C20786800F015F87B6802223E
:1025C00083F83D207B681A687B68043319461046FF
:1025D00000F050FA7B68012283F83D200023184662
:1025E0000837BD4680BD80B483B000AF786000BFBF
:1025F0000C37BD4680BC704780B582B000AF7860B4
:1026000039607B681B6801223968184600F019FDA3
:102610007B681B68104A934204D07B681B680F4A92
:10262000934201D1012300E00023002B07D07B68F7
:102630001B685A6C7B681B6842F400425A647B68D2
:102640001B681A687B681B6842F001021A6000234D
:1026500018460837BD4680BD002C014000340140BB
:1026600080B582B000AF786039607B681B6800225B
:102670003968184600F0E5FC7B681B68224A9342E3
:1026800004D07B681B68214A934201D1012300E0FA
:102690000023002B17D07B681B681A6A41F21113C4
:1026A0001340002B0FD17B681B681A6A40F2444329
:1026B0001340002B07D17B681B685A6C7B681B6832
:1026C00022F400425A647B681B681A6A41F21113B3
:1026D0001340002B0FD17B681B681A6A40F24443F9
:1026E0001340002B07D17B681B681A687B681B6846
:1026F00022F001021A607B68012283F83D2000234A
:1027000018460837BD4680BD002C0140003401400A
:1027100080B584B000AFF860B9607A60FB6893F868
:102720003C30012B01D10223B4E0FB68012283F885
:102730003C20FB68022283F83D207B680C2B00F2D2
:102740009F8001A252F823F07D270108812801080B
:102750008128010881280108BD2701088128010876
:102760008128010881280108FF2701088128010824
:1027700081280108812801083F280108FB681B689F
:10278000B968184600F0F4F9FB681B689A69FB68A1
:102790001B6842F008029A61FB681B689A69FB6833
:1027A0001B6822F004029A61FB681B689969BB6888
:1027B0001A69FB681B680A439A6162E0FB681B6840
:1027C000B968184600F04AFAFB681B689A69FB680A
:1027D0001B6842F400629A61FB681B689A69FB6897
:1027E0001B6822F480629A61FB681B689969BB6868
:1027F0001B691A02FB681B680A439A6141E0FB6887
:102800001B68B968184600F0A3FAFB681B68DA6910
:10281000FB681B6842F00802DA61FB681B68DA6932
:10282000FB681B6822F00402DA61FB681B68D96947
:10283000BB681A69FB681B680A43DA6121E0FB6820
:102840001B68B968184600F0FDFAFB681B68DA6976
:10285000FB681B6842F40062DA61FB681B68DA6996
:10286000FB681B6822F48062DA61FB681B68D96927
:10287000BB681B691A02FB681B680A43DA6100E047
:1028800000BFFB68012283F83D20FB68002283F82B
:102890003C20002318461037BD4680BD80B584B06B
:1028A00000AF786039600023FB607B6893F83C30B0
:1028B000012B01D10223D8E07B68012283F83C2060
:1028C0007B68022283F83D207B681B689B68FB6065
:1028D000FB6823F07703FB60FB6823F47F43FB6016
:1028E0007B681B68FA689A603B681B68B3F5005FF9
:1028F00052D0B3F5005F00F2AE80B3F5805F27D011
:10290000B3F5805F00F2A780702B2AD0702B00F205
:10291000A280602B63D0602B00F29D80502B4ED0A4
:10292000502B00F29880402B69D0402B00F293800E
:10293000302B00F08980302B00F28D80202B7CD052
:10294000202B00F28880002B69D0102B6ED082E003
:102950007B681B689A687B681B6822F007029A6094
:102960007AE07B6818683B6899683B685A683B68FE
:10297000DB6800F045FB7B681B689B68FB60FB68BD
:1029800023F07703FB60FB6843F07703FB607B6811
:102990001B68FA689A605FE07B6818683B68996812
:1029A0003B685A683B68DB6800F02AFB7B681B6861
:1029B0009A687B681B6842F480429A604CE07B68AE
:1029C00018683B6859683B68DB681A4600F094FA5F
:1029D0007B681B685021184600F0F3FA3CE07B68E6
:1029E00018683B6859683B68DB681A4600F0B6FA1D
:1029F0007B681B686021184600F0E3FA2CE07B68D6
:102A000018683B6859683B68DB681A4600F074FA3E
:102A10007B681B684021184600F0D3FA1CE07B68F5
:102A20001B680021184600F0CCFA15E07B681B6893
:102A30001021184600F0C5FA0EE07B681B682021C3
:102A4000184600F0BEFA07E07B681B683021184684
:102A500000F0B7FA00E000BF7B68012283F83D2058
:102A60007B68002283F83C20002318461037BD46BF
:102A700080BD000080B485B000AF7860396000236D
:102A8000FB607B681B68FB607B68344A934213D011
:102A90007B68334A93420FD07B68B3F1804F0BD0F1
:102AA0007B68304A934207D07B682F4A934203D019
:102AB0007B682E4A934208D1FB6823F07003FB60C9
:102AC0003B685B68FA681343FB607B68234A934268
:102AD00013D07B68224A93420FD07B68B3F1804FBA
:102AE0000BD07B681F4A934207D07B681E4A9342F3
:102AF00003D07B681D4A934208D1FB6823F44073DE
:102B0000FB603B68DB68FA681343FB60FB6823F0FB
:102B10008003FB603B685B69FA681343FB607B687A
:102B2000FA681A603B689A687B68DA623B681A68E0
:102B30007B689A627B68094A934203D07B68084AA3
:102B4000934203D13B681A697B681A637B68012250
:102B50005A6100BF1437BD4680BC7047002C01404D
:102B6000003401400004004000080040000C004018
:102B700080B487B000AF786039600023FB60002329
:102B80007B6100233B617B681B6A23F001027B6849
:102B90001A627B681B6A7B617B685B683B617B6850
:102BA0009B69FB60FB6823F07003FB60FB6823F00C
:102BB0000303FB603B681B68FA681343FB607B6997
:102BC00023F002037B613B689B687A6913437B6156
:102BD0007B68204A934203D07B681F4A93420CD102
:102BE0007B6923F008037B613B68DB687A691343E8
:102BF0007B617B6923F004037B617B68154A934208
:102C000003D07B68144A934211D13B6923F480734B
:102C10003B613B6923F400733B613B685B693A6944
:102C200013433B613B689B693A6913433B617B6893
:102C30003A695A607B68FA689A613B685A687B68AF
:102C40005A637B687A691A6200BF1C37BD4680BC34
:102C5000704700BF002C01400034014080B487B0B1
:102C600000AF786039600023FB6000237B610023A4
:102C70003B617B681B6A23F010027B681A627B68E9
:102C80001B6A7B617B685B683B617B689B69FB605F
:102C9000FB6823F4E043FB60FB6823F44073FB60B4
:102CA0003B681B681B02FA681343FB607B6923F0D7
:102CB00020037B613B689B681B017A6913437B613E
:102CC0007B68214A934203D07B68204A93420DD10E
:102CD0007B6923F080037B613B68DB681B017A69B9
:102CE00013437B617B6923F040037B617B68164A59
:102CF000934203D07B68154A934213D13B6923F476
:102D000080633B613B6923F400633B613B685B6923
:102D10009B003A6913433B613B689B699B003A699E
:102D200013433B617B683A695A607B68FA689A6131
:102D30003B685A687B689A637B687A691A6200BF4D
:102D40001C37BD4680BC7047002C01400034014058
:102D500080B487B000AF786039600023FB60002347
:102D60007B6100233B617B681B6A23F480727B6874
:102D70001A627B681B6A7B617B685B683B617B686E
:102D8000DB69FB60FB6823F07003FB60FB6823F0EA
:102D90000303FB603B681B68FA681343FB607B69B5
:102DA00023F400737B613B689B681B027A691343C1
:102DB0007B617B68214A934203D07B68204A93421F
:102DC0000DD17B6923F400637B613B68DB681B02E8
:102DD0007A6913437B617B6923F480637B617B6841
:102DE000164A934203D07B68154A934213D13B693C
:102DF00023F480533B613B6923F400533B613B6800
:102E00005B691B013A6913433B613B689B691B018A
:102E10003A6913433B617B683A695A607B68FA6898
:102E2000DA613B685A687B68DA637B687A691A62A0
:102E300000BF1C37BD4680BC704700BF002C01405E
:102E40000034014080B487B000AF7860396000235F
:102E50003B610023FB6000237B617B681B6A23F4DA
:102E600080527B681A627B681B6AFB607B685B68C8
:102E70007B617B68DB693B613B6923F4E0433B6139
:102E80003B6923F440733B613B681B681B023A6952
:102E900013433B61FB6823F40053FB603B689B6872
:102EA0001B03FA681343FB607B68114A934203D00B
:102EB0007B68104A934209D17B6923F480437B618C
:102EC0003B685B699B017A6913437B617B687A6924
:102ED0005A607B683A69DA613B685A687B681A64B1
:102EE0007B68FA681A6200BF1C37BD4680BC704719
:102EF000002C01400034014080B487B000AFF8607E
:102F0000B9607A6000237B6100233B61FB681B6A28
:102F10003B61FB681B6A23F00102FB681A62FB68D5
:102F20009B697B617B6923F0F0037B617B681B01FC
:102F30007A6913437B613B6923F00A033B613A6979
:102F4000BB6813433B61FB687A699A61FB683A6925
:102F50001A6200BF1C37BD4680BC704780B487B082
:102F600000AFF860B9607A6000237B6100233B61A9
:102F7000FB681B6A23F01002FB681A62FB689B69FE
:102F80007B61FB681B6A3B617B6923F470437B6157
:102F90007B681B037A6913437B613B6923F0A003C1
:102FA0003B61BB681B013A6913433B61FB687A696B
:102FB0009A61FB683A691A6200BF1C37BD4680BC43
:102FC000704780B485B000AF78600B467B800023EB
:102FD000FB607B689B68FB60FB6823F07003FB6011
:102FE0007B8843F007039BB21A46FB681343FB60E0
:102FF0007B68FA689A6000BF1437BD4680BC704792
:1030000080B487B000AFF860B9607A603B6000239D
:103010007B61FB689B687B617B6923F47F437B61F9
:103020003B681A027B681A43BB6813437A691343EF
:103030007B61FB687A699A6000BF1C37BD4680BC23
:10304000704780B487B000AFF860B9607A60002341
:103050007B610122BB6802FA03F37B61FB681A6A99
:103060007B69DB431A40FB681A62FB681A6A79685D
:10307000BB6801FA03F31A43FB681A6200BF1C37EE
:10308000BD4680BC704780B485B000AF78603960C1
:103090000023FB607B6893F83C30012B01D10223B5
:1030A00044E07B68012283F83C20FB6823F0FF02A8
:1030B0003B68DB681343FB60FB6823F440723B68AA
:1030C0009B681343FB60FB6823F480623B685B688A
:1030D0001343FB60FB6823F400623B681B681343E7
:1030E000FB60FB6823F480523B681B691343FB6061
:1030F000FB6823F400523B685B691343FB60FB6889
:1031000023F480423B689B691343FB60FB6823F414
:1031100000423B689B691343FB607B681B68FA684D
:103120005A647B68002283F83C2000231846143739
:10313000BD4680BC704780B483B000AF7860396012
:103140007B6893F83C30012B01D1022332E07B688D
:10315000012283F83C207B68022283F83D207B68B3
:103160001B685A687B681B6822F070025A607B6893
:103170001B6859683B681A687B681B680A435A6079
:103180007B681B689A687B681B6822F080029A60E3
:103190007B681B6899683B685A687B681B680A43B0
:1031A0009A607B68012283F83D207B68002283F8C7
:1031B0003C20002318460C37BD4680BC704780B5C4
:1031C00082B000AF78607B68002B01D101233FE023
:1031D0007B6893F83930DBB2002B06D17B68002284
:1031E00083F83820786800F037F87B68242283F869
:1031F00039207B681B68DA687B681B6822F4005200
:10320000DA60786800F032F87B681B681A697B68BE
:103210001B6822F490421A617B681B685A697B68BC
:103220001B6822F02A025A617B681B68DA687B6897
:103230001B6842F40052DA607B680022DA637B6824
:10324000202283F839207B68202283F83A2000234B
:1032500018460837BD4680BD80B483B000AF7860A3
:1032600000BF0C37BD4680BC70470000B0B584B0CD
:1032700000AF78600023FB607B681B681B6923F448
:1032800040517B68DA687B681B680A431A617B6877
:103290009A687B681B691A437B685B691343FA6809
:1032A0001343FB607B681B68DB6823F4B05323F097
:1032B0000C037A681268F9680B43D3607B681B685B
:1032C0005B6923F440717B689A697B681B680A43D9
:1032D0005A617B681B686F4A93426BD1FFF7F0F825
:1032E000024613469B0013449A001A447B685B68AD
:1032F0009B00B2FBF3F3684AA2FB03235B091C01AA
:10330000FFF7DEF8024613469B0013449A001A4466
:103310007B685B689B00B2FBF3F5FFF7D1F80246D0
:1033200013469B0013449A001A447B685B689B0019
:10333000B2FBF3F3584AA2FB03235B09642202FBAE
:1033400003F3EB1A1B013233534AA2FB03235B093D
:1033500003F0F0031C44FFF7B3F8024613469B004A
:1033600013449A001A447B685B689B00B2FBF3F538
:10337000FFF7A6F8024613469B0013449A001A442E
:103380007B685B689B00B2FBF3F3434AA2FB032319
:103390005B09642202FB03F3EB1A1B0132333E4A42
:1033A000A2FB03235B0903F00F027B681B68224426
:1033B0009A606AE0FFF770F8024613469B001344D8
:1033C0009A001A447B685B689B00B2FBF3F3324AB5
:1033D000A2FB03235B091C01FFF75EF802461346BC
:1033E0009B0013449A001A447B685B689B00B2FB05
:1033F000F3F5FFF751F8024613469B0013449A0079
:103400001A447B685B689B00B2FBF3F3224AA2FB81
:1034100003235B09642202FB03F3EB1A1B01323323
:103420001D4AA2FB03235B0903F0F0031C44FFF7D2
:1034300033F8024613469B0013449A001A447B68F3
:103440005B689B00B2FBF3F5FFF726F802461346D4
:103450009B0013449A001A447B685B689B00B2FB94
:10346000F3F30D4AA2FB03235B09642202FB03F37F
:10347000EB1A1B013233084AA2FB03235B0903F05A
:103480000F027B681B6822449A6000BF1037BD465C
:10349000B0BD00BF003801401F85EB5180B400AFC4
:1034A000054B1B7D054B5B69044A43F001035361E7
:1034B00000BFBD4680BC704760340020000401405E
:1034C00080B400AF084B1B7DDBB2012B01D1064B52
:1034D000DB7D064B5B69054A43F00203536100BF85
:1034E000BD4680BC704700BF60340020000401402E
:1034F00080B400AF0B4B1B7DDBB2012B08D1094B15
:103500001B7EDBB2012B03D1064BDB7DDBB2002B34
:10351000054B5B69044A43F00403536100BFBD4699
:1035200080BC7047603400200004014080B400AFCC
:103530000A4B1B7DDBB2012B06D1084B1B7EDBB295
:10354000012B01D1054BDB7D054B5B69044A43F040
:103550000803536100BFBD4680BC70476034002043
:103560000004014080B400AF044B5B69034A43F0A0
:103570001003536100BFBD4680BC7047000401408A
:1035800080B400AF2C4B5B6903F48063B3F5806FAC
:1035900005D1294B5B69284A43F480635361264B6C
:1035A0005B6903F40053002B05D0234B5B69224A6F
:1035B00043F400535361204B5B6903F48043002BB9
:1035C00005D01D4B5B691C4A43F4804353611A4B81
:1035D0005B6903F48053002B05D0174B5B69164AD7
:1035E00043F480535361144B5B6903F40063002B75
:1035F00005D0114B5B69104A43F4006353610E4BD5
:103600005B6903F48063002B05D00B4B5B690A4AAE
:1036100043F480635361084B5B6903F40043002B60
:1036200005D0054B5B69044A43F40043536100BF76
:10363000BD4680BC704700BF0004014090B599B002
:1036400018AF354B5968354B1B781A46C9B2344B05
:103650009954324B1B780133DAB2304B1A702F4B2E
:103660001B78012B07D12E4B1B785A2B44D02B4BA8
:1036700000221A704DE0294B1B78022B0BD1284BEE
:103680001B785A2B03D1264B5B78A52B34D0234BC8
:1036900000221A703DE0214B1B78022B2CD91F4BC6
:1036A0001B78033B1E4A9278934225D11B4B1A7814
:1036B0001B4B83F86420194B00221A70184BDB78DF
:1036C000832B0CD1164B1B79602B08D1144B5B79E3
:1036D000002B04D1134B1B68134898470CE0104C87
:1036E000684604F10C035922194600F0B9FE94E82B
:1036F0000E000E48EFF7C6FD084B1B781E2B02D9B3
:10370000064B00221A70044B1B68034A23F0200367
:1037100013600437BD4690BD00440040B53700201B
:10372000503700207001002058370020A82B0020BF
:103730002DE9B04300AF4B4B1B680133494A13607E
:10374000484B1B68B3F5FA7F05D9464B00221A6037
:103750000020FCF781FC444B1B680133424A136094
:10376000414B1B68322B06D93F4B00221A603F4B5E
:10377000012283F828203D4B1B78DBB20A2B3DD970
:103780003B4B1B6801333A4A1360394B1B68B3F556
:103790007A7F33D3364B00221A60364B1B680133D5
:1037A000344A1360334B1B68772B27D9314B0022E7
:1037B0001A602E4B00221A702020FAF745F82B4B86
:1037C0005B7DDBB2002B0AD10A222B4947F2106045
:1037D000FAF7E2F811212948FAF75EF90EE0234BD7
:1037E0005B7DDBB2012B09D10A22254947F210602B
:1037F000FAF7D2F818212348FAF74EF91B4B1B7839
:10380000DBB20A2B15D9204B1B78002B0AD01F4B9B
:10381000D3E9002312F1010843F100091B4BC3E96E
:10382000008906E019494FF000024FF00003C1E99A
:103830000023174B1B78002B09D0164BD3E900232C
:10384000541C43F10005134BC3E9004506E0114940
:103850004FF000024FF00003C1E9002300BFBDE8B4
:10386000B08300BFB8370020BC3700206034002090
:10387000C0370020B4350020FC690108086A01083F
:103880001C6A0108286A0108B8350020C0350020EC
:10389000C8350020D035002080B500AF084B1B692B
:1038A00003F00103002B08D00020F4F717F9044BB4
:1038B0001B69034A23F00103136100BF80BD00BFF1
:1038C000000C004080B400AF194B1B68184A23F06D
:1038D00020031360164B5968164B1B781A46C9B261
:1038E000154B9954134B1B780133DAB2114B1A70F4
:1038F000114B1B78002B03D00E4B00221A7013E0E3
:103900000C4B1B78013B0C4AD35CFF2B0CD1094BB1
:103910001B78023B084AD35CFF2B05D1054B0022E4
:103920001A70064B01221A70BD4680BC704700BF5A
:1039300000380140C4370020943300209033002029
:1039400080B500AF00F0FCFC40F2DC50FDF727F83A
:103950000520FDF7DBFEEDF73DFBF4F7E1FEFDF79B
:103960007DF9FDF731F8FCF74BFB2748EFF778FCC2
:103970002648EFF775FCFCF75BFFFCF793FEFBF7BF
:103980004BF82020F9F784FF214B002283F84720D1
:10399000FDF772FDEDF702FD08221E494FF40040CD
:1039A000F9F79AFF01221C494FF40040F9F794FF00
:1039B000174B0022DA75164B00229A75144B012220
:1039C00083F8502008211548FCF7D6FEFBF74EFF80
:1039D0000020F9F7F7FE00F023F8EFF7DDFCF8F729
:1039E00081FE01210020FCF735FD0346002B01D1AB
:1039F000F9F75AFD01210120FCF72CFD0346002BAD
:103A0000E4D1F9F779FDE1E7A82B0020C0230020DD
:103A100060340020446A0108506A01080800002050
:103A200080B500AF0020F8F761FF00F087F9B74BD1
:103A300093F83730DBB2002B56D00C20FDF706FA96
:103A40000346012B25D1B24B01221A70AF4B5B7D8F
:103A5000DBB2002B04D11821AE48FAF737F808E0A2
:103A6000AA4B5B7DDBB2012B03D12021AA48FAF7D8
:103A70002DF80120F9F7D8F80220F9F7D5F803203E
:103A8000F9F7D2F80420F9F7CFF80520F9F7CCF8C8
:103A90003BE10C20FDF7DAF90346002B24D19C4BC7
:103AA0001B78012B20D10220FCF779FF0C20FDF7B9
:103AB000CDF90346002B17D1954B00221A70934B7A
:103AC0005B7DDBB2002B04D114219448F9F7FEFF93
:103AD00008E08E4B5B7DDBB2012B03D114219048B3
:103AE000F9F7F4FFF9F7D8FA884B1B7DDBB2012B0D
:103AF00056D10320FDF75AF80346002B2ED105209E
:103B0000FCF74DFF0320FDF751F80346002B47D18A
:103B1000844B01221A707D4B5B7DDBB2002B04D1FC
:103B200020218148F9F7B8FF08E0784B5B7DDBB2D4
:103B3000012B03D124217D48F9F7AEFF0120F9F7CD
:103B400073F80220F9F770F80320F9F76DF80420F4
:103B5000F9F76AF80520F9F767F8D6E00320FDF7D2
:103B600025F80346012B1BD16E4B1B78012B17D177
:103B70006C4B00221A70654B5B7DDBB2002B04D1CD
:103B800018216B48F9F7A2FF08E0604B5B7DDBB2C0
:103B9000012B03D11D216748F9F798FFF9F77CFA4B
:103BA0000020F8F7B7FAF8F73DFA584B9B7DDBB2E7
:103BB000012B0BD1554B93F82E30DBB2002B02D0EA
:103BC0000020F8F781FC0020F8F740FD4F4B1B7DEB
:103BD000DBB2032B00F08580032B00F39680012BD2
:103BE00002D0022B31D090E0484B9B7DDBB2012B01
:103BF00040F08680454BDB7DDBB2012B02D00020FC
:103C0000F7F798FF0020F5F70DF80020F5F7B8FB5F
:103C10003E4B93F83130DBB2002B10D00120FCF783
:103C2000C5FF0346002B0AD1434B03F5805393F89D
:103C30002430002B03D0354B0022DA7665E00020DB
:103C4000F6F750F9F3F7CCFF5AE00020F6F74AF9FF
:103C50000020F4F7E7FF0020F5F792FB0020F5F7CE
:103C60002BFE2A4BDB7DDBB2012B02D00020F7F7C5
:103C700061FF264B93F84730DBB2042B42D0002083
:103C8000FCF7B4FF0346002B17D00120FCF7AEFF72
:103C90000346002B11D00220FCF7A8FF0346002B9F
:103CA0000BD00320FCF7A2FF0346002B05D0042015
:103CB000FCF79CFF0346002B24D10120F8F7B4FF4A
:103CC0000220F8F7B1FF0320F8F7AEFF0F4B0122F7
:103CD00083F846200420F8F7A7FF0520F8F7A4FF93
:103CE00010E00A4B9B7DDBB2012B0DD10020F7F7D2
:103CF000DFFC0020F4F796FF0020F5F741FB03E01E
:103D000000BF02E000BF00E000BF80BD60340020C3
:103D1000C5370020546A0108706A0108946A0108D6
:103D2000AC6A0108C6370020C46A0108E46A0108C9
:103D30000C6B0108286B0108A403002080B500AFBC
:103D4000A94B93F83730DBB2002B22D00C20FDF7C3
:103D50007DF80346012B13D1A44B1B78012B0FD107
:103D60000220FCF71CFE0C20FDF770F80346012B27
:103D700006D19E4B00221A709B4B022283F825200D
:103D80000C20FDF763F80346002B02D1974B01226C
:103D90001A700220FCF70AFF0346002B6FD1944BE8
:103DA0001B78012B6BD10A20FCF7F9FD0220FCF7F0
:103DB000FDFE0346002B62D18D4B00221A708A4B08
:103DC00093F83830DBB2002B3DD0874B1B7DDBB244
:103DD000012B38D0844B5B7DDBB2002B04D10F214B
:103DE0008448F9F759FE08E07F4B5B7DDBB2012B7D
:103DF00003D116218048F9F74FFE7B4B01221A753B
:103E0000794B1B7DDBB219464620F9F7FFFB764B59
:103E10001B7DDBB21846FBF76FFC0120FDF716F89F
:103E20000346002B0FD1704B9B7DDBB2012B0AD1D7
:103E30006D4B5B7FDBB2012B02D10320F8F71EFE36
:103E40000520F8F71BFE684B1B7DDBB2012B40F011
:103E5000F4810120FCF7CAFE0346002B06D1624B19
:103E6000002283F846200420F8F7DEFE5E4B9B7D9F
:103E7000DBB2002B03D15C4B012283F83F200220F0
:103E8000FCF794FE0346012B02D1594B01221A7014
:103E9000554B1B7DDBB2012B40F0D1810320FCF799
:103EA00085FE0346002B13D1544B1B78012B0FD1F9
:103EB0000520FCF774FD0320FCF778FE0346002B79
:103EC00006D14E4B00221A70474B012283F8252061
:103ED0000320FCF76BFE0346012B02D1474B012266
:103EE0001A70414B9B7DDBB2002B05D13E4BDB7D35
:103EF000DBB2002B40F0A5813B4B93F83130DBB2B5
:103F0000002B40F0BF80384B93F82C30DBB2012BF4
:103F100048D1354B93F82030DBB2002B42D1384BDF
:103F200003F5805393F82430002B3BD10220FCF79B
:103F30008DFF0346002B00F088800320FCF786FFEE
:103F40000346002B00F08180274B93F82430DBB22E
:103F5000002B7AD00A20FCF722FD0220FCF776FF26
:103F60000346002B71D00320FCF770FF0346002BA3
:103F70006BD01D4B5B7DDBB2002B04D10D212148A2
:103F8000F9F78AFD08E0184B5B7DDBB2012B03D10A
:103F900014211D48F9F780FD134B5B7EDAB2124BFA
:103FA000DA7652E00020FCF701FE0346002B42D1F6
:103FB000164B1B78012B3ED10A20FCF7F0FC0A4B74
:103FC00093F82430DBB2002B22D00020FCF7EEFD6A
:103FD0000346002B2FD10D4B00221A70024B5B7E43
:103FE000DAB2014BDA7626E06034002015030020B7
:103FF00016030020486B0108586B010817030020C6
:10400000A4030020706B0108806B010818030020D6
:104010008D4B5B7DDBB2002B04D10A218B48F9F775
:104020003BFD08E0884B5B7DDBB2012B03D1132104
:104030008748F9F731FD0020FCF7B8FD0346012B56
:1040400004D1844B01221A7000E000BF7E4B93F82C
:104050002130DBB2002B00F08A800120FCF7A6FDA6
:104060000346002B00F083800A20FCF798FC012017
:10407000FCF79CFD0346002B79D0734B012283F89B
:10408000232074E0704BDB7EDBB2002B4AD1022090
:10409000FCF7DCFE0346002B44D00320FCF7D6FEE1
:1040A0000346002B3ED0684B93F82430DBB2002B44
:1040B00004D1654BDB7DDBB2042B33D10A20FCF746
:1040C0006EFC654B1B8801339AB2634B1A80624BBE
:1040D0001B88092B26D9604B00221A800220FCF78E
:1040E000B5FE0346002B1DD00320FCF7AFFE0346B0
:1040F000002B17D0544B5B7DDBB2002B04D10D217C
:104100005648F9F7C9FC08E04F4B5B7DDBB2012B49
:1041100003D114215248F9F7BFFC4B4B5B7EDAB256
:10412000494BDA76484B93F82330DBB2002B1ED193
:10413000454B93F82130DBB2002B05D1424B93F86D
:104140002230DBB2002B12D00120FCF72FFD0346FA
:10415000002B0CD00A20FCF722FC0120FCF726FDE6
:104160000346002B03D0384B012283F823203D4B1C
:104170001B7F002B57D1344B93F82130DBB2002B3F
:1041800051D10120FCF712FD0346002B4BD1364BD9
:104190001B78012B47D10A20FCF701FC0120FCF71A
:1041A00005FD0346002B3ED1274B93F83230DBB29E
:1041B000002B25D12D4B5B6B4FF000011846ECF71F
:1041C000DFFE0346002B07D0274B00221A701E4B40
:1041D000012283F8202026E01B4B5B7DDBB2002B05
:1041E00004D11B212248F9F757FC1CE0164B5B7DDC
:1041F000DBB2012B17D121211E48F9F74DFC12E04B
:10420000114B5B7DDBB2002B04D110211A48F9F76A
:1042100043FC08E00C4B5B7DDBB2012B03D11D217D
:104220001648F9F739FC0120FCF7C0FC0346012BC6
:1042300008D10D4B01221A7004E000BF02E000BF5C
:1042400000E000BF80BD00BF60340020986B010813
:10425000A46B010818030020C8370020706B010808
:10426000806B0108A403002019030020BC34002047
:10427000B86B0108D46B0108F86B01080C6C0108DD
:1042800080B584B000AF7860114B1B68002B02D161
:104290000F4B104A1A600E4B1B68FB600C4B1A68E0
:1042A0007B6813446A46934207D900F0AFF803468F
:1042B0000C221A604FF0FF3306E0054B1A687B684A
:1042C0001344034A1360FB6818461037BD4680BD8F
:1042D000CC370020E037002080B400AF154B1B68BE
:1042E000144A43F001031360124B5A681149124BF0
:1042F00013404B600F4B1B680E4A23F0847323F46A
:10430000803313600B4B1B680A4A23F4802313602D
:10431000084B5B68074A23F4FE035360054B4FF4D8
:104320001F029A60054B4FF000629A6000BFBD46C5
:1043300080BC7047001002400000FFF800ED00E074
:1043400080B590B000AF07F118032822002118466D
:1043500000F094F83B1D00221A605A609A60DA60FF
:104360001A610123BB614FF48033FB6100233B6280
:104370000123BB6202237B634FF48033BB634FF4A2
:10438000E013FB6307F118031846FDF7ADFC0F239C
:104390007B600223BB600023FB604FF480633B61C2
:1043A00000237B613B1D02211846FDF701FF00BF82
:1043B0004037BD4680BD00000D4885460D480E497A
:1043C0000E4A002302E0D458C4500433C4188C426F
:1043D000F9D30B4A0B4C002301E013600432A242D4
:1043E000FBD3FFF779FF00F017F8FFF7A9FAFEE714
:1043F000000001200000002084030020247E01082A
:1044000088030020E0370020FEE70000014B186819
:10441000704700BF2003002070B500260C4D0D4CE6
:10442000641BA410A64209D100F09CFC00260A4D92
:104430000A4C641BA410A64205D170BD55F8043B7C
:1044400098470136EEE755F8043B98470136F2E706
:104450001C7E01081C7E01081C7E0108207E0108CC
:104460000A44914200F1FF3300D1704710B511F8B2
:10447000014B914203F8014FF9D110BD03460244AC
:10448000934200D1704703F8011BF9E70EB46FF0B7
:10449000004100B59CB01DAB0290069007910491BD
:1044A0000848094953F8042B0591006802A90193B3
:1044B00000F068F80022029B1A701CB05DF804EB53
:1044C00003B07047200300200802FFFF2DE9F047EA
:1044D0008E6882469E420C4690461F4638D88A898E
:1044E00012F4906F32D0256809690133A5EB0109F8
:1044F00065694B4405EB450505EBD5756D109D428F
:1045000038BF1D46530531D5294600F061FB0646EC
:1045100050B90C234FF0FF30CAF80030A38943F0A4
:104520004003A381BDE8F0874A462169FFF798FF61
:10453000A38923F4906343F08003A38126614E4452
:1045400026603E466561A5EB0905A560BE4200D91F
:104550003E4632464146206800F0B8FAA368002083
:104560009B1BA360236833442360DBE72A4600F0EB
:10457000A3FB06460028E1D15046216900F0C0FAAD
:10458000C7E700002DE9F04F98468B8907461B06C8
:104590000D4614469DB00ED50B6963B9402100F05D
:1045A00017FB2860286120B90C233B604FF0FF30D7
:1045B000D1E040236B610023099320238DF829303B
:1045C00030234FF00109CDF80C80DFF8A4818DF87D
:1045D0002A3023469A4613F8012B0AB1252AF9D12D
:1045E000BAEB040B0BD05B46224629463846FFF750
:1045F0006DFF013000F0AA80099A5A4409929AF896
:104600000030002B00F0A28000234FF0FF32CDE9F4
:1046100005230AF1010A049307938DF853301A9386
:104620005446052214F8011B514800F041FA049A3F
:10463000D8B9D00644BF20238DF85330110744BFAA
:104640002B238DF853309AF800302A2B15D054467E
:1046500000204FF00A0C079A214611F8013B303B2D
:10466000092B4ED9B0B1079214E0A0EB080309FA68
:1046700003F31343A2460493D2E7039B191D1B685F
:104680000391002BBBBF5B4242F0020207930793EA
:10469000B8BF049223782E2B0CD163782A2B35D106
:1046A000039B02341A1D1B680392002BB8BF4FF006
:1046B000FF330593DFF8BCA003225046217800F0B9
:1046C000F7F940B14023A0EB0A0003FA00F0049B85
:1046D00001340343049314F8011B062226488DF885
:1046E000281000F0E5F9002838D0244B1BBB039BB1
:1046F000073323F0070308330393099B33440993DB
:1047000067E70C4601200CFB0232A5E700234FF0BF
:104710000A0C194601340593204610F8012B303A53
:10472000092A03D9002BC5D00591C3E7044601230C
:104730000CFB0121F0E703AB00932A463846104BEF
:1047400004A9AFF30080421C0646D6D1AB895B06B4
:104750003FF52CAF09981DB0BDE8F08F03AB009377
:104760002A463846064B04A900F07CF8EBE700BF68
:10477000E87D0108EE7D0108F27D010800000000DF
:10478000CD4401082DE9F047164699468A680B6921
:1047900007469342B8BF1346336091F843200C4656
:1047A000DDF820800AB1013333602368990642BFE7
:1047B000336802333360256815F0060506D104F12D
:1047C000190AE36832689B1AAB4228DC94F843204C
:1047D000131E226818BF012392062DD4494638467D
:1047E00004F14302C047013020D02368E56803F09C
:1047F0000603042B18BF002532684FF00006A3689B
:1048000008BFAD1A226908BF25EAE5759342C4BF07
:104810009B1AED181A34B5421AD1002008E0012382
:10482000524649463846C047013003D14FF0FF3069
:10483000BDE8F0870135C4E73020E11881F8430076
:104840005A1C94F845102244023382F84310C5E7FD
:104850000123224649463846C0470130E6D001369A
:10486000D9E700002DE9FF470F7E9146782F80465B
:104870000C469A460C9D01F1430207D8622F0AD8D4
:10488000002F00F0D980582F00F0A48004F14205D9
:1048900084F842703AE0A7F16303152BF6D801A122
:1048A00051F823F0FD480108114901088D4801081D
:1048B0008D4801088D4801088D48010811490108FB
:1048C0008D4801088D4801088D4801088D48010870
:1048D0001F4A010841490108014A01088D480108A1
:1048E0008D480108414A01088D48010841490108E5
:1048F0008D4801088D480108094A01082B681A1DD6
:104900001B682A6004F1420584F842300123A4E0C8
:1049100020682968060601F104030AD50E682B6099
:10492000002E03DA2D23764284F843300A235E48B2
:1049300019E00E6810F0400F2B6018BF36B2EFE799
:104940002B682068191D2960010601D51E6802E048
:104950004606FBD51E886F2F0CBF08230A2352483A
:10496000002184F843106568002DA8BF2168A56068
:10497000A4BF21F0040121600EB9002D4DD01546D1
:10498000B6FBF3F103FB1167C75D05F8017D374600
:10499000BB420E46F4D9082B0BD12368DE0708D59D
:1049A000236961689942DEBF302305F8013C05F1B7
:1049B000FF35521B22614B4621464046CDF800A0F0
:1049C00003AAFFF7DFFE01304CD14FF0FF3004B0F7
:1049D000BDE8F087344881F845702968236851F8AC
:1049E000046B29601D0614D5DF0744BF43F0200384
:1049F00023601EB9236823F0200323601023AFE750
:104A0000236843F0200323607823284884F8453046
:104A1000E3E7590648BFB6B2E6E71546BBE72B68A1
:104A20002668181D6169286035061B6801D5196064
:104A300002E07006FBD51980002315462361BAE712
:104A40002B6800211A1D2A601D686268284600F044
:104A50002FF808B1401B606063682361002384F86D
:104A60004330A8E72A46494640462369D0470130EB
:104A7000ABD023689B0713D4E068039B9842B8BF70
:104A80001846A4E70123324649464046D047013044
:104A90009BD00135E36803995B1AAB42F2DCEBE78C
:104AA000002504F11906F5E7F97D01080A7E0108E1
:104AB000034610B5C9B202449342184601D1002002
:104AC00003E0047801338C42F6D110BD884210B562
:104AD00001EB020402D98442234607D8431EA142B7
:104AE00008D011F8012B03F8012FF8E70146024422
:104AF0008A4200D110BD13F8014D02F8014DF7E7CD
:104B000038B50546002940D051F8043C0C1F002B55
:104B1000B8BFE41800F010F91C4A136833B9636099
:104B200014602846BDE8384000F00CB9A34208D90B
:104B3000206821188B4201BF19685B680918216041
:104B4000EDE71A465B680BB1A342FAD91168501819
:104B5000A0420BD120680144501883421160E0D17B
:104B600018685B68014411605360DAE702D90C23CE
:104B70002B60D6E7206821188B4201BF19685B685B
:104B80000918216063605460CBE738BDD03700203E
:104B900070B50E4E0C463168054611B900F0BCF8F0
:104BA00030602146284600F0B7F8431C0AD0C41CE8
:104BB00024F00304A04207D0211A284600F0ACF8E4
:104BC000013001D14FF0FF34204670BDD4370020B2
:104BD0002DE9F041CD1C25F0030508350C2D38BF1B
:104BE0000C25002D074601DBA94205D90C23002620
:104BF0003B603046BDE8F0812E4E00F09DF83368F2
:104C00001C4634BB29463846FFF7C2FF431C044606
:104C10004DD134682646002E40D1236831463846AF
:104C200004EB030800F078F880453AD12168033599
:104C30006D1A25F0030508350C2D38BF0C253846B4
:104C40002946FFF7A5FF01302BD023682B442360B2
:104C50000EE02268521B1ED40B2A16D96119A342FA
:104C6000256018BF5960636808BF316062514B60AE
:104C7000384604F10B0600F065F826F00706231D00
:104C8000F21AB6D09B1BA350B3E76268A3420CBFD5
:104C900032605A60ECE723466468B2E734467668CF
:104CA000B9E70C2338463B6000F04CF8A1E72560DB
:104CB000DEE700BFD03700202DE9F04180461446E2
:104CC0000E4621B91146BDE8F041FFF781BF2AB970
:104CD000FFF716FF25462846BDE8F08100F038F8BA
:104CE0008442074602D8B4EB500F12D82146404602
:104CF000FFF76EFF05460028EDD0BC422246314644
:104D000028BF3A46FFF7ACFB31464046FFF7F8FEB6
:104D1000E1E73546DFE7000038B50023054D0446DE
:104D200008462B60FFF7ACFA431C02D12B6803B195
:104D3000236038BDD8370020014800F011B800BF0B
:104D4000DC370020014800F00CB800BFDC37002041
:104D500051F8043C181F002BBCBF0B58C0187047FB
:104D600070477047F8B500BFF8BC08BC9E46704756
:0C4D7000F8B500BFF8BC08BC9E467047B8
:104D7C00E4BCA0E6849FE599A8E5878FE9809FE5D0
:104D8C008A9FE883BDE5B7B2E5BC80E590AFEFBC88
:104D9C008CE8AFB7E585B3E997ADEFBC81000000B7
:104DAC00506C65617365207475726E206F66662039
:104DBC0073656E736F7220646563656C6572617484
:104DCC00696F6E2100000000E5BD93E5898DE684D6
:104DDC009FE5BA94E599A8E6A8A1E5BC8FE4B88D47
:104DEC00E58FAFE98089E6ADA4E6A8A1E5BC8FEF1D
:104DFC00BC81000046656564206D6F646520646F3E
:104E0C006573206E6F7420737570706F727420747C
:104E1C0068697320666561747572652E0000000008
:104E2C00C1AABBFAC4A3CABDBDFBD6B9B2D9D7F7C8
:104E3C00A3A100004F6E6C696E65206D6F646520D8
:104E4C0070726F686962697473206F7065726174D7
:104E5C00696F6E2100000000C7EBD1A1D4F1D3C360
:104E6C00BBA7A3A100000000506C656173652073A3
:104E7C00656C65637420757365722100C7EBCAE4B9
:104E8C00C8EBC3DCC2EBA3A100000000506C656151
:104E9C00736520656E7465722070617373776F72C1
:104EAC006421000020202020202000005573657212
:104EBC002020202000000000C3DCC2EBB4EDCEF3B8
:104ECC000000000057726F6E672070617373776F0C
:104EDC007264210056656E646F7220200000000021
:104EEC0053757065722020200000000055736572A8
:104EFC002020000056656E646F720000B5C7B3F6D3
:104F0C00D6D02E2E2E0000004C6F6767696E67207E
:104F1C006F75742E2E2E0000D2D1CDCBB3F6B5C743
:104F2C00C2BC00004C6F6767696E67206F757400B8
:104F3C00D3C3BBA7B5C7C2BC0000000055736572D4
:104F4C00204C6F67696E0000C7EBCAE4C8EBBEC9A2
:104F5C00C3DCC2EBA3A10000506C656173652065D6
:104F6C006E746572206F6C642070617373776F72EE
:104F7C0064210000C7EBCAE4C8EBD0C2C3DCC2EBAF
:104F8C00A3A10000506C6561736520656E74657239
:104F9C00206E65772070617373776F7264210000E7
:104FAC00C7EBCAE4C8EBC8B7C8CFD0C2C3DCC2EBEE
:104FBC00A3A10000506C6561736520656E74657209
:104FCC002061206E65772070617373776F72642037
:104FDC00746F20636F6E6669726D2100C3DCC2EB67
:104FEC00D0DEB8C4CDEAB3C90000000050617373C1
:104FFC00776F7264206368616E676520636F6D7094
:10500C006C657465642E0000C3DCC2EBB2BBD2BB12
:10501C00D6C200005468652070617373776F726438
:10502C00732061726520696E636F6E73697374654A
:10503C006E742E0050617373776F726420636861B5
:10504C006E676520636F6D706C657465640000003D
:10505C00BFD5C5DCC4A3CABDD4CBD0D0D6D0A3A1F8
:10506C00000000004167696E67206D6F6465206900
:10507C00732072756E6E696E67210000C7EBB5C840
:10508C00B4FDB5B1C7B0B6AFD7F7BDE1CAF8A3A1AF
:10509C00000000007761697420666F722074686587
:1050AC002063757272656E7420616374696F6E2013
:1050BC00746F20656E642100CFC8CDA3D6B9C8CE5D
:1050CC00CEF1000053746F702074686520746173A6
:1050DC006B20666972737400C7D0BBBBB5BDBFD5FE
:1050EC00C5DCC4A3CABD2E005377697463682074F1
:1050FC006F20616E696E67206D6F64652E00000015
:10510C00BAF3B3B7B9A6C4DCD2D1C6C1B1CEA3A190
:10511C00000000004261636B2066756E6374696FFA
:10512C006E206973206E6F7420656E61626C6564AD
:10513C002E000000CCE1CABED0C5CFA2A3BABAF3F0
:10514C00B3B7D0D0B3CC31CEB4C9E8D6C3A3A10089
:10515C005469703A2052657472656174207374726C
:10516C006F6B652031206973206E6F7420736574CA
:10517C0021000000C7EBCFC8B8B4CEBBA3A1000080
:10518C00506C656173652072657365742066697215
:10519C0073742E00CFC8CDEAB3C9BAF3B3B7B6FE59
:1051AC00B6CEA3A100000000436F6D706C657465F2
:1051BC0020746865207365636F6E64207265747209
:1051CC00656174206669727374210000C9CFCAD5F9
:1051DC00C1CFB9A6C4DCCEB4C6F4D3C3A3A100001E
:1051EC0055502052656379636C652066696C6D203F
:1051FC0066656174757265206E6F7420656E616290
:10520C006C65642E00000000C7EBCFC8B3F5CABCB8
:10521C00BBAFB2D9D7F7A3A100000000506C6561F9
:10522C00736520696E697469616C697A6520666959
:10523C007273742100000000CFC2CAD5C1CFB9A6C9
:10524C00C4DCCEB4C6F4D3C3A3A100004C6F776505
:10525C00722066696C6D2066656174757265206E6E
:10526C006F7420656E61626C65642E00B7C5C1CF2A
:10527C00C6F4B6AFD0C5BAC500000000B7C5C1CFE3
:10528C00CDA3D6B9D0C5BAC500000000556E77695C
:10529C006E64696E67207374617274207369676ED3
:1052AC00616C0000556E77696E64696E672073746B
:1052BC006F70207369676E616C000000B1B8D3C366
:1052CC00000000005370617265000000557070653D
:1052DC00722066696C6D2066656174757265206EEE
:1052EC006F7420656E61626C65642E00CAD5C1CF87
:1052FC00C6F4B6AFD0C5BAC500000000CAD5C1CF40
:10530C00CDA3D6B9D0C5BAC50000000066696C6DD6
:10531C00207374617274207369676E616C20000075
:10532C0066696C6D2073746F70207369676E616C45
:10533C0000000000B5B1C7B0BBFAD0CDCEB4BFAA47
:10534C00C6F4B4CBB9A6C4DCA3A10000546869733D
:10535C002066756E6374696F6E206973206E6F744E
:10536C0020656E61626C6564206F6E2074686520C8
:10537C0063757272656E74206D6F64656C210000CC
:10538C00B5B1C7B0B8D0D3A6C6F7C4A3CABDB2BB1B
:10539C00BFC9D1A1B4CBC4A3CABDA3A10000000056
:1053AC0046656564206D6F646520646F6573206E5F
:1053BC006F7420737570706F7274207468697320C9
:1053CC00666561747572652E000000002020202037
:1053DC0020202020202020202020202020202020C1
:1053EC0000000000D5FDD4DABBD6B8B4B3F6B3A731
:1053FC00B2CECAFD2E2E2E00526573746F72696E7A
:10540C006720666163746F727920706172616D657B
:10541C00746572732E2E2E00202020202020202038
:10542C002020202020202020202020202020202070
:10543C002020202020202020202020202020202060
:10544C0000000000BBD6B8B4CDEAB3C92C20C7EB22
:10545C00B6CFB5E7D6D8C6F4A3A10000506C6561F1
:10546C00736520706F776572206F666620616E645D
:10547C00207265737461727421000000CBCDC1CFB2
:10548C00CAA7B0DCB2BBC7D0BBBBCDA3D6B9D2D1F7
:10549C00BFAAC6F40000000046656564696E67200B
:1054AC006661696C75726520646F65736E27742014
:1054BC007377697463682073746F702069732065E7
:1054CC006E61626C65640000C9CFB9E2CFCBCAB51E
:1054DC00CAB1CAE4B3F6D3D0C1CFD0C5BAC5D2D104
:1054EC00BFAAC6F4A3A100004F70746963616C205D
:1054FC006669626572207265616C2D74696D6520D8
:10550C006F7574707574207369676E616C20697344
:10551C00204F4E2E00000000B4ABB8D0C6F7C6F832
:10552C00B8D70000B4ABB8D0C6F7C6F8B8D7D4AD6E
:10553C00B5E3D0C5BAC50000B4ABB8D0C6F7C6F851
:10554C00B8D7B6AFB5E3D0C5BAC5000053656E7316
:10555C006F722043796C696E6465720053656E736B
:10556C006F722063796C696E646572206F72696703
:10557C00696E000053656E736F722063796C696E8F
:10558C00646572206D6F76696E670000D7A2D2E2F7
:10559C00A3BABFAAC6F4B4CBC4A3CABDD3D0D2BBE2
:1055AC00B6A8B5C4CEA3CFD5A3A100004E6F746529
:1055BC003A5475726E696E672074686973206665FB
:1055CC006174757265206F6E2069732064616E67FB
:1055DC0065726F75732E0000B4ABB8D0C6F7BCF50E
:1055EC00CBD9B9A6C4DCD2D1BFAAC6F4A3ACC7EB45
:1055FC00B9D8B1D5A3A10000506C65617365207456
:10560C0075726E206F66662073656E736F722064A0
:10561C006563656C65726174696F6E2100000000D2
:10562C00B4ABB8D0C6F7C6F8B8D7B9A6C4DCD2D1DB
:10563C00BFAAC6F4A3ACC7EBB9D8B1D5A3A10000DF
:10564C00506C65617365207475726E206F66662090
:10565C007468652073656E736F722063796C696E04
:10566C006465722066756E6374696F6E210000004C
:10567C00B9E2CFCBBCECB2E2D0C5BAC53100000068
:10568C00B9E2CFCBBCECB2E2D0C5BAC53200000057
:10569C004669626572207369676E616C2031000027
:1056AC004669626572207369676E616C2032000016
:1056BC004F70746963616C206669626572207265F3
:1056CC00616C2D74696D65206F75747075742073C1
:1056DC0069676E616C206973204F4E2100000000D9
:1056EC00D7D4B6AFCBCDC1CFB9A6C4DCD2D1BFAA6B
:1056FC00C6F4A3ACC7EBB9D8B1D5A3A10000000088
:10570C00506C6561736520636C6F7365207468659C
:10571C00206175746F6D6174696320666565646979
:10572C006E672066756E6374696F6E2100000000F1
:10573C00C4DAB2BFBCB1CDA3D0C5BAC5000000005D
:10574C00496E7465726E616C20452D73746F702098
:10575C007369676E616C000030303030303000009F
:10576C0036353433323100003732393138330000BA
:10577C00B5C8B4FDBDE2B3FDBCB1CDA3A3A1A3A13B
:10578C00A3A10000506C656173652072656C656146
:10579C0073652074686520452D73746F7021212109
:1057AC0000000000C1AABBFAC4A3CABDBDFBD6B998
:1057BC00B2D9D7F7A3A100004F6E6C696E65206D4E
:1057CC006F64652070726F686962697473206F70A2
:1057DC0065726174696F6E2100000000BFD5C5DC75
:1057EC00C4A3CABDD4CBD0D0D6D0A3A10000000096
:1057FC004167696E67206D6F6465206973207275EF
:10580C006E6E696E67210000C7EBCFC8B8B4CEBB13
:10581C00A3A10000506C656173652072657365749B
:10582C002066697273742E00D1B9C1CFC6F8B8D78F
:10583C00C9ECB3F62E0000005468652070726573D5
:10584C0073696E672063796C696E64657220657824
:10585C0074656E64732E0000B0FEB5B6C2FDCBD974
:10586C00BAF3B3B7BFAACABC2E000000536C6F7753
:10587C0020737472697070696E67207374617274CE
:10588C00732E0000B0FEB5B6BAF3B3B7BFAACABC4C
:10589C002E000000537472697070696E6720626527
:1058AC0067696E732E000000B1A8BEAFD0C5CFA241
:1058BC00A3BAB0FEC1CFBAF3B3B7CAA7B0DCA3A1E9
:1058CC0000000000416C61726D20696E666F3A4693
:1058DC0061696C656420746F207065656C20626111
:1058EC00636B2100B0FEB5B6BAF3B3B7B5BDCEBB92
:1058FC002E000000537472697070696E6720636FBC
:10590C006D706C657465642E00000000B5C8B4FD44
:10591C00B0FEC1CFD0C5BAC5B6CFBFAA2E0000000D
:10592C005761697420666F72207468652073747295
:10593C00697070696E67207369676E616C20746F33
:10594C0020646973636F6E6E6563742E00000000D3
:10595C00B5C8B4FD32B4CEB0FEC1CFD0C5BAC52ED9
:10596C00000000005761697420666F7220746865CE
:10597C00207365636F6E6420737472697070696EE6
:10598C0067207369676E616C2E00000032B4CEB074
:10599C00FEB5B6BAF3B3B7BFAACABC2E000000005E
:1059AC005374617274206F6620746865207365632C
:1059BC006F6E6420737472697070696E672E00006C
:1059CC0032B4CEB0FEB5B6BAF3B3B7B5BDCEBB2EBE
:1059DC00000000005365636F6E642073747269700D
:1059EC0070696E6720636F6D706C657465642E00F2
:1059FC00B0FEB5B6B8B4CEBBBFAACABC2E2E2E0014
:105A0C00537472697070696E672072657365742067
:105A1C007374617274732E2E2E000000CBCDC1CF27
:105A2C00D6D02E2E2E2E2E2E00000000466565643C
:105A3C00696E672E2E2E0000B1A8BEAFD0C5CFA2C6
:105A4C00A3BACEB4BCECB2E2B5BDD4ADB5E3D0C50F
:105A5C00BAC5A3A100000000416C61726D20696E93
:105A6C00666F3A4E6F206F726967696E2073696753
:105A7C006E616C206465746563746564210000005C
:105A8C00B0FEB5B6B8B4CEBBBDE1CAF82E0000006E
:105A9C00537472697070696E6720726573657420D7
:105AAC00636F6D706C657465642E0000CCE1CABECA
:105ABC00D0C5CFA2A3BACBCDC1CFCAA7B0DCA3AC03
:105ACC00BCECB2E2B5BDC1CFA3A1000054697073A8
:105ADC003A46656564696E67206661696C65642C1D
:105AEC00206C6162656C2064657465637465642107
:105AFC0000000000C2FDCBD9D1B0B1EAD6D02E2E19
:105B0C002E000000496E20736C6F772073656172F4
:105B1C0063682E00256400002020202020202020F7
:105B2C0000000000CBCDC1CFCDEAB3C92E000000E0
:105B3C0046656564696E6720636F6D706C6574652E
:105B4C00642E0000CCE1CABED0C5CFA2A3BACBCD87
:105B5C00C1CFCAA7B0DCA3ACCEB4BCECB2E2B5BD2D
:105B6C00C1CFA3A100000000546970733A4665656B
:105B7C0064696E67206661696C65642C206C616277
:105B8C00656C206E6F742064657465637465642144
:105B9C0000000000B1A8BEAFD0C5CFA2A3BAC1CF40
:105BAC00B4F8D3C3CDEAA3ACC7EBB2B9B3E4D0C25B
:105BBC00C1CFA3A100000000416C61726D20696E21
:105BCC00666F3A546865206D6174657269616C200A
:105BDC006F7665722C706C656173652061646420EE
:105BEC006E6577206D6174657269616C21000000CF
:105BFC00CBCDC1CFD6D02E2E2E000000B1A8BEAF7B
:105C0C00D0C5CFA2A3BACBCDC1CFCAA7B0DCA3ACB1
:105C1C00CEB4BCECB2E2B5BDC1CFA3A10000000074
:105C2C00416C61726D20696E666F3A466565646998
:105C3C006E67206661696C65642C206C6162656CB2
:105C4C00206E6F7420646574656374656421000054
:105C5C00BFD5C5DCBFAACABC2E2E2E00496E206152
:105C6C0067696E672E2E2E00CBCDC1CFBDE1CAF871
:105C7C002E000000B1DCBFAAD4ADB5E32E2E2E0051
:105C8C0041766F696420746865206F726967696E0C
:105C9C002E2E2E00BCECB2E2D4ADB5E32E2E2E008F
:105CAC004261636B20746F206F726967696E2E009E
:105CBC00B1A8BEAFD0C5CFA2A3BAB1DCBFAAD4AD38
:105CCC00B5E3CAA7B0DCA3A100000000416C61726F
:105CDC006D20696E666F3A4661696C656420746FFD
:105CEC002061766F6964206F726967696E210000AC
:105CFC00BBD8D4ADB5E3CDEAB3C92E004261636B1A
:105D0C0020746F206F726967696E20636F6D706CA1
:105D1C006574652E00000000BFD5C5DCC4A3CABDE8
:105D2C00BDFBD6B9B2D9D7F7A3A100004167696E04
:105D3C0067206D6F646520696E6869626974732091
:105D4C006F7065726174696F6E210000C7EBB5C826
:105D5C00B4FDB5B1C7B0B6AFD7F7BDE1CAF8A3A1D2
:105D6C00000000007761697420666F7220746865AA
:105D7C002063757272656E7420616374696F6E2036
:105D8C00746F20656E64210030000000BBBBC1CF76
:105D9C00B6AFD7F7CDEAB3C92E0000005468652022
:105DAC006D6174657269616C206368616E676520F2
:105DBC00616374696F6E20697320636F6D706C65BD
:105DCC007465642100000000BBBBC1CFB6AFD7F730
:105DDC00CDEAB3C9A3ACC7EBB8FCBBBBCEEFC1CF0C
:105DEC00A3A10000BFAACABCB3F5CABCBBAF2E00AE
:105DFC00537461727420696E697469616C697A613B
:105E0C0074696F6E2E000000C7E5B3FDBDBBBBA56A
:105E1C00D0C5BAC52E000000436C65617220696E56
:105E2C00746572616374697665207369676E616C01
:105E3C002E000000B8B4CEBBD6D02E2E2E00000003
:105E4C004261636B20746F206F726967696E2E2ECE
:105E5C002E000000B3F5CABCBBAFCDEAB3C9A3A1F9
:105E6C0000000000496E697469616C697A6174693B
:105E7C006F6E20697320636F6D706C6574652100A3
:105E8C00B1A8BEAFCCE1CABEA3BAB0FEB5B6B8B429
:105E9C00CEBBBCECB2E2B5BDCEEFCCE5A3A100000D
:105EAC00416C61726D20696E666F3A205374726931
:105EBC007070696E67206B6E6966652072657365BC
:105ECC0074206465746563746564206F626A6563CD
:105EDC0074210000B1A8BEAFD0C5CFA2A3BACBCD60
:105EEC00C1CFD0D0B3CCD7DFCDEAA3ACCEB4BCEC11
:105EFC00B2E2B5BDD3D0C1CFA3A10000416C617299
:105F0C006D20696E666F3A66656564696E67206FB1
:105F1C007672652C6E6F206D6174657269616C2090
:105F2C006973206465746563746564210000000006
:105F3C005549BDF4BCB1CDA3D6B9B6AFD7F7A3A123
:105F4C0000000000554920452D73746F702061636B
:105F5C0074696F6E21000000CDE2B2BF494FCDA332
:105F6C00D6B9B6AFD7F7A3A1000000004578746589
:105F7C00726E616C20494F2073746F702061637472
:105F8C00696F6E2E00000000B4A5B7A2BCB1CDA302
:105F9C00A3ACCDA3D6B9CBF9D2D4B6AFD7F7A3A1C6
:105FAC00000000005472696767657220656D657248
:105FBC0067656E63792073746F702C2073746F70C7
:105FCC0020616C6C20616374696F6E73210000003A
:105FDC005549CDA3D6B9B6AFD7F7A3A100000000A1
:105FEC0055492073746F7020616374696F6E2E0055
:105FFC00D1B9C1CFC6F8B8D7D1B9BDF42E000000C5
:10600C00D1B9C1CFC6F8B8D7CBF5BBD82E0000009C
:10601C00546865207072657373696E672063796C60
:10602C00696E6465722072657472616374732E009C
:10603C00D1B9C1CFC6F8B8D7CBC9BFAA2E000000C2
:10604C00B4ABB8D0C6F7C6F8B8D7C9ECB3F62E00C7
:10605C005468652053656E736F722063796C696E3A
:10606C0064657220657874656E64732E00000000A0
:10607C00B1A8BEAFD0C5CFA2A3BAB4ABB8D0C6F747
:10608C00C6F8B8D7C9ECB3F6D2ECB3A3A3A1000001
:10609C00416C61726D20696E666F3A61626E6F72EF
:1060AC006D616C20657874656E73696F6E206F66B8
:1060BC002073656E736F722063796C696E646572A0
:1060CC0021000000B4ABB8D0C6F7C6F8B8D7CBF5F2
:1060DC00BBD82E005468652053656E736F722063B5
:1060EC00796C696E64657220726574726163747325
:1060FC002E000000B1A8BEAFD0C5CFA2A3BAB4ABDE
:10610C00B8D0C6F7C6F8B8D7CBF5BBD8D2ECB3A38A
:10611C0021000000416C61726D20696E666F3A61FE
:10612C00626E6F726D616C207265747261637473F0
:10613C00206F662073656E736F722063796C696E65
:10614C006465722100000000BCD0C1CFC6F8B8D77E
:10615C00CBF5BBD82E000000BCD0C1CFC6F8B8D749
:10616C00CBC9BFAA2E000000BCD0C1CFC6F8B8D78F
:10617C00BCD0BDF42E000000C7D0BBBBB5BDC1AABE
:10618C00BBFAC4A3CABD2E0053776974636820742C
:10619C006F206F6E6C696E65206D6F64652E0000EC
:1061AC00CCE1CABED0C5CFA2A3BAC7EBCFC8B3F55A
:1061BC00CABCB6AFD7F72E00546970733A506C65F1
:1061CC0061736520696E697469616C697A652066B2
:1061DC00697273742E000000C7D0BBBBB5BDB5F798
:1061EC00CAD4C4A3CABD2E005377697463682074E3
:1061FC006F206465627567206D6F64652E0000000A
:10620C00CBCDC1CFCEA2B5F7CDEAB3C92E000000DD
:10621C00466565642066696E652D74756E696E677A
:10622C0020636F6D706C657465642E00B0FEC1CF19
:10623C00CEA2B5F7CDEAB3C92E0000005374726933
:10624C007070696E672066696E652D74756E696E07
:10625C006720636F6D706C657465642E00000000C0
:10626C00B1A8BEAFD0C5CFA2A3BACBCDC1CFC7FD0D
:10627C00B6AFC6F7B1A8BEAFA3A10000416C617266
:10628C006D20696E666F3A46656564696E67206459
:10629C00726976657220616C61726D21000000007C
:1062AC00B1A8BEAFD0C5CFA2A3BAB0FEC1CFC7FDB7
:1062BC00B6AFC6F7B1A8BEAFA3A10000416C617226
:1062CC006D20696E666F3A20537472697070696ED6
:1062DC00672064726976657220616C61726D210051
:1062EC0020202020202020202020202020202020A2
:1062FC002020202020202020202020202020202092
:10630C002020202020202020202020202020202081
:10631C002020200020202020202020202020202091
:10632C002020202020202020202020202020202061
:10633C002020202020202020202020202020202051
:10634C0020202020202000005AA5058200000000FB
:10635C00B2CECAFDD4BDBDE72CC9E8D6C3B7B6CE04
:10636C00A7312D3230300000506172616D6574655B
:10637C007220697320696E76616C69642C73657424
:10638C0074696E672072616E67653A312D323030F8
:10639C0000000000B2CECAFDD4BDBDE72CC9E8D6C2
:1063AC00C3B7B6CEA7312D313530000050617261C4
:1063BC006D6574657220697320696E76616C6964B1
:1063CC002C73657474696E672072616E67653A31FF
:1063DC002D31353000000000B2CECAFDD4BDBDE772
:1063EC002CC9E8D6C3B7B6CEA7322D323030300028
:1063FC00506172616D6574657220697320696E7687
:10640C00616C69642C73657474696E672072616E5B
:10641C0067653A322D32303030000000B2CECAFD02
:10642C00D4BDBDE72CC9E8D6C3B7B6CEA7302D3343
:10643C0030300000506172616D6574657220697353
:10644C0020696E76616C69642C73657474696E670F
:10645C002072616E67653A302D33303000000000D9
:10646C00B2CECAFDD4BDBDE72CC9E8D6C3B7B6CEF3
:10647C00A7302D3530300000506172616D65746548
:10648C007220697320696E76616C69642C73657413
:10649C0074696E672072616E67653A302D353030E5
:1064AC0000000000B2CECAFDD4BDBDE72CC9E8D6B1
:1064BC00C3B7B6CEA7312D313030000050617261B8
:1064CC006D6574657220697320696E76616C6964A0
:1064DC002C73657474696E672072616E67653A31EE
:1064EC002D31303000000000B2CECAFDD4BDBDE766
:1064FC002CC9E8D6C3B7B6CEA7302D31300000007A
:10650C00506172616D6574657220697320696E7675
:10651C00616C69642C73657474696E672072616E4A
:10652C0067653A302D313000B2CECAFDD4BDBDE71F
:10653C002CC9E8D6C3B7B6CEA7312D3939390000EE
:10654C00506172616D6574657220697320696E7635
:10655C00616C69642C73657474696E672072616E0A
:10656C0067653A312D39393900000000B2CECAFDC9
:10657C00D4BDBDE72CC9E8D6C3B7B6CEA7302E31F3
:10658C002D322E3500000000506172616D6574650E
:10659C007220697320696E76616C69642C73657402
:1065AC0074696E672072616E67653A302E312D32D8
:1065BC002E350000B2CECAFDD4BDBDE72CC9E8D63D
:1065CC00C3B7B6CEA7312D34000000005061726104
:1065DC006D6574657220697320696E76616C69648F
:1065EC002C73657474696E672072616E67653A31DD
:1065FC002D3400002A2A2A2A2A2A00005573657293
:10660C00202020200000000056656E646F72202050
:10661C0000000000537570657220202000000000FF
:10662C00D3C3BBA7B5C7C2BC0000000055736572CD
:10663C00204C6F67696E0000D1B9C1CFC6F8B8D7CE
:10664C0000000000BCD0C1CFC6F8B8D700000000D5
:10665C00B4ABB8D0C6F7C6F8B8D70000B1B8D3C33E
:10666C0000000000B3F5CABCBBAFCDEAB3C9D0C5BE
:10667C00BAC5000020C6BDCCA8D3D0CEDECEEFC1AB
:10668C00CF320000B0FEC1CFCDEAB3C9D0C5BAC578
:10669C000000000020C6BDCCA8D3D0CEDECEEFC10A
:1066AC00CF310000CBCDC1CFD0C5BAC500000000A2
:1066BC00B0FEC1CFD0C5BAC500000000B3F5CABC4E
:1066CC00BBAFD0C5BAC50000CDA3D6B9D0C5BAC52D
:1066DC0020000000BAF3B3B7BEEDCABDB9A9C1CF53
:1066EC00C6F700004152442D4C42482D4132312D09
:1066FC0041452D434E454E004152442D32324D2DD5
:10670C00313249384F2D41452D41000056312E3044
:10671C002E3420323032363033313900B9A9C1CF62
:10672C00C6F7D4ADB5E3D0C5BAC50000B9E2CFCB3E
:10673C00BCECB2E2D0C5BAC531000000B9E2CFCB97
:10674C00BCECB2E2D0C5BAC532000000B1EAC7A9B0
:10675C00BEEDC1CFBCECB2E2D0C5BAC500000000A2
:10676C00CAD5C1CFC6F4B6AFD0C5BAC500000000BB
:10677C00CAD5C1CFCDA3D6B9D0C5BAC500000000CB
:10678C00B7C5C1CFC6F4B6AFD0C5BAC500000000BE
:10679C00B7C5C1CFCDA3D6B9D0C5BAC500000000CE
:1067AC00B4ABB8D0C6F7C6F8B8D7D4ADB5E3D0C53E
:1067BC00BAC50000B4ABB8D0C6F7C6F8B8D7B6AFF8
:1067CC00B5E3D0C5BAC50000B0FEB5B6B8B4CEBB03
:1067DC00BCECB2E2D0C5BAC500000000C4DAB2BF4E
:1067EC00BCB1CDA3D0C5BAC500000000456E676C26
:1067FC006973680050726573732043796C696E64B9
:10680C0065720000436C616D702043796C696E6435
:10681C006572000053656E736F722043796C696EFC
:10682C0064657200537061726500000020496E69E6
:10683C007469616C697A65204F4B0000466565642C
:10684C0020636F6D706C65746532000053747269EF
:10685C007020636F6D706C657465000046656564CF
:10686C0020636F6D706C65746531000046656564FE
:10687C00207369676E616C00537472697070696E15
:10688C0067207369676E616C00000000496E697463
:10689C0069616C697A6174696F6E207369676E6186
:1068AC006C00000053746F70207369676E616C002C
:1068BC005265747261637461626C6520726F6C6C8A
:1068CC002066656564657200466565646572206F57
:1068DC00726967696E207369676E616C00000000F5
:1068EC004669626572207369676E616C20310000C5
:1068FC004669626572207369676E616C20320000B4
:10690C004C6162656C20726F6C6C2064657465639D
:10691C0074696F6E207369676E616C0066696C6D6B
:10692C00207374617274207369676E616C2000004F
:10693C0066696C6D2073746F70207369676E616C1F
:10694C0000000000556E77696E64696E6720737481
:10695C00617274207369676E616C0000556E7769A3
:10696C006E64696E672073746F70207369676E61F3
:10697C006C00000053656E736F722063796C696EE6
:10698C00646572206F726967696E000053656E737F
:10699C006F722063796C696E646572206D6F7669B5
:1069AC006E670000416E74692D70696E63682064B7
:1069BC006574656374696F6E207369676E616C00D2
:1069CC00496E7465726E616C20452D73746F702006
:1069DC007369676E616C0000D6D0CEC400000000F5
:1069EC0002030405060708090A0B0C0D0E0F101004
:1069FC00D3C3BBA7B5C7C2BC00000000CFB5CDB395
:106A0C00D7D4B6AFCDCBB3F6B3C9B9A62E00000020
:106A1C0055736572204C6F67696E00004175746F19
:106A2C002065786974732073756363657373667519
:106A3C006C6C792E000000002020202020202020CB
:106A4C000000000030000000CCE1CABED0C5CFA2CF
:106A5C00A3BAB5C8B4FDBDE2B3FDBCB1CDA3A3A12F
:106A6C0000000000546970733A57616974696E676D
:106A7C0020666F722072656C6561736520452D739D
:106A8C00746F702100000000CCE1CABED0C5CFA24B
:106A9C00A3BABDE2B3FDBCB1CDA3A3A1000000001D
:106AAC00546970733A52656C6561736520452D733A
:106ABC00746F702100000000CCE1CABED0C5CFA21B
:106ACC00A3BAB5C8B4FDBDE2B3FDCDE2B2BFBCB153
:106ADC00CDA3A3A100000000546970733A457874EB
:106AEC0065726E616C2065787465726E616C2045A0
:106AFC002D73746F70207374617465210000000035
:106B0C00CCE1CABED0C5CFA2A3BABDE2B3FDCDE2E3
:106B1C00B2BFBCB1CDA3A3A1000000005469707337
:106B2C003A52656C656173652065787465726E6147
:106B3C006C20452D73746F7021000000C7D0BBBB57
:106B4C00B5BDC1AABBFAC4A3CABD2E0053776974E4
:106B5C00636820746F206F6E6C696E65206D6F6456
:106B6C00652E0000D7D4B6AFCBCDC1CFD6D02E2E4C
:106B7C002E0000004175746F6D6174696320666549
:106B8C006564696E672E2E2E00000000C7EBCFC81F
:106B9C00B8B4CEBBA3A10000506C656173652072C4
:106BAC00657365742066697273742E00CCE1CABE7D
:106BBC00D0C5CFA2A3BABAF3B3B7D0D0B3CC31CE31
:106BCC00B4C9E8D6C3A3A1005469703A20526574C5
:106BDC0072656174207374726F6B652031206973F8
:106BEC00206E6F742073657421000000BAF3B3B784
:106BFC00B9A6C4DCD2D1C6C1B1CEA3A1000000009D
:106C0C004261636B2066756E6374696F6E20697385
:106C1C00206E6F7420656E61626C65642E000000DE
:106C2C00211FF43DD8F0F43D8FC2F53DB4C8F63DBC
:106C3C006B9AF73D226CF83DD93DF93DFE43FA3D88
:106C4C00B515FB3D6DE7FB3D91EDFC3D48BFFD3DB2
:106C5C000091FE3D2497FF3D6E34003E499D003E61
:106C6C005C20013E3789013E4A0C023E2575023EEE
:106C7C0038F8023E1361033E26E4033E014D043E08
:106C8C0014D0043EEF38053E02BC053EDD24063E22
:106C9C00F0A7063ECB10073EDE93073EB9FC073E3D
:106CAC00CC7F083EDE02093EBA6B093ECCEE093EB3
:106CBC00DE710A3EBADA0A3ECC5D0B3EDFE00B3EDB
:106CCC00F1630C3ECDCC0C3EDF4F0D3EF2D20D3EAF
:106CDC0004560E3EE0BE0E3EF2410F3E05C50F3E81
:106CEC001748103E29CB103E3C4E113E17B7113EB3
:106CFC002A3A123E3CBD123E4F40133E61C3133E36
:106D0C007446143E86C9143E984C153EABCF153EC6
:106D1C00BD52163ED0D5163EE258173EF5DB173E57
:106D2C00075F183E19E2183E2C65193E3EE8193EE5
:106D3C00516B1A3E9A081B3EAC8B1B3EBF0E1C3E81
:106D4C00D1911C3EE4141D3EF6971D3E3F351E3E70
:106D5C0052B81E3E643B1F3E77BE1F3EC05B203EBA
:106D6C00D3DE203EE561213E2EFF213E4182223EB4
:106D7C005305233E9CA2233EAF25243EC1A8243EAE
:106D8C000B46253E1DC9253E6666263E79E9263E04
:106D9C00C286273ED509283E1EA7283E302A293E0A
:106DAC007AC7293E8C4A2A3ED5E72A3EE86A2B3E12
:106DBC0031082C3E448B2C3E8D282D3ED6C52D3EC5
:106DCC00E9482E3E32E62E3E7B832F3E8E06303E29
:106DDC00D7A3303E2041313E33C4313E7C61323E3C
:106DEC00C5FE323E0F9C333E5839343E6ABC343EAD
:106DFC00B459353EFDF6353E4694363E9031373E1D
:106E0C00D9CE373E226C383E35EF383E7E8C393E3B
:106E1C00C7293A3E11C73A3E5A643B3EA3013C3E59
:106E2C00ED9E3C3E363C3D3E7FD93D3EC9763E3ED6
:106E3C0012143F3E5BB13F3EDC68403E2506413EAE
:106E4C006EA3413EB840423E01DE423E4A7B433E89
:106E5C009318443E14D0443E5D6D453EA60A463E12
:106E6C00F0A7463E705F473EB9FC473E029A483E4B
:106E7C004C37493ECCEE493E158C4A3E96434B3E30
:106E8C00DFE04B3E287E4C3EA8354D3EF2D24D3EC7
:106E9C00728A4E3EBB274F3E05C54F3E857C503E09
:106EAC00CE19513E4ED1513E986E523E1826533E4D
:106EBC0098DD533EE17A543E6132553EABCF553EA0
:106ECC002B87563EAB3E573EF5DB573E7593583EEF
:106EDC00F54A593E3EE8593EBE9F5A3E3F575B3EEF
:106EEC0088F45B3E08AC5C3E88635D3E091B5E3EED
:106EFC0089D25E3ED26F5F3E5227603ED3DE603E4B
:106F0C005396613ED34D623E5305633ED3BC633E04
:106F1C001D5A643E9D11653E1DC9653E9D80663EB1
:106F2C001D38673E9EEF673E1EA7683E9E5E693E1B
:106F3C001E166A3E9FCD6A3E569F6B3ED6566C3EE1
:106F4C00560E6D3ED6C56D3E567D6E3ED7346F3EA9
:106F5C0057EC6F3E0EBE703E8E75713E0E2D723E1E
:106F6C008FE4723E0F9C733EC66D743E4625753E93
:106F7C00C6DC753E7DAE763EFE65773E7E1D783E68
:106F8C0035EF783EB5A6793E355E7A3EEC2F7B3EEA
:106F9C006DE77B3E24B97C3EA4707D3E24287E3E6A
:106FAC00DBF97E3E5BB17F3E8941803E499D803E50
:106FBC002506813EE561813EC1CA813E9C33823EFD
:106FCC005C8F823E38F8823EF853833ED3BC833EBE
:106FDC00AF25843E6F81843E4BEA843E2653853E2A
:106FEC00E6AE853EC217863E9D80863E79E9863E9A
:106FFC003945873E14AE873EF016883ECC7F883EDE
:10700C00A7E8883E8351893E43AD893E1E168A3ED1
:10701C00FA7E8A3ED5E78A3EB1508B3E8CB98B3EC8
:10702C0068228C3E448B8C3E1FF48C3EFB5C8D3E68
:10703C00D6C58D3EB22E8E3E8D978E3E69008F3E0C
:10704C0044698F3E20D28F3EFB3A903ED7A3903EB0
:10705C00B30C913E8E75913E85EB913E6154923E00
:10706C003CBD923E1826933EF38E933EEA04943E2A
:10707C00C66D943EA1D6943E7D3F953E58A8953E54
:10708C004F1E963E2B87963E07F0963EFE65973E2A
:10709C00D9CE973EB537983EACAD983E8716993E03
:1070AC007E8C993E5AF5993E355E9A3E2CD49A3E8A
:1070BC00083D9B3EFFB29B3EDA1B9C3ED1919C3E11
:1070CC00ADFA9C3EA4709D3E7FD99D3E764F9E3E70
:1070DC0052B89E3E492E9F3E24979F3E1B0DA03ECC
:1070EC001283A03EEEEBA03EE561A13EC1CAA13EDB
:1070FC00B840A23EAEB6A23E8A1FA33E8195A33EE7
:10710C00780BA43E6F81A43E4BEAA43E4260A53EA0
:10711C0039D6A53E304CA63E0BB5A63E022BA73E5B
:10712C00F9A0A73EF016A83EE78CA83EC3F5A83EF2
:10713C00BA6BA93EB1E1A93EA857AA3E9FCDAA3E83
:10714C009643AB3E8CB9AB3E832FAC3E7AA5AC3E9E
:10715C00560EAD3E4D84AD3E44FAAD3E3B70AE3E58
:10716C0032E6AE3E295CAF3E20D2AF3E1748B03E71
:10717C000EBEB03E2041B13E17B7B13E0E2DB23E11
:10718C0005A3B23EFC18B33EF38EB33EEA04B43E04
:10719C00E17AB43ED8F0B43ECF66B53EE2E9B53EF6
:1071AC00D95FB63ED0D5B63EC74BB73EBEC1B73E93
:1071BC00D044B83EC7BAB83EBE30B93EB5A6B93E0B
:1071CC00AC1CBA3EBE9FBA3EB515BB3EAC8BBB3EAB
:1071DC00BF0EBC3EB684BC3EADFABC3EBF7DBD3ED0
:1071EC00B6F3BD3EAD69BE3EC0ECBE3EB762BF3E1F
:1071FC00AED8BF3EC05BC03EB7D1C03EAE47C13E6D
:10720C00C1CAC13EB840C23ECAC3C23EC139C33E68
:10721C00D3BCC33ECA32C43EC1A8C43ED42BC53E67
:10722C00CBA1C53EDD24C63ED49AC63EE71DC73E63
:10723C00DE93C73EF016C83EE78CC83EF90FC93E38
:10724C00F085C93E0309CA3E158CCA3E0C02CB3EE2
:10725C001F85CB3E16FBCB3E287ECC3E3B01CD3E64
:10726C003277CD3E44FACD3E3B70CE3E4DF3CE3E12
:10727C006076CF3E57ECCF3E696FD03E7CF2D03E6D
:10728C007368D13E85EBD13E986ED23E8FE4D23EF0
:10729C00A167D33EB3EAD33EAA60D43EBDE3D43E4D
:1072AC00CF66D53EE2E9D53ED95FD63EEBE2D63E7F
:1072BC00FE65D73E10E9D73E075FD83E19E2D83EAF
:1072CC002C65D93E3EE8D93E355EDA3E48E1DA3EE1
:1072DC005A64DB3E6DE7DB3E7F6ADC3E76E0DC3EEB
:1072EC008863DD3E9BE6DD3EAD69DE3EC0ECDE3EF6
:1072FC00B762DF3EC9E5DF3EDC68E03EEEEBE03E28
:10730C00006FE13E13F2E13E2575E23E1CEBE23EDE
:10731C002F6EE33E41F1E33E5474E43E66F7E43EE7
:10732C00787AE53E8BFDE53E9D80E63EB003E73E78
:10733C00A779E73EB9FCE73ECC7FE83EDE02E93EAA
:10734C00F085E93E0309EA3E158CEA3E280FEB3E38
:10735C003A92EB3E4D15EC3E5F98EC3E711BED3EC8
:10736C00849EED3E9621EE3EA9A4EE3EA01AEF3E81
:10737C00B29DEF3EC520F03ED7A3F03EE926F13E8C
:10738C00FCA9F13E0E2DF23E21B0F23E3333F33E1A
:10739C0046B6F33E5839F43E6ABCF43E7D3FF53EAA
:1073AC008FC2F53EA245F63EB4C8F63EC74BF73E3B
:1073BC00D9CEF73EEC51F83EFED4F83E1058F93ECB
:1073CC0023DBF93E355EFA3E48E1FA3E5A64FB3E59
:1073DC006DE7FB3E7F6AFC3E91EDFC3EA470FD3EEA
:1073EC00B6F3FD3EC976FE3EDBF9FE3EEE7CFF3E7B
:1073FC000000003F8941003F1283003F9CC4003FC6
:10740C002506013FAE47013F3789013FC1CA013F05
:10741C004A0C023FD34D023F5C8F023FE5D0023F46
:10742C006F12033FF853033F8195033F0AD7033F85
:10743C009318043F1D5A043FA69B043F2FDD043FC5
:10744C00B81E053F4260053FCBA1053F54E3053F05
:10745C00DD24063F6666063FF0A7063F79E9063F46
:10746C00022B073F8B6C073F14AE073F9EEF073F85
:10747C002731083FB072083FACAD083F35EF083FED
:10748C00BE30093F4772093FD0B3093F5AF5093F57
:10749C00E3360A3F6C780A3FF5B90A3F7FFB0A3F97
:1074AC00083D0B3F917E0B3F1AC00B3FA3010C3FD5
:1074BC002D430C3F287E0C3FB1BF0C3F3B010D3FD1
:1074CC00C4420D3F4D840D3FD6C50D3F5F070E3FA7
:1074DC00E9480E3F728A0E3F6DC50E3FF7060F3F0F
:1074EC0080480F3F098A0F3F92CB0F3F1B0D103F77
:1074FC00A54E103FA089103F29CB103FB30C113F74
:10750C003C4E113FC58F113FC1CA113F4A0C123F6F
:10751C00D34D123F5C8F123FE5D0123FE10B133F6E
:10752C006A4D133FF38E133F7DD0133F780B143FFE
:10753C00014D143F8A8E143F14D0143F0F0B153F8E
:10754C00984C153F228E153FABCF153FA60A163F20
:10755C00304C163FB98D163FB4C8163F3D0A173F45
:10756C00C74B173FC286173F4BC8173FD509183F6B
:10757C00D044183F5986183FE3C7183FDE02193F25
:10758C006744193F637F193FECC0193F75021A3FDE
:10759C00713D1A3FFA7E1A3FF5B91A3F7FFB1A3F2D
:1075AC00083D1B3F03781B3F8CB91B3F88F41B3FE6
:1075BC0011361C3F0D711C3F96B21C3F91ED1C3FC8
:1075CC001B2F1D3F166A1D3F9FAB1D3F9BE61D3FAA
:1075DC0096211E3F20631E3F1B9E1E3FA4DF1E3FB5
:1075EC00A01A1F3F295C1F3F24971F3F20D21F3F2B
:1075FC00A913203FA54E203FA089203F29CB203F37
:10760C002506213F2041213FAA82213FA5BD213FD4
:10761C00A1F8213F2A3A223F2575223F21B0223F73
:10762C00AAF1223FA52C233FA167233F9CA2233F15
:10763C0098DD233F211F243F1D5A243F1895243FDA
:10764C0014D0243F0F0B253F984C253F9487253FA2
:10765C008FC2253F8BFD253F8638263F8273263F00
:10766C007DAE263F79E9263F7424273F705F273F84
:10767C00F9A0273FF5DB273FF016283FEC51283FB8
:10768C00E78C283FE3C7283FDE02293FD93D293F3D
:10769C00D578293F43AD293F3EE8293F3A232A3F7D
:1076AC00355E2A3F31992A3F2CD42A3F280F2B3F95
:1076BC00234A2B3F1F852B3F8CB92B3F88F42B3F44
:1076CC00832F2C3F7F6A2C3F7AA52C3FE8D92C3F87
:1076DC00E4142D3FDF4F2D3FDB8A2D3F48BF2D3F5C
:1076EC0044FA2D3F3F352E3F3B702E3FA9A42E3F31
:1076FC00A4DF2E3FA01A2F3F0E4F2F3F098A2F3F9A
:10770C0077BE2F3F72F92F3F6E34303FDC68303F2D
:10771C00D7A3303F45D8303F4013313FAE47313FC0
:10772C00AA82313F17B7313F13F2313F8126323FE6
:10773C007C61323FEA95323FE5D0323F5305333F0F
:10774C00C139333FBC74333F2AA9333F26E4333F5E
:10775C009318343F014D343FFD87343F6ABC343FAE
:10776C00D8F0343FD42B353F4260353FAF94353F92
:10777C001DC9353F8BFD353F8638363FF46C363F9F
:10778C0062A1363FD0D5363F3D0A373F3945373FAA
:10779C00A779373F14AE373F82E2373FF016383FB8
:1077AC005E4B383FCC7F383F39B4383FA7E8383F81
:1077BC00151D393F8351393FF085393F5EBA393F4A
:1077CC00CCEE393F3A233A3FA8573A3F158C3A3F13
:1077DC0083C03A3FF1F43A3F5F293B3F3F573B3F71
:1077EC00AC8B3B3F1AC03B3F88F43B3FF6283C3FF9
:1077FC00645D3C3F448B3C3FB1BF3C3F1FF43C3F7E
:10780C008D283D3F6D563D3FDB8A3D3F48BF3D3F98
:10781C0029ED3D3F96213E3F04563E3FE4833E3FDB
:10782C0052B83E3F32E63E3FA01A3F3F0E4F3F3F1D
:10783C00EE7C3F3F5BB13F3F3BDF3F3FA913403FF7
:10784C008941403FF775403FD7A3403FB7D1403FF8
:10785C002506413F0534413F7368413F5396413FF4
:10786C0033C4413FA1F8413F8126423F6154423F1E
:10787C00CE88423FAEB6423F8FE4423FFC18433FB6
:10788C00DC46433FBC74433F9CA2433F7DD0433F07
:10789C00EA04443FCA32443FAA60443F8A8E443FC4
:1078AC006ABC443F4BEA443F2B18453F984C453F3C
:1078BC00787A453F58A8453F39D6453F1904463F8D
:1078CC00F931463FD95F463FB98D463F99BB463F9C
:1078DC0079E9463FCB10473FAB3E473F8B6C473F68
:1078EC006B9A473F4BC8473F2BF6473F0B24483F0B
:1078FC005E4B483F3E79483F1EA7483FFED4483F69
:10790C00DE02493F302A493F1058493FF085493F34
:10791C0043AD493F23DB493F03094A3F55304A3FBA
:10792C00355E4A3F158C4A3F68B34A3F48E14A3FAF
:10793C009A084B3F7A364B3F5A644B3FAC8B4B3FCC
:10794C008CB94B3FDFE04B3FBF0E4C3F11364C3FE9
:10795C00645D4C3F448B4C3F96B24C3F76E04C3FC1
:10796C00C8074D3F1B2F4D3FFB5C4D3F4D844D3F9A
:10797C002DB24D3F7FD94D3FD2004E3F24284E3F74
:10798C0004564E3F567D4E3FA9A44E3FFBCB4E3F77
:10799C00DBF94E3F2D214F3F80484F3FD26F4F3F79
:1079AC0024974F3F77BE4F3FC9E54F3FA913503F38
:1079BC00FB3A503F4E62503FA089503FF2B0503FCF
:1079CC0045D8503F97FF503FE926513F3C4E513F21
:1079DC008E75513FE09C513F33C4513FF7E4513F0A
:1079EC004A0C523F9C33523FEE5A523F4182523F17
:1079FC0093A9523FE5D0523FAAF1523FFC18533F96
:107A0C004F40533FA167533FF38E533FB8AF533FA3
:107A1C000AD7533F5DFE533F211F543F7446543FDA
:107A2C00C66D543F8A8E543FDDB5543F2FDD543F15
:107A3C00F4FD543F4625553F0B46553F5D6D553F74
:107A4C00228E553F74B5553F39D6553F8BFD553F6A
:107A5C004F1E563FA245563F6666563FB98D563F60
:107A6C007DAE563FD0D5563F94F6563F5917573FEB
:107A7C00AB3E573F705F573F3480573F87A7573F08
:107A8C004BC8573F10E9573F6210583F2731583FBA
:107A9C00EC51583FB072583F029A583FC7BA583F02
:107AAC008CDB583F50FC583F151D593FD93D593F71
:107ABC002C65593FF085593FB5A6593F7AC7593FB8
:107ACC003EE8593F03095A3FC7295A3F8C4A5A3F4F
:107ADC00516B5A3F158C5A3FDAAC5A3F9FCD5A3FE7
:107AEC0063EE5A3F280F5B3FEC2F5B3FB1505B3F7F
:107AFC0076715B3F3A925B3F71AC5B3F36CD5B3F3F
:107B0C00FAED5B3FBF0E5C3F832F5C3F48505C3F00
:107B1C007F6A5C3F448B5C3F08AC5C3FCDCC5C3FE8
:107B2C0004E75C3FC8075D3F8D285D3F52495D3FD0
:107B3C0088635D3F4D845D3F12A55D3F48BF5D3F4F
:107B4C000DE05D3FD2005E3F091B5E3FCD3B5E3FCB
:107B5C0004565E3FC9765E3F00915E3FC4B15E3F06
:107B6C00FBCB5E3FC0EC5E3FF7065F3FBB275F3F42
:107B7C00F2415F3FB7625F3FEE7C5F3FB29D5F3F7C
:107B8C00E9B75F3FAED85F3FE5F25F3F1B0D603F4B
:107B9C00E02D603F1748603F4E62603F1283603FAC
:107BAC00499D603F80B7603F45D8603F7CF2603FA5
:107BBC00B30C613FE926613FAE47613FE561613F30
:107BCC00910601082511010885120108E513010829
:107BDC00710601080511010865120108C513010899
:107BEC008813F4018813F4018813D0078813F40167
:107BFC00B80B0000280003007800030020000300ED
:107C0C007800030000000000A00F88130000B80BE0
:107C1C000000B80B001001400002000000100140F1
:107C2C000001000000100140400000000010014065
:107C3C008000000000140140800000000010014092
:107C4C00000800000014014040000000001001403A
:107C5C0000100000000C014080000000000C0140EE
:107C6C0008000000000C014020000000000C014046
:107C7C001000000000180140040000000018014032
:107C8C00200000000018014008000000001801400E
:107C9C0010000000000C014020000000000C01400E
:107CAC001000000000140140080000000014014006
:107CBC000400000000140140020000000014014008
:107CCC000100000000080140800000000008014095
:107CDC0040000000001801400100000000180140A5
:107CEC0002000000001401400004000000140140D8
:107CFC00000200000014014000010000000C0140D3
:107D0C0000800000001801404000000000100140FD
:107D1C000020000000100140008000000014014011
:107D2C0000800000001401402000000000140140FD
:107D3C001000000000100140000400000008014089
:107D4C0000800000001401400040000000140140BD
:107D5C00002000000014014000100000001401403D
:107D6C00000800000018014000100000001801403D
:107D7C0000200000001801400040000000180140E5
:107D8C0000800000001801400008000000180140AD
:107D9C00000400000018014000020000001801401F
:107DAC00000100000018014080000000000C0140A0
:107DBC0002000000001001402000000000100140F3
:107DCC00100000000000000000000000010203048D
:107DDC00060708090000000001020304232D302BC4
:107DEC002000686C4C0065666745464700303132B0
:107DFC003334353637383941424344454600303107
:107E0C003233343536373839616263646566000065
:047E1C005501000804
:047E20003101000824
:107E240000037D000000FFFF00037D000001FFFF51
:107E340000037D010000FFFF00037D010001FFFF3F
:107E440000037D020000FFFF00037D020001FFFF2D
:107E540000037D030000FFFF00037D030001FFFF1B
:107E640000037D040000FFFF00037D040001FFFF09
:107E740000037D050000FFFF00037D050001FFFFF7
:107E840000037D060000FFFF00037D060001FFFFE5
:107E940000037D070001FFFF00037D070002FFFFD1
:107EA40000037D080001FFFF00037D080002FFFFBF
:107EB40000037D090000FFFF00037D090001FFFFAF
:107EC40000037D0A0000FFFF00037D0A0001FFFF9D
:107ED40000037D0B0000FFFF00037D0B0001FFFF8B
:107EE40000037D0C0000FFFF00037D0C0001FFFF79
:107EF40000037D0D0001FFFF00037D0E0001FFFF65
:107F040000037D0F0001FFFF00037D100001FFFF50
:107F140000037D110001FFFF00037D120001FFFF3C
:107F240000037D130001FFFF00037D140001FFFF28
:107F340000037D150001FFFF00037D160001FFFF14
:107F440000037D170001FFFF00037D180001FFFF00
:107F540000037D190001FFFF00037D1A0001FFFFEC
:107F640000037D1B0001FFFF00037D1C0001FFFFD8
:107F740000037D1C0002FFFF00037D1D0001FFFFC5
:107F840000037D1D0002FFFF00037D1E0000FFFFB4
:107F9400314700089D470008594B0008A94B0008C9
:107FA400F9500008154C0008F54C0008615300080E
:107FB400F9540008D15F0008C5600008C1610008D9
:107FC400154700081547000815470008154700081D
:107FD400C55C0008A5560008FD590008D95A0008D8
:107FE400015C00081959000815470008BD9E0008E7
:107FF4001547000815470008015E000815470008EA
:1080040015470008154700081547000815470008DC
:1080140015470008154700081547000815470008CC
:10802400154700081547000815470008518A00083D
:108034002D7A00081547000899630008AD6500080B
:10804400C16700083D690008C16A0008996B00080F
:10805400356A0008FF000000000000000000000076
:1080640000000000000000004E0000004B00000073
:1080740048000000460000004400000041000000E9
:108084003C00000037000000340000003200000013
:10809400300000002D0000002B000000290000002B
:1080A4002700000026000000240000002300000038
:1080B4002200000020000000B4000000AA0000001C
:1080C400A0000000960000008C0000008200000068
:1080D400780000006E000000640000005A000000F8
:1080E40050000000460000003C0000003700000083
:1080F40030000000230000002000000012000000F7
:108104000A00000005000000010101010101010154
:108114000101010101010101010100005AA50782C9
:1081240000845A01000000005AA5048300140100D1
:1081340010000000010101010101000000A24A0435
:1081440024030020000000000000000000000000E4
:10815400000000000000000000000000000000001B
:10816400000000000000000000000000000000000B
:1081740000000000000000000000000000000000FB
:1081840000000000000000000000000000000000EB
:1081940000000000000000000000000000000000DB
:0481A40000000000D7
:04000005080143B9F2
:00000001FF
