:020000040800F2
:10000000F03F0020A1010008615A00083D4A0008A5
:1000100099510008E50700089984000800000000D5
:10002000000000000000000000000000395D000832
:10003000BD10000800000000915C0008735D00081E
:10004000BB010008BB010008BB010008BB010008A0
:10005000BB010008BB010008BB010008BB01000890
:10006000BB01000891110008BB010008BB0100089A
:10007000BB010008BB010008BB010008BB01000870
:10008000BB010008BB010008B1060008F507000825
:10009000E9070008BB010008BB010008BB0100081C
:1000A000BB010008BB010008BB010008BB01000840
:1000B000BB010008215E0008BB010008BB0100086D
:1000C000BB010008BB010008BB010008BB01000820
:1000D000BB010008BB010008BB010008BB01000810
:1000E000BB010008BB010008BB010008BB01000800
:1000F000BB010008BB010008BB010008BB010008F0
:10010000BB010008BB010008BB010008BB010008DF
:10011000BB010008BB0100082D5E0008BB01000800
:10012000BB010008BB010008BB010008BB010008BF
:10013000BB010008BB010008BB010008BB010008AF
:10014000BB010008BB010008BB010008655A00089C
:10015000BB010008BB010008BB010008BB0100088F
:10016000BB010008BB010008BB010008BB0100087F
:10017000BB010008BB010008BB0100080000000033
:10018000BB010008BB010008DFF810D000F040FA06
:1001900000480047F5890008AFF30080F03F0020D9
:1001A0000648804706480047FEE7FEE7FEE7FEE711
:1001B000FEE7FEE7FEE7FEE7FEE7FEE7115E00086A
:1001C000890100082DE9F05F0546002092469B4614
:1001D00088460646814640241BE02846414647465D
:1001E000224600F07BF953465A46C01A914110D37B
:1001F00011461846224600F062F92D1A67EB0108F5
:100200004F4622460120002100F059F917EB000962
:100210004E41201EA4F10104DFDC484631462A4647
:100220004346BDE8F09F2DE9F0410024061B25461A
:1002300071F1000605DA01240027D0EB070067EB17
:100240000101161E73F1000605DA0027D2EB070242
:10025000012567EB0303FFF7B5FF86460E461746F9
:100260009C46AC4204D00025D0EB050E65EB0106A0
:1002700024B10020D2EB000760EB030C704631463E
:100280003A466346BDE8F08140EA01039B0703D08C
:1002900009E008C9121F08C0042AFAD203E011F8C5
:1002A000013B00F8013B521EF9D27047D2B201E087
:1002B00000F8012B491EFBD270470022F6E710B56B
:1002C00013460A4604461946FFF7F0FF204610BDC4
:1002D00010B5044604E00B7800F8013B03B1491C5B
:1002E000521EF8D2204610BD10B5002200E0521C6C
:1002F000835C8C5CA34201D1002BF8D1D8B2E1B26F
:10030000401A10BD70B50F4D00B92868002412E0E6
:100310000A4602E09E4203D0521C1378002BF9D10A
:10032000DAB2224305D02BB124B1002100F8011B21
:1003300004E00446401C0678002EE9D128602046DF
:1003400070BD0000041300202DE9F04791460F46D0
:1003500080460446002614F8015B2DB100F0CEF86B
:100360000068405DC007F6D12B2D02D02D2D18D08E
:10037000641E4A463946204600F0C4F827B1396861
:10038000A14201D1C7F8008071054FF002040BD5DE
:100390004042002803DD08F0DDF80460A007BDE856
:1003A000F08746F48066E4E70028F8DA08F0D2F82F
:1003B00004606FF00040F2E72DE9F05F93460F46CE
:1003C00080460446002608F0C5F8D0F80090824622
:1003D00014F8015B2DB100F091F80068405DC00792
:1003E000F6D12B2D02D02D2D1AD0641E0021CAF873
:1003F00000105A463946204600F084F8014627B1DD
:100400003868A04201D1C7F80080DAF8000002285D
:1004100009D0CAF80090700505D54842BDE8F09FA4
:1004200046F48066E2E70846F8E7F0B4CA17CB0F57
:1004300050405140C61841F100054FEAC3723146A1
:1004400028004FF0960303D0B623F0BC00F0B2B8FA
:1004500030460021F9E710B500F0004420F00040DC
:10046000C20DC0F3160040F400007F2A02DA00201B
:10047000014610BD0021962A03DCC2F19602D0404D
:1004800002E0963A00F01BF8002CF2D00023D0EBEB
:10049000030063EB010110BD00F0004230F00040AA
:1004A0000AD0C10D01F56071C0F3160042EA015196
:1004B000C208400711437047002001467047202AB8
:1004C00004DB203A00FA02F1002070479140C2F1AB
:1004D000200320FA03F3194390407047202A04DBDD
:1004E000203A21FA02F00021704721FA02F3D040AD
:1004F000C2F12002914008431946704700487047F6
:10050000189A00082DE9F05F82460078002715460A
:100510008B460AF10104B946302801D09DB113E0A1
:1005200014F8010B0127782803D0582801D045B1D1
:100530000AE00DB1102D07D10027102514F8010B8A
:1005400002E0082500E00A250026B0460EE005FB83
:10055000080005FB06F1012701EB10461FFA80F8A1
:10056000B6F5803F00D3B94614F8010B294600F0D8
:1005700061F80028EBDABBF1000F05D00FB1641E63
:1005800000E05446CBF80040B9F1000F06D007F068
:10059000E1FF02210160C81EBDE8F09F48EA064065
:1005A000FAE70029A8BF7047401C490008BF20F0A7
:1005B0000100704710B4B0FA80FC00FA0CF050EA69
:1005C000010404BF10BC704749B1CCF1200421FAEA
:1005D00004F411FA0CF118BF012121430843A3EBE5
:1005E0000C01CB1D4FEA00614FEA102042BF0020F2
:1005F00010BC704700EBC35010440029A4BF10BCCE
:100600007047401C490008BF20F0010010BC704733
:10061000064C074D06E0E06840F0010394E807004F
:1006200098471034AC42F6D3FFF7B2FD1C9A00088D
:100630003C9A00083A2800D2303820F02002412AA3
:1006400001D3A2F13700884201D34FF0FF30704749
:1006500070B58D1810F8014B14F0030201D110F899
:10066000012B231106D110F8013B03E010F8016BB8
:1006700001F8016B521EF9D1ABB110F8012B04F057
:100680000C048A1A0C2C03D0A2EB84129B1C08E0E9
:1006900010F8014BA2EB0422F8E712F8014B01F825
:1006A000014B5B1EF9D5A942D4D3002070BD0000D8
:1006B000014801F034B8000048130020464910B545
:1006C0004A6822F440324A604A6843681A434A60E2
:1006D00001684A6822F480724A6001684A680369C6
:1006E00042EA03224A6001684A6822F040724A6086
:1006F00001684A6883681A434A6001688A6822F47C
:1007000000628A6001688A68C3681A438A60816AE5
:100710006FF07062D14201688A6822F070628A606C
:1007200001688A680CD0836A1A438A6001688A6803
:1007300022F040528A6001688A68C36A1A4301E065
:1007400022F040528A6001688A6822F002028A60C0
:1007500001688A68037E42EA43028A6090F82010AA
:10076000002901684A680FD042F400624A600168BB
:100770004A6822F460424A6001684A68174C436A3A
:1007800004EB43331A4301E022F400624A6001683B
:10079000CA6A22F47002CA620168CA6A838B104C6A
:1007A00004EB03531A43CA6201688A6822F4007298
:1007B0008A6001688A6890F8303042EA43228A6091
:1007C00001688A6822F480628A6001688A684069E8
:1007D00042EA8020886010BD0023014000E0FFFF56
:1007E0000000F0FFFEE70000014801F010BB000030
:1007F00090130020014801F00ABB00009013002074
:10080000F0B52B4A4FF00001A2F5AE7092F92040EE
:1008100082F82140958B4FF001032E0602D5062267
:10082000427605E06E0702D5EE43360706D04176E4
:1008300081768183C1830184418436E0032C23D0F7
:10084000012C33D1002405F0F006EF060BD4202E46
:1008500009D0302E07D0402E05D0502E03D041F2C3
:100860003F06AE4322D1124D168BED6A1EB16424B1
:100870006C4394FBF6F4437605268676B4F5004F78
:1008800008DB47F6FF7609E043768376128E828393
:10089000C283D0E7074EB44200DB26B2C683948EF3
:1008A0000484128F4284456281830376F0BD000088
:1008B000AC3B00200080FFFFB0B10C490A7E9AB12A
:1008C0000A7E02704A7E42708A7E82708A8B8280A3
:1008D000CA8BC2800A8C02814A8C42814A6AC260F9
:1008E000002008760120704700207047503A002011
:1008F0002DE9F0410188314C0A04120C217901F5EF
:10090000007701F5407601F5806501F5A06301F5FA
:10091000C06C09D004F5AE74BA4229D1016902292C
:1009200018D3808BA0833EE0427F0AB18A4211D166
:10093000007F012810D0022811D07F25802811D0F7
:10094000812807D11E4804F028FC0020607100F0C7
:100950007BFA6571BDE8F08105206071FAE704203B
:10096000607100E06571BDE8F041154804F015BC08
:1009700000F11E01B24201D0AA4209D10269062A41
:10098000E8D3808BA083084600F020FAE0620AE0FA
:100990009A420CD10269062ADCD3808BA0830846D8
:1009A00000F014FA2063BDE8F041FFF729BF62456B
:1009B000D0D1BDE8F04100F005B80000503A002069
:1009C000683900202DE9FC414FF000080546CDF8BC
:1009D0000080CDF80480006908286FD300F056F934
:1009E000B5F81D30297FEE7F5F4AA3F580501C4685
:1009F000183801D1300012D05FF0000000EB400742
:100A000032F827C09C450FD102EB870797F802C048
:100A1000B44509D100EB400002EB800008E05248E9
:100A2000001FD0611C3003E0401C1928E6D340466B
:100A300001234E4F4FF0430C402903D1B4F5805FA2
:100A400000D1DEB14FF00208494AB8EB511F29D15D
:100A500098B3017AC1F104014CEA81018DF80010CC
:100A6000697F8DF80110A97F8DF802108DF8036061
:100A7000027A416801A8FFF707FC6CE08DF800C01E
:100A80008DF8018010218DF8021092218DF804104C
:100A90008DF8053004218DF806108DF803808DF84F
:100AA000078058E0DFF8CCC0B3EB511F04D120B170
:100AB000427A22B18A0704D4624619E01CE02E4A29
:100AC00016E0C1F38101027AC1F104018A4201D02A
:100AD0002A4A0DE046F2600844450FD176B995F9EF
:100AE000201001290AD0032908D0062906D0244A5B
:100AF0003146204600F0BCF9BDE8FC81406805F1B4
:100B00002001FFF7C1FBA4F5C040403815D0444593
:100B100013D0A4F5C0407A380FD046F28100844249
:100B20000BD0A4F5C040833807D0A4F5C04084386A
:100B300003D0A4F5C040FF3802D10EB9FFF760FE24
:100B400060208DF80000687F8DF80100A87F8DF887
:100B500002008DF8036038790822694600F5B0601C
:100B600000F0A8F9C8E70000D8110020503A002092
:100B7000000002060100040502000106100007063D
:100B80003000090670B50D4606468AB04FF4AE71C6
:100B90002148FFF792FB00F041F81F4C05F00700D9
:100BA000266020717F26667101F074FCA06001F060
:100BB00071FC206128216846FFF77FFB002501209A
:100BC000CDE9065003950890059504950E200095F3
:100BD0000195029509906946206801F01DF808B159
:100BE00000F062FB206801F0FFFA08B100F05CFB46
:100BF0000221206800F090FF08B100F055FB6571FC
:100C000000F022F9667101F045FCA06001F042FCA1
:100C100020610AB070BD0000503A002010B5442198
:100C20001748FFF74AFB16481649C82240F8081B28
:100C300040F2313102C04FF4014140F80C1B4FF437
:100C4000807140F8081C002140F8041C20F8022B99
:100C5000012220F8162940220183428303220277D1
:100C600042774FF496728162C0E90B1240F6B832B7
:100C700042638263022282870348416210BD000002
:100C8000AC3B002092010400503A0020104800784C
:100C900008B1012100E000210E4800F8041F017F87
:100CA0004177828A0C4900EE102AD1ED060AB8EE8F
:100CB000400A20EE800ABDEEC00A80ED080A91EDE0
:100CC000090ABDEEC00A80ED090A00F053B9000020
:100CD00003000020AC3B00201013002010B50028BA
:100CE0000BD0002909D000F079F8002805D103487D
:100CF000D0F84C11491CC0F84C1110BD503A0020DE
:100D000070B58CB001F0C6FB0546FFF7BFFF2D4C58
:100D1000684694F84A11C9B194F84911242201EBAC
:100D2000C10104EB81012831FFF7AEFA94F84901C3
:100D3000401C00F0070084F8490194F84A01401E65
:100D400084F84A016846FFF7D3FDE1E7A068002672
:100D5000281AB0F57A7F02D3A56000F075F82069F3
:100D6000281A64282BD3256100F0DAF809960A9630
:100D7000FFF78CFF144D09A8E98B00F035F90DF150
:100D80002600696A00F028F92079062209A900F5F1
:100D9000207000F08FF809960A96FFF777FFE98B2D
:100DA00009A800F021F90DF12600A96A00F014F954
:100DB0002079062209A900F5906000F07BF80CB0BC
:100DC00070BD0000503A0020AC3B002082780188C2
:100DD000C07862F31F4141EA006070472DE9F0419D
:100DE000184D07460E4695F84A01082802D3002000
:100DF000BDE8F08195F848011C2200EBC00005EB2E
:100E0000800404F128003946FFF73EFA3A7C082AAC
:100E100000D9082204F144003146FFF735FA95F86D
:100E20004801401C00F0070085F8480195F84A0188
:100E3000401C85F84A01D5F85801401CC5F85801F6
:100E40000120D5E7503A002038B5084C0122694608
:100E500060798DF80000207900F5E06000F02AF854
:100E6000002802D1E168491CE16038BD503A0020F9
:100E70001CB580238DF800308DF80100000A8DF834
:100E800002008DF80420100A8DF80500100C8DF872
:100E90000600100E8DF8070005488DF80310082293
:100EA0000079694600F5B06000F004F81CBD000050
:100EB000503A002030B589B00023184C06930793B0
:100EC00025680DB1082A07D9D4F85401401CC4F88C
:100ED0005401012009B030BDC0F30A00CDE9000380
:100EE0000293CDE903328DF8143019B112B106A87E
:100EF000FFF7CAF908AB06AA6946206800F01EFE93
:100F000028B1D4F85411491CC4F85411E2E7D4F8BC
:100F10005011491CC4F85011DCE70000503A002081
:100F200038B500200090FFF7B1FE0948C18B684634
:100F300000F05AF8074C02226946207900F5C0708B
:100F4000FFF7B8FF002802D16169491C616138BD13
:100F5000AC3B0020503A0020C82801D2C82004E051
:100F60004FF44841884200D9084601490883704738
:100F7000AC3B002070B5134D0020297FC943090701
:100F800000D101201049097809B1082005E018B105
:100F90000E484079052808D0432040F408740C48D6
:100FA00004F052F90B4910B105E00720F5E7087885
:100FB00008B944F48064087808B124F48064EC83B0
:100FC00070BD0000AC3B002003000020503A002020
:100FD000683900200400002001700A0A42700A0CDF
:100FE0008270090EC17070470170090A4170704724
:100FF000002070470020704710B5002204490548C2
:1010000005F0CAFA0449034805F0B9FA002010BDFA
:101010008C220020201500208C1A00202DE9F0479A
:1010200000240F468146DFF850802646134D16E017
:1010300019F804000D2809D00A2807D0298A7F2929
:101040000BD208F80100491C298207E0288A28B140
:1010500008F80060084806F013F92E82641C38680E
:10106000A042E5D84946064805F089FA044805F04B
:101070005FFA0020BDE8F0870C1A0020060100206E
:101080002015002010B507F041FA002010BD000027
:10109000094A10B5D2F8BC22D2F814220AB10120B4
:1010A00010BD0A460146044805F076FABDE8104036
:1010B000014805F0EBBA0000201500207047000041
:1010C0002DE9F04104004FF0000558D04FF40067BF
:1010D00039462D4800F086F900B901252B4E8021B4
:1010E000304600F07FF908B945F002054FF48071F1
:1010F000304600F077F908B945F0040525704FF443
:101100000071304600F06EF950B1002060704FF46D
:101110008061304600F066F9012803D0012002E02A
:101120000120F3E70020A0703946304600F05AF95C
:1011300048B10020E07000254FF48051304600F0A7
:1011400051F910B102E00120F4E701254FF40051FC
:10115000304600F047F908B945F002054FF48041E8
:10116000304600F03FF908B945F0040525714FF409
:101170000041304600F036F918B100206071BDE83A
:10118000F0810120FAE70000000402400010024054
:10119000082001F071B810B501464FF47A62D1E928
:1011A00004010023FFF73FF8100001D502F57A6033
:1011B00010BD00000021016041608160C0E90411A0
:1011C0009FED050A80ED060A80ED070A80ED080A0A
:1011D00080ED090A704700000000000070B50D4660
:1011E00004463C21284602F0D9FC296800204862C8
:1011F0006060C4E9040070BD70B504462DED028B3B
:10120000B0EE408A0868406A61686060411A4D42E9
:10121000A5602060D4E90401401941EBE571C4E9FF
:101220000401FFF702F900EE900A9FED110A80EE2B
:10123000801A00EE905A84ED061AB8EEE01AC1EE5C
:10124000000A9FED0D1A80EE880ADFED0A0A84ED90
:10125000070A60EE200AC4ED080A94ED090A70EE50
:10126000C00A00EE810A84ED090ABDEC028B70BD54
:1012700000007A4500007042CDCC4C3D0968002248
:101280004A62426002608260C0E904229FED050A62
:1012900080ED060A80ED070A80ED080A80ED090A54
:1012A000704700000000000072B6FEE710B503F0C2
:1012B000ADFB03F0B1FB03F0B5FBBDE8104003F05C
:1012C000B7BB000019480068C06A0021401C80B20A
:1012D00000EE100A1648F7EE000AB8EE400A0122A6
:1012E00080ED000AB3EE080A80ED010A80ED020AE3
:1012F0009FED100A80ED030A80ED040A80ED050AD7
:1013000080ED060AC18380ED090AC0ED0A0ADFED0F
:101310000A0A80ED0B0AC0ED0C0A80ED0D0A80F878
:10132000382041878187FFF7C1BF0000B813002034
:10133000B8310020000000006666663F80ED010ABB
:101340009FED050A002180ED030AC0ED040A80ED3F
:101350000B1AC183FFF7AABF0000000000280ED0BF
:1013600000290CD0D1E90421C0E9002100218160CD
:1013700000F10C02012182EC050A80F82010704770
:1013800070B5040015460E466FF001001BD0002E0C
:1013900019D0002D17D094F82010002913D0A1687F
:1013A0002046491C07F0E2F904F1100C02469CECBF
:1013B000040A0B462946304603F0B0FF002802D14C
:1013C000A168491CA16070BD00280AD0002908D07E
:1013D000D1E90421C0E9002100218160012180F8C8
:1013E0002010704770B50D46064601F049F80446D6
:1013F0000A2000F02DFF2946304601F041F88442D2
:1014000000D1204670BD000070B590F83C20694DB9
:10141000012A19D0012280F83C200A6807230468B9
:10142000092A13D9E6680A3A02EB420293409E4326
:10143000E6600A788B680A3A02EB4202934002683F
:10144000D4682343D36010E0022070BD266902EB0C
:10145000420293409E4326610A788B6802EB420267
:10146000934002681469234313610268936B23F469
:10147000401393630268936B0C8A4F4E06EB04543F
:10148000234393630A790B7CD21AD21C02EB8202AB
:101490001F2393400268946B9C4394630A790B7CEE
:1014A000D21AD21C02EB82030A8892B29A400368D5
:1014B0009C6B22439A638A69AA420268936823F468
:1014C00070239360026893680CD08C692343936007
:1014D0000268936823F44013936002689368CC69B0
:1014E000234301E023F4401393604A7D002A0268FD
:1014F000536802D043F4806301E023F480635360B7
:101500000A7D002A0268536802D043F4805301E048
:1015100023F4805353604A68012A16D0022A1FD050
:10152000032A026827D0136A6FF30B031362026861
:10153000136ACC6823431362214B04681F4A9C4200
:1015400027D10C68122C20D023E0026853696FF376
:101550000B03536102685369CC6823435361EBE783
:10156000026893696FF30B03936102689369CC6817
:1015700023439361E0E7D3696FF30B03D361026800
:10158000D369CC682343D361D6E7546844F480041C
:10159000546004689C4208D10968102901D01129BF
:1015A00003D1516841F400015160002180F83C10E2
:1015B000084670BD01000F000000F0FF002301404D
:1015C000002001407047000078B50024009490F896
:1015D0003C20012A19D0012280F83C200A68072308
:1015E0000568092A13D9EE680A3A02EB42029340D1
:1015F0009E43EE600B788A680A3B03EB43039A40F4
:101600000368DD682A43DA6010E0022078BD2E69A5
:1016100002EB420293409E432E610B788A6803EBF3
:1016200043039A4003681D692A431A614A681F23CD
:10163000072A13D205686E6B521E02EB820293409A
:101640009E436E630B790A885B1E92B203EB8303A1
:101650009A4003685D6B2A435A6327E005680D2AA8
:1016600012D22E6BD21F02EB820293409E432E6356
:101670000B790A88DB1F92B203EB83039A4003685D
:101680001D6B2A431A6311E0EE6A0D3A02EB8202E7
:1016900093409E43EE620B790A880D3B92B203EBB6
:1016A00083039A400368DD6A2A43DA62164B0568B1
:1016B000144A9D4206D10D68122D03D1556845F498
:1016C0008005556005689D4218D10B68102B01D02C
:1016D000112B13D1536843F4000353600968102998
:1016E0000CD10A490A4A0968B1FBF2F101EB810108
:1016F000490000E0491E00910029FBD180F83C40E0
:10170000002078BD00230140002001403801002066
:1017100040420F00704770470068C06C704770B55A
:10172000044600680668456816F0020F05F02001BF
:101730002AD049B3216CC90603D4216C41F400714D
:101740002164816811F0405F17D1217EA9B9C16A77
:1017500011F4700F02D0816849050ED4416821F060
:1017600020014160206C20F480702064206CC00453
:1017700003D4206C40F0010020642046FFF7CAFF2C
:1017800021686FF01200086016F0040F05F0800168
:1017900032D089B3206CC00603D4206C40F40050D2
:1017A00020642068816811F4401F1ED1816B11F400
:1017B000401F02D08168490517D44168490514D4F7
:1017C000816811F0405F10D1217E71B9416821F02C
:1017D00080014160206C20F480502064206CC005A2
:1017E00003D4206C40F0010020642046FFF7EAFE9D
:1017F00021686FF00C00086016F0010F05F0400141
:101800000FD071B120680068C0070AD0206C40F486
:1018100080302064204600F043F821686FF001001A
:10182000086016F0200F05F080610ED000290CD062
:10183000606C40F00200606420686FF02005056075
:101840002046FFF768FF2068056070BD70B5040092
:101850004FF0000503D0206C002610B107E00120F6
:1018600070BD204600F01EF8666484F83C60206C71
:10187000C00610D4206C20F4885040F00200206490
:101880002046FEF71BFF6664206C20F0020040F04B
:101890000100206400E0012584F83C60284670BD0A
:1018A0007047000030B587B0044614216846FEF743
:1018B00004FD1C492068884232D11B48002501687C
:1018C00041F480710160006800F480700590164852
:1018D0001438016841F004010160016801F004015D
:1018E0000591016841F0020101600068032400F0E5
:1018F0000200059030208DE8310069460B4800F069
:10190000C7FC009469460A48CDE9014500F0C0FCD7
:1019100000220421122000F02BFE122000F01AFEFB
:1019200007B030BD002001404438024000080240AA
:10193000000402402DE9F041044600680D4681682C
:101940004FF0000749050BD58068C00508D5206C0D
:1019500040F02000206484F83C700120BDE8F08154
:1019600000F098FD064613E0681C11D025B100F088
:1019700091FD801BA8420BD920680068800707D41E
:10198000206C40F00400206484F83C700320E5E7FC
:10199000206800688007E7D521686FF012000860B2
:1019A000206C40F4007020642068816811F0405F72
:1019B00013D1217E89B9C16A11F4700F02D08068F9
:1019C00040050AD4206C20F480702064206CC00490
:1019D00003D4206C40F0010020640020BEE700002A
:1019E00018B50021009190F83C20012A07D001226F
:1019F00080F83C2002689368DB0702D011E00220E7
:101A000018BD936843F0010393602E4A2E4B126871
:101A1000B2FBF3F202EB420200E0521E0092002AF7
:101A2000FBD102689368DB0742D0036C40F201648B
:101A3000A34343F48073036453685B0505D5036CCB
:101A400023F4005343F480530364036CDB0404D594
:101A5000436C23F00603436400E0416480F83C10CB
:101A60001A496FF02203136049680068CA061849D2
:101A700006D0884224D1816811F0405F13D01FE066
:101A80008842F8D0134A904203D1D1F80423D206F9
:101A9000F1D0114A904213D1D1F8041301F01F0183
:101AA0001029E8D30CE0816841F08041816007E0B3
:101AB000016C41F010010164416C41F0010141648D
:101AC000002018BD3801002040420F0000230140D3
:101AD00000200140002101400022014090F83C100C
:101AE00001290CD0012180F83C1001688A6822F09D
:101AF00001028A6001688968C90702D007E00220F4
:101B00007047016C21F4885141F00101016400210A
:101B100080F83C100846704790F82020012A07D032
:101B2000022A05D0416A41F48021416201207047B8
:101B3000006842690A43426100207047F0B590F89E
:101B400020500468A468012D05D0022D03D0416AFD
:101B500041F480215DE014F0406F01D1E50055D5DE
:101B6000C4F30164022C03D9416A41F4000150E03E
:101B70000125A5401D608D684FF4C0739DB1CE68EE
:101B800035434E6845EAC605066803EB0417F55170
:101B90004FF4C275076805EB04150E697E51097D87
:101BA000012905D009E00E88CD6845EA4655EBE7E6
:101BB00001684E5946F480764E511179D57956799F
:101BC00041EA056195792D0445EA062529434FF43C
:101BD000C676056806EB0416A9511178D57841EA56
:101BE0000561957852782D0445EA022211434FF49D
:101BF000C475026805EB04155151006803EB04112C
:101C0000425842F0010242500020F0BD416A41F4C6
:101C1000001141620120F0BD10B590F82020012A8A
:101C200007D0022A05D0416A41F480214162012097
:101C300010BD3B48D0F8002242F00102C0F800225B
:101C4000D0F8002222F47C52C0F80022D0F8002202
:101C50004B6A42EA0322C0F800220A7D02F01F0309
:101C600001229A40D0F81C329343C0F81C32CB6951
:101C7000B3B9D0F80C329343C0F80C328C894B685E
:101C800064F31F434C6900EBC404C4F840320C8970
:101C90000B6864F31F434C6900EBC404C4F844327E
:101CA000CB69012B16D1D0F80C321343C0F80C329B
:101CB0000C884B6864F31F434C6900EBC404C4F800
:101CC00040320C89CB6864F31F434C6900EBC404B9
:101CD000C4F844328B69002BD0F804320ED0134381
:101CE000C0F804320B69002BD0F8143208D013432B
:101CF000C0F81432096A012904D008E09343EFE7E1
:101D00009343F5E7D0F81C121143C0F81C12D0F829
:101D1000001221F00101C0F80012002010BD0000E7
:101D200000640040704730B590F82040012C05D089
:101D3000022C03D0416A41F480215DE0046800294F
:101D400055D02469A40754D04FF4D874056804EB27
:101D500001142D5915F00405956005682D594ED0D4
:101D6000ED08556005682C5904F00204D4604FF466
:101D7000DA74056804EB01142D5905F00F0515619F
:101D800005682D59C5F30725956105682C59240C64
:101D900054614FF4DC72046802EB0112A4581C7009
:101DA0000468A458240A5C700468A458240C9C702D
:101DB0000468A258120EDA704FF4DE72046802EB67
:101DC0000112A4581C710468A458240A5C710468A8
:101DD000A458240C9C710468A258120EDA71006891
:101DE00081B1016941F020010161002030BDE4684A
:101DF000A8E7416A41F400114162012030BD6D0D38
:101E00001560AFE7C16841F02001C160EDE72DE941
:101E1000F05F0546006800244669D0F804908768A2
:101E2000D0F80CB0D0F810A0D0F81880F10748D046
:101E3000F90714D001218160B80703D5284600F0C6
:101E400000FA0CE0780702D54FF4006407E0380789
:101E500002D54FF4805402E0284600F0F1F9F8056D
:101E600016D529684FF480708860B80503D52846D8
:101E700000F0E9F90CE0780502D544F4005407E0DD
:101E8000380502D544F4804402E0284600F0DAF92F
:101E9000F80316D529684FF480308860B80303D55D
:101EA000284600F0D2F90CE0780302D544F400444F
:101EB00007E0380302D544F4803402E0284600F0FD
:101EC000C3F9300707D55FEACB6004D52968102035
:101ED00044F40074C86070074FF0080707D55FEA44
:101EE0000B7004D52868C760284600F061F9B00778
:101EF00006D52868C068800702D0284600F05AF945
:101F0000700607D55FEACA6004D52968102044F43A
:101F100080640861B00607D55FEA0A7004D52868B6
:101F20000761284600F05CF9F00606D528680069CC
:101F3000800702D0284600F054F9B00308D55FEAC4
:101F4000C96005D5296810204860284600F04AF984
:101F5000F00307D55FEA097004D528684760284672
:101F600000F074F9300446D55FEA497040D5F005B9
:101F700004D55FEAC87001D044F00104B00504D56F
:101F80005FEA887001D544F00204700504D55FEA69
:101F9000487001D544F00404300529D518F0700FBD
:101FA00026D008F07000402815D006DC102809D093
:101FB00020280AD0302816D10AE050280ED06028F8
:101FC00011D10EE044F008040DE044F010040AE0E2
:101FD00044F0200407E044F0400404E044F08004AE
:101FE00001E044F480742868816921F07001816106
:101FF000296804204860002C05D0686A2043686284
:102000002846FFF78FFEBDE8F09F70B5040003D0AF
:1020100094F8200010B104E0012070BD204600F0CB
:1020200081F82068016841F00101016000F032FA96
:102030000546052604E000F02DFA401B0A2811D8B9
:1020400020684068C007F6D02068016821F00201CE
:10205000016000F01FFA05460BE000F01BFA401B80
:102060000A2806D9606A40F40030606284F8206073
:10207000D2E7206840688007EFD4207E01282068DE
:1020800001683DD021F080010160607E0128206858
:10209000016838D021F040010160A07E012820684D
:1020A000016833D021F020010160E07E0128206822
:1020B00001682ED041F010010160207F01282068C6
:1020C000016829D021F008010160607F01282068A3
:1020D000016824D021F004010160D4E90201084321
:1020E000D4E90412114308436168491E084321687A
:1020F000C86100206062012084F82000002070BDCB
:1021000041F08001C0E741F04001C5E741F0200106
:10211000CAE721F01001CFE741F00801D4E741F010
:102120000401D9E710B586B0044614216846FEF7CD
:10213000C4F81C492068884231D11B48002102683C
:1021400042F000720260006800F0007005901648CE
:102150001038026842F002020260006800F00200DB
:1021600005904FF4407000900220CDE9010103205A
:1021700003900920049069460C4800F089F8002279
:102180000521132000F0F4F9132000F0E3F90022F8
:102190000521142000F0ECF9142000F0DBF906B062
:1021A00010BD0000006400404038024000040240BE
:1021B0007047000000B5094A016889B091420AD110
:1021C00007AB6A460021FFF7AEFD002803D107A93F
:1021D0006846FEF783FD09B000BD000000640040C2
:1021E000704770477047000070B5044690F82000B3
:1021F000012804D0606A40F40020606218E00220E8
:1022000084F820002068016821F00101016000F0DD
:1022100041F905460EE000BF00F03CF9401B0A28DA
:1022200008D9606A40F400306062052084F820001C
:10223000012070BD20684068C007EDD1606270BDAC
:10224000704770477047704770477047704700008D
:1022500070B5044600F01EF90546601C02D0044823
:102260000078044400F016F9401BA042FAD370BD78
:102270002C01002070470000044910B50A68024292
:1022800002D00860FFF7F6FF10BD0000143C0140CB
:102290002DE9F84FDFF8BCA10022012503264FF0FD
:1022A0000F090AF1040BAAF1040E00BF0B6805FA2E
:1022B00002F42340A34270D10F7907F00307012FE6
:1022C00001D0022F16D187684FEA420806FA08FCAF
:1022D00027EA0C07D1F80CC00CFA08FC4CEA070CF2
:1022E000C0F808C04768A7430C79C4F300149440B1
:1022F0003C4344600C79E443A4070AD0C4684FEA25
:10230000420C06FA0CF7BC438F6807FA0CF7274318
:10231000C7600C7904F00304022C12D1D40800EB3E
:10232000840CDCF820405707FF0E09FA07F824EA6E
:102330000804D1F8108008FA07F848EA0408CCF835
:10234000208004684FEA420C06FA0CF7BC430F7970
:1023500007F0030707FA0CF7274307604C6814F4EB
:10236000403F70D03C4C276847F480472760246882
:1023700022F0030704F480440094384C07EB040C6B
:10238000DCF8084897074FEA177809FA08F7BC43C2
:10239000334FB84202D1002724E054E0314FB84215
:1023A00001D101271EE0304FB84201D1022719E0C8
:1023B0002E4FB84201D1032714E02D4FB84201D16E
:1023C00004270FE02B4FB84201D105270AE02A4F1E
:1023D000B84201D1062705E0284FB84201D10727AE
:1023E00000E0082707FA08F72743CCF80878DAF85E
:1023F00000405746D1F804C09C435FEACC2C00D57E
:102400001C433C60DBF800405F46D1F804C09C43AD
:102410005FEA8C2C00D51C433C60DEF80040774618
:10242000D1F804C09C435FEA8C3C00D51C433C605F
:10243000084F083F3C68D1F804C09C435FEACC3C9D
:1024400000D51C433C60521C102AFFF42FAFBDE89E
:10245000F88F0000083C0140443802400030014041
:10246000000002400004024000080240000C02404C
:10247000001002400014024000180240001C0240FC
:102480000069084000D0012070470AB1816170479F
:102490000904FBE701488068704700002C01002018
:1024A0000248816802781144816070472C01002045
:1024B0000B4810B5016841F400710160016841F4F6
:1024C00080610160016841F480710160032000F0C7
:1024D0006FF80F2000F006F800F024F8002010BD7F
:1024E000003C024070B50D4D04464FF47A712878D7
:1024F000B1FBF0F00A490968B1FBF0F001F02AF8ED
:1025000048B9102C07D200222146501E00F030F8A6
:1025100000206C6070BD012070BD00002C01002007
:10252000380100200A4808B5016841F48041016083
:10253000006800F4804000900548001F016841F0E9
:1025400080510160006800F08050009008BD0000DC
:1025500044380240002809DB00F01F0201219140AD
:102560004009800000F1E020C0F800117047000031
:10257000F0B40E4B1B680C46C3F30223C3F10705EE
:10258000042D00D90425191D072901D2002300E0DC
:10259000DB1E012606FA05F1491E214099409E40A6
:1025A000761E16403143F0BC05F0C4BF0CED00E0D0
:1025B000064900F0070208684FF6FF03184040EA9A
:1025C0000220034A10430860704700000CED00E051
:1025D0000000FA0570470068416200207047F0B5BE
:1025E0000368586A39B19C6A4FF4827600EB144450
:1025F00000204D1E0AE040EA024098620FE006EB20
:102600008007DF59401C04EB1744C0B2A842F6D340
:1026100044EA02404FF4807202EB810158500020DE
:10262000F0BDD0F8080504F0B7BA01EBC10200EB29
:102630008202D0F80805D26C04F00CBA01EBC1029A
:1026400000EB8202D0F80805D2F88C2204F05DBAC3
:10265000D0F8080504F0A2BA0A0601F00F0101EB58
:10266000C10100EB810101D53C3101E001F51F7191
:10267000006805F059BD70B504460B0601F00F0067
:1026800000EBC00104EB81014FF001024FF00005A7
:1026900003D581F83D203C3103E081F87D5201F5FE
:1026A0001F71087094F8BC04012808D084F8BC2479
:1026B000206805F0F3F984F8BC54002070BD0220B6
:1026C00070BD70B5044601F00F006268904201D9F8
:1026D000012070BD0B0601F00F0101EBC10104EBFD
:1026E00081014FF001024FF0000503D581F83D2034
:1026F0003C3103E081F87D5201F51F718D70087047
:1027000094F8BC04012808D084F8BC24206805F0A3
:10271000C1FB84F8BC54002070BD022070BD01F0E4
:102720000F0101EBC10100EB8100D0F89C02704762
:102730002DE9F04104460F0601F00F0000EBC00147
:1027400004EB81014FF001064FF0000503D581F83D
:102750003D603C3103E081F87D5201F51F71087046
:10276000CA600B714A7802B10881022B00D14D7109
:1027700094F8BC04012809D084F8BC64206805F0F2
:10278000E5F8284684F8BC54BDE8F0810220FBE758
:1027900070B50C4601F00F0505EBC50100EB81019A
:1027A000C1F89432C1F88C220023C1F89C3281F820
:1027B0007D3281F87C52036901F51F71012B00D134
:1027C0004A612207027C006803D005F0BBFB0020B1
:1027D00070BD05F0A5FAFAE770B504460D4601F0A4
:1027E0000F006168884201D9012070BD29064FF0B1
:1027F00000064FF0010207D500EBC00104EB810198
:1028000081F83D203C3107E005EBC50104EB810177
:1028100081F87D6201F51F718A70087094F8BC041C
:10282000012807D084F8BC24206805F05FFB280746
:1028300002D007E0022070BD217C04F2C44220686F
:1028400005F0FCFA84F8BC64002070BD70B50C463D
:1028500001F00F0505EBC50100EB81014B65CA6472
:102860000023CB65012381F83D3001F83C5F03690B
:10287000012B00D14A612207027C006803D005F0D9
:1028800061FB002070BD05F04BFAFAE72DE9FC5F13
:1028900005680446284605F0E8FC00287DD120683C
:1028A00005F00FFD002878D0D5F80808C0F30D20FA
:1028B000C4F8FC04206805F004FD800704D52068F6
:1028C000416901F002014161206805F0FAFCC1068E
:1028D00004F2C440009034D52068816921F01001D1
:1028E00081612F6A07F00F0000EBC00004EB800647
:1028F000C7F3434006F51F76022802D0062811D000
:102900001AE047F6F070074216D0C7F30A121746CE
:102910002846316905F0D9FC306938443061306AA5
:10292000384408E008222846009905F0CEFC306AB9
:10293000C7F30A11084430622068816941F0100130
:102940008161206805F0BDFC00034FF0080B4FF0DB
:10295000000A4FF001097CD50026206805F090FCA4
:10296000074674E0F80770D0F1B2206805F0A1FCCA
:102970008046C00707D005EB4611C1F8089B3146D9
:10298000204603F075F85FEA087024D505EB461180
:10299000C1F808BB2068016C00E025E200EB46109E
:1029A0000191D0F8082BFC4B994205D9110403D5AD
:1029B0004FF40041C0F8081B204600F005FBF64923
:1029C0000198884207D92069012804D12068012193
:1029D000009A05F033FA5FEAC86004D505EB4611AA
:1029E0001020C1F8080B5FEA88701DD568690006E1
:1029F00005D5D5F8040840F48061C5F8041806EB45
:102A0000C60004EB800090F87F1200F51F700129CA
:102A100005D180F803A0F1B2204600F0EBF905EBF8
:102A200046110220C1F8080B5FEA886004D505EB67
:102A300046102021C0F8081B5FEA884005D505EB49
:102A400046104FF40051C0F8081B7F08761C002F79
:102A500088D1206805F035FC40036FD5206805F06B
:102A600008FC0746002667E0F80763D0F1B220684B
:102A700005F00DFC8046C00723D006F00F0209FACE
:102A800002F0D5F834288243C5F8342805EB461007
:102A9000C0F80899206901280FD106EBC60004EBA5
:102AA0008000D0E912211144C16436B9606D20B9AB
:102AB00020680121009A05F0C1F9F1B22046FFF724
:102AC000B4FD5FEA087003D505EB4611C1F808B9FB
:102AD0005FEAC86004D505EB46111020C1F808096B
:102AE0005FEA486004D505EB46104021C0F808199C
:102AF0005FEA887017D53146284605F089FB06EB5A
:102B0000C60004EB800090F83F103C30012905D14D
:102B100080F803A0F1B2204600F068F905EB4611F9
:102B20000220C1F808095FEA086003D53146204653
:102B300003F004F87F08761C002F95D1206805F07B
:102B4000C0FB002811DAD5F8040820F00101C5F80F
:102B5000041894F8F40401282BD0204600F018FA49
:102B60002068416901F000414161206805F0A9FB3E
:102B700000050BD5D5F80808C00702D0204600F0A4
:102B80004BFA2068416901F400614161206805F059
:102B900098FBC00466D5D5F8040820F00100C5F8FC
:102BA00004081021206805F033FB00214FF67F3226
:102BB0001FE084F8F4A400212046FFF70BFDCFE7C7
:102BC00005EB4110C0F80829D0F8003923F40013B0
:102BD000C0F80039C0F8082BD0F8003B23F40013EC
:102BE000C0F8003BD0F8003B43F00063C0F8003B66
:102BF000491C60688842E3D8D5F81C0840F00111F0
:102C0000C5F81C18206B002828460DD0D0F8840881
:102C100040F00B01C5F88418D5F8440840F00B01CA
:102C20002846C5F844180DE0D0F8140842F22B01EC
:102C30000843C5F81408D5F8100840F00B012846E1
:102C4000C5F81018D0F8000820F4FE61C5F8001887
:102C5000217C2068009A05F0F1F82068416901F4B0
:102C600080514161206805F02CFB800415D5206857
:102C700004F0ACFE206805F0EBFAE06000F07EFAAC
:102C80000146227B206805F07FFB204600F06AF9B0
:102C90002068416901F400514161206805F011FB91
:102CA000000707D5204600F077F92068416901F058
:102CB00008014161206805F004FB000616D5A869EB
:102CC00020F08000A86101260DE000BF06EBC600E1
:102CD00004EB800090F87F02012803D1F1B2204676
:102CE000FFF7BAFC761C6068B042EFD8206805F0A8
:102CF000E8FAC00221D501264F4616E005EB461042
:102D0000D0F8001906EBC60004EB800090F84020D4
:102D1000012A09D1002907DA80F83F70F0B240F0AB
:102D200080012046FFF798FC761C6068B042E5D829
:102D30002068416901F480114161206805F0C1FA01
:102D4000800234D501204B4629E000BF05EB40113D
:102D5000D1F8001B00EBC00204EB820696F880223B
:102D6000012A1BD1002919DA94F8FC2401F48031DE
:102D700002F00102914211D186F87F32A96941F037
:102D80008002AA616969090608D4D5F8040840F4EC
:102D90000070C5F8040805E00A30544F401C616813
:102DA0008142D3D82068416901F400114161206853
:102DB00005F087FA400007D52046FFF732FC20686F
:102DC000416901F080414161206805F07AFA4007CD
:102DD0000AD520684568680702D52046FFF738FC09
:102DE0002068416829434160BDE8FC9FD0F8080590
:102DF00003F028BFD0F8080503F038BF2DE9F041F3
:102E00008AB0040005D094F8BD042668002520B1DE
:102E100008E001200AB0BDE8F08184F8BC542046E7
:102E200000F05EF8032084F8BD04F06BC00500D408
:102E30002561206804F06EFF04F110012822884605
:102E40006846FDF721FA94E80F0004F0CDFD022654
:102E5000C8BB0021206805F057FA002001270EE0CA
:102E600000EBC00104EB810181F83D7001F83C0FDB
:102E700008810D71CD600D61401CC0B28D6161682B
:102E80008142EDD8002011E000EBC00104EB81018C
:102E900081F87D5281F87C0281F88052C1F8885215
:102EA000C1F88C52401CC0B2C1F894526168814292
:102EB000EAD8282241466846FDF7E6F994E80F0073
:102EC00004F06EFE10B184F8BD64A2E784F83850B7
:102ED00084F8BD74206804F055FE00209AE70000D5
:102EE00010B586B0044614216846FDF7E6F920685F
:102EF000B0F1A04F2FD119480021026842F0010221
:102F00000260006800F0010005904FF4C05000908E
:102F10000220CDE90101032003900A2004906946B4
:102F20000F48FFF7B5F90D48001D016841F0800119
:102F300001600A481430016841F480410160006872
:102F4000002200F48040059007214320FFF710FB8A
:102F50004320FFF7FFFA06B010BD000030380240F2
:102F60000000024070B50446C068012570B1022817
:102F700001D0FEF799F92946D4F8080503F0E4FEDC
:102F8000D4F80805BDE8704003F099BE0025F2E7CB
:102F9000D0F8080503F0C1BED0F8080503F0C7BE9D
:102FA00010B5044690F8BC0401280BD0012084F829
:102FB000BC0484F83810206805F0D4F9002084F8A7
:102FC000BC0410BD022010BDD0F8082500F2C44199
:102FD000104603F0C5BE10B50446006894F8BC1452
:102FE000012906D0012184F8BC14A16A012902D06C
:102FF00008E0022010BDA169012903D0816B41F4D2
:1030000080318163206805F0DEF8206804F0ACFDB3
:10301000002084F8BC0410BD10B50446D0F80805A3
:1030200003F0E0FE2068D0F8001E41F00101C0F876
:10303000001E206A002804D00248016841F0060101
:10304000016010BD10ED00E02DE9F0470E460500CF
:1030500065D0DFF81481D8F80000F7B200F007005F
:10306000B04207D288F80070D8F8000000F00700DE
:10307000B04254D128683D4C810712D5400703D592
:10308000206840F4E05020602878000703D52068CD
:1030900040F4604020602068A96820F0F0000843F8
:1030A00020602878C0072DD0304968680839012889
:1030B00012D0022813D0032811D0096889070029EB
:1030C0002DDA216821F0030101432160FFF7E2F9C5
:1030D000814641F2883A0EE009688903EFE7096802
:1030E0008901ECE7FFF7D6F9A0EB0901514502D9B8
:1030F0000320BDE8F0872068696800F00C00B0EBA1
:10310000810FEFD1D8F80010404601F00701B1421D
:1031100007D90770006800F00700B04201D0012015
:10312000E7E72878400705D52068E96820F4E050F3
:10313000084320602878000706D52068296920F414
:10314000604040EAC100206000F01EF82168084A93
:10315000C1F30311515CC840064908600648006885
:10316000FFF7C0F90020C4E7003C024008380240E5
:10317000449900083801002030010020014800680F
:103180007047000038010020154810B5006810F0A5
:103190000C02144813D04110042A0FD0082A0ED173
:1031A0000F4C241F2268236802F03F025B0207D500
:1031B0002068C0F38810A0FB010106E0084610BD9E
:1031C0002168C1F38811A1FB00010023FCF7FAFF7D
:1031D0002168C1F30141491C4900B0FBF1F010BD69
:1031E000083802400024F4002DE9F84F04006ED0A6
:1031F0002078DFF84C93C007A9F104054AD009F103
:1032000004000168C1F38101012908D00068C0F3FE
:10321000810002280AD1D9F80000400206D52868AA
:10322000800337D560680028E1D033E06068B0F5EE
:10323000803F10D0B0F5A02F286810D020F4803047
:103240002860286820F4802028606068A8B1FFF713
:1032500021F906460DE0286840F48030F4E740F498
:1032600080202860F7E700BFFFF714F9801B64286F
:1032700073D828688003F7D50CE0FFF70BF90646F2
:1032800005E000BFFFF706F9801B6428F0D8286826
:103290008003F7D42078DFF8AC8280074FF0000A73
:1032A0003ED5A748001D016811F00C0F08D000683A
:1032B000C0F3810002280BD1D9F80000400207D4E6
:1032C0002868800716D5E068012800D112E033E1B4
:1032D000E068B8B10120C8F80000FFF7DBF8064647
:1032E00005E000BFFFF7D6F8801B0228C0D8286889
:1032F0008007F7D52868216920F0F80040EAC1006E
:1033000028600DE0C8F800A0FFF7C4F8064604E006
:10331000FFF7C0F8801B02281FD828688007F7D461
:103320002078000722D5864F87486169703771B1D0
:1033300001210160FFF7AEF8064604E0FFF7AAF8A6
:10334000801B022809D838688007F7D50EE0C0F83E
:1033500000A0FFF79FF8064605E082E0FFF79AF825
:10336000801B02287DD838688007F7D42078400772
:1033700068D5DFF8CCB100270BF13C0BDBF800007F
:10338000C0000BD4DBF8001041F08051CBF80010E6
:10339000DBF80000012700F0805000906B4E306891
:1033A000C00510D4306840F480703060FFF772F8C8
:1033B000009005E0FFF76EF80099401A022850D8F7
:1033C0003068C005F6D55E4EA0686C3601280FD077
:1033D0000528306810D020F001003060306820F0FF
:1033E00004003060A068B8B1FFF754F800900FE017
:1033F000306840F00100F4E740F004003060F7E787
:10340000FFF748F80099411A41F28830814266D8A6
:1034100030688007F4D50EE0FFF73CF8009007E035
:10342000FFF738F80099411A41F28830814256D8A6
:1034300030688007F4D42FB1DBF8001021F0805100
:10344000CBF80010A069C8B33D49091D0968C1F354
:10345000810102294AD00228504607D0C8F86000EE
:1034600000E03CE0FFF716F804463BE04746C8F8AA
:103470006000FFF70FF8064605E000BFFFF70AF807
:10348000801B02282BD828688001F7D4D4E90701D3
:103490000843A16A2E4A490802EB0141626A41EAE7
:1034A0008211084394F82C1040EA0161C9F8001019
:1034B00001203866FEF7EEFF044606E03EE000BF5E
:1034C000FEF7E8FF001B022809D828688001F7D51D
:1034D00034E000BFFEF7DEFF001B022802D9032004
:1034E000BDE8F88F28688001F4D427E00128F7D0E0
:1034F000D9F80000E26900F4800191421CD1226AEF
:1035000000F03F01914217D147F6C071626A014055
:10351000B1EB821F10D1A26A4FF0FF3300F44031AB
:1035200003EB5202B1EB024F06D194F82C1000F0DD
:103530007060B0EB016F01D00120D1E70020CFE730
:103540000438024000004742800E474200700040AD
:103550000000FFFF10B5401EB0F1807F01D30120B5
:1035600010BD4FF0E02460610F21601704F0E2FF0E
:103570000020A06107202061002010BD7047704727
:1035800010B590F83C20012A22D0012280F83C207E
:10359000CA688C6822F4407222434C6822F480622C
:1035A00022430C6822F4006222430C6922F4805208
:1035B00022434C6922F400522243C969002322F4B9
:1035C00080420A4301684A6480F83C30002010BD04
:1035D000022010BD70B590F83C20012A32D00124A1
:1035E00080F83C40022280F83D2003685A689D68BC
:1035F00022F070060A6832435A60134B02689A42FE
:1036000014D0B2F1804F11D0104B9A420ED0104B13
:103610009A420BD00F4B9A4208D00F4B9A4205D0DA
:103620000E4B9A4202D00E4B9A4204D1496825F0C3
:1036300080031943916080F83D40002180F83C10E0
:10364000084670BD022070BD00000140000400402B
:1036500000080040000C0040000401400040014010
:103660000018004010B50446022249B104290ED0CA
:10367000082913D094F84500012816D0012010BD68
:1036800094F842000128F9D184F842200FE094F820
:1036900043000128F2D184F8432008E094F8440064
:1036A0000128EBD184F8442001E084F8452004226D
:1036B000206802F032FC2068416C41F40041416412
:1036C00011492068884214D0B0F1804F11D00F49C1
:1036D00088420ED00E4988420BD00E49884208D04D
:1036E0000D49884205D00D49884202D00C498842D4
:1036F00004D1816801F00701062903D0016841F077
:1037000001010160002010BD0000014000040040E4
:1037100000080040000C004000040140004001404F
:103720000018004070B504460D460068002202F003
:10373000F4FB2068036A41F211110B4240F244424B
:1037400006D1036A134203D1436C23F4004343645C
:103750002068036A0B4206D1016A114203D1016855
:1037600021F00101016001203DB1042D08D0082D98
:1037700009D084F84500002070BD84F84200FAE7C3
:1037800084F84300F7E784F84400F4E710B5040038
:1037900003D094F83D0010B107E0012010BD0020D7
:1037A00084F83C00204600F01FF8022084F83D0019
:1037B000211D206802F040FB012084F8460084F8B7
:1037C0003E0084F83F0084F8400084F8410084F80B
:1037D000420084F8430084F8440084F8450084F8EB
:1037E0003D00002010BD000070B586B004461421D5
:1037F0006846FCF762FD2D4824682B4E00222B49B9
:10380000143802250123B44218D10C6844F0010495
:103810000C60096801F001010591016841F00201A5
:1038200001600068CDE9023200F002000590180343
:10383000CDE90005694604931D4832E01D4EB442AF
:1038400013D11A48001F016841F01001016000689F
:10385000002200F01000059005213620FEF788FEBA
:103860003620FEF777FE06B070BD134EB442FAD193
:103870000C6844F002040C60096801F00201059133
:10388000016841F0010101600068029300F001004D
:1038900005904020CDE900050320CDE903206946CD
:1038A0000648FEF7F5FCDEE7000001404438024020
:1038B00000040240001000400004014000000240EB
:1038C00090F83D10012901D001207047022180F8B5
:1038D0003D1000681149884214D0B0F1804F11D0DA
:1038E0000F4988420ED00F4988420BD00E498842BA
:1038F00008D00E49884205D00D49884202D00D49B2
:10390000884204D1816801F00701062903D00168CB
:1039100041F00101016000207047000000000140FB
:103920000004004000080040000C0040000401407A
:10393000004001400018004090F83D10012901D0DE
:1039400001207047022180F83D100168CA6842F0EA
:103950000102CA6000681149884214D0B0F1804F5A
:1039600011D00F4988420ED00E4988420BD00E4923
:10397000884208D00D49884205D00D49884202D0BE
:103980000C49884204D1816801F00701062903D05F
:10399000016841F001010160002070470000014012
:1039A0000004004000080040000C004000040140FA
:1039B000004001400018004070B5044690F83C00FB
:1039C0000025012817D0012684F83C60022084F8E5
:1039D0003D002068826822F0770222F47F428260F4
:1039E0000868502838D00DDC20284FD005DC90B373
:1039F000102811D14AE0022070BD302846D040285E
:103A00000AD13BE060282FD070280DD0B0F5805F40
:103A100003D0B0F5005F12D0012584F83D6000208E
:103A200084F83C00284670BDCB68D1E901212068AC
:103A300002F080FA2068816841F0770109E0CB68E4
:103A4000D1E90121206802F075FA2068816841F40B
:103A500080418160E1E719E0CA684968206802F0A6
:103A60003DFB5021206806E0CA684968206802F0E2
:103A700087FB6021206802F067FACEE7CA684968D0
:103A8000206802F02BFB40212068F4E72268014601
:103A90001046F0E72DE9F0410D46040003D094F8FC
:103AA0003D0018B108E00120BDE8F081002084F855
:103AB0003C00204600F040F8022084F83D002068D9
:103AC000816844F2070291438160211D206802F061
:103AD000B3F9226890689169166A2B68AF6903434D
:103AE00040F20330814341EA0721A868EF690843A7
:103AF0004FF6FC418843E96840EA07200143286902
:103B00002F6A000140EA0730084369686D6926F0B2
:103B1000AA0646EA0515294393602268906154F885
:103B2000460B0162012004F81F09E0752076E0765B
:103B30002077A0750020B7E710B586B004461421A1
:103B40006846FCF7BAFB2068B0F1804F1FD11148DE
:103B50000021026842F001020260006800F00100EA
:103B600005900C481038026842F0010202600068BB
:103B700000F001000590032000900220CDE9010132
:103B800003900120049069460348FEF781FB06B0CC
:103B900010BD0000403802400000024070B590F8AF
:103BA0003E60044690F83F5090F8423090F8432031
:103BB000022021B104290ED0012E1BD114E0012EC8
:103BC00018D1012B16D184F83E0084F8420001225E
:103BD0000021206820E0012D0CD1012A0AD184F8AF
:103BE0003F0084F8430014E0012D03D1012B01D1E3
:103BF000012A01D0012070BD84F83E0084F83F0006
:103C000084F8420084F8430001220021206802F079
:103C100077F901220421206802F072F92068016816
:103C200041F001010160002070BD70472DE9F041B5
:103C3000054690F83C0000260C46012810D00120D3
:103C400085F83C0072B1042A1CD0082A2CD00C2A1A
:103C500050D00126002085F83C003046BDE8F081B8
:103C60000220FBE7D4E90012E368286802F048FA72
:103C70002868816921F00C01816128688169A26846
:103C800011430FE0D4E90012E368286802F08AFAD1
:103C90002868816921F44061816128688169A2688E
:103CA00041EA02218161D5E72868D4E9002C277B0D
:103CB000016A21F480710162C169036A21F0030184
:103CC00041EA0C0121F0F00C39074FF420674CEA6F
:103CD000116123F4206307EA02221A43C1610262E0
:103CE0002868C16921F00C01C1612868C169A26816
:103CF000114328E02868D4E90027E168036A23F427
:103D000080530362D0F81CC0036A2CF4407C4CEA58
:103D100007274FF6FF7C27F470470CEA013139433F
:103D20004FF4204723F4204307EA02321A43C161CB
:103D300002622868C16921F44061C1612868C169D3
:103D4000A26841EA0221C16184E710B5040003D0F2
:103D500094F83D0010B107E0012010BD002084F868
:103D60003C00204600F01EF8022084F83D00211D92
:103D7000206802F061F8012084F8460084F83E00D3
:103D800084F83F0084F8400084F8410084F8420041
:103D900084F8430084F8440084F8450084F83D002A
:103DA000002010BD10B586B0044614216846FCF70B
:103DB00084FA16492068884226D1154800210268F5
:103DC00042F002020260006800F002000590104814
:103DD0001038026842F004020260006800F004003B
:103DE0000590802000900220CDE90101CDE903106B
:103DF00069460848FEF74CFA002206211D20FEF70E
:103E0000B7FB1D20FEF7A6FB06B010BD0004004066
:103E1000403802400008024010B5044651B1042960
:103E20000DD0082910D094F8410094F845200128BD
:103E300011D10EE094F83E0094F84220F7E794F890
:103E40003F0094F84320F2E794F8400094F84420AF
:103E5000EDE7012A01D0012010BD022079B3042929
:103E600033D0082936D084F8410084F84500012277
:103E7000206802F045F81A492068884214D0B0F151
:103E8000804F11D0174988420ED0174988420BD075
:103E90001649884208D01649884205D015498842FB
:103EA00002D01549884204D1816801F00701062932
:103EB00003D0016841F001010160002010BDFFE75F
:103EC00084F83E0084F84200D1E784F83F0084F88B
:103ED0004300CCE784F8400084F84400C7E70000C2
:103EE000000001400004004000080040000C0040B9
:103EF00000040140004001400018004070B5044635
:103F0000006801694FF00005C943890715D4C168ED
:103F1000C943890711D4E91E016101202077206877
:103F200080698007204602D0FFF77FFE04E000F0A2
:103F3000FFF8204600F091F9257720680169C94310
:103F4000490717D4C168C943490713D46FF0040166
:103F50000161022020772068806910F4407F2046AC
:103F600002D0FFF762FE04E000F0E2F8204600F025
:103F700074F9257720680169C943090716D4C16817
:103F8000C943090712D46FF00801016104202077AA
:103F90002068C0698007204602D0FFF746FE04E093
:103FA00000F0C6F8204600F058F92577206801692E
:103FB000C943C90617D4C168C943C90613D46FF0F1
:103FC00010010161082020772068C06910F4407F4B
:103FD000204602D0FFF729FE04E000F0A9F82046B1
:103FE00000F03BF9257720680169C943C90708D16A
:103FF000C168C943C90704D1891E0161204600F088
:10400000CFF920680169C943090609D4C168C943C9
:10401000090605D46FF0800101612046FFF7AEFA72
:1040200020680169C943490609D4C168C9434906E2
:1040300005D46FF040010161204600F0E5FC2068E6
:104040000169C94389060BD4C168C943890607D4ED
:104050006FF0200101612046BDE87040FFF78FBA84
:1040600070BD0000F0B587B0044614216846FCF727
:1040700024F9294A2168002528480224284E914223
:1040800021D1016841F002010160016801F00201E3
:104090000591016841F0010101600068012700F00D
:1040A000010005904FF460408DE83100CDE90357E1
:1040B00069461C48FEF7ECF84FF4E0608DE83100EB
:1040C0006946304621E0184A914222D1016841F008
:1040D00001010160016801F001010591016841F0F1
:1040E000040101600068032700F0040005908020AF
:1040F0008DE83100CDE9035769463046FEF7C8F830
:1041000040208DE8310009486946CDE90357FEF7A4
:10411000BFF807B0F0BD0000000001403038024099
:104120000000024000040240000401400008024078
:10413000704770B5044690F83C0000260D460128F3
:104140000FD0012084F83C006AB1042A1DD0082A4F
:104150002FD00C2A3FD00126002084F83C003046A6
:1041600070BD022070BD206801F0F6FE20688169F4
:1041700041F0080181612068816921F004018161B9
:10418000206881692A69114311E0206801F014FF59
:104190002068816941F4006181612068816921F4AE
:1041A00080618161206881692A6941EA0221816117
:1041B000D2E7206801F036FF2068C16941F00801AC
:1041C000C1612068C16921F00401C1612068C16931
:1041D0002A69114311E0206801F058FF2068C16985
:1041E00041F40061C1612068C16921F48061C1614D
:1041F0002068C1692A6941EA0221C161ACE710B5B2
:10420000040003D094F83D0010B107E0012010BD78
:10421000002084F83C00204600F01EF8022084F8BC
:104220003D00211D206801F007FE012084F84600B2
:1042300084F83E0084F83F0084F8400084F8410090
:1042400084F8420084F8430084F8440084F8450070
:1042500084F83D00002010BD7047704710B504463B
:10426000022249B104290ED0082913D094F8410044
:10427000012816D0012010BD94F83E000128F9D184
:1042800084F83E200FE094F83F000128F2D184F832
:104290003F2008E094F840000128EBD184F840204A
:1042A00001E084F841200122206801F029FE16492E
:1042B0002068164A884201D0904203D1436C43F4EF
:1042C000004343642068884213D0B0F1804F10D07F
:1042D0000F4988420DD00F4988420AD00E498842C2
:1042E00007D0904205D00D49884202D00C4988423F
:1042F00004D1816801F00701062903D0016841F06B
:1043000001010160002010BD0000014000040140D7
:104310000004004000080040000C00400040014044
:104320000018004030B504460D460068002201F038
:10433000E7FD194B41F2111120688A10984202D012
:10434000164B984209D1036A0B4206D1036A134205
:1043500003D1436C23F4004343642068036A0B4297
:1043600006D1016A114203D1016821F00101016007
:1043700001203DB1042D08D0082D09D084F841005A
:10438000002030BD84F83E00FAE784F83F00F7E7EC
:1043900084F84000F4E70000000001400004014000
:1043A0002DE9F05FFB492DED068B0068884267D14F
:1043B000F94CB1EE00AAA0799FEDF80ADFF8E0A36E
:1043C000DFF8E0B3DFEDF89A9FEDF89AF84EF94D7B
:1043D00004F180084FF000099FEDF78AF74F00289D
:1043E0007DD0207938B100BFB0EE480A87ED040ACD
:1043F00087ED03AAF1E2A07BDFEDF11A9FEDF11A40
:10440000EB490328D1ED010A41D1607BB8B3E07AD2
:10441000A8B3226DD8F804104046511AC8F80420F9
:1044200002D080ED028A05E090ED022A32EE000A09
:1044300080ED020AA28AD4ED112A00EE102AB8EE0D
:10444000400A20EE0A2A81EE020A02EE101AB8EEA5
:10445000C22A42EE002A02EE101AB8EEC22AC4EDB9
:10446000112A22EE000A84ED130AA16C491CA164F2
:10447000D8F80800504504DB84ED068A55E006E0D4
:1044800098E0C4ED061A49E0C4ED060A4DE07078E4
:10449000022802D085ED038AEEE796ED020A85ED4B
:1044A000030A9FEDC92A20EE022A84ED132A94ED17
:1044B000112AD4ED132A32EE222A84ED112AA06C9F
:1044C000401CA0649BF80000B0B1C048B0F90000E7
:1044D00000EE100AB8EEC00A20EE290A00E06DE0F6
:1044E00084ED060A94ED060AB5EEC00AF1EE10FA64
:1044F00014D284ED068A11E0B0EEC00A10EE100A64
:1045000020EE092AB0F17E5F84ED062A06DD94EDE7
:10451000060AAF4910EE100A8842B2DB94ED060A93
:10452000F4EEC00AF1EE10FAAED384ED078A4FF034
:10453000894105E094ED110A30EE410A84ED110A3B
:1045400094ED110A10EE100A8842F3DA06E000BF7B
:1045500094ED110A30EE010A84ED110A94ED110A6E
:10456000B5EEC00AF1EE10FAF2D394ED060A9948BE
:1045700087ED040A94ED070A87ED030A94ED060A15
:10458000B0EEC00A10EE101A81420BDA94ED070A61
:10459000B0EEC00A10EE101A814203DAFCF786FE74
:1045A000484606E094ED110A844804F0F9F897F8BB
:1045B0003800E071BDEC068BBDE8F09F8649874866
:1045C000FCF71AFE85497D4801F0BCFB834991ED5B
:1045D000090A85ED040A2078401C207020780A28FA
:1045E0007DD3484684F80090A27BDFED7D8A032AC4
:1045F0007FD1627BEAB3E27ADAB394ED180AD4EDA4
:10460000160A70EE200A91ED060AC4ED1E0A30EE7D
:10461000C00A84ED1F0A226D616E6266511AA26E95
:104620000A44A26694ED1B0A30EE280A84ED1B0AA8
:1046300002D084ED1C8A05E0D4ED1C0A70EEA80AB5
:10464000C4ED1C0A10EE101A664B99421FDB00EEF7
:10465000902A616DB8EEE01A00EE901AF8EE601A3A
:10466000C1EE210A80EE801A9FED5F0A61EE000A1A
:1046700000E03EE094ED1D0A70EEC00A9FED5B1A6B
:1046800000EE810A84ED1D0AA06684ED1B8A226F6C
:10469000022152450ADB84ED1D8AA06684ED1B8A47
:1046A0007170B0EE480A86ED028A1FE094ED1D0A93
:1046B0004F4A10EE100A904202DD9FED4E0A06E0CE
:1046C00010EE100A4C4A904201D99FED4C0A7170CD
:1046D00094F90500B0EEC01A00EE900A00E030E058
:1046E000F8EEE00A61EE200AC6ED020A88ED000A43
:1046F00039E084ED1F8A88ED008AA066804684ED4B
:104700001B8A84ED1D8AF0EE680A34493C4800F0AB
:1047100031FFA07B03280DD0394800F099FD48B146
:1047200086F8018086ED028A85ED038A214801F032
:1047300069FA02E07078022815D084ED068A84EDCB
:10474000078A207900287FF44FAE2E4800784FF476
:104750008063E8B12C48B0F9000094F905100029F5
:104760007EDA4042E4E095ED030AD6ED020AB4EEAB
:10477000E00AF1EE10FA49DD96ED031A01EE680A3F
:1047800085ED030AB4EEE00AF1EE10FA4AD34BE0ED
:10479000D8E00000001000400000002017B751389A
:1047A0000AD7A33D090100200AD7233C96430B3CBE
:1047B000143A0020F039002000000000B831002039
:1047C0009A99993E000080443EC32E3D0E01002080
:1047D0009A99993E6F12833A00140020101300201A
:1047E0006E12033A8FC2F53C00007042CDCC4C3EB5
:1047F0000000964400009644000096C4000096C451
:1048000068390020080100200C0100200CD296ED30
:10481000031A01EE280A85ED030AB4EEE00AF1EE70
:1048200010FA01DDC5ED030A9BF8000030B36E48B5
:10483000B0F9000000EE100AB8EEC00A20EE290A16
:1048400084ED060A96ED010AD4ED060AB4EEE00AFC
:10485000F1EE10FA02D200BF84ED060A634800E0D0
:1048600067E0B0F9000000EE100AB8EEC00ADFED14
:10487000600A20EE200A84ED070A62E795ED030A3C
:10488000D5ED040AB5EEC00A70EE608AF1EE10FABA
:1048900002DBF7EE00AA01E0FFEE00AAB0EEC00ACC
:1048A000544860EE099A95ED059AB0EE680A01F059
:1048B000B3F94AEE809AD6ED010AB0EE690AF4EE39
:1048C000C00AF1EE10FA09D2B0EE600A6AEEA80A48
:1048D000F5EEC00AF1EE10FA0EDC0FE0B5EEC00AFC
:1048E000F1EE10FA0AD26AEEA80AB0EE480AF5EE26
:1048F000C00AF1EE10FA01D285ED059AD4ED060A50
:104900009FED3D1A70EE601AF4EEC11AF1EE10FA46
:1049100002DD30EE810A9FE79FED382AF4EEC21ADD
:10492000F1EE10FA98D230EEC10A95E700F58060FA
:1049300000B20028FADB02E0A0F5806000B29842E5
:10494000FADA30E095ED030AC8202D4DB0EEC00A2A
:10495000002100BF01EB410205EB8202D2ED000A0B
:10496000F4EEC00AF1EE10FA09D8D2ED010AF4EE25
:10497000C00AF1EE10FA02DDB2F9080002E0491CAB
:104980000F29E7D394F90510002904DA404201E029
:1049900000F5806000B20028FADB02E0A0F580603C
:1049A00000B29842FADA788494F90500D4ED060A48
:1049B00000EE100AB8EEC00A20EE800A87ED040A65
:1049C00094ED070A87ED030AF88B798C0844C0F34D
:1049D000090000EE100AB8EE400ABDEC068BBDE8F7
:1049E000F05F084803F0DCBE0E010020100100203B
:1049F0000AD723BCF0390020CCCCCC3DCCCCCCBDEC
:104A000090980008B831002070470000002101484C
:104A100003F080BFB81300200421014803F07ABFDF
:104A2000B81300200821014803F074BFB813002018
:104A30000021014803F06EBFD8140020FEE70000FB
:104A4000F0B500230A24302537261F4611E000BFA9
:104A5000B4EB107F02D905EB107C01E006EB107C73
:104A600001F813C001EB430C00015B1C8CF80170D2
:104A7000DBB29342ECD3F0BD10B5064C01221021FD
:104A80002046FDF702FD20460022BDE8104020210F
:104A9000FDF7FBBC001002402DE9F047234C0E4609
:104AA00007004FF4967940F2DC584FF0000515D01E
:104AB000DFF87CA0012220215046FDF7E6FCA0781B
:104AC00090B1012210215046FDF7DFFC6068311AD9
:104AD000414521D3A570257065701CE0FFF7CCFF20
:104AE00025706570A57016E06068301A484513D3CC
:104AF000666060784FF0010880B1012210215046B5
:104B0000FDF7C3FC65702078401CC0B22070B8422D
:104B100002D384F802806660BDE8F087002210218D
:104B20005046FDF7B2FC84F80180F5E7CC11002077
:104B300000100240FFF7A0BF70B5304D01282DEDE9
:104B4000028B0DD02F4C9FED2E8A0228A17912D016
:104B5000032822D000269FED2C8A04284AD132E077
:104B6000022068709FED290A00F07EFE85ED020AA2
:104B7000BDEC028B70BD0029FAD1B3EE040A00F03F
:104B800073FEF0EE480ABDEC028B9FED211ABDE8E2
:104B900070402049204800F097BB0029E8D1B3EECF
:104BA000040A00F061FEB0EE481ABDEC028BF0EE94
:104BB000080ADFED1A1ABDE87040B0EE612A154907
:104BC000154800F04FBB0029D2D101206070A670BB
:104BD000FDF760FC20624FF47A70606284ED0A8A0F
:104BE00084ED0B8A84ED0C8A84ED0D8A09490C480A
:104BF000FCF7EAFB6E7085ED028AB9E7143A0020F3
:104C000000007A4400000020000000000000204264
:104C100000409C451013002068390020CDCC4C3E4C
:104C2000283A002070B58CB00024089409940A94A6
:104C3000202168460B94FBF740FB254801252349BA
:104C400005614FF480368460C0E90016047680F870
:104C500020402049C0E90A14C561C46080F8304092
:104C60004461FCF7F3FD08B1FCF71EFB0820CDE919
:104C7000080504200A9008A91548FCF7A5FC08B10E
:104C8000FCF712FB0E20CDE900050225032002905F
:104C9000E804CDE906608DF8154004958DF81440C0
:104CA00069460B480394FCF7AFFB08B1FCF7FCFA2C
:104CB0000F20CDE9000569460548FCF7A5FB002853
:104CC00001D0FCF7F1FA0CB070BD000000200140EB
:104CD000481300200100000F104810B50E49016074
:104CE0000621416000214FF420228160C0E90312B7
:104CF0004FF4801242610176012242768176C276BB
:104D000001774177FDF781F9002803D0BDE8104015
:104D1000FCF7CABA10BD00000064004090130020E8
:104D20002DE9F04186B014216846FBF7C6FA4348E6
:104D30000024016841F010010160016801F01001D8
:104D40000591016841F080010160016801F0800176
:104D50000591016841F001010160016801F0010164
:104D60000591016841F004010160016801F004014E
:104D70000591016841F002010160016801F0020142
:104D80000591016841F00801016000682C4F00F0B6
:104D900008000590012230213846FDF776FBDFF848
:104DA000A48001220F214046FDF76FFB0F26CDE9BD
:104DB0000064694638460294FDF76AFA01253020FE
:104DC000CDE90005CDE9025469463846FDF760FAA1
:104DD000082000904FF48810CDE9010469461A4874
:104DE000FDF756FA4FF680708DE831006946384677
:104DF000FDF74EFAE8028DE8310069461348FDF7E9
:104E000047FA4FF44070CDE9000469461048029417
:104E1000FDF73EFA0096CDE90154694640460394F9
:104E2000FDF736FA002206210920FDF7A1FB092033
:104E3000FDF790FB06B0BDE8F0810000303802407D
:104E400000100240000C024000000240000402403A
:104E50000008024070B596B000240F94109411948D
:104E6000129413941C2168461494FBF726FA20210F
:104E700007A8FBF722FA3948374901605321C0E9F6
:104E800001146321C0E9031444618461FEF77EFCD0
:104E900008B1FCF709FA4FF480550FA92F480F9578
:104EA000FEF78AFD08B1FCF7FFF92C48FFF7A7F9D8
:104EB00008B1FCF7F9F97026CDE9136413A9274866
:104EC000FEF788FB08B1FCF7EFF960200090312075
:104ED000CDE901040820CDE903044001CDE9050432
:104EE000002269461D48FFF724F908B1FCF7DCF9F8
:104EF000042269461948FFF71CF908B1FCF7D4F9F8
:104F0000082269461548FFF714F908B1FCF7CCF9F7
:104F100032200594CDE900600C2269460F48FFF766
:104F200008F908B1FCF7C0F94FF400600790401091
:104F3000CDE9080400010E90CDE90A4507A90C94BB
:104F40000648FEF71DFB08B1FCF7AEF90348FFF772
:104F500089F816B070BD000000000140B8130020B1
:104F600010B58CB024216846FBF7A7F9002415483A
:104F700009944FF080410A94C0E90014611EC0E911
:104F80000241046184610320CDE900040120CDE9E0
:104F9000020406210491CDE90540CDE907416946A7
:104FA0000848FEF777FD08B1FCF77EF9099409A9D6
:104FB00004480A94FEF70EFB002801D0FCF774F9B0
:104FC0000CB010BD0014002010B586B000241848A5
:104FD0000594049400940194029414490394C0E944
:104FE00000144FF6FF71C0E9024104618461FEF7CD
:104FF000ACFE08B1FCF758F9049404A90C480594D8
:10500000FEF7E8FA08B1FCF74FF90120CDE90040BE
:1050100002940422694606480394FEF707FE00281E
:1050200001D0FCF741F906B010BD000000040040BB
:10503000481400201CB500240E4800940C4901942B
:1050400001605321C0E9011431218461C160FEF780
:105050009DFB08B1FCF728F90094694605480194C6
:10506000FEF7B8FA002801D0FCF71EF91CBD0000BD
:10507000001000409014002030B595B000240F942B
:1050800010941194129413941C2108A81494FBF703
:1050900014F920216846FBF710F9294827490160D7
:1050A0005321C0E901146321C0E903144461846100
:1050B000FEF76CFB08B1FCF7F7F84FF480550FA929
:1050C0001F480F95FEF778FC08B1FCF7EDF81C4877
:1050D000FFF795F808B1FCF7E7F8139413A91848FF
:1050E0001494FEF777FA08B1FCF7DEF86020CDE9FA
:1050F00008040820CDE90A404001CDE90C40002217
:1051000008A90F480E94FFF714F808B1FCF7CCF883
:105110004FF4006000904010CDE90104CDE9034553
:105120000594694606480794FEF72AFA08B1FCF789
:10513000BBF80348FEF796FF15B030BD00040140F0
:10514000D814002010B500220F49104801F05DFC72
:1051500008B1FCF7A9F80E490C4801F06BFE08B144
:10516000FCF7A2F80B49094801F0FEF908B1FCF779
:105170009BF8064801F0E2FE002803D0BDE810408D
:10518000FCF792B810BD0000B800002020150020E8
:105190009401002018010020FEE7002805D000211E
:1051A00081700421417004F0DFB97047002843D0BA
:1051B0000021017041708170C17001210171417144
:1051C0000022C0E90222C0E90422C0E90622C0E9A7
:1051D0000822DFED1A0AB5EE000AC0ED0A0AC0ED9A
:1051E0000B0AC0ED0C0AC0ED0D0AC0ED0E0AC0EDB1
:1051F0000F0AC0ED100AC0ED110AC0ED120AC0ED91
:10520000130AC0ED140AC0ED150A80ED160A80EDF0
:10521000170AC0ED180AC0E91A221422C0E91C219D
:105220009FED070A80ED1E0A9FED060A80ED1F0A1A
:10523000B0EE080A80ED200A704700000000000070
:105240000000484400002042002800D080787047C9
:10525000002803D04078032801D0002070470120A7
:105260007047000070B50C462DED048BB0EE428AFD
:10527000F0EE618AB0EE419AF0EE609A05001CD023
:10528000DCB1DFED100A20EE200A10EE100AFBF769
:10529000E2F8D4E904238218F0EE481AB0EE681A56
:1052A000F0EE490AB0EE690ABDEC048B4B41214691
:1052B0002846BDE8704000F031B8BDEC048B6FF0BB
:1052C000010070BD00007A4570B50C462DED028BD3
:1052D000B0EE418AF0EE608A050018D0BCB1DFED77
:1052E0000E0A20EE200A10EE100AFBF7B4F8D4E9FB
:1052F00004238218F0EE480AB0EE680A4B41BDEC78
:10530000028B21462846BDE8704000F0AFB8BDECE6
:10531000028B6FF0010070BD00007A452DE9F0416D
:1053200015462DED048BF0EE618AB0EE419AF0EE59
:10533000609AB0EE408A98460E4604006FF001076E
:105340006BD0E6B3A07820B17810BDEC048BBDE83B
:10535000F081B5EEC08AF1EE10FA5ED9F5EEC09A92
:10536000F1EE10FA59D9B5EEC09AF1EE10FA54D90F
:10537000F5EEC08AF1EE10FA4FD939EE280A10EE98
:10538000100AB0F17E5F48DAD6E90412694088EA73
:105390000200014341D02046FFF708FF02202070A1
:1053A00084ED0B8AC4ED0C9A84ED169AC4ED178A2D
:1053B0002A4643463146204604F08AF800E02CE0B5
:1053C00094ED0A0A03F0FEFFB0EE402A29EE080A27
:1053D00068EE881A234810EE101A78EE400A8142CF
:1053E00030EEE11A16DD11EE901A814212DDB5EEB3
:1053F000C01AF1EE10FA0DD3F6EE000AF0EE412AD3
:1054000040EE202A41EEA02A62EE800A10EE901AA9
:10541000814204DC204604F04DF8384695E7C2EEA0
:10542000201A9FED112A61EE800A61EE821A60EE69
:10543000820AC4ED0F1AC4ED0E0A84ED100A30EE94
:10544000010AF4EEE90AF1EE10FA84ED110A84ED96
:10545000128A05DD204604F02DF86FF0020074E793
:10546000002072E7BD378635000070422DE9F0411B
:1054700004002DED068BB0EE608AB0EE409A154622
:105480001E460F466FF0010004D0002F02D0A17815
:1054900021B14010BDEC068BBDE8F081B5EEC09A9D
:1054A000F1EE10FAF6D9B5EEC08AF1EE10FAF1D9A4
:1054B000D7E90412694072401143EBD02046FFF750
:1054C00075FE012020709FED290A2A4684ED0B0A03
:1054D00084ED0C9A84ED0D8A33463946204603F05C
:1054E000F7FF94ED0A0A03F06DFF9FED21AAF6EE97
:1054F000001AF0EE009A89EE0A1AC8EE0A8AC1EE86
:10550000280A68EEA11A61EEA01A61EEA01A21EE37
:10551000A92AB4EEC02AF1EE10FA10D201EEE90A7F
:1055200084ED0E9A84ED0F8AC4ED100AC0EE011AC4
:1055300030EEA10A84ED110A30EE200A11E020EECF
:10554000280A03F0C1F8C0EE280A20EE0A0A84ED0A
:105550000E0A84ED0F8AC4ED100A20EEA90AC4EDEC
:10556000110A002084ED120A94E7000000000000F8
:10557000000070422DE9D04F04002DED028BB0EEFB
:10558000608A72D0002970D0A07800286DD0B5EE66
:10559000C08AF1EE10FA01D89FED748AD4E904278D
:1055A000D1E90401B2EB000967EB0107C4E91A97DE
:1055B00048463946FAF739FF00EE900A9FED6C1A1B
:1055C00080EE810A84ED180A94F905C0BCF1000F41
:1055D00007DD4FF00002B2EB090072EB07014DDA74
:1055E00002E001DA002F49DA94F80480DFF884A1A0
:1055F0004FF0020BB8F1000F02D06078012803D001
:105600006078022810D040E0206F4A46C117002F72
:1056100001DB3B4603E00023524263EB0703801AA1
:10562000994132DB84F801B0D4ED1E0A60EE800AA5
:1056300094ED1F0AB1EE401AF4EEC10AF1EE10FA31
:1056400002D2B0EE410A06E0F4EEC00AF1EE10FA22
:1056500001DCB0EE600A84ED150A8AED020A606F83
:10566000C117002F02DB4E4605E02CE00022D9F1E5
:10567000000662EB0707801BB94124DBBDEC028BFF
:105680002046BDE8D04F03F00FBF94ED130A30EE73
:10569000080A9FED398A84ED130AD4ED120AB4EE9C
:1056A000E00AF1EE10FA18DBC4ED130A94ED0A0AD1
:1056B000012084ED140A84ED158AE070B8F1000F22
:1056C00005D084F801B0BDEC028BBDE8D08F2B482B
:1056D0008AED028A80ED038AD0E7B5EEC00AF1EECA
:1056E00010FA39D9D4ED101AB0EE401AF4EEC11AFE
:1056F000F1EE10FA06DD94ED0F1AF0EE400A61EEBD
:10570000200A23E094ED111AF0EE401AB4EEE11AEB
:10571000F1EE10FA02DDD4ED0E0A17E0F0EE401AB9
:10572000F4EEE10AF1EE10FA0EDDF0EE401AD4EDDF
:105730000E0A31EEC11A94ED0F2A42EE410AF5EE3F
:10574000C00AF1EE10FA01D2F0EE480A01EE10CADA
:10575000B8EEC11A21EE208A204603F03BFE84ED0C
:10576000158A84ED140A8AED028AACE76F12033AB7
:1057700000007A45143A002000000000F0390020B3
:1057800070B5154C2179002924D0216C401AB0F550
:10579000FA6F1FD311491248FBF770FD10491148E9
:1057A000FBF712FE00F076FA00252571E5709FEDFB
:1057B0000E0A0E4884ED060A84ED070A80ED040AFD
:1057C00080ED030A0A4800F01DFA6582BDE87040CA
:1057D000FFF752B970BD0000000000200014002047
:1057E00010130020283A002000000000B8310020EB
:1057F000F039002070B51A4C051E4FF0010601D09B
:10580000A87801E04FF00000A0714FF0010005D032
:10581000287800F0070006FA00F080B2A082C821C4
:1058200048436065606DFBF797FB206D00EE100A42
:10583000606DF8EEC00A00EE100A0A490020B8EECA
:10584000400A80EE801A84ED161A15B16A78012A92
:1058500003D0FF226271488470BD6671FBE70000CF
:1058600000000020B8310020044890F9050000EE47
:10587000900AF8EEE00A20EE200A704700000020AF
:1058800070B5134A148BACB14FF47A63A0FB036577
:1058900001FB0351002200FB02154FF00003002D15
:1058A0004FF002022046194607DBFAF7BCFC8019CC
:1058B000694107E00020014670BDFAF7B4FC301AD8
:1058C00065EB010122460023FAF7ADFC70BD000034
:1058D000AC3B002009490A4AC86B904201D9042018
:1058E0007047084A904201DD03207047886B0649E3
:1058F000884201DD02207047002070470000002030
:105900000000C8C20000C8420000A0420448C0789D
:10591000052802D06FF0130070476FF01D0070472C
:105920000000002010B54FF480510648FCF7A8FD98
:1059300030B140210448FCF7A3FD08B1002010BDA0
:10594000012010BD000402400000024010B50F48C5
:105950002DED028BFFF721FC0D4C00206070A07034
:1059600020710C4960739FED0C8A48700B4881EDE3
:10597000028A80ED038A00F045F984ED068A84ED01
:10598000078A84ED118ABDEC028B10BD68390020B6
:1059900000000020143A002000000000F039002030
:1059A00070B506461748A0F18004C168711A142921
:1059B00002D2E078D8B970BDC66002F077FF84EDFE
:1059C0000E0A02F02FFF84ED0F0AFFF783FF050098
:1059D00009D0E07808B1207920B100F015F86FF017
:1059E00013006082E570E07808B9207928B1E0788A
:1059F0003146BDE87040FFF74FB8BDE87040FFF793
:105A00003BB800008000002070B510482DED028BDF
:105A1000FFF7C3FB0E4C00256570A57025710D487E
:105A20006573A5739FED0C8A457080ED028A0B4863
:105A300080ED038A00F0E6F884ED068A84ED078A9B
:105A400084ED118A2572BDEC028B70BD683900208F
:105A500000000020143A002000000000F03900206F
:105A6000FEE700000148FCF711BF0000AC2C00204D
:105A70002DE9F04103680D4604461E6C03EB451109
:105A8000D1F8080BD4F810E04FF400474FF0200C89
:105A900004F2C442BEF1010F09D0DFF898E0764568
:105AA00039D1020432D500BFC1F8087B3FE0224B58
:105AB0005FEA007E04D59E4239D90004F4D436E072
:105AC0005FEA806E02D5C1F808CB30E010F0280FF5
:105AD0002DD19E4201D90004E6D405EBC50004EBAC
:105AE0008000D1F8101BD0F89832C1F31201591A76
:105AF000C0F89C1200F51F70ADB983691BB1026933
:105B0000114401610FE0012120680AE080060AD5F6
:105B1000C1F808CB07E035B9D4F8940218B90021D0
:105B2000184602F08BF9E9B22046FCF787FD002009
:105B3000BDE8F0810A31544F0A30544F2DE9F84F37
:105B40000E4601EBC60100EB810481460568616DDC
:105B5000E06D3C34884202D90120BDE8F88F081A74
:105B6000E168814200D20846C01C870805EB461850
:105B70001BE000BFA0EB010AE068504500D282465E
:105B80000AF10300870899F8100000901FFA8AF3C1
:105B9000F2B22846216902F06BFC216901EB0A0090
:105BA0002061216A01EB0A002062D8F8180980B24E
:105BB000B84205D3216AA069814201D20028D9D117
:105BC000216AA069884208D806F00F0101208840A8
:105BD000D5F834188143C5F834180020BDE700001B
:105BE00080EC040A9FED060A80ED040A80ED050AA8
:105BF00080ED060A80ED072AC0ED082A70470000F4
:105C0000000000009FED030A80ED050A80ED060A02
:105C10007047000000000000B0EE401A90ED050A49
:105C2000D0ED010A01EE200A80ED050AD0ED080A48
:105C3000B4EEE00AF1EE10FA02DDC0ED050A08E06C
:105C4000D0ED071AB4EEE10AF1EE10FA01D2C0ED80
:105C5000051A90ED050AD0ED001A90ED062A01EE26
:105C6000810A31EE422AD0ED021A01EE820AF4EEE8
:105C7000C00AF1EE10FA06D3D0ED070AF4EEC00A1E
:105C8000F1EE10FA01DDB0EE600A80ED061A704701
:105C90007047000012480021D0ED060A1148C0EDFF
:105CA000180A01659FED100A104A80ED160A126865
:105CB0005162C1820173C1734166816680ED1B0A26
:105CC00080ED1C0A80ED1D0AC0ED1E0A80ED1F0A42
:105CD000803080ED000A416080ED020A70470000CC
:105CE00010130020000000200000000048140020D5
:105CF00010494A7A72B1CA7A62B1CA6D821A142AFC
:105D000008D3C865887A0028086D01D0401C00E0DF
:105D1000401E0865086D00EE100A486DF8EEC00AD6
:105D200000EE100AB8EE400A80EE801A81ED161AD5
:105D3000704700000000002070470178407841EA79
:105D40000020704710B504460846FBF724FA0028E7
:105D500001DA00F57A60502190FBF1F201FB1200AC
:105D6000282202EB802090FBF1F0C0F30900E083D1
:105D700010BDFCF795BB000030B593B030216846EC
:105D8000FAF79BFA14210CA8FAF797FA1E48002597
:105D9000016841F080510160006800F0805011906E
:105DA0001A48016841F4804101600068022400F44F
:105DB0008040119001200090000401908001CDE905
:105DC0000640082008904FF4A870CDE90904072088
:105DD0000B906846FDF708FA08B172B6FEE70CA909
:105DE0000F2081E831004FF4A0500F904FF4805005
:105DF000109005210CA8FDF727F9002801D072B6F4
:105E0000FEE713B030BD0000403802400070004093
:105E10000248016841F470010160704788ED00E0BC
:105E20000148FEF76BB80000481400200148FEF757
:105E300065B8000090140020F0B50268254C264D8E
:105E4000264E274F274B4FF0804CA04209D060458B
:105E500007D0A84205D0B04203D0B84201D0984242
:105E600004D122F0700E4A6842EA0E02A0421BD012
:105E7000604519D0A84217D0B04215D0B84213D00F
:105E8000984211D0184DA8420ED0184DA8420BD000
:105E9000174DA84208D0174DA84205D0164DA8426C
:105EA00002D0164DA84203D122F44075CA682A4395
:105EB0004D6922F080022A4302608A68C2620A6841
:105EC0008262A04201D0984201D109690163012197
:105ED0004161F0BD000001400004004000080040A6
:105EE000000C00400004014000400140004401401B
:105EF0000048014000180040001C00400020004005
:105F000010B501F01F030121046A99408C4304621B
:105F1000016A9A401143016210BD10B501F01F03E0
:105F20000421046A99408C430462016A9A40114337
:105F3000016210BD10B5846842EA032224F47F4454
:105F40000A432243826010BD826822F070020A4335
:105F500042F0070181607047F0B5026A22F0010249
:105F60000262036A42688469124E24F073050C6869
:105F70002C4323F002058B682B430D4DA84201D022
:105F8000B04205D123F00807CB683B4323F004035C
:105F9000A84201D0B04205D14D6922F440721543A8
:105FA0008A692A4342608461496841630362F0BDA3
:105FB0000000014000040140F0B5026A22F0100226
:105FC0000262026A436884690D6824F4E64444EA84
:105FD00005248D6822F0200242EA05120F4D104E72
:105FE000A84201D0B04206D1CF6822F0800242EA36
:105FF000071222F04002A84201D0B04207D14D69F9
:1060000023F4406343EA85038D6943EA85034360D3
:106010008461496881630262F0BD000000000140B4
:1060200000040140F0B5026A22F480720262026A42
:106030004368C46922F4007224F073050C68124EA0
:106040002C438D6842EA05220E4DA84201D0B04291
:1060500006D1CF6822F4006242EA072222F480626D
:10606000A84201D0B04207D14D6923F4405343EA1E
:1060700005138D6943EA05134360C4614968C16330
:106080000262F0BD000001400004014030B5026A28
:1060900022F480520262046A4268C3690D6823F4E4
:1060A000E64343EA05238D6824F4005444EA0534AA
:1060B000084DA84202D0084DA84204D14D6922F4EF
:1060C000804242EA85124260C36149680164046209
:1060D00030BD0000000001400004014010B5036A1B
:1060E000046A24F001040462846924F0F00444EAA0
:1060F000021423F00A020A438461026210BD000008
:1061000070B5046A24F0010404628469056A154EBE
:10611000B04214D0B0F1804F11D0134EB0420ED027
:10612000124EB0420BD0124EB04208D0114EB042C7
:1061300005D0114EB04202D0104EB04203D124F02F
:106140000304144301E044F001041A0724F0F004AE
:1061500044EA126225F00A0301F00A011943826140
:10616000016270BD000001400004004000080040D2
:10617000000C0040000401400040014000180040B5
:1061800010B5036A23F0100303628369046A23F4E1
:10619000704343EA023224F0A00343EA0111826112
:1061A000016210BD30B5046A24F0100404628469F1
:1061B000056A24F4407444EA022222F470444FF643
:1061C000FF7202EA03322243A02425F0A00304EA6E
:1061D000011119438261016230BD2DE9F0410C4685
:1061E000D0F8D412D0F8C82200EB8101D1F8C01247
:1061F00029B304F00F0606EB860300EB83050027A6
:10620000AB694BB106EBC60602EB8602926CB3FBA0
:10621000F2F602FB1632A2B1C1F81472D0F8D42201
:1062200000EB8200D0F8C40203692BB1D1F8080258
:10623000224601F5047198470020BDE8F081032053
:10624000FBE700231A462146AF6100F0D4FDF3E7D7
:1062500070B50546D0F8D40205EB8000D0F8C042F6
:1062600094B1284600F0A9FCC4F80C02D5F8D41269
:10627000D4F8040205EB8101D1F8C412CA6804F510
:1062800003719047002070BD032070BD70B5224D92
:106290000446297800F0D5FB2878002600F00F008E
:1062A00000EB800004EB800086846978204600F0D3
:1062B000C8FB687800F00F0000EB800004EB800062
:1062C000A0F86461A978204600F0BBFBA87800F034
:1062D0000F0000EB800004EB80008684C684D4F8B5
:1062E000D40204EB8000D0F8C01299B1D0F8C402F7
:1062F00040688047D4F8D40204EB8000D0F8C00294
:1063000000F09DFFD4F8D40204EB8000C0F8C06216
:10631000C4F8BC62002070BD4001002010B5D0F868
:10632000D41200EB8100D0F8C04284B1D0F8C4127E
:1063300059B194F80002FF2807D08B6894F8012225
:1063400021469847FF2084F80002002010BD03205A
:1063500010BD00000A210180004870474401002060
:1063600070B5064682210C4800F0FBFA0546012173
:10637000094800F0F6FA04468121074800F0F1FAD6
:106380000DB11021A971402104B1A18000B181801B
:1063900043203080004870BD5001002070B5064693
:1063A00082210D4800F0DDFA054601210A4800F07F
:1063B000D8FA04468121084800F0D3FA0DB1102123
:1063C000A9714FF4007104B1A18000B18180432014
:1063D0003080014870BD00005001002070B50646B5
:1063E00082210C4800F0BDFA05460121094800F061
:1063F000B8FA04468121074800F0B3FA0DB1102124
:10640000A971402104B1A18000B181804320308076
:10641000004870BD500100202DE9F04704464FF4BC
:106420000775284600F00CFF06004FF0000863D007
:106430002946F9F742FFD4F8D4023C4D04EB800022
:106440004FF01009C0F8C062C4F8BC62207C4FF461
:10645000007A0127F0B3402302222978204600F079
:1064600019FC2878402300F00F0000EB800004EBBB
:106470008000878402226978204600F00BFC68784F
:10648000082300F00F0000EB800004EB80000322E3
:10649000A0F86471A978204601F00F0101EB810199
:1064A00004EB8101A1F82690A97800F0F3FBA8780D
:1064B00000F00F0000EB800004EB80008784C6F83A
:1064C0000482D4F8D402474604EB8000D0F8C4021A
:1064D000006800E018E006F50176804737617761D3
:1064E00032687AB1207CF8B140236978204600F008
:1064F000DDFB0020BDE8F087D4F8D41204EB810165
:10650000C1F8C0820220F5E75346022229782046CE
:1065100000F0C0FB2878534600F00F0000EB80002D
:1065200004EB80008784A5E75346DEE740010020A6
:1065300010B5D0F8D41200EB8101D1F8C01259B1D6
:10654000027C084C002AD1F8042207D0402361784D
:1065500000F0ACFB002010BD032010BD4FF4007311
:10656000F5E700004001002039B1D0F8D42200EB5B
:106570008200C0F8C4120020704703207047D0F892
:10658000D42200EB8200D0F8C00218B1C0F8041287
:106590000020704703207047D0F8D43200EB83000E
:1065A000D0F8C00228B1C0F81022C0F808120020AC
:1065B0007047032070472DE9FC410646D0F8D4020D
:1065C0000C4606EB80000021D0F8C0728DF8001058
:1065D000ADF804100D4637B1217811F060022FD0CC
:1065E000202A4BD102E00320BDE8FC81E288F2B111
:1065F00009060DD5D0F8C40263783946D0F808C032
:106600001846E047E288072A00D9072239462DE0DC
:10661000607887F80002E088402800D34020C2B2AA
:1066200087F801223946304600F081F82BE0D0F897
:10663000C40263780022866821461846B04722E0EB
:10664000607830B101281ED00A2809D00B2815D156
:1066500010E096F89C02032810D1022201A905E05F
:1066600096F89C02032809D101226946304600F0C1
:1066700078F808E096F89C02032804D021463046BA
:1066800000F04AF803252846AEE7000010B5D0F820
:10669000D41200EB8101D1F8C02201211AB1D2F845
:1066A000143213B116E0032010BD0121C2F81412F8
:1066B0000949D2F81032097801F00F0404EB840480
:1066C00000EB8404A361D2F81032D2F8082200F063
:1066D00092FB0021084610BD4001002010B5D0F803
:1066E000B82200245268904700B10324204610BD10
:1066F0000020704700207047134610B50A4600215D
:1067000000F0D4FA002010BD134610B50A4600214F
:1067100000F071FB002010BD10B50446802100F090
:106720004FFB2046BDE81040002100F049BB10B5EA
:106730000323C0F89432C0F858211346C0F85C21F6
:106740000A46002100F0B2FA002010BD10B5052164
:10675000C0F8941200231A46194600F0A7FA002048
:1067600010BD10B50223C0F8943282611346C26195
:106770000A46002100F03FFB002010BD10B50421A7
:10678000C0F8941200231A46194600F034FB00208A
:1067900010BD000010B50A46024903A000F005F93B
:1067A000004810BDFC17002043444320436F6E6631
:1067B000696700001220088000487047D800002058
:1067C00010B50A46024903A000F0EFF8004810BDDA
:1067D000FC17002043444320496E74657266616370
:1067E000650000000420088000487047D4000020A5
:1067F00010B50A46024903A000F0D7F8004810BDC2
:10680000FC17002053544D6963726F656C656374A7
:10681000726F6E696373000010B50A46024903A0E7
:1068200000F0C3F8004810BDFC17002053544D334E
:1068300032205669727475616C20436F6D506F72AF
:106840007400000010B51A2008800A480168001D75
:106850000468001D0068081809D008220649FEF7E0
:10686000EFF80549042210312046FEF7E9F8024806
:10687000801E10BD107AFF1FEE000020F8B5044600
:106880000020ADF8000048880D46010A08295FD2B3
:10689000DFE801F05E0409175E5E3C45D4F8B412EF
:1068A000207C0A6819E0207C02260028D4F8B8026F
:1068B00005D0C16A684688470146467039E0816A5A
:1068C000F8E7C0B2062843D2DFE800F0030A10144C
:1068D000181CD4F8B402426805E0694690471CE0F1
:1068E000D4F8B402826892B3207CF6E7D4F8B402FC
:1068F000C268F8E7D4F8B4020269F4E7D4F8B40245
:106900004269F0E7D4F8B4028269ECE7207CF0B980
:10691000D4F8B802416B68468847014609E0207CFC
:10692000A8B9D4F8B802016B684688470146072029
:106930004870EA888AB1BDF8000040B1824200D9AF
:106940000246ADF800202046FFF70BFFF8BDFFE739
:1069500029462046FFF7E0FEF8E72046FFF70EFF46
:10696000F4E778B50E4642880178002504468A424D
:1069700012D9ADF800100AE0694600F00FF841782E
:10698000052904D181780546B14205D000256188EA
:10699000BDF800209142EFD8284678BD0A880378D8
:1069A0001A440A8001780844704770B50023002813
:1069B0001ED00025044602E06D1CEDB2641C267852
:1069C000002EF9D1022404EB450414801278CA5435
:1069D0005B1C0322CA5400245B1C06E0CA545B1CE7
:1069E000DAB28C54521CD3B2401C0278002AF5D182
:1069F00070BD01004FF0000004D0012901D0022930
:106A000001D0032070470120704778B10023C0F8FF
:106A1000B832C0F8C432C0F8D03209B1C0F8B412EC
:106A2000012180F89C12027000F0CCB8032070475E
:106A300010B5D0F8C802FBF744FEBDE81040FFF7E0
:106A4000D8BF10B5D0F8C802FBF715FEBDE810405E
:106A5000FFF7CFBF2DE9F04117460446002521B1CD
:106A600094F89C02032842D04CE0D4F8941204F12C
:106A70001400022935D1D0E902639E4206D9F21AE8
:106A8000826039462046FFF73FFE0FE0B34214D143
:106A90004068984211D3D4F8981288420DD200224F
:106AA00011462046FFF730FEC4F8985200231A46DC
:106AB0001946204600F0FAF813E094F89C020328E7
:106AC00008D1D4F8B802C16821B1C4F8D452C16861
:106AD000204688478021204600F072F92046FFF7C3
:106AE00035FE94F8A00268B184F8A0520AE0D4F808
:106AF000B802426932B1C4F8D45242692046904784
:106B0000002800D10020BDE8F08170B5134604468E
:106B1000002221B194F89C02032830D03AE0D4F846
:106B2000941204F5AA70032934D1D0E902518D42A0
:106B30000AD96A1A82600846824200D30246194680
:106B40002046FFF7D9FD25E094F8AA0210F01F00B7
:106B500003D0012802D0022800D0002294F89C0221
:106B6000032808D1D4F8B802016921B1C4F8D422AD
:106B70000169204688472046FFF700FE0AE0D4F866
:106B8000B802836933B1C4F8D422826920469047A1
:106B9000002800D1002070BD0020704710B50024EF
:106BA000012180F89C12D0F8B82222B152680179F4
:106BB000904700B10324204610BDD0F8C802FBF76F
:106BC000AEBD000010B5017839BB15490222C1F8ED
:106BD0000805C0F8C8124FF0A040086004204860C3
:106BE0000020C1E90320C1E9062008624862C862AA
:106BF00008630846FCF702F908B1FAF755FB802153
:106C00000748FBF7E8FC402200210548FBF7E7FCBA
:106C1000802201210248FBF7E2FC002010BD0000A9
:106C2000AC2C00200A0601F07F01D0F8C80201EB6D
:106C3000C10100EB810002D590F83E00704790F84A
:106C40007E02704710B5D0F8D42200EB8202D2F851
:106C5000B82222B190F89C32032B02D004E003202A
:106C600010BD126A02B19047002010BD10B5D0F8D7
:106C7000D42200EB8202D2F8B82222B190F89C32E2
:106C8000032B02D004E0032010BD526A02B19047EA
:106C9000002010BD10B51C461346D0F8C80222468D
:106CA000FBF746FDBDE81040FFF7A3BE10B5D0F8D6
:106CB000C802FBF76DFDBDE81040FFF79ABE2DE955
:106CC000F04100260125044680F89C52C4F89462E5
:106CD0006660C4F8A46280F8A062D0F8B80230B14F
:106CE000426822B100212046904700B103260022CD
:106CF000402311462046FFF7CDFF4027A4F86451FA
:106D00003B46002280212046C4F86071FFF7C2FF95
:106D1000A58430462762BDE8F08190F89C120429D2
:106D200003D190F89D1280F89C120020704710B596
:106D300090F89C12032905D1D0F8B81211B1C96995
:106D400001B18847002010BD01740020704710B5C4
:106D5000D0F8C802FCF724F9BDE81040FFF749BE9F
:106D600070B5044600F2AA20054600F04DF8012057
:106D7000C4F89402B4F8B002C4F8980294F8AA02D5
:106D800010F01F010AD001290ED0022912D000F004
:106D900080012046BDE8704000F012B82946204628
:106DA000BDE8704000F0CCB829462046BDE87040F0
:106DB00000F00CBA29462046BDE8704000F056B9F4
:106DC00010B5D0F8C802FBF707FDBDE81040FFF78B
:106DD00010BE10B5D0F8C802FCF7FDF8BDE81040B1
:106DE000FFF707BE90F89C1280F89D12042180F8EE
:106DF0009C120020704710B5D0F8C802FBF726FDA2
:106E0000BDE81040FFF7F5BD70B5054611F8010B60
:106E10002870087868704C1C2046FEF78EFF68804A
:106E2000A41C2046FEF789FFA880A01CFEF785FF62
:106E3000E88070BD38B504460020ADF80000A1B16F
:106E4000C4F8B812D4F8D40204EB8000D0F8B80229
:106E5000C16A19B168468847C4F8D002D4F8D8028C
:106E6000401CC4F8D802002038BD032038BD0246BB
:106E70000020D2F8B832002B02D01B681046184709
:106E8000704700002DE9F04188462B4E8978002597
:106E900004463170012906D941462046FFF73CFCE3
:106EA0000320BDE8F08194F89C02022702280CD050
:106EB00003281DD041462046FFF72EFC317820469E
:106EC000FFF70CFC03252846EBE789B320466160F9
:106ED000FFF7CDFF050004D041462046FFF71CFC1C
:106EE0001DE02046FFF74AFC032084F89C02EAE7F5
:106EF000C1B1606888421BD0C1B22046FFF7EEFBEB
:106F0000317820466160FFF7B2FF050010D041469E
:106F10002046FFF701FC21792046FFF7DFFB84F8CC
:106F20009C72D0E784F89C7220466160FFF7D6FB24
:106F30002046FFF723FCC6E73C010020FFF749BFCE
:106F40002DE9F0410A78002512F060020CD0202AC9
:106F500001D0402A7DD1D0F8D42200EB8202D2F8B1
:106F6000B8229268904731E04B78002201260A2B24
:106F70006FD2DFE803F041666E586E08056E2D296A
:106F8000FFF77CFC67E004468888D8B9C888C8B990
:106F90004888802816D200F07F0794F89C020328C6
:106FA00010D084F89E7239462046FFF7D0FE204666
:106FB000FFF7E4FB1FB1022084F89C024BE084F849
:106FC0009C6248E0204644E0FFF75CFF054642E053
:106FD000CB88012B3DD190F89C32012B04D0022BA1
:106FE00002D0032B35D104E08260012200F10801B8
:106FF00016E00122011D13E090F89C22012A03D023
:10700000022A01D0032A24D1CA88022A21D1C660CB
:10701000D0F8A41209B10321C160022200F10C01D1
:10702000FFF79FFB17E04A88012A02D0022A03D00B
:107030000FE0C0F8A46216E08988090A80F8A0125F
:1070400011E090F89C32012B08D0022B06D0032BC4
:1070500004D0FFF761FB2846BDE8F081498801298B
:10706000F9D1C0F8A422FFF789FBF4E72DE9F0413C
:10707000054608780C790E464FF0000810F06000C5
:107080000BD0202801D040286AD121462846FFF79E
:107090002FFBFF2800D0D8B395E07078C8B3012843
:1070A00024D003285CD195F89C02022802D0032842
:1070B00056D10CE0002C53D0802C51D021462846CC
:1070C000FFF77EFE80212846FFF77AFE7BE070887E
:1070D00040B93CB1802C05D0C88818B92146284653
:1070E000FFF76EFE2846FFF749FB6CE095F89C021F
:1070F0000228DFD0032863D1708880BB600603D0EC
:1071000021462846FFF794FC2846FFF737FBBCE7EB
:1071100000E00AE0C5F8D402D5F8B8028268F2B1FE
:1071200031462846904780464DE095F89C0200275E
:10713000022802D0032843D113E00CB1802C3FD1A8
:10714000200604F07F0000EB800005EB800101D5F4
:10715000143101E001F5AA7102220F602CE032E047
:107160002EE0200604F00F0000EB800005EB80000D
:1071700009D5808C20B304F07F0000EB800005EB84
:10718000800614360AE0B0F86401C8B104F07F004C
:1071900000EB800005EB800606F5AA764CB1802C4A
:1071A00007D021462846FFF73DFD10B10120306091
:1071B00000E03760022231462846FFF7D2FA02E0AB
:1071C0002846FFF7A9FA4046BDE8F08170B50546AC
:1071D000087800240E4610F0600003D0202801D06B
:1071E000402827D195F89C02012803D0022801D01D
:1071F00003281FD1B088C1B201291AD8C1B22846CC
:10720000FFF778FAFF280CD058B9D5F8B8128A6879
:107210003AB1C5F8D4028A683146284690470446F8
:1072200000E00324F088204307D12846FFF7A6FAA0
:1072300003E031462846FFF76FFA204670BD7047DD
:10724000004870478C2A0020B0B10C490A789AB1E6
:107250000A7802704A7842708A7882708A888280BE
:10726000CA88C2800A8902814A894281CA68C2608A
:10727000002008700120704700207047FC19002092
:107280002DE9F04FA5B000285FD001467F2203A86A
:10729000F9F71EF800258DF88B50F8A103A8F9F72F
:1072A00031F80446F5A10020F9F72CF88246F3A145
:1072B0000020F9F727F80746F0A10020F9F722F897
:1072C0008346EEA10020F9F71DF80090002C3CD079
:1072D000EBA12046F9F708F8002836D1BAF10000F2
:1072E00033D0E8A1F9F700F8E84CF8B1E8A150462E
:1072F000F8F7FAFFD0B1E8A15046F8F7F5FFE0B192
:10730000E7A15046F8F7F0FFB8B1E7A15046F8F70B
:10731000EBFF0126B8B1E7A15046F8F7E5FF90B1C1
:10732000E7A15046F8F7E0FF90B11AE0257000237E
:107330001A46194618460095B2E200231A46194625
:1073400002200095ACE22670667025B0BDE8F08F93
:107350003FB1DEA13846F8F7C7FFDD4C90B3DDA1A1
:1073600029E0DDA15046F8F7BFFF68B967B1DDA19C
:107370003846F8F7B9FFDC4C20B3DCA13846F8F703
:10738000B3FFF8B1DAA111E0DAA15046F8F7ACFF8B
:10739000D8B9D7B1CDA13846F8F7A6FFD74C88B1F8
:1073A000D2A13846F8F7A0FF60B1CAA13846F8F775
:1073B0009BFF28B1D2A13846F8F796FF0028C4D128
:1073C0002570C2E7FFE72670BFE7CEA15046F8F769
:1073D0008BFFA0B1CEA15046F8F786FF78B1CFA1C0
:1073E0005046F8F781FF68B1CFA15046F8F77CFF0F
:1073F00040B1D0A15046F8F777FF48B12EE0CF4812
:107400000670A2E700231A4619460620009547E2B7
:1074100027B3CBA13846F8F767FF88B1CAA1384631
:10742000F8F762FF60B101A9384600F04FFAA8B141
:10743000BDF9040010F5007F04DC6FF4FF7006E076
:10744000A57082E7B0F5007F03DB40F2FF10ADF8D6
:107450000400BDF80400E080A67076E7BCA15046A9
:10746000F8F742FF4FF4C86908BB07B3B4A1384628
:10747000F8F73AFF80B1B4A13846F8F735FF58B1B4
:1074800001A9384600F022FA88B1BDF904000028AD
:1074900004DAADF8045005E0E57056E7484501DD33
:1074A000ADF80490BDF804002081E6704DE7A9A175
:1074B0005046F8F719FF60BB5FB3A1A13846F8F753
:1074C00013FFD0B1A0A13846F8F70EFFA8B181A1F3
:1074D0003846F8F709FF80B19FA13846F8F704FF56
:1074E00058B101A9384600F0F1F990B1BDF9040096
:1074F000002804DAADF8045007E0658125E74FF471
:107500004871884201DDADF80410BDF804006081C7
:107510001BE792A15046F8F7E7FE4FF47A7820B1C6
:107520008FA15046F8F7E0FEE0B902A9384600F016
:10753000E6F9B8B123A9584600F0E1F990B1BDF8D9
:1075400008104046814201D9ADF80800BDF88C1002
:10755000814201D9ADF88C00BDF80800A081BDF8CA
:107560008C002FE07FA15046F8F7BEFE20B17EA12F
:107570005046F8F7B9FE70B902A9384600F0BFF9D5
:1075800048B1BDF80810414501D9ADF80880BDF8F3
:107590000800A08117E075A15046F8F7A5FE20B1BC
:1075A00073A15046F8F7A0FE78B902A9384600F05A
:1075B000A6F950B1BDF80810414501D9ADF80880D1
:1075C000BDF80800E0812671BFE66AA15046F8F7D1
:1075D0008BFE78B169A15046F8F786FE50B169A1DB
:1075E0005046F8F781FE60B168A15046F8F77CFE7E
:1075F00038B125E0257000231A461946072000956A
:107600004EE101A9384600F061F9C8B1BDF9048026
:107610000A27BBF100000CD001A900F057F940B1D6
:10762000BDF90470002F01DA002702E04F4500DDAC
:107630004F462781E6702670002342460095C7E03A
:1076400054A15046F8F750FE78B155A15046F8F7CE
:107650004BFE50B155A15046F8F746FE60B155A11A
:107660005046F8F741FE38B1B5E0257000230421FB
:107670001A460520009513E1A0E000002B00000051
:107680007969770053544F50000000000601002034
:1076900073746F70000000005A45524F00000000E4
:1076A0007A65726F0000000050554C5345564945AD
:1076B0005700000070756C7365766965770000008F
:1076C00050554C534553494D000000004F4E0000AB
:1076D000090000204F46460050554C53454449523E
:1076E00000000000465744000A000020310000005E
:1076F0005245560050554C5345454E000B00002056
:107700003000000050554C5345434C5200000000DF
:1077100050554C534552535400000000434C4541D2
:10772000524641554C540000434C4541525F46413E
:10773000554C54004C454144000000000C00002012
:107740004155544F000000006175746F0000000047
:1077500055510000465756006F66660050490000BC
:10776000706900004B5000006B7000004B49000036
:107770006B690000414C49474E000000616C69672D
:107780006E0000004F50454E000000006F70656EA7
:10779000000000004645454453544F50000000008F
:1077A0004155544F53544F5000000000535045452D
:1077B00044000000737065656400000001A938464C
:1077C00000F084F838B12670BDF90420002300953C
:1077D0000121012064E034A15046F8F785FDC0B9CD
:1077E00001A9384600F072F898B102A9584600F095
:1077F00086F870B123A9009800F081F848B126708E
:10780000BDF88C000090BDF80830BDF904200221BD
:10781000DFE726A15046F8F767FDC0B901A9384651
:1078200000F054F898B102A9584600F068F870B119
:1078300023A9009800F063F848B12670BDF88C00C9
:107840000090BDF80830BDF904200321C1E719A15B
:107850005046F8F749FD30B119A15046F8F744FDFC
:1078600000287FF4AEAD01A9384600F02FF80028BB
:107870003FF4A7AD02A9584600F041F80028F7D020
:1078800023A9009800F03BF80028F1D02670BDF83D
:107890008C0000900421BDF80830BDF90420084692
:1078A00000F044F851E50000504F530054494D4555
:1078B00000000000464545444155544F000000007B
:1078C0004155544F535441525400000038B50C46B2
:1078D00005000FD074B10A226946F8F735FD297802
:1078E00041B10099097829B910F5004F02DBB0F5D4
:1078F000004F01DB002038BD2080012038BD38B5A5
:107900000C4605000CD05CB10A226946F8F754FD1C
:10791000297829B10099097811B9B0F5803F01D3D0
:10792000002038BD2080012038BD000030B5064C55
:10793000039D6070A170A280E28023816581002098
:10794000E0600120207030BDFC19002070B50A787D
:10795000012302F00F054E78AB401B4CD0F81C58A9
:10796000012E17D045EA0343C0F81C3800EB421043
:10797000D0F8002B12040BD4D0F8002B8B89097996
:10798000C3F30A031A4344EA81410A43C0F8002BB7
:10799000002070BD9BB21D43C0F81C5800EB421084
:1079A000D0F800391B04F3D4D0F800398D89097957
:1079B000C5F30A0589042B4341EA82510B43234353
:1079C000C0F80039E4E7000000800010D0F800198A
:1079D0006FF30A01C0F80019D0F8041841F480715F
:1079E000C0F804180020704770B5044606990A9E36
:1079F000049D0D98012916D0E06840F04000E06039
:107A0000204600F02BF8A16B1EB321F48031A16356
:107A1000012D07D1A16841F00601A160A16841F0E4
:107A20002001A16070BDA16B21F48031A163E168E8
:107A3000094A1140E160E16821F44011E160012848
:107A400003D1E06840F48010E060204600F006F8C2
:107A5000DEE741F48031DAE7BFFFBDFF08B5002261
:107A60000D490092009B5B1C00938B420CD803696C
:107A7000002BF7DA0092026942F001020261009ADB
:107A8000521C00928A4201D9032008BD0269D20724
:107A9000F5D1002008BD0000400D030030B54C7842
:107AA0000A78012300EB4212012C2CD0D2F8004BB3
:107AB000002C0BDAD2F8004B44F00064C2F8004B03
:107AC000D2F8004B44F08044C2F8004BD0F83C5848
:107AD0000C7804F00F0403FA04F425EA0444C0F817
:107AE0003C48D0F81C48097801F00F018B4024EA8B
:107AF0000341C0F81C18D2F8000B19490840C2F81D
:107B0000000B002030BDD2F80049002C0BDAD2F86F
:107B1000004944F00064C2F80049D2F8004944F03A
:107B20008044C2F80049D0F83C480D7805F00F05B4
:107B300003FA05F5ADB2AC43C0F83C48D0F81C4898
:107B4000097801F00F018B4099B28C43C0F81C48B2
:107B5000D2F8000903490840C2F80009D1E7000043
:107B60000078F3EF007833ECD0F8001E21F0030129
:107B7000C0F8001ED0F8041821F00201C0F8041863
:107B800000207047D0F8001E21F00301C0F8001E4D
:107B9000D0F8041841F00201C0F804180020704722
:107BA0002DE9F04F00250E460446DDF82CC0DDF827
:107BB00024B0109F2846294604EB8002C2F8041125
:107BC000401C0F28F8D32046C7B1806B20F4001268
:107BD000A263A06B40F40022A26308468846C4F862
:107BE000000ED4F800182046C4F80018BCF1010FAC
:107BF00016D0D0F8001841F0030116E0D0F80408C0
:107C000040F00202C4F80428A06B40F40012A26302
:107C1000A06B20F40022A263A06B20F48022DBE79B
:107C2000D0F800180BB141F00101C0F80018102184
:107C300000F0EEFA00B10125204600F0CBFA00B1C9
:107C400001254046C4F81088C4F81488C4F81C887C
:107C500000214FF000694FF0904A4FF67F3314E057
:107C600004EB4112D2F800C9BCF1000F06DA11B1E1
:107C7000C2F800A904E0C4F8009901E0C2F80009C4
:107C8000C2F81009C2F80839491C8E42E8D8002110
:107C900015E000BF04EB4112D2F800CBBCF1000F9D
:107CA00006DA11B1C2F800AB04E0C4F8009B01E0B1
:107CB000C2F8000BC2F8100BC2F8083B491C8E42F8
:107CC000E8D8D4F8101821F48072C4F81028A06104
:107CD0006FF080406061BBF1000F03D1A06940F0FC
:107CE0001000A061A06909490843A0610C9818B16F
:107CF000A06940F00800A061012F03D1A0690449E8
:107D00000843A0612846BDE8F08F000000383C80A1
:107D100004000040816821F001018160002070476B
:107D200070B50D784E78444CEBB200EB4313012E46
:107D300021D0D3F8100B6FF31200C3F8100BD3F857
:107D4000100B2040C3F8100B886908B1C86888611F
:107D5000C868C861D3F8100B40F40020C3F8100BBA
:107D6000D3F8100BCC69C4F312042043C3F8100BF2
:107D7000012A55D058E08E69002ED3F8106932D010
:107D80006FF31206C3F81069D3F810692640C3F8E0
:107D900010698E69CC68A64200D98C61D3F810496D
:107DA00044F40024C3F81049D3F810498E69C6F38F
:107DB00012063443C3F81049012A22D000EB4512C1
:107DC000D2F8003943F00443C2F800398A6932B36B
:107DD000D0F83428097801F00F03012199400A43B3
:107DE000C0F8342826E02640C3F81069D3F81049BB
:107DF00044F40024C3F81049D3F810496FF3120477
:107E0000D8E7496919B100EB4512C2F8141900EB23
:107E10004510D0F8001941F00441C0F8001909E0FC
:107E2000086908B1C3F8140BD3F8000B40F0044004
:107E3000C3F8000B002070BDFFFF07E010B5036C16
:107E4000134CA34203D9D0F8003B002B1EDB0023C8
:107E5000C0F8103BD0F8103B43F40023C0F8103BAF
:107E6000D0F8103B43F01803C0F8103BD0F8103B9B
:107E700043F0C043C0F8103B012907D1C0F8142BD0
:107E8000D0F8001B41F08021C0F8001B002010BD7D
:107E90000A30544F4A780B78012A00EB43100BD07C
:107EA000D0F8002B22F40012C0F8002B0979032926
:107EB00014D0022912D017E0D0F8002922F40012C1
:107EC000C0F800290979032901D002290CD1D0F882
:107ED000001941F08051C0F8001905E0D0F8001BEE
:107EE00041F08051C0F8001B002070470A784B78A1
:107EF000D1B200EB4110012B12D0D0F8001B0029A9
:107F000006DB2AB1D0F8001B21F08041C0F8001B2D
:107F1000D0F8001B41F40011C0F8001B002070478E
:107F2000D0F80019002906DB2AB1D0F8001921F099
:107F30008041C0F80019D0F8001941F40011C0F8D0
:107F40000019EBE7F8B50C784F78764DE3B26FF097
:107F5000604600EB4313012F27D0D3F8104B6FF38B
:107F60001204C3F8104BD3F8104B2C40C3F8104B3D
:107F70008D69002D75D0CC6825446D1EB5FBF4F5D8
:107F8000ADB26C43CC61D3F8104B06EAC5452C4327
:107F9000C3F8104BD3F8104BCD69C5F312052C4331
:107FA000C3F8104B012A71D0A4E08F691FB3D3F836
:107FB00010796FF31207C3F81079D3F810792F40B6
:107FC000C3F810798F69CD682F447F1EB7FBF5F594
:107FD00006EAC545D3F810693543C3F81059D3F8FC
:107FE00010598E69C6F312063543C3F810590D793E
:107FF000012D10D01BE0D3F810692E40C3F8106992
:10800000D3F8105945F40025C3F81059D3F8105986
:108010006FF3120509E0D3F8105925F0C045C3F8F5
:108020001059D3F8105945F00055C3F81059012ADA
:1080300018D000EB4413D3F8004944F00444C3F8CB
:1080400000490C79012C2FD08A6962B3D0F834280A
:10805000097801F00F03012199400A43C0F8342840
:108060005EE036E04A691AB100EB4413C3F8142904
:10807000097901290FD1D0F80818C90500EB44117E
:10808000D1F8002903D442F0005202E02EE042F081
:108090008052C1F8002900EB4410D0F8001941F0DB
:1080A0000441C0F800193BE0D0F80848E405D3F8D3
:1080B000004902D444F0005401E044F08054C3F875
:1080C000004900920A8B93B20A78096900F0D0F94E
:1080D00026E0D3F8104BCD68C5F312052C43C3F846
:1080E000104BD3F8104B44F4002459E70A690AB145
:1080F000C3F8142B097901290CD1D0F80808C00560
:10810000D3F8000B02D440F0005001E040F0805062
:10811000C3F8000BD3F8000B40F00440C3F8000B89
:108120000020F8BDFFFF07E038B50022009213469B
:108130004D780A7842F2107400EB4212012D19D0EA
:10814000D2F8005B002D3CDAD2F8005B45F0006508
:10815000C2F8005B0A7800EB4212D2F8005B45F0EF
:108160008045C2F8005B009A521C0092A24221D9BD
:10817000012326E0D2F80059002D22DAD2F8005966
:1081800045F00065C2F800590A7800EB4212D2F8B7
:10819000005945F08045C2F80059009A521C0092DF
:1081A000A242E5D80A7800EB4212D2F80029002A50
:1081B000F3DB06E00A7800EB4212D2F8002B002A2B
:1081C000D1DB184638BD816841F001018160002093
:1081D0007047000008B500220C490092009B5B1C10
:1081E00000938B420AD80369002BF7DA0092102221
:1081F0000261009A521C00928A4201D9032008BDF4
:108200000269D206F5D4002008BD0000400D03002D
:1082100018B500230D4A0093009C641C00949442FE
:108220000CD80469002CF7DA0093202343EA81116B
:1082300001610099491C0091914201D9032018BDA8
:1082400001698906F5D4002018BD0000400D030027
:10825000D0F8080810F0060004D0022803D0062841
:1082600001D00F20704702207047406900F00100E4
:108270007047D0F81818D0F81C08084080B2704732
:10828000D0F81818D0F81C080840000C704710B53A
:10829000D0F81038D0F8342801F00F0400EB41106A
:1082A000E24002F00102D0F8080943EAC21210408D
:1082B00010BD00EB4111D1F8081BD0F8140808409C
:1082C0007047416980690840704730B503460846E9
:1082D000940802F00301002203F5805303E01D68B7
:1082E00040F8045B521CA242F9D300290BD01C6851
:1082F0000022D50024FA05F3491E521C090400F897
:10830000013B090CF5D130BD70B50446C0680025AD
:1083100020F0C040E060012901D079B120E0E068A0
:1083200040F00050E0600120F9F792FF60696D1C99
:1083300010F0010F10D1322DF5D30DE0E06840F0C0
:108340008040E0600120F9F783FF60696D1C10F048
:10835000010F01D0322DF5D3322D01D0002070BD98
:10836000012070BDD0F8002822F4FE62C0F8002879
:10837000D0F800284FF4FE6303EA01110A43C0F865
:108380000028002070470000022A3ED1264A274BD1
:108390000A449A4201D20F2138E0254A254B0A446B
:1083A0009A4201D20E2131E0234A244B0A449A42D8
:1083B00001D20D212AE0224A224B0A449A4201D2DC
:1083C0000C2123E0204A214B0A449A4201D20B217E
:1083D0001CE01F4A1F4B0A449A4201D20A2115E0B1
:1083E0001D4A1E4B0A449A420FD31D4A1D4B0A4494
:1083F0009A4201D2082109E01B4A11441B4A9142CA
:1084000001D2072102E0062100E00921C26822F41E
:108410007052C260C2684FF4705303EA81210A436C
:10842000C260002070470000405327FF00350C0059
:10843000401E1BFF40420F0000DC0BFF804F12006C
:10844000808CF9FE20D6130060B6E5FE60E31600CE
:1084500000D3CEFE40771B00C05BB3FEC09121006D
:1084600000CA91FE20753800E05459FEE09C41009E
:1084700010B5029C74B9DB1C9C0800EB0230002391
:1084800000F5805004E000BF51F8042B02605B1C33
:10849000A342F9D3002010BDFEE700004FF4E561D0
:1084A0000148F7F70ABF00003C32002010B50A4C23
:1084B000607A00280CD0207A002809D1012020728F
:1084C0001C2104F10A00F8F7E3FD002108B1217234
:1084D00010BD617210BD00003C32002009A010B533
:1084E000046886B01822694607488DEC060AF7F73B
:1084F000CBFE05480A380121C0F82240417206B07F
:10850000084610BD0000807F4632002072B6084841
:1085100041880288914206D04188491C89B240298D
:1085200000D3002141800021017262B67047000033
:108530003C3200200907090E002804DB00F1E0208E
:1085400080F80014704700F00F0000F1E02080F880
:10855000141D7047004870470813002010EE100AE1
:1085600010B50023A0F50001B1F1FE4F67D200BFA6
:1085700000F500216FF07E0202EBE15CC1F30252D4
:108580004FF07E5101EB025100EE901AA0EBCC505F
:1085900003EB0C0100EE100A51EA020036D030EE77
:1085A000601A70EE200A9FED3D2A3E4881EE200AB7
:1085B0009FED3B1A60EE000A00EE821A60EE201A70
:1085C00061EE810A784401EE101A00EB82009FED03
:1085D000362AB8EEC11AD0ED001A344841EE021A1C
:1085E000784401EE101A00EB8200B8EEC11A90ED4B
:1085F000002ADFED2F2A01EE222AB0EE001A72EED9
:10860000200A40EE010A31EEA00A10BDF7EE000A82
:108610009FED291A30EE600ADFED260A00EE201ADF
:10862000DFED260A60EE001A40EE010A9FED241AE3
:1086300000EE201A61EE810A30EE200A10BD4FF0E4
:108640007F41B1EB400F03D2BDE8104000F064B8A9
:10865000B0F1FF4F08BF10BDB5EEC00AF1EE10FA41
:1086600006D2012000F074F8BDE8104000F058B8C0
:10867000B5EEC00AF1EE10FA07D1022000F068F85A
:1086800000F040F8B1EE400A10BDDFED0E0A6FF0C9
:10869000160320EE200A10EE100A69E766F1CC3EC0
:1086A000AAAA2A3F8C1300000070313F90130000EB
:1086B000F4FD053821ED423E0A1180BEC1ABAA3E51
:1086C000FFFFFFBE0000004B10B52DED028BB1EE99
:1086D000C08A18EE100A20F00040C0F1FF40C00F21
:1086E0000AD010EE100A20F00040C0F1FF40C00F89
:1086F00004BF012000F02CF8B0EE480ABDEC028B5C
:1087000010BD0000DFED030AB7EE001A81EE200A6B
:10871000704700000000000030EE000A70470000C3
:10872000DFED020A80EEA00A7047000000000000A2
:1087300002E008C8121F08C1002AFAD1704770472A
:10874000002001E001C1121F002AFBD17047000088
:10875000014908607047000008130020B5EEC00A08
:10876000F1EE10FA01DAB1EE400A704710B590ED63
:10877000030ADFED0A0A044660EE200A00EE101A32
:10878000B8EE400A20EE800A10EE100AF7F763FEFA
:10879000D4E900231018594110BD000000007A45AB
:1087A00010B5BCEEC00A044610EE100A81B2204695
:1087B00000F0CCFF204600F0FDFE204600F0DCFF7C
:1087C0002046BDE8104000F00BBF00001FB500219F
:1087D0000091019102910391082804D0092802D048
:1087E000002004B010BD00900120019004200290F0
:1087F00069460B48F8F7E8FE08B1F8F755FD084858
:10880000F9F7EEF84FF6FF710548F9F793F80448C9
:10881000F8F782FF84B20248F9F760F92046E0E7F2
:108820004813002010B509202DED028BFFF7CEFF75
:1088300018B140F6FF71884204D39FED160ABDECD3
:10884000028B10BD00EE100ADFED130A9FED141A23
:10885000B8EE400A9FED118A60EE201A00EE100A71
:10886000B8EE400A31EE400A81EE801A81EE200A0D
:10887000FFF774FEC0EE080A9FED0A0AB7EE001A71
:1088800070EE800A81EE200ADFED070A30EE600A02
:10889000D5E7000000007AC400401C4600E07645A1
:1088A00000F07F450FCF5B3B3393884310B5082022
:1088B000FFF78CFF00EE100ADFED070AB8EE400A62
:1088C00020EE200ADFED050A80EE201AB3EE050A3D
:1088D00021EE000A10BD00003333534000F07F4505
:1088E00070B50D460446FBF7B9FC29462046FAF759
:1088F000B9FE002035B1042D07D02168082D07D01E
:10890000086470BD2168486370BD2168886370BDCC
:10891000C86370BD70B50C460546FBF703FD2146E4
:108920002846BDE87040FAF7FDBE70B514460E4605
:108930000546FBF793FC31462846FAF793FE36B11D
:10894000042E07D02868082E07D0046470BD28685C
:10895000446370BD2868846370BDC46370BD00004B
:1089600010B504462DED028B002020706070B3EE30
:10897000040A84ED010ADFED188A9FED180AC4EDA0
:10898000028A84ED030A9FED160B20F0004000EEF2
:10899000100A6068B8EEC08AF7F77EFD41EC100B54
:1089A00020F00040404200EE100AD4ED021AF0EE32
:1089B000482AB8EEC02AB0EE681ADFED0B0A9FED28
:1089C0000B0A0B48FDF70CF9BDEC028B0848BDE81B
:1089D0001040FDF717B900000000000000009643AA
:1089E000000000000000344017B7513A6F12833B7B
:1089F000F03900202DED0A8BF9F75AFDFDF7BCF98F
:108A0000FCF78EF9FCF79EFBFCF724FAFCF734FB2D
:108A1000FCF710FBFCF706F9FCF7A2FAFCF75CF98F
:108A2000FCF7D2FAFA48F8F74BFBF9480179F94814
:108A3000F8F7A8F8FFF732FDFCF77CF8F8F742FCEE
:108A4000DFEDF5AAB3EE080AF448B0EE6A8AB0EE9C
:108A5000481AF0EE480AF8F771FCF148F8F7AAFB5B
:108A6000F049EF48F8F7BAFB0421EF48FBF7D4F9D7
:108A7000ED48FAF725FFE648FCF7BCFEE74CB1EEFF
:108A800000AAB0EE480A84ED03AA84ED048A2046C9
:108A9000FFF786FE4FF4FA60F9F7DAFBE149E048A8
:108AA000F8F7ECFB84ED038A84ED048AF8F7FEFB0B
:108AB000DE48FFF755FFDE48FCF778FBB3EE040A0B
:108AC000FCF7D2FEDFEDDB9AF0EE691AB0EE612A18
:108AD000DFEDD98AF0EE000AD149B0EE681AD74826
:108AE000F8F73CFCF9F7D6FCC94CD049943C20621D
:108AF0004FF47A70606281ED028A9FEDD10ADFF84F
:108B000044B381ED030A00208BED038A8BED048AC8
:108B100091ED010AB0EEC00A8BED080AB1EE400AF1
:108B20008BED070A84ED068A84ED078AFCF704F8CA
:108B3000C548FAF701FF9FEDC5CADFF8E4A20AF1C4
:108B4000280ADFEDC3BA4FF001094FF000089FED8E
:108B5000C1BA00BFF9F79EFC05460026F8F7D0F829
:108B60002846FCF71DFFFCF7DDFE78B1E07805280C
:108B700001D1207930B1FCF747FF0520E0706FF09C
:108B80001D0060822946E078FBF786FF2846FCF747
:108B9000F7FD207B08B1FDF77DF82846FDF7A8F822
:108BA000AD48017819B10321217280F80080AB4FE4
:108BB0003878F0B1AA480088AA4900EE100AB8EE49
:108BC000400A20EE0C0A8BED000A098800EE101A0C
:108BD000F8EE400A9FEDA40A9A4820EE800A8BED39
:108BE000010ACBED02AAFDF70DF884F8088087F89A
:108BF00000808B482830F7F75FFE28B98848283076
:108C0000FEF722FB060072D0002784F80F900EB109
:108C1000022000E00120A07384F80D807C48F8F762
:108C20004FFA7B48FCF7E6FDA4F81280E07808B91B
:108C3000207990B19AF80110504671B1417802291B
:108C40000BD04178062908D04078072805D0FCF7DA
:108C5000DBFEFCF75BFE6082012757EA060015D1B8
:108C600082484079052811D09AF80110504669B120
:108C7000417802290AD04178062907D04078072890
:108C800004D0FCF7C1FE6FF009001BE0002F7FF459
:108C900061AFA079C0B19AF801205146A2B14A78DB
:108CA000022A11D04A78062A0ED04A78072A0BD019
:108CB0004A78012A02D18978012905D0FCF7A4FE5F
:108CC0006FF00100608245E79AF8011056460829C6
:108CD0001AD2DFE801F0040DF3F2F138F0F0FCF7FE
:108CE00093FEE07810B100BFFCF710FE60823AE21C
:108CF000B178012909D0B178022933D0B17805299A
:108D00007DD0B17803297BD091E1B088D8B1B6F994
:108D1000040000EE100AB8EEC00AB0EEC00AFCF77C
:108D2000A3FD424EB0EE408A7078022812D0FCF7C4
:108D30000DFEB5EEC08ACBED03AAF1EE10FA05DB0D
:108D40009FED4B0A04E0FCF75FFE50E19FED490AFE
:108D500084ED110A0220707086ED028A404684F884
:108D60000880C3E70028CFD1B6F9060000EE100A4C
:108D7000B8EEC00A20EE2B0AFCF776FD3089B0EE83
:108D8000408A00EE100A7089B8EE409A00EE100A90
:108D90002748F8EE40CAFCF757FA00286ED1B0EE2B
:108DA000C80A10EE100A3449884268DBB5EEC09A52
:108DB000F1EE10FA63D9F5EEC0CAF1EE10FA5ED901
:108DC00028EE0B0A207CBDEEC00A10EE101A40B946
:108DD0001348D0E904230E481438C0E9082384F866
:108DE00010900B481438D0E90823521843EBE17374
:108DF000C0E9082317461E46FCF7A8FD01E03FE046
:108E000097E084F80890F0EE6C0AB0EE490A89E029
:108E1000940000209013002000000000B8310020D2
:108E2000101300200014002048140020143A0020E1
:108E300068390020CDCC4C3E0080A244283A002066
:108E40000080BB44F0390020901400206F12833A58
:108E50000AD7233C00007A45070100200A010020C0
:108E6000120100201401002017B7D138503A002019
:108E700000008043000040446F12833A4DE089E0D7
:108E8000318900EE101A7189B8EE408A00EE101A8E
:108E90000028B8EE409A7DD1FC48FCF7D5F9E0BB3C
:108EA00094F905000028F06809DAC2170021404251
:108EB00061EB020104E024E1B5E09AE07CE0C11737
:108EC00050EA010266D0B5EEC08AF1EE10FA61D91F
:108ED000B5EEC09AF1EE10FA5CD9627C52B9EC4A58
:108EE000D2E90436EB4AC2E90A360023C2E90C3360
:108EF00084F81190E74ED6E90C2310185941C6E9C1
:108F00000C01FCF7BDFCD6E90A23871841EB0306E8
:108F1000FCF71CFD84F8089000E065E0F0EE490ADB
:108F2000B0EE480A3A463346D949D848FCF79EFA8B
:108F3000DCE678BBB6F9060000EE100AB8EEC00A0F
:108F400020EE2B0AFCF790FC3089F0EE40CA00EED0
:108F5000100A7089B8EE400A20EE0C9A00EE100A52
:108F6000CA48B8EE408AFCF76FF9E8BBB0EEEC0AED
:108F700010EE100AC849884259DBB5EEC09AF1EEEE
:108F800010FA54D9B5EEC08AF1EE10FA4FD9FCF7B9
:108F9000DDFC00E04BE0F0EE691A84F80890B0EEDA
:108FA000612AB0EE481AF0EE490AB0EE6C0AB849F0
:108FB000B648FCF757F999E6B849B548F8F75EF9AD
:108FC000B349B748F8F700FAFCF764FEB049B14A74
:108FD000D1E90401C2E9080184F81090C2E90A014C
:108FE0000020C2E90C0000E008E084F8119040463F
:108FF0007CE6E0B9A548FCF727F910B14FF0FF3047
:1090000074E6FCF7A3FCA64890F8200018B9A04924
:10901000A348F8F7D9F9022020729D4A9B49A0483D
:10902000F8F7AEF962E610B9B078042802D06FF014
:1090300001005BE6B6F9060000EE100AB8EEC00AC1
:1090400020EE2B0AFCF710FC3089B0EE409A00EEBF
:10905000100A7689B8EE400A20EE0C8A607810B1CA
:10906000A4F8128081E0B0EEC90A10EE100A8A4915
:10907000884242DBB5EEC08AF1EE10FA3DD9DEB38C
:10908000FCF764FC82498648F8F79EF9844F87ED27
:10909000039A87ED048AC7ED058AC7ED069AC7EDE6
:1090A000079A87F820906662F9F7F4F9616A401A26
:1090B00020627749C4ED0AAAC4ED0BAAD1E90401E4
:1090C000D7E90023801A61EB0301F7F7AEF900EE50
:1090D000100A0220C0EE0B0AC4ED0C0A97ED020A3A
:1090E000D7ED030AB8EE400A20EE200A84ED0D0AFF
:1090F00084F801902072B3E7FFE76FF0010060820F
:1091000080E0FFF7D3FB84ED0E0AFFF78BFB84EDC5
:109110000F0AFCF7DFFBE070E07820B9FCF702FCF7
:1091200008B10520E070E07810B1FCF76DFCDBE5DC
:10913000FCF76AFC464684F803805448FCF72DF897
:109140006670A67084F80490B0EE6A0A25645548EB
:1091500084ED060A84ED07AA80ED040A80ED03AAD7
:10916000FFF71EFB66826078E8B34848FCF76CF8AE
:1091700068B9A07868B9206A291A606A814241D327
:10918000434A42494648F8F7FBF8608260B3A0784A
:1091900048B33E48FCF75CF828B33D49404ED1E95E
:1091A0000401D6E90023801A61EB0301F7F73DF9CA
:1091B00000EE900A96ED031AD4ED0D1A80EE8B0A9C
:1091C000D6ED020AF8EE600A60EE810A94ED0C1A00
:1091D00070EEE11A30EE411A31EE611A84ED0A1A8E
:1091E00030EE601A01E00DE077E084ED0B1A84EDBB
:1091F0000C0AC4ED0D0AC4ED06AAC4ED07AA84F852
:1092000002802562284E3078F0B322480169691A3D
:109210000A2939D305611E4D214FD5E90401D7E94B
:109220000023801A61EB0301F7F7FFF800EE100A44
:1092300097ED022AD7ED030AC0EE0BCAB8EE420A38
:1092400094ED181A134894ED168A60EE200A95EDF5
:10925000060A90ED003A30EE419AB5EEC03A38EE8B
:10926000490AF1EE10FAD5ED091AF0EEE11A01DA29
:10927000F1EE611A207A022832D001283DD003286D
:1092800059D0042869D011E08CE000006839002032
:1092900010130020800000206F12833A0014002079
:1092A000283A0020B831002006010020A079C0B380
:1092B0009BED038AA16C00EE101AB8EE409A00EE06
:1092C000100A2079B8EE401A94ED060A00EE900AD2
:1092D0003848B8EE602A407856E084F8029058E7A3
:1092E000B0EE608AB0EE6C9A94ED0A1A94ED0B0A17
:1092F000B8EE422AD5ED091A4AE02F48FBF7A4FF41
:1093000018B12D4890ED148A01E095ED068A95ED8F
:10931000069A2948FBF798FF20B1274890ED181AC4
:1093200002E021E0B0EE6A1A95ED090A94ED062AF2
:10933000D4ED0E1A2CE0206D00EE100A606DB8EE30
:10934000C08A00EE100AB0EE431A94ED062AB8EE79
:10935000409AB0EE610AE07A16E0D4ED1E0AB0EE53
:10936000432A30EEC11A13E09BED038A95ED099A6A
:10937000DBED000ADFED111A114838EE491A20EE34
:10938000A12A94ED060A408C00EE900AF8EE601ACD
:10939000F0EE490AF0EE612AF0EE401AB0EE480A0B
:1093A000FFF79CF8307800283FF48DACFFF77EF88B
:1093B00089E40000143A00206839002000007A4453
:1093C000B8310020B5EEC00AF1EE10FA01DAB1EEC4
:1093D000400A704710B5D0ED111AD0ED100A90ED8B
:1093E000122A9FED303A71EEE02A72EE613AD0ED2A
:1093F0000F1A90ED0E4AB0EE401A81EE832A9FEDCF
:10940000280AB5EEC01A0446C4EE031AF1EE10FAAB
:109410003DD9B4EEE01AB6EE000AF1EE10FA06D22B
:1094200022EE000A20EE010A20EE010A2FE030EEC3
:10943000A23AB4EEC13AF1EE10FA0ADD22EE000AC9
:1094400031EE601A20EE200A20EE200A01EE810A99
:109450001DE073EE233AF4EEC13AF1EE10FA12DD9C
:1094600022EE002A31EE431A22EE200A60EE200A94
:1094700021EEA20A30EE800A62EE010A01EE810AB4
:1094800000EEC10A03E094ED0A0AFFF79BFF94F98E
:10949000050000EE900AF8EEE00A20EE800A10BD0A
:1094A0000000000000007042002181700321417023
:1094B00000F05AB8002181700521417000F054B8C5
:1094C000002903DA0022404262EB010170470000EC
:1094D0002DE9F0410446D1E90407161A63EB0705AC
:1094E000E561C4E9020704F11007294687E84C004A
:1094F0003046FFF7E5FFC4E9080129463046F6F794
:1095000094FF00EE100ADFED140A002D80EE201A01
:1095100084ED0A1A01DB012001E04FF0FF30607199
:109520009FED0E0A002084ED130A84ED140A84EDE9
:10953000150AE07084ED180AC4E91A000120A07031
:10954000607007480221417080ED020A054880EDF5
:10955000030ABDE8F081000000007A450000000029
:10956000143A0020F039002010B504460C480021C0
:109570002DED028B9FED0B8A417080ED028A0A4827
:1095800080ED038AFCF73EFB084880ED008A08481E
:1095900080ED008A84ED158ABDEC028B10BD0000C1
:1095A000143A002000000000F039002018000020CC
:1095B0001C00002090ED0A1AD0ED030A90ED090A74
:1095C000D0ED041A21EE202A00EE612A20EE200AB6
:1095D00001EE210A80ED052A80ED060A70470000A1
:1095E00070B5044657480068C06A401C86B25648A9
:1095F0000068C06A401C85B2608FB04200D8064641
:10960000A18FA94200D80D4694ED0D0AD4ED000AB1
:1096100020EE200ABCEEC00A10EE102A92B282425E
:1096200004D310EE102A92B28A4209D294F838106C
:10963000012909D002292ED0032940D0042961D064
:10964000BDE87040F7F732BE10EE101A89B28142C1
:1096500026D2324600213B48FFF767F904213948FA
:10966000FFF73EF994ED0D0AD4ED000AA18F20EE2C
:10967000200ABCEEC00A10EE100A80B288423BD22B
:109680002A4608212F48FFF750F9BDE87040002115
:109690002D48FFF725B910EE101A89B2814204D384
:1096A000FBF7B4F9FBF7B8F9DCE700212548FFF731
:1096B00017F9324604212348FFF737F9D2E710EEB5
:1096C000101A89B2814222D200211E48FFF708F900
:1096D000324604211B48FFF728F900BF94ED0D0A1C
:1096E000D4ED000AA18F20EE200ABCEEC00A10EED5
:1096F000100A80B2884219D3FBF794F9BDE8704094
:10970000FBF796B910EE101A89B2814204D3FBF729
:109710007DF9FBF781F9E1E7324600210948FFF7BF
:1097200004F904210748FFF7DBF8D7E708210548CB
:10973000FFF7D6F82A46BDE8704000210248FFF73F
:10974000F4B80000B8130020D8140020C1F30903B6
:10975000084A01F5807102EB8303C1F3090193ED1F
:10976000000A02EB810180ED090A91ED000A80ED0B
:109770000A0A7047CC01002010B504462DED028B7B
:1097800090ED050AFEF7EAFFB0EE408A94ED060A76
:10979000FEF7E4FF94ED011A3C4A11EE100A012194
:1097A000F0EE400A904204DC84F838100020608714
:1097B00068E094ED050AB5EEC00AF1EE10FA09DB97
:1097C000D4ED061AF5EEC01AF1EE10FA02DB84F8B9
:1097D00038101EE0B5EEC00AF1EE10FA08D2D4ED52
:1097E000061AF5EEC01AF1EE10FA01DB02200EE0C7
:1097F000B5EEC00AF1EE10FA08D294ED060AB5EE05
:10980000C00AF1EE10FA01D2032000E0042084F82F
:10981000380094ED0C0A21EE000AB4EEC80AF1EE0D
:1098200010FA01D2B0EE408AB4EEE00AF1EE10FA7E
:1098300001D2F0EE400AC8EE011A94ED000A61EE82
:10984000801AFCEEE11A11EE900AC0EE811A80B285
:10985000608761EE800ABCEEC00AFCEEE00A10EE02
:10986000102A10EE901A92B2904289B2A18702D9C2
:1098700010EE100A608710EE100A80B2814202D901
:1098800010EE100AA087BDEC028B10BDCDCCCC3DF4
:1098900000000000000048420400000000004842B0
:1098A00000008C420A00000000008C420000C84208
:1098B0001E0000000000C842000002433C000000FF
:1098C00000000243000020435A0000000000204333
:1098D00000003E437800000000003E4300005C436F
:1098E0009600000000005C4300007A43B4000000D2
:1098F00000007A4300002F44C800000000002F44FD
:1099000000004844E60000000000484400004D44C8
:10991000D200000000004D4400005244DC00000072
:109920000000524400005744E60000000000574485
:1099300000006144F00000000000614400401C464B
:10994000C800000000000000000000000102030445
:1099500006070809000000000030F13D0070643E79
:109960000000A33E0090CF3E0090F83E00400F3F25
:1099700000E0203F0000000015B78337CDE37B38BF
:109980000EE1C53860F69138AF5F0F38E1BC3E3864
:1099900023F447390040404040404040404041416E
:1099A00041414140404040404040404040404040B4
:1099B000404040404005020202020202020202024E
:1099C000020202020220202020202020202020024B
:1099D00002020202020290909090909010101010DB
:1099E0001010101010101010101010101010101077
:1099F000020202020202888888888888080808080B
:109A000008080808080808080808080808080808D6
:109A10000202020240000000959900083C9A0008EA
:109A2000000000200C13000050060008F8A80008F1
:109A30000C130020E42C00004087000822000132B3
:109A400001053106710F910100042BE803000103A9
:109A500060C800011006B5670008E50412F108109F
:109A60000619680008450412951412C11010160456
:109A7000030904120100020202004083044057005F
:109A800002010203E402171AC8A1F210040400083C
:109A9000F41006F90F0008F50412F10410061D1069
:109AA0000008850425276210813324F48810098179
:109AB0000182000A0600020B224020100409024322
:109AC0006F140600C03209045312020B101D052446
:109AD00000100105240100010424020205240600EF
:109AE00001070582030800100904A5120A352006A3
:109AF000070501024007228107300C0019640008A5
:109B00008D620008B7658B400C001D630008DB61A7
:109B100000085162106504129D1812611C12DD08C4
:109B20004355632C00FF007E0FC93B670E493CA6DE
:109B3000C9963CA00AC93CB849FB3C26C3163D1255
:109B4000E02F3D36FB483D5D14623D6A2B7B3D07AF
:109B5000208A3D09A9963D8730A33D7FB6AF3DC918
:109B60003ABC3D30BDC83DEA3DD53D12BCE13DA803
:109B700038EE3D9EB2FA3DFB94033E9ACF093EA7D4
:109B800008103E6440163ED1761C3EACAB223EF43B
:109B9000DE283EAA102F3E8940353ED66E3B3E4E13
:109BA0009B413EACC5473E78EE4D3EE814543E82A4
:109BB000395A3E035C603E6C7C663E789A6C3E6B24
:109BC000B6723EC0CF783EFBE67E3ECC7D823ECB79
:109BD00086853E9B8E883EFB948B3E2C9A8E3EED76
:109BE0009D913E3CA0943E1BA1973E88A09A3E8446
:109BF0009E9D3EED9AA03EC495A33E088FA63EBA18
:109C000086A93ED97CAC3E4371AF3EFA63B23EFCBE
:109C100054B53E2844B83EA131BB3E431DBE3E1064
:109C200007C13E07EF00FF00C33E28D5C63E52B92C
:109C3000C93E849BCC3EC07BCF3E045AD23E5036B8
:109C4000D53E6210D83E7DE8DA3E7FBEDD3E4792CB
:109C5000E03EF563E33E6A33E63EC500E93EC5CB30
:109C6000EB3E6894EE3EF35AF13E001FF43ED2E024
:109C7000F63E27A0F93E205DFC3EBE17FF3EDEE724
:109C8000003FAF42023F419C033F84F4043F884BB6
:109C9000063F3CA1073FA1F5083FA6480A3F6B9A43
:109CA0000B3FD1EA0C3FD6390E3F8B870F3FD0D305
:109CB000103FB41E123F2768133F3AB0143FDCF642
:109CC000153F0C3C173FBB7F183FF8C1193FC50239
:109CD0001B3F0F421C3FD87F1D3F0EBC1E3FC2F6EC
:109CE0001F3FF52F213F9467223FA19D233F2DD297
:109CF000243F0305263F5936273F0A66283F18941C
:109D0000293F83C02A3F4AEB2B3F6E142D3FDE3B99
:109D10002E3FAA612F3FC285303F15A8313FC5C8ED
:109D2000323FC0E7333F00FF00F704353F6820367D
:109D30003F263A373F1E52383F4068393F9E7C3AB3
:109D40003F368F3B3F0AA03C3FF7AE3D3F1FBC3E36
:109D50003F60C73F3FDDD0403F73D8413F22DE42E6
:109D60003FFCE1433FEFE3443FFCE3453F22E24653
:109D70003F61DE473FBAD8483F0BD1493F86C74ACB
:109D80003FF9BB4B3F75AE4C3F0A9F4D3F978D4E01
:109D90003F1C7A4F3FAA64503F404D513FCE335253
:109DA0003F4418533FC2FA533F38DB543F95B955EF
:109DB0003FEA95563F2670573F5A48583F641E5910
:109DC0003F67F2593F50C45A3F21945B3FC8615CE2
:109DD0003F562D5D3FBAF65D3F06BE5E3F27835F6F
:109DE0003F2046603FEE06613F93C5613F0E8262B1
:109DF0003F603C633F77F4633F54AA643F075E656E
:109E00003F800F663FCFBE663FD36B673FAD16689E
:109E10003F3CBF683F9065693FAB096A3F7AAB6AD8
:109E20003F0E4B6B3F57E800FF006B3F66836C3F74
:109E3000191C6D3F92B26D3FBF466E3FA1D86E3F79
:109E400038686F3F73F56F3F6380703F0709713F5C
:109E5000508F713F4D13723FFF94723F4414733F14
:109E60003F91733FDD0B743F1F84743F05FA743FCD
:109E70008F6D753FCEDE753F904D763F06BA763FCB
:109E80001024773FBD8B773F0FF1773FF453783F36
:109E90007CB4783F9912793F486E793F9BC7793FF0
:109EA000821E7A3FFC727A3F19C57A3FBA147B3F13
:109EB000FE617B3FC5AC7B3F30F57B3F2E3B7C3F5B
:109EC000AE7E7C3FC2BF7C3F7AFE7C3FB43A7D3F92
:109ED00071747D3FD2AB7D3FB5E07D3F2B137E3F5C
:109EE00024437E3FB0707E3FD09B7E3F72C47E3F56
:109EF00096EA7E3F5E0E7F3F982F7F3F664E7F3F04
:109F0000C66A7F3FA9847F3F209C7F3F07B17F3F88
:109F100093C37F3F91D37F3F22E17F3F46EC7F3F5A
:109F2000EDF47F3F16FB7F3F3008C1FE7F3F00000E
:109F3000800821102118212021282130213821409A
:109F400021482150215821602168217021782180E9
:109F500021882190219821A021A821B021B821C0D9
:109F600021C821D021D821E021E821F021F82500C5
:109F70002508251025182520252825302538254099
:109F80002548255025582560256825702578258089
:109F900025882590259825A025A825B025B825C079
:109FA00025C825D025D825E025E825F025F8290065
:109FB0002908291029182920292829302938294039
:109FC0002948295029582960296829702978298029
:109FD00029882990299829A029A829B029B829C019
:109FE00029C829D029D829E029E829F029F82D0005
:109FF000032D08032D10032D18032D20032D2803F6
:10A000002D30032D38032D40032D48032D50032DF3
:10A0100058032D60032D68032D70032D78032D80C8
:10A02000033D88031D90032D98032DA0032DA80345
:10A030002DB0032DB8032DC0032DC8032DD0032D43
:10A04000D8032DE0032DE8032DF0032DF8032D0098
:10A05000042D08042D10042D18042D20042D28048F
:10A060002D30042D38042D40042D48042D50042D8E
:10A0700058042D60042D68042D70042D78042D8063
:10A08000042D88042D90042D98042DA0042DA804DF
:10A090002DB0042DB8042DC0042DC8042DD0042DDE
:10A0A000D8042DE0042DE8042DF0042DF8042D0033
:10A0B000052D08052D10052D18052D20052D280529
:10A0C0002D30052D38052D40052D48052D50052D29
:10A0D00058052D60052D68052D70052D78052D80FE
:10A0E000052D88052D90052D98052DA0052DA80579
:10A0F0002DB0052DB8052DC0052DC8052DD0052D79
:10A10000D8052DE0052DE8052DF0052DF8052D00CD
:10A11000062D08062D10062D18062D20062D2806C2
:10A120002D30062D38062D40062D48062D50062DC3
:10A1300058062D60062D68062D70062D78062D8098
:10A14000062D88062D90062D98062DA0062DA80612
:10A150002DB0062DB8062DC0062DC8062DD0062D13
:10A16000D8062DE0062DE8062DF0062DF8062D0068
:10A17000072D08072D10072D18072D20072D28075C
:10A180002D30072D38072D40072D48072D50072D5E
:10A1900058072D60072D68072D70072D78072D8033
:10A1A000072D88072D90072D98072DA0072DA807AC
:10A1B0002DB0072DB8072DC0072DC8072DD0072DAE
:10A1C000D8072DE0072DE8072DF0072DF8071C050F
:10A1D0004A310D2500081EBB00081EBC00081EBC2D
:10A1E000000812BC2812BC301EBD00081EBD0008AD
:10A1F0001EBD000812BD5012BD581EBD00081EBD78
:10A2000000081EBD000812BD781EBD000812BD88E2
:10A2100012BD901EBD00081EBD000812BDA812BED2
:10A22000B012BEB81EBE00081EBE00081EBE00084A
:10A2300012BED812BEE01EBE000812BEF012BEF85A
:10A240001EBE00081EBE00081EBE000816BE181660
:10A25000BE201EBE000816BE301EBE00081EBE0078
:10A26000081EBE000816BE5016BE581EBE000816B8
:10A27000BE6816BE701EBE000816BE801EBE000858
:10A280001EBE00081EBE00081EBE000816BEA81690
:10A29000BEB01EBE000816BEC01EBE00081EBE0018
:10A2A0000816BED816BEE01EBE000816BEF016BECA
:10A2B000F81EBE00081EBE00081EBE00081EBE001E
:10A2C000081ABE201ABE281EBE00081EBE00081EA8
:10A2D000BE00081ABE481EBE00081EBE00081ABEF8
:10A2E000601EBE00081ABE701EBE00081ABE801A8C
:10A2F000BE881EBE00081ABE981EBE00081EBE0004
:10A30000081ABEB01ABFB81ABFC01EBF00081ABFD5
:10A31000D01EBF00081EBF00081ABFE81EBF0008FD
:10A320001EBF00081EBF00031EBF08031EBF00089B
:10A330001EBF18031EBF20031EBF00081EBF300330
:10A340001EBF38031EBF00081EBF00081EBF5003FB
:10A350001EBF00081EBF60031EBF68031EBF0008AB
:10A360001EBF78031EBF80031EBF88031EBF90035D
:10A370001EBF00081EBF00081EBFA8031EBF0008A6
:10A380001EBF00081EBFC0031EBF00081EBF00087E
:10A390001EBFD8031EBFE0031EBF00081EBF00087B
:10A3A0001EBF00081EBF00041EBF08041EBF10040D
:10A3B0001EBF00081EBF00081EBF28041EBF3004B9
:10A3C0001EBF00081EBF00081EBF48041EBF0008B5
:10A3D0001EBF00081EBF60041EBF00081EBF00088D
:10A3E0001EBF00081EBF80041EBF88041EBF0008D9
:10A3F0001EBF98041EBFA0041EBF00081EBFB004ED
:10A400001EBFB8041EBF00081EBF00081EBF000804
:10A410001EBF00081EBF00081EBF00081EBFF004BC
:10A420001EBFF8041EBF00051EBF00081EBF10059A
:10A430001EBF18051EBF00081EBF00081EBF300546
:10A440001EBF38051EBF00081EBF00081EBF5005F6
:10A450001EBF58051EBF60051EBF00081EBF0008B6
:10A460001EBF00081EBF80051EBF88051EBF000856
:10A470001EBF98051EBFA0051EBF00081EBF000816
:10A480001EBF00081EBFC0051EBFC8051EBFD005E9
:10A490001EBF00081EBFE0051EBFE8051EBFF00579
:10A4A0001EBF00081EBF00061EBF00081EBF00081A
:10A4B0001EBF00081EBF20061EBF28061EBF0008C4
:10A4C0001EBF38061EBF40061EBF00081EBF000884
:10A4D0001EBF58061EBF60061EBF00081EBF7006C6
:10A4E0001EBF78061EBF00081EBF00081EBF000862
:10A4F0001EBF98061EBFA0061EBF00081EBFB006E6
:10A500001EBF00081EBF00081EBFC8061EBFD00623
:10A510001EBF00081EBF00081EBF00081EBFF006B9
:10A520001EBFF8061EBF00081EBF00081EBF100792
:10A530001EBF18071EBF00081EBF00081EBF300741
:10A540001EBF38071EBF40071EBF00081EBF000801
:10A550001EBF58071EBF60071EBF00081EBF0008B1
:10A560001EBF78071EBF80071EBF88071EBF0008DA
:10A570001EBF00081EBF00081EBF00081EBFB00798
:10A580001EBFB8071EBF00081EBF00081EBFD007B1
:10A590001EBFD8071EBF00081EBFE8071EBFF0077A
:10A5A0001EBFF8071EBF0008310821102118212006
:10A5B0002128213021382140214821502158216073
:10A5C000216821702178218021882190219821A063
:10A5D00021A821B021B821C021C821D021D821E053
:10A5E00021E821F021F8250025082510251825202F
:10A5F0002528253025382540254825502558256013
:10A60000256825702578258025882590259825A002
:10A6100025A825B025B825C025C825D025D825E0F2
:10A6200025E825F025F829002908291029182920CE
:10A6300029282930293829402948295029582960B2
:10A64000296829702978298029882990299829A0A2
:10A6500029A829B029B829C029C829D029D829E092
:10A6600029E829F029F82D00032D08032D10032DCA
:10A6700018032D20032D28032D30032D38032D40E2
:10A68000032D48032D50032D58032D60032D68031F
:10A690002D70032D78032D80033D88031D90032D1D
:10A6A00098032DA0032DA8032DB0032DB8032DC0B2
:10A6B000032DC8032DD0032DD8032DE0032DE8036F
:10A6C0002DF0032DF8032D00042D08042D10042D6A
:10A6D00018042D20042D28042D30042D38042D407D
:10A6E000042D48042D50042D58042D60042D6804B9
:10A6F0002D70042D78042D80042D88042D90042DB8
:10A7000098042DA0042DA8042DB0042DB8042DC04C
:10A71000042DC8042DD0042DD8042DE0042DE80408
:10A720002DF0042DF8042D00052D08052D10052D04
:10A7300018052D20052D28052D30052D38052D4017
:10A74000052D48052D50052D58052D60052D680552
:10A750002D70052D78052D80052D88052D90052D52
:10A7600098052DA0052DA8052DB0052DB8052DC0E7
:10A77000052DC8052DD0052DD8052DE0052DE805A2
:10A780002DF0052DF8052D00062D08062D10062D9F
:10A7900018062D20062D28062D30062D38062D40B2
:10A7A000062D48062D50062D58062D60062D6806EC
:10A7B0002D70062D78062D80062D88062D90062DED
:10A7C00098062DA0062DA8062DB0062DB8062DC082
:10A7D000062DC8062DD0062DD8062DE0062DE8063C
:10A7E0002DF0062DF8062D00072D08072D10072D3A
:10A7F00018072D20072D28072D30072D38072D404D
:10A80000072D48072D50072D58072D60072D680785
:10A810002D70072D78072D80072D88072D90072D87
:10A8200098072DA0072DA8072DB0072DB8072DC01C
:10A83000072DC8072DD0072DD8072DE0072DE807D5
:10A840002DF0072DF8078DC2104DA9102005AC3B47
:10A8500000200C12010C12B00C2DC0108F1810F239
:10A8600010500618100100B424700618100200B829
:10A870000C70040300BC0C60040400C048100520E8
:10A880000000C4541DD5101300060C52C60C124310
:10A890000C52DC3012440C52D40C1F40600C12518C
:10A8A0002412410C22CA3C1DA41012600C22CC9030
:10A8B000113C12610C52CD9C12630C52D048926430
:10A8C0000C836C6054127A0C22D80C113C12810C4F
:10A8D00052E00C12830C52E40C12840C52E80C531C
:10A8E000FF609C2161400650000012008450065118
:08A8F000210000ECCC61010025
:040000050800018965
:00000001FF
