:020000040800F2
:1000000038380020A10200080D7B00085B72000850
:10001000317600081D2D0008499E000800000000F0
:100020000000000000000000000000004B7E0008FF
:10003000F530000800000000497E0008577E0008E7
:10004000BB020008BB020008BB020008BB0200089C
:10005000BB020008BB020008BB020008BB0200088C
:10006000BB020008BB020008BB020008BB0200087C
:10007000BB020008BB020008BB020008BB0200086C
:10008000BB020008BB0200082D240008BB020008C8
:10009000BB020008BB020008BB020008BB0200084C
:1000A000BB020008057F0008BB020008BB02000875
:1000B000197F0008257F0008BB020008BB0200086A
:1000C000BB020008BB020008BB020008BB0200081C
:1000D000BB020008BB020008BB020008BB0200080C
:1000E000BB020008BB020008BB020008BB020008FC
:1000F000BB020008BB020008BB020008BB020008EC
:10010000BB020008BB020008BB020008BB020008DB
:10011000BB020008BB020008BB020008BB020008CB
:1001200045300008BB020008BB020008BB02000803
:10013000BB020008BB020008BB020008BB020008AB
:10014000BB020008BB020008BB020008117B0008CC
:10015000BB020008BB020008BB020008BB0200088B
:10016000BB020008BB020008BB020008BB0200087B
:10017000BB020008BB020008BB0200080000000030
:10018000BB020008BB02000800F002F800F078F89B
:100190000AA090E8000C82448344AAF10107DA45E2
:1001A00001D100F06DF8AFF2090EBAE80F0013F0BC
:1001B000010F18BFFB1A43F0010318475CB200009F
:1001C0007CB200000A444FF0000C10F8013B13F021
:1001D000070408BF10F8014B1D1108BF10F8015BA0
:1001E000641E05D010F8016B641E01F8016BF9D193
:1001F00013F0080F1EBF10F8014BAD1C0C1B09D1EA
:100200006D1E58BF01F801CBFAD505E014F8016B5B
:1002100001F8016B6D1EF9D59142D6D370470000ED
:100220000023002400250026103A28BF78C1FBD8FF
:10023000520728BF30C148BF0B60704766290AF0DB
:100240001D86642900F00881752900F00581732955
:1002500000F08585002070471FB50AF002FE00F00F
:1002600019FE0400002000210AF082FB401C60609F
:10027000002000210AF066FBE0601FBD10B510BD34
:1002800000F052FF1146FFF7E7FF0AF043FB01F0D1
:10029000F5F903B4FFF7F2FF03BC01F0F9F9000030
:1002A0000948804709480047FEE7FEE7FEE7FEE70A
:1002B000FEE7FEE7FEE7FEE7FEE7FEE70448054946
:1002C000054A064B70470000F57E000889010008CA
:1002D0003824002038380020382800203828002012
:1002E00053EA020C00F069802DE9F04B4FF0000654
:1002F000002B1FBFB3FA83F503FA05F424FA05F6C1
:100300005E4012BF1643B2FA82F502FA05F4C5F157
:1003100020051EBF22FA05FC44EA0C04203556EAEB
:10032000044C4FEA144418BF641C4FF000084FF00F
:100330000009904271EB030C39D3002919BFB1FABF
:1003400081F701FA07F6B0FA80F700FA07F6C7F16D
:1003500020071EBF20FA07FC46EA0C062037B6FB32
:10036000F4FCA7EB0507103F07F01F0BCBF12006AD
:100370000CFA0BFB2CFA06F644BFB3460026202FDE
:10038000A4BF5E464FF0000B5BEA060C08BF4FF0BF
:10039000010B19EB0B09ABFB027C48EB0608C01BF9
:1003A00006FB02CC0BFB03CC71EB0C01C1E70B4647
:1003B000024641464846BDE8F08B13B54FF00000B9
:1003C0004FF00001AFF30080BDE81C407047000013
:1003D0000FB41CB50C0007AA009001D02044401EA9
:1003E000074B7B4469460190069800F086FC002C80
:1003F00003D06946002000F093FC1CBC5DF814FBA0
:100400004509000070B50C460546012A05D028783C
:10041000800600D5EA69002302E0012305E05B1CA9
:10042000934202D2E05C0028F9D1A869E618C01A0C
:10043000A861286A184428622846AFF3008004E0C7
:10044000D5E9012114F8010B9047B442F8D32846AE
:10045000AFF3008070BD00002DE9F0410646002496
:1004600010687529314616A510D0AFF3008000281A
:1004700002DA404213A507E031688A0701D512A5C8
:1004800002E0490704D511A5012401E0AFF3008083
:1004900000210A2206F1240709E0B0FBF2FCB0FBC0
:1004A000F2F302FB1C00303078541846491C002837
:1004B000F3D123462A463046BDE8F04100F0B0B9FA
:1004C000000000002D0000002B00000020000000B4
:1004D0002DE9F0474FF0000A89460446C0F820A0F5
:1004E0002046E1688847002876D0252806D0D4E940
:1004F00001219047206A401C2062F1E7E168204614
:1005000000268847C4F81CA005460027C4F818A098
:100510002A2D09D028460AF0AFF938B304EB870832
:10052000303DC8F8185019E059F8041B204604EB78
:1005300087029161E1688847012F054618D1E0697B
:10054000002820DA26F020061DE0D8F8180000EB7D
:10055000800005EB40003038C8F818002046E168FC
:10056000884705460AF088F90028EED1012F0AD005
:100570002E2D08D12046E16888477F1C0546022FB2
:1005800046F02006C4DBA069002803DA404246F0AA
:100590000106A061F00701D026F010066C2D0AD0EC
:1005A000682D08D04C2D39D06A2D35D0742D35D01A
:1005B0007A2D33D016E0E1682F4620468847B842AE
:1005C00005460AD16C2F27D04FF48060E1680643BE
:1005D00020468847054605E027E06C2F1AD04FF4E7
:1005E000807006430DB3A5F14100192802D82035CB
:1005F00046F400664A462946204626604E46FFF7E6
:100600001DFE80B101280BD0F61D26F0070000F179
:10061000080965E74020E4E78020D7E70020D5E718
:1006200006F104095CE7284661E7206ABDE8F08727
:10063000014A00F0EBBB00007401002010B5431C20
:1006400002E010F8011B71B18107FAD14FF00132BD
:1006500002C88C1A8C4314EAC211F9D0C01A0A06D7
:1006600003D0C01E10BDC01A10BD0A0401D0801EE8
:1006700010BD0902FCD0401E10BD10B5203AC0F0DC
:100680000B80B1E81850203AA0E81850B1E8185093
:10069000A0E81850BFF4F5AF5FEA027C24BFB1E8D0
:1006A0001850A0E8185044BF18C918C0BDE8104041
:1006B0005FEA827C24BF51F8043B40F8043B08BF4A
:1006C0007047D20728BF31F8023B48BF11F8012B11
:1006D00028BF20F8023B48BF00F8012B70474FF0BD
:1006E000000200B5134694469646203922BFA0E882
:1006F0000C50A0E80C50B1F12001BFF4F7AF09078E
:1007000028BFA0E80C5048BF0CC05DF804EB89007E
:1007100028BF40F8042B08BF704748BF20F8022BC1
:1007200011F0804F18BF00F8012B704710B5044638
:1007300010F0030F08BF11F0030F40F015804FF0C9
:10074000013E121FC0F20E8051F8043BA3EB0E0CC9
:100750002CEA030C1CEACE1C08BF40F8043BF0D086
:10076000A1F1040102F10402521E08DB11F8013B61
:10077000002B00F8013BF7D1114600F069FB204641
:1007800010BD00004FF0013C50F8042B51F8043B21
:100790009A4221D1A2EB0C03934313EACC1317D155
:1007A00050F8042B51F8043B9A4215D1A2EB0C03EC
:1007B000934313EACC130BD150F8042B51F8043BAC
:1007C0009A4209D1A2EB0C03934313EACC13DBD07A
:1007D0004FF00000704700BFD01A01BAB1FA81F1A2
:1007E00001F0180122FA01F0CB40C1F12001DBB287
:1007F000C0B2C01A2CFA01F3D11A914311EAC31105
:10080000E6D1704770477047704710B500F046FB5F
:10081000006810BD10B5044600F040FB046010BD38
:100820002DE9F0470D4699469246044600F124080A
:100830000168880604D5E06921F01001216000E01C
:100840000120A84201DD471B00E00027A1697A19B9
:1008500002EB0900081AA0612078C00602D42046E5
:10086000AFF30080002608E0D4E901211AF8060061
:100870009047206A401C761C20624E45F4DB2078AD
:10088000C0060AD52046AFF3008006E0D4E9012176
:1008900030209047206A401C2062381EA7F10107D3
:1008A000F4DC07E0D4E9012118F805009047206A3C
:1008B000401C2062281EA5F10105F3DC2046AFF3A1
:1008C00000802078000602D50220BDE8F0870120D4
:1008D000FBE770472DE9FF4F0C461E464FF0FF37F0
:1008E0008BB0D2E90001DDF860800A908A46C1F33E
:1008F0000A5505B93D46002108464FF00000BAF1FF
:10090000000F00F4400005DA00EB80004FF44001D6
:1009100001EA50004FEA9059B9F1010F00DDB946E4
:100920000A9850EA4A000ED044F61050A5F2FF355E
:1009300045432F14B8F1000F1ED07542291E1EDD4D
:10094000C9F100021CE0B8F1010F4FF0000001D026
:10095000302103E0F24305E02154401CB042FBDBB0
:1009600030460022002121540B99C1F80880C1E9CA
:1009700000200FB0BDE8F08FBD1B6D1CDEE74A46BE
:1009800000DA694206A800F03BFB06AB93E80700DB
:1009900003AB83E8070050460A9901F0CBF88DE8D5
:1009A0000700A0F500501F3800900398002D0ADDC5
:1009B00042F21F014A460844002303A903906846F7
:1009C00001F076FB09E0A0F500504A461F380023ED
:1009D00003A90390684601F095FB8DE80700000429
:1009E000000C03D04FF0FF30410800E01046B8F192
:1009F000000F03D00022009215461EE0751E05D49C
:100A000000F050FA303262556D1EF9D5B34601221E
:100A1000084302D000227F1C04E02078302801D156
:100A200000227F1E002A099784D01DE0112D07DACD
:100A300000F038FA303262556D1C50EA0102F5D1EF
:100A4000084302D00098C8B10EE00021681E05E0FE
:100A5000235C625C63542254401E491C8142F7DBD4
:100A6000AB46A81B401E0990002004F80B000B9811
:100A7000099AC0F80880C0E9002B7AE711264FF0E8
:100A8000000857E72DE9F04F88460446D21D22F0B2
:100A9000070191B0D1E90001CDE90A0109F0D5F9CA
:100AA00002460B98C00F01D02D2007E02068810777
:100AB00001D52B2002E0202101EAC000032A099081
:100AC00001D0072A05DB03464146204600F038FAEC
:100AD0000BE12078800601D5E06900E00620B8F13E
:100AE000650F814606D0B8F1660F18D0B8F1670FD0
:100AF00070D131E00020B9F1110F009001DB11231A
:100B000001E009F101030AAA01A90CA8FFF7E2FE1E
:100B1000DDE90C70002609F10105834647E001205C
:100B20004B4600904FF000470AAA01A90CA8FFF716
:100B3000D1FEDDE90DB00C995D46002610B909F132
:100B400001000D18B9EB050003D4C0F1FF3609F11F
:100B50000105A5EB09002BE0B9F1010F01DA4FF017
:100B600001090020B9F1110F0090484601DD112361
:100B700000E003460AAA01A90CA8FFF7ABFEDDE9D5
:100B80000C704D4600268346207800070AD4AB45FA
:100B900000DA5D4601A8012D04DD411911F8011CA0
:100BA000302907D04F4502DA17F1040F04DA01208B
:100BB00082460FE06D1EEEE7002F02DCED1B3E4487
:100BC00003E0781CA84200DD7D1CB81B00F1010A7F
:100BD0004FF000472078000703D4AA4501DB4FF00F
:100BE000FF3A0021B7F1004F0DF143088DF8431093
:100BF00024D002202B23002F01DA7F422D230A214B
:100C0000021EA0F1010000DC5FB197FBF1FC97FB35
:100C1000F1F201FB1C7C17460CF1300C08F801CDF9
:100C2000EEE7A8F1010003702188090501D54521EF
:100C300000E06521A0F1010800F8011C09980FA946
:100C4000A1EB0807FF1D00B10120411901EBEA707B
:100C5000A1693844081A401EA0612078C00602D459
:100C60002046AFF30080099828B1D4E901219047CC
:100C7000206A401C20622078C00622D52046AFF3AF
:100C800000801EE0002E04DBB34502DD01A8805D7C
:100C900000E03020D4E901219047206A401C206206
:100CA000761CAAF101005FEA000A0AD100F0F2F80E
:100CB000C0680168405CD4E901219047206A401C6B
:100CC0002062281EA5F10105DCDC07E0D4E9012142
:100CD00018F8010B9047206A401C2062381EA7F1CB
:100CE0000107F3DC2046AFF30080032011B041E69A
:100CF00001694A1C02610878704700B58FB0CDE9E0
:100D000001310021059105497944CDE903101146CF
:100D10006846FFF7DDFB0FB000BD0000E5FFFFFFF9
:100D20000A6802F8010B0A607047D1E900239A4271
:100D300002D2531C0B601070704710B5436913B199
:100D4000AFF3008001E0FFF75DFB012010BD1278DA
:100D500000F124010A7000224A700122EDE71168B7
:100D60004FF0FF32E9E700000FB4002300B589B06F
:100D70000CA900910B99CB60214B7B440693214B2E
:100D80007B44079304236FF00042CDE901321E4AF1
:100D90007A446B460892024600200AF0D1F809B066
:100DA0005DF814FB70B506464FF0FF3015460C4653
:100DB000324686B00091CDE90101694600200490D9
:100DC00004A8FFF7D1FF02460498211825B108B105
:100DD000084600E020462860049800280DD0002A2C
:100DE00002DD0098884208D03246081B694600940C
:100DF000CDE9010404A8FFF7B7FF06B070BD0000FD
:100E0000430200005B0200009B0100002DE9F0415D
:100E100015460E46040002D12C6804B90BA42046E6
:100E200000F070F90444207870B127463146384606
:100E300000F058F90444207810B1002004F8010BA8
:100E400038462C60BDE8F0810027F9E7000000007B
:100E50004FF000020429C0F0128010F0030C3FF4A0
:100E600040ACCCF1040CBCF1020F18BF00F8012B10
:100E7000A8BF20F8022BA1EB0C01FFF732BC5FEA00
:100E8000C17C24BF00F8012B00F8012B48BF00F8FB
:100E9000012B704700487047F4230020004870473A
:100EA000D423002030B5B0F10A024FEA900E71F160
:100EB00000034EEA817EB0EB0E0061EB91014FEA38
:100EC000101E4EEA017E10EB0E0041EB11114FEAAD
:100ED000102E4EEA016E10EB0E0041EB11214FEA8D
:100EE000104E4EEA014E10EB0E0041EB114140183E
:100EF00041F100014FEAD00040EA41704FEAD101D0
:100F000010EB80054FEA810444EA907444EB01043D
:100F10006D1944EB0404521BA3414FF0000348BF7A
:100F20000A3200D530BD401C41F1000130BD10B582
:100F3000044600F01FF90068005D00F0010010BDDC
:100F40002DE9F0411F46044603260168072A01F4F3
:100F5000006004DB08B116A505E016A503E008B1A2
:100F600015A500E015A521F010002060A069C01EA5
:100F7000A0610FB1401EA0612046AFF300804FB1C9
:100F8000D4E9012138469047206A401C2062C01CE9
:100F9000206206E0206AFAE7D4E9012115F8010B86
:100FA0009047761EF8D22046AFF30080BDE8F0816E
:100FB0004E414E006E616E00494E4600696E6600FD
:100FC000426842B1016811F8013B23B1521EC0E9E9
:100FD0000012184670470121C160881E70474268A0
:100FE0005AB1C368016843B983688B4205D0491E72
:100FF000521CC0E90012002070474FF0FF307047CC
:101000002DE9F047814616468AB0354878440DC828
:101010008DE80D0032487844801C03AC0DC884E88C
:101020000D0041F69B300844372190FBF1F290FB14
:10103000F1F5A5F1800501FB12041B3C02D56442C9
:10104000012000E00020DFF898A080460027FA4445
:10105000AAF1BE0A0EE0E0070AD03246684607EB66
:10106000470101230AEB810101F04CF88DE80700EC
:1010700064107F1C002CEED1194F7F44AE3F19E065
:10108000E80715D007EB04100DF1180A90E80E00E0
:101090008AE80E00C068F04201D1981908903246E3
:1010A000012306A903A801F02DF803AB83E807008C
:1010B0006D10641C002DE3D14FF0010332466946E8
:1010C000B8F1000F03A802D000F0F2FF01E001F038
:1010D00019F8C9E90001C9F808200AB0BDE8F0878D
:1010E00020A0000030B503461D781DB10A4603E07C
:1010F000AC4201D1181A30BD12F8014B002CF7D1C7
:101100005B1CF1E730B503461D783DB10A4612F885
:10111000014B1CB1AC42FAD15B1CF5E7181A30BD8B
:1011200000487047D42300207546FFF7F9FFAE460C
:1011300005006946534620F00700854618B020B5E3
:10114000FFF7BCF8BDE820404FF000064FF0000765
:101150004FF000084FF0000B21F00701AC46ACE85F
:10116000C009ACE8C009ACE8C009ACE8C0098D46CC
:101170007047000010B5FFF78DFE001D10BD00BFC9
:10118000F19700002DE9FF4F06468BB00878FF2845
:1011900006D0491C2D2805D000244FF0000908E096
:1011A00000200CE00124F8E709EB8903491C00EB5F
:1011B00043090878FF28F7D114B1C9F1000081462E
:1011C000107800252C46AA4629462D2801D02B2828
:1011D00004D1521C2D2813D0002082468B46107853
:1011E000FF280FD04FF0000C0A21521CA5FB0178FC
:1011F00004FB018105FB0C11C5194BEB0104EEE763
:101200000120EAE7002108464FF00000BAF1000F84
:1012100002D000EB80004008C0F38157012F01DDB0
:101220004FF0FF370E9955EA040009EB01080BD087
:101230004FF0020918F5FA7F16DA4FEACA70002F4C
:10124000706008DD012007E04FEACA70C6E900B00F
:101250000FB0BDE8F08F00203060FFF71FFEC0F830
:1012600000901821084616E0B8F5FA7F18DD002F27
:1012700002DAF748784401E0F6487844D0E90010F3
:10128000C6E9001040EACA707060FFF707FEC0F8B8
:101290000090142108460FB0BDE8F04F09F0EBBDF7
:1012A000002108464FF00000B8F10001099002DA71
:1012B000C7F1000200E03A4601DAC8F1000106A8D1
:1012C000FFF79EFE06AB93E8070003AB83E8070039
:1012D00044F23E005BEA04010090584604D144F217
:1012E0001E012C465D460091210C0904014306D1E4
:1012F0000099240444EA15442D041039009104F0A7
:101300007F41014306D10099240244EA15642D026D
:101310000839009104F07041014306D1009924017D
:1013200044EA15742D01091F009104F04041014366
:1013300006D10099A40044EA9574AD00891E00917D
:1013400004F00041084304D100986D196441401E27
:1013500000904FF001033A466846B8F1000FCDE91E
:10136000014503A902DD00F0E2FE01E000F0B5FE58
:10137000BAF1000F04460D4601D084F0004400216C
:1013800008464FF00000099940F2FF77484010F0FE
:101390000C0F07D124F00040284303D0C4F30A50B7
:1013A000B84212D1FFF77AFDC0F80090C4F30A509A
:1013B000B8420AD1A8487844D0E90010C6E9001024
:1013C00004F000410843706042E7C6E900543FE77B
:1013D0002DE9FF4F1F464FF0000A4FF0FF384546FA
:1013E00091B0D7E90146CDF83CA0FFF753FDC068A6
:1013F0000168405C1090B96912986D1C8847396A81
:10140000814688470028F6D1B9F1FF3F0AD0002E67
:1014100024F4D06411DDB9F12B0F08D0B9F12D0FF0
:101420000BD102E0404615B013E744F48064B9697B
:1014300012986D1C8847761E8146600504A901D567
:101440002D2000E02B20002E01F1010B0DF13008C2
:101450008DF810003FDDB9F1690F08D0B9F1490FDF
:1014600005D0B9F16E0F02D0B9F14E0F1CD13B4639
:1014700001A8009580E85002DDE912126FF0020029
:1014800009F062FDC11CCED10EE0B96912986D1C45
:10149000884781461398761E44F4007405600F98BF
:1014A000401C002E0F9016DDB9F1300FEDD0B9F1D0
:1014B000780F02D0B9F1580F0DD10F9801280AD139
:1014C0003B46CDE90054DDE91212001F029609F0F7
:1014D00039FDC11CA7D1109989453ED144F0800443
:1014E00006E01399681CAAF1010A44F4007408602C
:1014F000B9696D1C1298761E884730288146F0D055
:101500002BE01099894505D1200603D4761E44F0BE
:10151000800418E0484609F0AFF908B3761E0DF1D3
:1015200023018B4544F4007408D2A9F130000BF874
:10153000010B200607D5AAF1010003E0200602D422
:101540000AF101008246A00502D51399681C0860C3
:10155000B96912986D1C88478146002ED1DC53E092
:10156000002E51DDB9F1650F02D0B9F1450F4BD115
:10157000A00549D5B9696D1C1298761E24F44074F3
:101580008847002E81460CDD2B2804D0B9F12D0FA1
:1015900007D144F48074B96912986D1C8847761E8F
:1015A0008146E00501D52D2100E02B2108F8011B23
:1015B000CDF8008021E0761E0DF13901884544F414
:1015C00000740CD2A9F1300010F0FF0088F8000080
:1015D00002D10099884509D908F1010806E0E00523
:1015E00001D51E4801E042F20F708246B969129897
:1015F0006D1C8847814613980560002E04DD48461F
:1016000009F03AF90028D6D1F96912988847FF20E5
:1016100053468BF8000088F8000000200A900B90D9
:1016200004AA0CA90AA8FFF7ADFDA00502D46FF02B
:101630000100F8E614F0240F12D0E0071CD138683E
:10164000DDE90A12031D3B600068C0E9001213E0E7
:10165000C8A10000BAA100007EA00000F1D8FFFFE1
:101660000AA9684609F04AF8E00705D13868009AE7
:10167000011D3960006802602846D4E610B50446B2
:10168000AFF300802046BDE81040FEF702BE000028
:1016900001491820ABBEFEE7260002002DE9FF4FEE
:1016A0001F464FF03C0987B04FF00042DDE91410AF
:1016B00001F10108DDF858A002EA40500390002033
:1016C00005908346054604460490B969461E08986D
:1016D0008847AAF1010A0290BAF1000F3BDD029897
:1016E0002E2815D0102100F017FA00282EDB4FF01D
:1016F000010B0599014317D0B9F1000F0BDB4A46E6
:10170000C11700F0F6F905430C43A9F1040905E0FF
:10171000012004900BE008B145F00105012005907F
:10172000049820B9361D02E0049800B1361FB9694B
:10173000089808F101088847BBF1000FAAF1010AD7
:101740000290C9D00999C1F80080C5E702987028B5
:1017500008D0502806D0F96908988847BBF1000FD7
:1017600014D04FE0002002900120BBF1000F049044
:1017700009D0B969089808F101088847AAF1010958
:10178000B9F1000F07DCF969089888476FF001008C
:101790000BB0BDE8F08F2B2804D02D280CD14FF0D2
:1017A000FF300490B969089808F101088847A9F149
:1017B0000109B9F1000FE6DD411CE4D00A2100F077
:1017C000ABF90028DFDB029908F1010801EB810188
:1017D00000EB41000290B969089888470A2100F09F
:1017E0009BF9099AA9F10109B9F1000FC2F800802B
:1017F00001DD0028E7DAF96908988847049902981A
:1018000000FB016655EA040004D004F040410900E1
:1018100002D006E0039898E0A40044EA9574AD0075
:10182000B61E04F00041080002D16D196441761E15
:10183000159810F0240F03D04FF00B095C4803E01B
:101840004FF028096FF07D008246564507DAAAEB73
:1018500006018944B9F1410F01DD4FF04109012032
:101860000021A9F1010200F044F9024628400B468C
:101870002140084301D0012100E00021501E0291C7
:1018800043F1FF3128402140084301D0012000E00E
:1018900000200299834651EA0B014FD000210846EF
:1018A0004FF00000039900F4400039B100EB8000D4
:1018B0004FF4400100EBD07001EA60008015012870
:1018C00002DD4FF0FF3000E013D0401C36D002980C
:1018D00060B3BBF1000F0CD14A460120002100F09B
:1018E00008F928402140084301D0012000E00020F1
:1018F000E0B101204A46002100F0FBF80346401900
:101900000A4661412D1A8C4111D3B9F1400F09DD0E
:10191000159810F0240F02D0AAF1340603E0AAF1C2
:10192000170600E0761C00254FF0004406E05B1E21
:1019300042F1FF3220EA030521EA0204CAF1010064
:10194000B04206DA1B49039808430190002000903A
:101950000EE0039AC4F3D321E80A0A43164940EA89
:1019600044500A433146CDE90002684608F07AFF48
:10197000159810F0240F0BD01598C00715D13868B2
:10198000DDE90012031D3B600068C0E900120CE0B5
:1019900002A8694608F0B2FE1598C00705D138685C
:1019A000029A011D3960006802604046F0E60000BE
:1019B00002FCFFFF0000F07F0000F03F2DE9FF4F29
:1019C00092461D4685B04FF00041DDE9124BDDE93E
:1019D00014727F1E01EA4B50414940F0FF4940EA32
:1019E0000108002122F020004928049102D04E284D
:1019F00028D04CE03BA0012607C88DE80700A96964
:101A00000698641C88477F1E014606D41DF8060010
:101A100018B121F0200181420BD0E969069888476E
:101A2000032E34D0082E32D06FF0010009B0BDE88B
:101A3000F08F761C032E01D0082EE0D1601CCAF86E
:101A40000000DCE7A9690698641C88477F1E2AD439
:101A500020F02000412826D1A9690698641C8847F7
:101A60007F1E20D420F020004E281CD1A9690698A2
:101A7000641C88477F1E48F4002849F48009CAF88E
:101A8000004001D4282806D0E969069888475FEA13
:101A9000CB7012D022E0A9690698641C88477F1E8B
:101AA00001D4002803DAE96906988847BCE72928A9
:101AB000F1D1641CCAF80040E9E71BF0240F07D0FD
:101AC00028680499031D2B600068C0E9001805E030
:101AD0002868021D2A600068C0F800902046A5E72B
:101AE0000000F07F494E46494E495459000000001D
:101AF0007047B2F120030AD5C2F1200301FA02F1C6
:101B000020FA03F300FA02F041EA0301704700FAF9
:101B100003F14FF0000070473A2800D2303820F02F
:101B20002002412A01D3A2F13700884201D34FF0AD
:101B3000FF3070475FEA400C08BF91F0000F4FEA9A
:101B40008C234FEAC12243EA51514FEA1C5018BF7F
:101B500000F5F0404FEA300018BF41F000415FEA65
:101B60006C5C00F02980BCF1FF3F08BF40F0804072
:101B70007047130C06BF12044FF0100C4FF0000C0E
:101B8000130E04BF12020CF1080C130F04BF120154
:101B90000CF1040C930F04BF92000CF1020CD30F54
:101BA00004BF52000CF1010C11464FF00002A0F1ED
:101BB0001F00A0EB0C00704711F0004F08BF7047EA
:101BC00031F000413FF4D5AF0B0C06BF09044FF0D4
:101BD000100C4FF0000C0B0E04BF09020CF1080CA6
:101BE0000B0F04BF09010CF1040C8B0F04BF89001B
:101BF0000CF1020CCB0F04BF49000CF1010CCCF12D
:101C00002003A0EB0C0022FA03F302FA0CF241EAE3
:101C1000030100F10100704720F07F4C80EA0300CF
:101C200023F07F47ACEB070303F57C5300F0004043
:101C300003F1FF032DE980494FEA154B09B44FEA40
:101C4000144325EA0B4E24EA03480FF2042606EB60
:101C5000132749083E785FEA320203FB0667C7F59F
:101C6000000707FB06F64FEA54374FEAD64606F15F
:101C7000020607FB066CCCF1005C4FEA1C472CEA1D
:101C8000074C07FB06F40CFB06F504EB15464FEA80
:101C9000961634BF00204FF000404FEAD13706FBC4
:101CA00007FC4FEA1C4C0CFB0BF7D21B03FB0CF799
:101CB00061EB07010CFB0EF7B0EB074072EB17422C
:101CC0000CFB08F734BFA2EB0742B2EB074261EB13
:101CD00017414FEA0C444FEA910706FB07FC4FEA15
:101CE0001C4C0CFB0BF7B0EBC74072EB573203FBFD
:101CF0000CF734BFA2EBC742B2EBC74261EB5731DE
:101D00000CFB0EF7B0EBC70072EB57720CFB08F739
:101D100034BFA2EBC702B2EBC70261EB5771039F5E
:101D20004FEA816141EA921104EBCC044FEAD137CA
:101D30004FEA826206FB07FC42EA90124FEA80609B
:101D40004FEA1C4C0CFB0BF7D21B03FB0CF761EBAF
:101D500007010CFB0EF7B0EB074072EB17420CFBD0
:101D600008F734BFA2EB0742B2EB074261EB174121
:101D70004FEA8C554FEA910704EB9C2406FB07FCC5
:101D80004FEA1C4C0CFB0BF7B0EBC74072EB573221
:101D900003FB0CF734BFA2EBC742B2EBC74261EBC7
:101DA00057310CFB0EF7B0EBC70072EB57720CFB10
:101DB00008F734BFA2EBC702B2EBC70261EB577161
:101DC00015EB4C254FEA816141EA92114FEA82629C
:101DD0004FEAD13742EA901206FB07FC44F10004B7
:101DE0004FEA80604FEA1C4C0CFB0BF7D21B03FB45
:101DF0000CF761EB07010CFB0EF7B0EB074072EB41
:101E000017420CFB08F734BFA2EB0742B2EB0742C4
:101E100061EB174115EB1C154FEA813141EA924104
:101E20004FEA823242EA90424FEA80304FEA0C7623
:101E300044F1000448EA03434EEA0B484FF0000E19
:101E4000B2EB080C71EB030724BF624639464EEB38
:101E50000E0E4FF0000B0018524149414BEB0B0B9B
:101E6000B2EB080C71EB03077BF1000B24BF624659
:101E700039464EEB0E0E4FF0000B0018524149410F
:101E80004BEB0B0BB2EB080C71EB03077BF1000B78
:101E900024BF624639464EEB0E0E51EA020718BFC8
:101EA00046F0010616EB0E7655F1000254F10001E2
:101EB00003D5BDE88901BDE80088BDE88901BDE81A
:101EC0000048B619524141EB0101A3F101037047EB
:101ED00080807F7E7D7C7B7A797877767675747367
:101EE000727171706F6E6E6D6C6C6B6A6A69686826
:101EF000676666656464636362616160605F5F5EBC
:101F00005E5D5D5C5C5B5B5A5A5959585857575631
:101F10005655555554545353525252515150505096
:101F20004F4F4F4E4E4D4D4D4C4C4C4B4B4B4A4AE8
:101F30004A4949494848484747474746464645452C
:101F40004544444444434343434242424241414165
:101F500046EA0646A3F570534FEA164646EA42564D
:101F60004FEAD22242EA415210B54FEAD121A3F101
:101F7000010300F02FF820F0004000F1020C00F007
:101F8000004701EB00501146BCF5006F40EA070026
:101F900000D210BDBAF1000F0AD01CB503B44FF047
:101FA00004004FF004014FF000000FBCBDE81040EA
:101FB0004FF00001BBF1010FB9BF04484FF0FF31F2
:101FC0000348002140EA070010BD00BFFFFFEF7F7C
:101FD0000000F07F002B9C4630D477002BD01CB53E
:101FE0004FEA370703B44FF010004FF01001BAF179
:101FF000000F06D0BCF1000FDCBF40F0080040F03D
:1020000008014FF000000FBCBDE810400BF1010BC0
:10201000BBF1010F08BF5FEA170722BF12F10102EF
:1020200011F101014FF0004143F1000300F00040C5
:1020300043EA00007047F9D35708D0E746EA06465E
:1020400013F1400F4FEA16461FDD13F1200FDFBFDB
:1020500016430A46002120335B42BED0C3F120075D
:1020600046EA064602FA07F74FEA164646EA070628
:10207000C3F1200722FA03F201FA07F721FA03F16C
:102080004FF0000342EA0702A7E746EA020646EAE3
:1020900006464FEA164646EA0106BCBF46EA064631
:1020A000360C4FF000034FF000024FF0000194E7B0
:1020B0002DE9804C9A46934670B491E8380007C8E1
:1020C00031EA400C48BF34EA430C03D5FFF7A4FDC6
:1020D000FFF780FFF0BCBDE8008C2DE9804C9A46EC
:1020E000934670B491E8380007C831EA400C48BF05
:1020F00034EA430C03D5FFF78FFDFFF729FFF0BC4F
:10210000BDE8008C2DE9804C9A46934670B491E866
:10211000380007C810F0804F08BF13F0804F03D17C
:1021200000F01AF8FFF756FFF0BCBDE8008C2DE96F
:10213000804C9A46934670B491E8380007C810F076
:10214000804F08BF13F0804F03D100F005F8FFF770
:10215000FFFEF0BCBDE8008C20F07F4780EA030062
:1021600023F07F4C07EB0C03A3F57C5300F00040F9
:10217000A3F1FE0392F0000F00F0B38095F0000F82
:1021800000F077802DE901494FEA11404FEA1446EB
:1021900021EA004800FB06FC24EA064708FB06F695
:1021A00007FB08F800FB07F718EB06484CEB164C4A
:1021B0004FEA124B18EB07484FEA15464CEB174015
:1021C00022EA0B4E0BFB06FC25EA06470EFB06F641
:1021D00007FB0EFE0BFB07F71EEB064E4CEB164CF7
:1021E0004FF000061EEB074E4CEB174B18EB0B089D
:1021F00040F1000018EB0E0B58EB000840F1000016
:102200008F1A4FF000013CBFC943661B14BFB5EBEA
:10221000040C00213CBFC943F61B4FEA17444EEAA9
:102220008E0E27EA04454FEA1C4704FB07622CEA9E
:10223000074C05FB07F70CFB05F604FB0CFC16EB43
:10224000074642EB174216EB0C4642EB1C421BEBD7
:10225000060658EB0202414146EA9E0601D5BDE85A
:102260000189B619524141EB0101A3F10103BDE817
:1022700001894FEA14454FEA114724EA054621EA4D
:10228000074C05FB07F406FB07F70CFB06F105FB03
:102290000CFC11EB074144EB17444FEA124711EBDA
:1022A0000C4144EB1C4422EA074C05FB07F206FBF9
:1022B00007F70CFB06F605FB0CFC16EB074642EB9A
:1022C000174216EB0C4642EB1C456A1854F100010C
:1022D00048BF7047B619524141EB0101A3F1010318
:1022E000704795F0000F37D04FEA11424FEA14477C
:1022F00021EA024624EA074C02FB07F106FB07F736
:102300000CFB06F402FB0CFC14EB074441EB1741F9
:102310004FEA154714EB0C4441EB1C4125EA074CEE
:1023200002FB07F506FB07F70CFB06F602FB0CFCAD
:1023300016EB074645EB174516EB0C4645EB1C42E2
:10234000121951F1000148BF7047B619524141EBD3
:102350000101A3F1010370474FEA14454FEA114709
:1023600024EA054621EA074C05FB07F106FB07F7BF
:102370000CFB06F24FF0000605FB0CFC12EB0742CB
:1023800041EB174112EB0C4251EB1C4148BF704727
:10239000921841EB0101A3F10103704710B501460A
:1023A000806B026C12F0500F05D0026CD20626D55D
:1023B00002F0A2FC10BD016C41F4007101640168DF
:1023C0008A6812F0405F17D1027EAAB9CA6A12F475
:1023D000700F02D08A6852050ED44A6822F020029B
:1023E0004A60016C21F480710164016CC90403D45A
:1023F000016C41F00101016402F07CFC10BD806BB6
:10240000C26CBDE810400846104710B5806B4021F3
:102410000164416C41F00401416402F06DFC10BDA7
:1024200010B5806B02F067FC10BD0000014802F09F
:1024300067BC000078010020464910B54A6822F4C4
:1024400040324A604A6843681A434A6001684A68F1
:1024500022F480724A6001684A68036942EA0322F2
:102460004A6001684A6822F040724A6001684A681E
:1024700083681A434A6001688A6822F400628A60AD
:1024800001688A68C3681A438A60816A6FF0706263
:10249000D14201688A6822F070628A6001688A68A5
:1024A0000CD0836A1A438A6001688A6822F040521D
:1024B0008A6001688A68C36A1A4301E022F04052C8
:1024C0008A6001688A6822F002028A6001688A686C
:1024D000037E42EA43028A6090F8201000290168D6
:1024E0004A680FD042F400624A6001684A6822F4E8
:1024F00060424A6001684A68174C436A04EB433300
:102500001A4301E022F400624A600168CA6A22F4B8
:102510007002CA620168CA6A838B104C04EB0353D1
:102520001A43CA6201688A6822F400728A600168EC
:102530008A6890F8303042EA43228A6001688A68EB
:1025400022F480628A6001688A68406942EA8020D9
:10255000886010BD0023014000E0FFFF0000F0FF95
:10256000B5EEC00AF1EE10FA01D2B1EE400A7047A2
:1025700070B50C462DED068B0500F0EE62AAB0EEAC
:1025800042AAB0EE619AB0EE418AF0EE408A75D070
:10259000002C73D09FED490A20EE800ADFED480A37
:1025A00020EE200AFFF7DCFFB5EEC09A454EF1EEB3
:1025B00010FA14D9B5EEC0AAF1EE10FA0FD9F5EE63
:1025C000C0AAF1EE10FA0AD910EE100ADFED3E0AA9
:1025D0003E4969EE200A8842C0EE8A9A02DC96EDF6
:1025E0000A0A64E0F3EE080A9FED391A68EE200A41
:1025F0009FED398A60EE810A80EE801A6AEEA80AA1
:1026000060EEA00A21EE010A9FED321A29EE011AAE
:1026100070EE600A21EE011AB4EEE01AF1EE10FA43
:1026200017D8B0EE600AB5EEC00AF1EE10FA01D28A
:10263000B0EE480A08F00CF870EE490AB0EE481AFD
:1026400080EE8A0AF0EE690A00F01AFAF0EE409A7B
:1026500029E00AEE299A09EE490AB5EEC00AF1EE20
:1026600010FA0CDD07F0F4FFC0EE2A0AF5EEC08A7E
:10267000F1EE10FA05D2F1EE600A02E01BE0F0EE96
:10268000480AF5EEC08AF1EE10FA04DBB0EE601AEB
:10269000F0EE480A01E0B0EE481AB0EE680A00F029
:1026A000EFF9F0EE408A96ED0A0A39EE800A85EDE0
:1026B000000AC4ED008ABDEC068B70BD00004842E4
:1026C0005077D63D04010020CDCC4CBFBD378635B8
:1026D0006666663FCCCC4C3E00000000074910B552
:1026E0000020887000F00EF89FED050AF0EE400A19
:1026F00002F036F9BDE8104001F0CEBF0401002021
:1027000000000000044800219FED040AC17080ED24
:10271000060A80ED070A704704010020000000004F
:10272000014900204871704704010020054800213C
:102730009FED050A417080ED030A80ED040A80EDEB
:10274000050A70470401002000000000F0B52DEDDF
:10275000048B83B0DFED8E9A0027B0EE699A01F00A
:1027600073FE00F04DFC8B4C607930B103B0BDECD2
:10277000048BBDE8F04002F007BA207801269FEDF7
:10278000868A002568B3E088401C80B2E080142867
:1027900046D39FED829AB0EE490A01F0A3FEE58090
:1027A000012701F001FE90ED0A0AFFF7D9FE10EEB5
:1027B000100A7B49884233DB66716570A570002082
:1027C00004F0A4FFF0EE480AB0EE480A04F0AAFFB5
:1027D000F0EE480AB0EE480A02F0C2F801F05CFFE1
:1027E000C4E784ED028AF0EE480AB4EE000A02F073
:1027F000B5F9B0EE480A02F093F902F04FF9E06A39
:1028000044F62061401CE062884205D301F0E8FDF7
:1028100084ED028AE580267003B0BDEC048BF0BD28
:1028200001F0C2FD054600F04DFB064628001CD015
:1028300095ED070AD4ED080A70EE208A6078B8B1E9
:10284000B0EE480A02F0ACF8D6ED050A96ED040A9F
:1028500094ED031A02F0CAF8D4ED050A94ED040AC7
:1028600002F07CF994ED030A34E0D4ED088AE5E740
:10287000D6ED050A96ED040AB0EE681A02F0B6F835
:10288000E07860B1B0EE480A02F08AF8D4ED060AAA
:10289000B0EE480A02F062F994ED070A18E0A07859
:1028A00008B3207910B195ED0A0A01E0B0EE480AAC
:1028B00002F076F8B0EE690A01F006FF01F08CFE36
:1028C000D0ED160A90ED150A02F048F994ED090AC8
:1028D00038EE800A02F024F903B0BDEC048BBDE8A9
:1028E000F04002F0DBB804F0A5FE032811D029481F
:1028F00029460830B0EE490A04F0A8FF04F0A0FE13
:1029000090EC020A03B0BDEC048BBDE8F04002F08D
:10291000EFB837B11F4829460830B0EE490A04F035
:1029200095FF04F08DFE064601F056FE90ED0D1A5F
:102930004030D5ED0A0A96ED000A01A9D0EC031A41
:102940006846FFF715FE9DEC020A02F009F82079AF
:1029500010B195ED0A0A01E0B0EE480A02F020F845
:10296000B0EE690A01F0B0FE01F036FED0ED160AB5
:1029700090ED150A02F0F2F894ED090A38EE800A9B
:1029800002F0CEF802F08AF801F09EFB44E7000066
:1029900017B7513804010020000000006E12833A7E
:1029A00000007A4503489FED041AD0ED080A80EE36
:1029B000810A70470401002035FA8E3C01480079F5
:1029C000704700000401002004F034BE04F03CBE57
:1029D00003489FED041AD0ED090A80EE810A704782
:1029E0000401002035FA8E3C1F4810B59FED1D0AEA
:1029F000002180ED020A41708170C170017180ED8B
:102A0000030A80ED040A80ED050A80ED060A80EDD8
:102A1000070A80ED080A80ED090A80ED0A0AC16202
:102A2000C1804171017002F013F801F0D9FDDFEDB2
:102A30000F0A9FED0F0AB0EE601A01F0B7FF00F029
:102A400045FA4FF4807000F0F7F900F0A1FA01F0B8
:102A5000AFFC04F0FDFD00F087FBBDE8104004F082
:102A6000B9BF00000000000004010020B37BF23A6F
:102A7000A69B443C014840797047000004010020B7
:102A8000B4EEC10AF1EE10FA02DDB0EE410A704771
:102A9000B4EEE00AF1EE10FAF9D2B0EE600A704737
:102AA00010B500F075FBBDE8104001F06FBB0000F1
:102AB000DFED040A044820EE200A80ED080A01F048
:102AC000EBBD000035FA8E3C0401002010B500B1CA
:102AD000012005499FED050A087101F061FFBDE87D
:102AE000104001F0D9BD00000401002000000000EA
:102AF00010B52DED028BB0EE608AF0EE408AFFF744
:102B000015FEFFF7FFFD002004F000FE9FED090A0F
:102B1000F0EE400A04F006FEF0EE480AB0EE680A55
:102B200001F01EFF01F0B8FD034901208870BDECE3
:102B3000028B10BD000000000401002010B52DED37
:102B4000028BB0EE608A01F09BFEB0EE480ABDEC4D
:102B5000028BBDE8104001F0D1BE10B52DED028B07
:102B6000B0EE418A01F0B0FEB0EE480ABDEC028B37
:102B7000BDE8104001F0C2BE10B52DED028BB0EEE5
:102B8000608AF0EE408AFFF7D1FDFFF7A7FD002035
:102B900004F0BCFD9FED0B0AF0EE400A04F0C2FD0C
:102BA000B3EE080A0848C8EE800A9FED080A012122
:102BB00028EE000AC0ED060A80ED070AC170BDECE0
:102BC000028B10BD000000000401002035FA8E3C8D
:102BD00010B52DED028BB0EE608AF0EE408AFFF763
:102BE000A5FDFFF77BFDFFF78DFD002004F08EFDB6
:102BF000F0EE480AB0EE680ABDEC028BBDE810406A
:102C000004F090BD10B52DED048BB0EE418AF0EECE
:102C1000608AB0EE409AFFF789FDFFF75FFDFFF78E
:102C200071FDB0EE481AF0EE680AB0EE490ABDEC4C
:102C3000048BBDE8104004F087BD10B50446FFF7D3
:102C400075FDFFF74BFDFFF75DFD2046BDE8104029
:102C500004F05CBD014880ED0A0A704704010020C1
:102C600010B52DED068BB0EE428AF0EE618AB0EE23
:102C7000419AF0EE609AB0EE40AAFFF757FDFFF7D9
:102C80002DFDFFF73FFD0B489FED090AB0EE482AE6
:102C900080ED0A0AF0EE681AB0EE491AF0EE690A01
:102CA000B0EE4A0ABDEC068BBDE8104004F076BDDC
:102CB0000000000004010020DFED040A044820EEBB
:102CC000200A80ED090A01F0E7BC000035FA8E3CCD
:102CD0000401002010B500202DED048BB0EE419AC8
:102CE000F0EE608AB0EE408A04F010FD9FED090A14
:102CF000F0EE400A04F016FDFFF704FD064801213E
:102D000000F10C0282EC038A417000218170BDEC5D
:102D1000048B10BD0000000004010020FEE700202D
:102D2000704700207047000010B500220449054894
:102D300005F08CFC0449034805F07BFC002010BD25
:102D4000D40F0020F8020020D407002010B504465C
:102D5000096800F0D1F92146034805F06AFC0248F1
:102D600005F040FC002010BDF80200200020704754
:102D7000094A10B5D2F8BC22D2F814220AB10120B7
:102D800010BD0A460146044805F060FCBDE810404D
:102D9000014805F0D5BC0000F8020020204A00EEF2
:102DA000100A9FED212A10805180136AB8EE400A64
:102DB0005B1C1362D2ED020A92ED031A1C4870EEFE
:102DC000600A00EE101A0178B8EE400A30EE410AAF
:102DD0009FED141A60EE811A20EE011AC1EE820AEC
:102DE000DFED121A81EE210A91B192ED041ADFEDA6
:102DF000111A70EEC10A00EEA11A82ED041AD2ED8A
:102E0000050A30EE600A40EE210AC2ED050A70475D
:102E1000C2ED040A82ED050A01210170704700002D
:102E20002C2300203333534000C04CC400C04C441A
:102E3000700100208FC2F53D2DE9F0414FF00007F1
:102E400004003E4636D00025DFF86C800FE00E20EF
:102E500000F062F8A8F800000F2000F05DF8A8F874
:102E60000200B8F800106D1C0F440644ADB2A54234
:102E7000EDD300EE107A114A0021F8EE400A00EE80
:102E8000104AB8EE400A80EE801A00EE106AF8EEA2
:102E9000400A00EE104AB8EE400A88ED021A80EEB1
:102EA000801A9FED070A88ED031A117088ED040A55
:102EB00088ED050ABDE8F0812C2300207001002078
:102EC00000000000004870472C2300200E4800211D
:102ED0009FED0E0A018041808180C18080ED020A51
:102EE00080ED030ADFED0A0AB3EE080AC0ED040A1A
:102EF000C0ED050A80ED060AC0ED070A01624162D5
:102F000004480170417070472C23002000F0FF44FA
:102F100000000000700100202DE9FF410024074659
:102F200000940194029426461848039402F0ACF9E8
:102F3000164802F08BF91548012504610476C56135
:102F400080F83040456101F072FF60B904200097BD
:102F5000CDE9015069460D4801F026FE18B90B482D
:102F600002F04CF818B1002004B0BDE8F081022155
:102F7000064801F0EDFF18B9044801F0BEFE86B224
:102F8000024802F063F93046EEE7000078010020C5
:102F900010B5184802F078F9164802F057F904F015
:102FA00079F9154C002004F1280294ED020AFCEE98
:102FB000C00A94ED030ABCEEC00AC10714D010EE9B
:102FC000101A00BF22F81010401C80B24028F4D321
:102FD000094940222831074802F08EF8606230B17A
:102FE00000200649487010BD10EE901AEAE7012053
:102FF000F7E70000780100202C230020700100205A
:103000000E4830B4002240781146002814D00C4BF2
:10301000002000BF33F82040224403EB8004401C12
:10302000648880B221442028F4D330BCC2F34F100E
:10303000C1F34F11FFF7B2BE30BC704770010020E2
:1030400054230020014802F09FB90000C001002075
:1030500001681823CAB2103AB2FBF3F2054B6FF3C2
:103060000901032A9B5CC36500D9091D81650846D7
:10307000704700007CAF000810B5014600208B6946
:103080008A6A4FF0C07453B1B3F5005F15D072B1C6
:10309000012A0CD0022A0AD0032A09D104E01AB16D
:1030A000012A06D0022A03D1C96AC90100D501202C
:1030B00010BDC96AA142FAD010BD002AF7D0012A7A
:1030C000F2D0022AF3D0032AF3D010BD30B5046841
:1030D000256825F480252560046863608368402B9B
:1030E000036803D099600068C26030BD9A600068D0
:1030F000C16030BD70470000F0B50022114D16468A
:10310000114B01271AE0845C0D2C0ED00A2C0CD038
:10311000B3F804C0BCF17F0F0ED2B3F804C005F8B9
:103120000C409C88641C9C8007E09C882CB19C8887
:103130002E559E801F7000E09E80521C8A42E2D372
:10314000F0BD0000001F00203401002010B5FFF783
:10315000B9FE90ED060A10EE100AB0F17E5F01DCB8
:10316000B3EE080A10BD000070B5074C0025A5801D
:10317000257001206070A570E57002F087FBA060EB
:103180000248057070BD0000340100209C21002021
:1031900010B50C4C2078002813D072B67F220A4953
:1031A00001F18000FDF7C2FA07490020803181F863
:1031B0007F00207062B60448803000F04FF9012093
:1031C000607010BD34010020001F00202DE9F04F79
:1031D000C3B0FFF7FBFB0646FFF7F6FB429001F09A
:1031E00033FC074601F0F8F90446FFF76BFE05468D
:1031F00001F0DAF88046F06807F0C2FDCDE936014B
:10320000306807F0BDFDCDE93401706807F0B8FD06
:10321000CDE93201D8F8280007F0B2FDCDE9300140
:10322000D8F8200007F0ACFDCDE92E01A86907F021
:10323000A7FDCDE92C01E06C07F0A2FDCDE92A0144
:10324000206D07F09DFDCDE92801A06C07F098FDE9
:10325000CDE92601606C07F093FDCDE92401206CD7
:1032600007F08EFDCDE92201B06907F089FDCDE9B7
:103270002001706907F084FDCDE91E01606B07F045
:103280007FFDCDE91C01206B07F07AFDCDE91A0125
:10329000E06A07F075FDCDE91801A06907F070FD3F
:1032A000CDE91601206907F06BFDCDE914016069D5
:1032B00007F066FDCDE91201E06807F061FDCDE998
:1032C0001001E86807F05CFD82468B46A86807F0AD
:1032D00057FD80468946686907F052FDCDE90E0129
:1032E000286907F04DFDCDE90C01386907F048FD6C
:1032F000CDE90A01F86807F043FDCDE908017868D7
:1033000007F03EFDCDE90601386807F039FDCDE94B
:103310000401FFF75DFB10EE100A07F031FDCDE967
:103320000201FFF73FFB10EE100A07F029FDCDE97F
:103330000001E06B07F024FD0F460646FFF73EFB59
:103340000446FFF797FB0246DDE93601CDE940016F
:10335000DDE93401CDE93E01DDE93201CDE93C0191
:10336000DDE93001CDE93A01DDE92E01CDE9380191
:10337000DDE92C01CDE93601DDE92A01CDE9340191
:10338000DDE92801CDE93201DDE92601CDE9300191
:10339000DDE92401CDE92E01DDE92201CDE92C0191
:1033A000DDE92001CDE92A01DDE91E01CDE9280191
:1033B000DDE91C01CDE92601DDE91A01CDE9240191
:1033C000DDE91801CDE92201DDE91601CDE9200191
:1033D000DDE91401CDE91E01DDE91201CDE91C0191
:1033E000DDE91001CDE91A0116A880E8000F69880F
:1033F0002888CDE91401DDE90E01CDE91201DDE9EE
:103400000C01CDE91001DDE90A01CDE90E01DDE98C
:103410000801CDE90C01DDE90601CDE90A01DDE98C
:103420000401CDE90801DDE90201CDE90601DDE98C
:103430000001CDE904018DE8D400064A4FF4C071C3
:103440000548429BFCF7C4FF43B00348BDE8F04F7A
:1034500000F0FABD48B00008002000202DE9F04F30
:103460002DED068BA3B0044618211CA8FDF737F9F3
:103470000027FDA12046FDF7DBF81CAC08E000BFEB
:1034800044F827007F1CFFB2F7A10020FDF7D0F819
:1034900008B1062FF4D3002F7DD0F5A11C98FDF7BD
:1034A00071F90025F34C002876D0F3A11C98FDF7A4
:1034B00069F99FEDF38A00286FD0F2A11C98FDF7FF
:1034C00061F900286AD0F1A11C98FDF75BF900288A
:1034D00065D0EFA11C98FDF755F900287DD0EEA12D
:1034E0001C98FDF74FF9002878D0ECA11C98FDF747
:1034F00049F9002873D0EBA11C98FDF743F9002887
:103500006ED0EAA11C98FDF73DF9002869D0E9A129
:103510001C98FDF737F900287DD0E8A11C98FDF72D
:1035200031F9002878D0E7A11C98FDF72BF9002885
:1035300073D0E6A11C98FDF725F900286ED0E4A110
:103540001C98FDF71FF9002869D0E3A11C98FDF72E
:1035500019F900287ED0E3A11C98FDF713F9002883
:1035600079D0E2A11C98FDF70DF9002874D0E1A1F3
:103570001C98FDF707F900286FD0E0A11C98FDF713
:1035800001F901264FF003084FF00209002865D029
:10359000DCA11C9804E078E028E04AE07DE09AE0B5
:1035A000FDF7F0F8002875D0D8A11C98FDF7EAF8CF
:1035B000002870D0D7A11C98FDF7E4F800286BD044
:1035C000D5A11C98FDF7DEF800287CD0D4A11C986A
:1035D000FDF7D8F840B1D4A004E087E09EE0C5E054
:1035E000C8E0EEE000F030FDD4489AE3032F01D2AA
:1035F000D3A096E3A078032800D0A5701E9806F00B
:1036000033FE51EC100B07F0C9F908EE100A1D98B3
:1036100006F02AFE04E0FFE018E237E25FE273E220
:1036200051EC100B07F0BAF900EE100AF0EE480A60
:1036300059E0A570FFF774F8FFF778F8FFF74EF838
:103640000020FFF7FAFAB0EE481AF0EE480AB0EEA2
:10365000480A04E06AE27AE28AE21AE32AE3FFF720
:10366000D1FAB0EE482AF0EE481AB0EE481AF0EE61
:10367000480AB0EE480AFFF7F3FAF0EE480AB0EE57
:10368000480AFFF7A5FA01F07FFA23B0BDEC068BDC
:10369000BDE8F08F32E347E3C8E3032F01D2AFA0C8
:1036A0003FE3A5701E9806F0DFFD51EC100B07F00C
:1036B00075F908EE100A1D9806F0D6FD51EC100BB6
:1036C00007F06CF900E0B2E300EE100AF0EE480AF1
:1036D000FFF752FAD9E7A5700020FFF7AEFAF6EE31
:1036E000000A9FEDA70AFFF773FACEE7022F01D277
:1036F000A4A016E3A9A11D98FDF744F858B1A9A10B
:103700001D98FDF73FF80028F2D1A5705FF0010089
:10371000FFF793FAB9E7A5700020F9E7042F01D26B
:10372000A1A0FEE21F9806F09FFD51EC100B07F0E0
:1037300035F908EE100A1E9806F096FD51EC100BB4
:1037400007F02CF908EE900A1D9806F08DFD51EC5B
:10375000100B07F023F900EE100AB0EE481AF0EE55
:10376000680AFFF74FFAA5700220D1E7022F46D270
:1037700097A0D6E2042F01D29AA0D2E2A5701F989A
:1037800006F072FD51EC100B07F008F908EE900AF4
:103790001E9806F069FD51EC100B07F0FFF808EEDB
:1037A000100A1D9806F060FD51EC100B07F0F6F8BA
:1037B00000EE100AB0EE681AF0EE480AFFF78AFA37
:1037C00063E7022F01D290A0ABE2032F17D3A570BD
:1037D0001E9806F049FD51EC100B07F0DFF808EEDB
:1037E000100A1D9806F040FD51EC100B07F0D6F8BA
:1037F00000EE100AF0EE480AFFF77AF945E7A570E7
:103800001D9806F031FD51EC100B07F0C7F800EEE3
:10381000900AB0EE480AEFE7042F01D283A080E2BD
:10382000A5701F9806F020FD51EC100B07F0B6F8BC
:1038300008EE900A1E9806F017FD51EC100B07F0E9
:10384000ADF808EE100A1D9806F00EFD51EC100BB5
:1038500007F0A4F800EE100AB0EE681AF0EE480A7D
:10386000FFF77BF911E7000020090D0A00000000B6
:10387000736574003401002073746F7000000000E1
:103880000000000076656E630000000072756E0037
:103890006D6F646500000000706F7300746F72716B
:1038A000756500006C6F636B0000000063757272D9
:1038B00000000000637572727069000063757272B7
:1038C000627700006D6F64656C0000006666000042
:1038D00066667363616C6500616E676C656F6666D2
:1038E00000000000766C656164000000737065651F
:1038F00064000000737065656469640076696577CB
:1039000000000000656E637669657700747261631C
:10391000650000006A6600007374617475730000CE
:1039200068656C70000000006572723A20756E6BFD
:103930006E6F776E20636D640D0A000044B200085C
:103940006572723A20736574203C75713E203C6646
:103950007265715F687A3E0D0A0000006572723A06
:103960002076656E63203C75715F766F6C743E20C7
:103970003C6C6561645F6465673E0D0A0000000091
:103980000AD7233D6572723A206D6F6465206F70AF
:10399000656E7C656E630D0A000000006F70656ED9
:1039A00000000000656E63006572723A20706F73EC
:1039B000203C73706565645F6370733E203C6B7080
:1039C0003E203C6D61785F75713E0D0A000000007D
:1039D0006572723A20746F72717565203C69713E30
:1039E0000D0A00006572723A206C6F636B203C61B7
:1039F0006E676C655F7261643E203C75643E203C7E
:103A000075713E0D0A0000006572723A206375728E
:103A100072203C69713E207C2063757272203C6983
:103A2000643E203C69713E0D0A0000006572723AE6
:103A300020637572727069203C6B703E203C6B692C
:103A40003E203C6C696D69743E0D0A009FEDF98A59
:103A5000022F01D2F8A064E1032F08D31E9806F0CC
:103A600003FC51EC100B06F099FF08EE100AA5704C
:103A70001D9806F0F9FB51EC100B06F08FFF00EEDD
:103A8000100AF0EE480AFFF759F8FEE5042F01D2BC
:103A9000F0A046E11F9806F0E7FB51EC100B06F092
:103AA0007DFF08EE900A1E9806F0DEFB51EC100B2D
:103AB00006F074FF08EE100A1D9806F0D5FB51ECD5
:103AC000100B06F06BFF00EE100AB0EE681AF0EE75
:103AD000480A00F06BFFA57000F0DEFDD5E5022F6F
:103AE00001D2E4A01DE1E8A11D98FCF74BFE48B10E
:103AF000E6A11D98FCF746FE0028F2D1FEF7E6FF8E
:103B0000A570C2E50120F9E7022F01D2E0A008E18B
:103B10001D9806F0A9FB51EC100B06F03FFF00EEDC
:103B2000100A00F025FF00F0B7FDE9E7022F01D2EF
:103B3000DDA0F6E0A5701D9806F096FB51EC100B89
:103B400006F02CFF00EE100AFEF7B2FF9DE5022FF3
:103B500001D2DBA0E5E0A5701D9806F085FB51ECD5
:103B6000100B06F01BFF00EE100AFFF7A5F88CE51E
:103B70009FEDD8AADFEDD89AB6EE009ADFEDD78A8E
:103B8000022F01D2D6A0CCE0052F25D31E9806F037
:103B90006BFB51EC100B06F001FF0AEE100A1F98A8
:103BA00006F062FB51EC100B06F0F8FE09EE900AED
:103BB000209806F059FB51EC100B06F0EFFE09EED1
:103BC000100A062F08D3219806F04EFB51EC100B7B
:103BD00006F0E4FE08EE900A1D9806F045FB51EC55
:103BE000100B06F0DBFE08EE100AC74918EE100AAB
:103BF000884202DD9FEDC58A06E018EE100AC4492E
:103C0000884201D99FEDC38A18EE900A07F0B8F8F0
:103C100006460F4619EE100A07F0B2F8CDE9020188
:103C200019EE900A07F0ACF8CDE900011AEE100A7F
:103C300007F0A6F882468B4618EE100A07F0A0F8A7
:103C40008946CDE90867DDE90212CDE90612DDE912
:103C50000012CDE904128DE8010EAFA24FF4C0713D
:103C6000BC48FCF7B5FBBB4800F0EEF9B0EE480AE3
:103C700000F0F8F9A570B0EE682AF0EE491AB0EE3F
:103C8000691AF0EE4A0AB0EE480AFEF7E9FF03208F
:103C90003EE5022F01D2B0A043E0A5701D9806F0CA
:103CA000E3FA51EC100B06F079FE00EE100AFEF775
:103CB000D1FFEAE4022F01D2ACA032E0B3A11D98FB
:103CC000FCF760FD98B1AFF21C411D98FCF75AFD5E
:103CD00078B1B0A11D98FCF755FD60B1AFA11D985A
:103CE000FCF750FD0028E7D184F8038008E7E57071
:103CF00006E7E67004E784F8039001E7022F01D29B
:103D0000A7A00EE060A11D98FCF73CFD30B15FA1BB
:103D10001D98FCF737FD0028F2D1F1E684F8028007
:103D2000B3E400F091F9B0E4A34F3878F0B3A07891
:103D300001287AD0A670B86B07F022F805460E4627
:103D4000786B07F01DF8CDE91001386B07F018F813
:103D5000CDE90E01B86A07F013F8CDE90C01F86A55
:103D600007F00EF8CDE90A01786A07F009F8CDE905
:103D70000801386A07F004F882468B46F86906F0B5
:103D8000FFFFCDE90601B86906F0FAFFCDE90401AD
:103D9000386906F0F5FFCDE90201786906F0F0FF19
:103DA000CDE90001F86806F0EBFF00E00CE1804689
:103DB0008946786806F0E4FFCDE91A56DDE910235C
:103DC000CDE91823DDE90E23CDE91623DDE90C2327
:103DD000CDE91423DDE90A23CDE91223DDE9082327
:103DE000CDE910237A78CDF830A0CDE90DB2DDE928
:103DF0000623CDE90A23DDE90423CDE90823DDE923
:103E00000223CDE90623DDE900238DE80303CDE994
:103E10000423A07801280BD068A36A4A4FF4C0712C
:103E20004C48FCF7D5FA4B487BE7CFE0D3E0E8E01D
:103E3000CFE000003333733F6572723A20637572CE
:103E4000726277203C687A3E205B6C696D69745DB4
:103E50000D0A00006572723A206D6F64656C203C3B
:103E60007073693E203C6C643E203C6C713E0D0AD0
:103E7000000000006572723A206666206F6E7C6FEB
:103E800066660D0A000000006F6E00006F66660037
:103E90006572723A2066667363616C65203C302EF1
:103EA0002E313E0D0A0000006572723A20616E6785
:103EB0006C656F6666203C6465673E0D0A00000015
:103EC0006572723A20766C656164203C6465673E79
:103ED0000D0A0000E02D103B0AD7A33C8FC2F53D30
:103EE0006572723A207370656564203C72706D3E35
:103EF000205B6B70206B69206D61785F6971206D4C
:103F000061785F695D0D0A000000FA430000FA4322
:103F10000000FAC30000FAC36F6B3A207370656546
:103F2000642072706D3D252E3166206B703D252E0C
:103F30003566206B693D252E3566206D61785F6999
:103F4000713D252E3366206D61785F693D252E33E6
:103F5000660D0A00002000206572723A20737065B9
:103F600065646964203C69643E0D0A006572723ABA
:103F700020766965772070686173657C63757272FD
:103F80007C766F6C747C61620D0A000070686173EE
:103F900065000000766F6C74000000006162000034
:103FA0006572723A20656E6376696577206F6E7C04
:103FB0006F66660D0A0000009C2100207065616B31
:103FC0000000000078B100080FA0AAE684F8029073
:103FD000B1E611A321E7022F01D211A0A1E6AFF2B1
:103FE00058111D98FCF7CEFB48B1AFF260111D9837
:103FF000FCF7C8FB0028F0D165700EA091E6667052
:1040000030E4FFF7E3F82DE474726163653A2069E8
:10401000646C650D0A00000063726F73730000002A
:104020006572723A206A66206F6E7C6F66660D0A52
:10403000000000006F6B3A206A757374666C6F61E4
:1040400074206F66660D0A0010B50446FCF7F6FA98
:104050000104090C04D02046BDE81040FEF788BEDC
:1040600010BD000016480121B5EEC00A0170002104
:10407000F1EE10FA417080ED010A02D2BFEE000AA3
:1040800001E0B7EE000A80ED020A9FED0E0A80ED16
:10409000030A80ED040A80ED050A80ED060A80ED32
:1040A000070A80ED080A80ED090A80ED0A0A80ED12
:1040B0000B0A80ED0C0A80ED0D0A80ED0E0A7047A8
:1040C0009C2100200000000070B52F4D28780028AA
:1040D00058D000F069F9064600F07EFA0446FFF772
:1040E00035F8D5ED021A96ED0A1A95ED012AD5EDAF
:1040F000032A61EE210A22EE212A62EEA11AF4EED1
:10410000E01AF1EE10FA19D285ED031AD4ED041A73
:10411000C5ED041AD4ED061AC5ED051AD4ED031A3F
:10412000C5ED061AD4ED161A61EE801AC5ED071A10
:10413000D4ED151A61EE801AC5ED081A68780028CA
:1041400020D1F4EEC20AF1EE10FA1BDB01206870F8
:1041500085ED091AD4ED040AC5ED0A0AD4ED060A64
:10416000C5ED0B0AD4ED030AC5ED0C0AD4ED160A11
:1041700060EE800AC5ED0D0AD4ED150A20EE800A26
:1041800085ED0E0A70BD00009C2100202DE9F04154
:104190002DED028B86B001F079FB80494A78002A28
:1041A00075D08A68821A052A71D38846886000F023
:1041B00013FA0446FEF786FE074600F0F5F80546BA
:1041C00003F042FA064698F802107548012930D0EB
:1041D000022945D003295BD0FEF7B8FF98F8030009
:1041E000B0EE408A012879D0022875D0032874D017
:1041F000D4ED040A94ED030A05F0DEFEDFED690A52
:1042000020EE200AD5ED0A0ACDED000AD6ED010A0E
:10421000CDED010AD4ED030ACDED020AD4ED040A76
:10422000CDED030A8DED040A94ED160A20EE080A7E
:1042300084E090ED090A8DED000A90ED0B0A8DEDFA
:10424000010A90ED0A0A8DED020A90ED0C0A8DED3F
:10425000030A90ED0D0A8DED040A90ED0E0A6DE053
:1042600090ED030A8DED000A90ED050A8DED010A2F
:1042700090ED040A8DED020A90ED060A8DED030A19
:1042800090ED070A8DED040A90ED080A56E069E00A
:1042900095ED020A5021B8EEC00A8DED000A95EDA9
:1042A000030AB8EEC00A8DED010A95ED060A8DED00
:1042B000020A95ED070A8DED030AE86890FBF1F21A
:1042C00001FB120000EE100AB8EEC00A8DED040AE0
:1042D00095ED0A0A32E001E017E048E095ED0A0AA0
:1042E0008DED000A96ED010A8DED010A94ED030AA9
:1042F0008DED020A94ED050A8DED030A94ED040A92
:104300008DED040A94ED060A18E095ED0A0A8DED8C
:10431000000A96ED010A8DED010A94ED040A8DED77
:10432000020A94ED060A8DED030A94ED160A20EEBA
:10433000080A8DED040A94ED150A77E718488DED0B
:10434000050A182269461C38FCF797F91448002121
:104350001C3801764176802181767F21C1761C212F
:10436000FEF706FD06B0BDEC028BBDE8F08195EDD1
:104370000A0A8DED000A96ED010A8DED010A97ED0E
:10438000040A8DED020A97ED050A8DED030A94EDFE
:10439000030A8DED040A94ED040ACFE734010020EE
:1043A0009C210020E12E654200487047D821002062
:1043B000084810B50068002444623C21054802F01A
:1043C000E9FC00F041F804488168044841608470C9
:1043D00010BD000068020020D8210020400100200C
:1043E000154810B50068406A144C606000F02CF865
:1043F0001349A0689FED130A48600020886081ED92
:10440000030A087048708870206184ED080A84ED02
:10441000090A04F12C0284ED0A0A014602F128037C
:1044200042F8210003EB8104491CC9B284ED000A63
:104430000A29F5D310BD000068020020D821002011
:1044400040010020000000001F4810B50068436ACA
:104450001E4948681A1A4FF47A6092FBF0F400FB88
:104460001420002801DA00F57A6000EE100ADFED72
:10447000180ADFED181AB8EEC00A0B60C1E9022075
:1044800020EE201A164A81EE210A9FED131A81EDC3
:10449000050A20EE011A81ED061A9FED101A20EE92
:1044A000010A01E030EE600A10EE100A9042F9DADB
:1044B00002E000BF30EE200AB5EEC00AF1EE10FABD
:1044C000F8D381ED070A10BD68020020D821002032
:1044D000DB0FC94000007A45E12E6542000048C26A
:1044E000DB0FC940F0B5B5EEC00AF1EE10FA23D9E2
:1044F0003348344982788B68DAB1426843609A1A4B
:10450000034645781B7801F1540401F12C0604EBB5
:1045100083040A2D11D356F8235087687D1B8560CC
:10452000D4ED000A90ED031A71EE600AC0ED030AA3
:1045300005E0012143608170F0BD6D1C457046F8B7
:10454000232084ED000A84685B1C14448460D0ED51
:10455000030ADBB20A2B70EE800AC0ED030A037077
:1045600001D30023037001EE102AF5EEC00A0A61A0
:10457000B8EEC11AC1EE001A9FED131A21EE810A9E
:10458000F1EE10FA81ED080A08DD00EE104AB8EEEF
:10459000C00AC0EE201A21EE810A01E09FED0B0A4D
:1045A0009FED0B1A81ED090AF0EE400A91ED0A0A1F
:1045B00070EEC00A00EE810A81ED0A0AF0BD00002B
:1045C00040010020D82100208FC275BC00000000EF
:1045D0009A99193E72B6FEE700487047D022002033
:1045E0001F489FED1E0ADFED1F0A80ED000A80EDD7
:1045F000010A80ED020A80ED030A80ED040A80EDD5
:10460000050A80ED060A80ED070A80ED080A80EDB4
:10461000090A80ED0A0AC0ED0B0ADFED130AC0EDAE
:104620000C0ADFED120AC0ED0D0A80ED0E0AF5EE60
:10463000000AC0ED0F0ADFED0E0AC0ED100ADFED33
:104640000D0AC0ED110AC0ED120A80ED130A80EDCB
:10465000140A80ED150A80ED160A7047000000006C
:10466000D02200202CC9143F255F0D433333733F04
:10467000A69B443CB37BF23AB4EEC10AF1EE10FAC9
:1046800002DDB0EE410A7047B4EEE00AF1EE10FA36
:10469000F9D2B0EE600A70470A489FED090A80ED32
:1046A000070A80ED080A80ED090A80ED0A0A80ED0C
:1046B000130A80ED140A80ED150A80ED160A704782
:1046C00000000000D022002070B5B5EEC00A2DED2C
:1046D000068BF1EE10FA01D29FED650A654CD4ED20
:1046E000050A94ED031A30EEC11A84ED071AD4EDD1
:1046F000060AD4ED041A70EEE10AC4ED080AD4EDFE
:104700000B1A94ED0C2A61EE819A21EEA09A22EE0A
:10471000011AD4ED091A41EE001A22EE201AC4ED56
:10472000091AD4ED0A0A41EE000AB0EE610AC4ED9E
:104730000A0A94ED0D1AF1EE410AFFF79DFF84ED90
:10474000090A94ED0D1A94ED0A0AF1EE410AFFF7F9
:1047500093FF84ED0A0AD4ED0E0A9FED471A60EE2E
:10476000810A9FED461AD4ED061ABBEE082A60EEC8
:10477000810A94ED121A30EE090A4FF07E5521EEAF
:10478000201A61EE211A81EE821AD4ED0F1A21EE61
:10479000211A84ED131A94ED102AD4ED112A94ED08
:1047A000053A02EE832AF3EE082A22EE202AC2EE10
:1047B000220A60EEA10AC4ED140AD4ED091A70EEC3
:1047C000208A94ED0DAA71EEA91A6AEE0A0AB5EED6
:1047D000C0AA31EE818A28EE080A08EEA80AF1EE96
:1047E00010FA3DD9B4EEE00AF1EE10FA38D905F02E
:1047F0002FFFCAEE000A10EE900A28EE208A68EE1B
:10480000A08AA8422CDA94ED0C0AB5EEC00AF1EEAB
:1048100010FA25DDB0EE480AD4ED130A30EE690A2D
:1048200030EE600AF0EE680A84ED090A70EEC90AFB
:1048300094ED141A70EEC10AC4ED0A0A94ED0D1A33
:10484000F1EE410AFFF718FF84ED090A94ED0D1A05
:1048500094ED0A0AF1EE410AFFF70EFF84ED0A0A11
:1048600084ED158AC4ED168ABDEC068B70BD000080
:1048700000000000D0220020000048425077D63DC2
:10488000B5EEC00AF1EE10FA01D29FED0B0ADFED92
:104890000B0A0B4820EE201AF3EE080AC1EE201A8C
:1048A0009FED081A20EE010A80EE201AC0ED0B1AC7
:1048B00080ED0C1A704700000000000024723E3C9E
:1048C000D0220020ABF434409FED0A1AB5EEC00AA6
:1048D000F1EE10FA01D2B0EE410AF5EEC00AF1EEA7
:1048E00010FA01D2F0EE410A034880ED0B0AC0ED48
:1048F0000C0A704700000000D022002010B52DEDFA
:10490000028BB0EE408AB5EEC08AF1EE10FA01D209
:10491000B1EE488A18EE100AB0F17E5F01DDB7EE05
:10492000008A0E4CF1EE480AB0EE481A84ED0D8A6A
:1049300094ED090AF0EE608AFFF79EFE84ED090A05
:1049400094ED0A0AB0EE481AF0EE680AFFF794FEFA
:1049500084ED0A0ABDEC028B10BD0000D0220020BD
:10496000024880ED050AC0ED060A7047D0220020FB
:10497000B5EEC00AF1EE10FA02D29FED070A06E08A
:1049800010EE100AB0F17E5F01DDB7EE000A0348B9
:1049900080ED0F0A7047000000000000D0220020C8
:1049A000014880ED0E0A7047D0220020DFED0D1A7D
:1049B000B5EEC00AF1EE10FA01D2B0EE610AF5EEE2
:1049C000C00AF1EE10FA01D2F0EE610AB5EEC01A9B
:1049D000F1EE10FA01D2B0EE611A034880EC030A3E
:1049E00070470000000000001023002010B52DEDDE
:1049F000048BF0EE419AF0EE408AB0EE608AB0EEA1
:104A0000690A05F05DFDF0EE400AB0EE690AB0EE0D
:104A1000609A05F045FC68EE800A28EE000A094815
:104A200048EE090A08EEC90AC0ED008A80ED018A45
:104A3000C0ED029AC0ED030A80ED040ABDEC048BC0
:104A400010BD0000D02200200048704754220020F2
:104A50009FED080A0848F0EE400A80ED000A80ED5C
:104A6000010A80ED020A80ED030A80ED040A02F0DB
:104A7000E9BF0000000000005422002010EE100AE0
:104A8000B0F17E5F02DDB7EE000A704710EE100A4B
:104A900010F1814FF9D9BFEE000A704710B5134CE1
:104AA0002DED028B94ED020A05F00AFDF0EE400AAE
:104AB00094ED020AB0EE608A05F0F2FBD4ED001A24
:104AC00094ED012A21EE801A61EE880A02EE481A5E
:104AD00042EE000A84ED031AC4ED040AB0EE410A66
:104AE000BDEC028BBDE8104002F0ACBF54220020A8
:104AF00010B52DED028BB0EE608AF0EE400A9FED0E
:104B0000070A00F02BF8B0EE480A00F009F8BDECF7
:104B1000028BBDE81040FFF7C1BF0000000000009D
:104B2000DFED0B0A0B4901E030EE600A10EE100ACF
:104B30008842F9DA02E000BF30EE200AB5EEC00A82
:104B4000F1EE10FAF8D3044880ED020A7047000035
:104B5000DB0FC940DB0FC9405422002010B52DEDFA
:104B6000028BB0EE608AFFF789FF064C84ED000AE5
:104B7000B0EE480AFFF782FF84ED010ABDEC028B1C
:104B800010BD0000542200209FED050A10B5F0EE84
:104B9000400AFFF7E3FFBDE81040FFF77FBF0000CA
:104BA000000000007047000078B50024009490F8E1
:104BB0003C20012A19D0012280F83C200A680723F2
:104BC0000568092A13D9EE680A3A02EB42029340BB
:104BD0009E43EE600B788A680A3B03EB43039A40DE
:104BE0000368DD682A43DA6010E0022078BD2E6990
:104BF00002EB420293409E432E610B788A6803EBDE
:104C000043039A4003681D692A431A614A681F23B7
:104C1000072A13D205686E6B521E02EB8202934084
:104C20009E436E630B790A885B1E92B203EB83038B
:104C30009A4003685D6B2A435A6327E005680D2A92
:104C400012D22E6BD21F02EB820293409E432E6340
:104C50000B790A88DB1F92B203EB83039A40036847
:104C60001D6B2A431A6311E0EE6A0D3A02EB8202D1
:104C700093409E43EE620B790A880D3B92B203EBA0
:104C800083039A400368DD6A2A43DA62164B05689B
:104C9000144A9D4206D10D68122D03D1556845F482
:104CA0008005556005689D4218D10B68102B01D016
:104CB000112B13D1536843F4000353600968102982
:104CC0000CD10A490A4A0968B1FBF2F101EB8101F2
:104CD000490000E0491E00910029FBD180F83C40CA
:104CE000002078BD0023014000200140700000201A
:104CF00040420F007047704770470068C06C7047B3
:104D000070B5044600680668456816F0020F05F0A5
:104D100020012AD049B3216CC90603D4216C41F487
:104D200000712164816811F0405F17D1217EA9B91B
:104D3000C16A11F4700F02D0816849050ED4416830
:104D400021F020014160206C20F480702064206CF0
:104D5000C00403D4206C40F0010020642046FFF71B
:104D6000C9FF21686FF01200086016F0040F05F00B
:104D7000800132D089B3206CC00603D4206C40F48B
:104D8000005020642068816811F4401F1ED1816B9F
:104D900011F4401F02D08168490517D441684905C4
:104DA00014D4816811F0405F10D1217E71B941683F
:104DB00021F080014160206C20F480502064206C40
:104DC000C00503D4206C40F0010020642046FFF7AA
:104DD000E9FE21686FF00C00086016F0010F05F085
:104DE00040010FD071B120680068C0070AD0206C64
:104DF00040F480302064204600F043F821686FF0D2
:104E00000100086016F0200F05F080610ED0002927
:104E10000CD0606C40F00200606420686FF02005E8
:104E200005602046FFF768FF2068056070BD70B51B
:104E300004004FF0000503D0206C002610B107E0FD
:104E4000012070BD204600F01DF8666484F83C60C7
:104E5000206CC00610D4206C20F4885040F0020072
:104E600020642046FDF7E8FA6664206C20F002001A
:104E700040F00100206400E0012584F83C602846F1
:104E800070BD704770B586B0064614216846FBF7C2
:104E900026FC2949306888424BD128480025016802
:104EA00041F4807101600068244900F48070143975
:104EB0000590086840F004000860086800F00400ED
:104EC0000590086840F0020008600868032400F0BC
:104ED0000200059030208DE831006946184800F046
:104EE000D7FB009469461748CDE9014500F0D0FB97
:104EF000164C1548C4E900050015A560C4E9035027
:104F0000400060618000A0614011E0614002C4E99E
:104F10000805204600F008FB08B1FFF75BFBB4630F
:104F2000002211461220A66300F01EFD122000F0A0
:104F30000DFD06B070BD0000002001404438024065
:104F4000000802400004024010640240C00100203A
:104F50002DE9F041044600680D4681684FF00007D6
:104F600049050BD58068C00508D5206C40F02000AD
:104F7000206484F83C700120BDE8F08100F086FCDC
:104F8000064613E0681C11D025B100F07FFC801BA1
:104F9000A8420BD920680068800707D4206C40F035
:104FA0000400206484F83C700320E5E72068006872
:104FB0008007E7D521686FF012000860206C40F48C
:104FC000007020642068816811F0405F13D1217E59
:104FD00089B9C16A11F4700F02D0806840050AD403
:104FE000206C20F480702064206CC00403D4206CFA
:104FF00040F0010020640020BEE7000018B5002149
:10500000009190F83C20012A07D0012280F83C2032
:1050100002689368DB0702D011E0022018BD936894
:1050200043F0010393602E4A2E4B1268B2FBF3F259
:1050300002EB420200E0521E0092002AFBD10268FD
:105040009368DB0742D0036C40F20164A34343F44E
:105050008073036453685B0505D5036C23F4005328
:1050600043F480530364036CDB0404D5436C23F0E6
:105070000603436400E0416480F83C101A496FF075
:105080002203136049680068CA06184906D088429E
:1050900024D1816811F0405F13D01FE08842F8D01E
:1050A000134A904203D1D1F80423D206F1D0114A19
:1050B000904213D1D1F8041301F01F011029E8D355
:1050C0000CE0816841F08041816007E0016C41F0B3
:1050D00010010164416C41F001014164002018BDE0
:1050E0007000002040420F000023014000200140DA
:1050F0000021014000220140F8B5044600200E4680
:10510000009094F83C10012907D0012184F83C104C
:1051100021688B68DB0702D011E00220F8BD8B68A4
:1051200043F001038B604049404B0968B1FBF3F148
:1051300001EB410100E0491E00910029FBD12168EB
:105140008B68DB0503D58B6823F480738B60216843
:105150008B68DB075DD0236C40F20165AB4343F401
:10516000807323644968490505D5216C21F40051F9
:1051700041F480512164216CC90404D5616C21F093
:105180000601616400E0606484F83C00A16B29487A
:10519000274DC863A16B28480864A16B2748C864E1
:1051A00021686FF0220008602068416841F080614A
:1051B00041602068816841F48071816021681346F4
:1051C00032464C31A06B00F019FA68681C49C006E1
:1051D000206806D0884224D1816811F0405F13D046
:1051E0001FE08842F8D0174A904203D1D1F8042337
:1051F000D206F1D0144A904213D1D1F8041301F031
:105200001F011029E8D30CE0816841F080418160E2
:1052100007E0206C40F010002064606C40F001005A
:1052200060640020F8BD00007000002040420F00C4
:10523000002301409D230008212400080B240008BE
:1052400000200140002101400022014090F83C1064
:1052500001290CD0012180F83C1001688A6822F0F5
:1052600001028A6001688968C90702D007E002204C
:105270007047016C21F4885141F001010164002163
:1052800080F83C100846704710B50446002094F89A
:105290003C1001290CD0012184F83C1021688A6857
:1052A00022F001028A6021688A68D20702D01DE0DC
:1052B000022010BD8A6822F480728A60A16B91F886
:1052C0003520022A07D1084600F014F818B1216CE5
:1052D00041F04001216421684A6822F080624A60FE
:1052E000216C21F4885141F001012164002184F8EE
:1052F0003C1010BD2DE9F0410446876D00F0C6FA60
:10530000064694F835000025022806D08020606506
:1053100084F834500120BDE8F0812068016821F054
:10532000160101602068416921F080014161206C13
:1053300008B9A06C20B12068016821F00801016063
:105340002068016821F0010101600CE000F09EFA84
:10535000801B052807D920206065032084F83500CC
:1053600084F83450D7E720680068C007EED194F87D
:105370005C103F208840B860012084F8350084F834
:1053800034500020C7E700002DE9F84304464FF0F1
:105390000009CDF8009063484FF41651A56D0068E0
:1053A000B0FBF1F72E6894F85C10082000FA01F1C8
:1053B00031420FD021680A6852070BD50A6822F0E3
:1053C00004020A6094F85C108840A860606D40F0A8
:1053D0000100606594F85C104FF0010808FA01F0D4
:1053E000304208D021684969090604D5A860606D7B
:1053F00040F00200606594F85C1004208840304260
:1054000008D021680968890704D5A860606D40F05C
:105410000400606594F85C1010208840304218D079
:1054200021680968090714D5A86020680168490344
:1054300004D50068000308D5A16C07E00168C90520
:1054400003D4016821F008010160216C09B12046F4
:10545000884794F85C1020208840304231D0216881
:105460000968C9062DD5A86094F83500052820687C
:10547000016806D0490347D5006800031DD4616C5C
:105480001CE021F0160101602068416921F08001D3
:105490004161206C08B9A06C20B12068016821F03E
:1054A0000801016094F85C103F208840A86084F8EF
:1054B000358084F83490216D1FE0E16B09B12046FE
:1054C0008847606D00282BD0606DC00714D0052080
:1054D00084F835002068016821F00101016000981E
:1054E000401C0090B84203D820680068C007F6D17D
:1054F00084F8358084F83490E16C002910D001B034
:105500002046BDE8F04308470168C905D5D40168C5
:1055100021F01001016084F8358084F83490CCE7E4
:10552000BDE8F883700000202DE9F041044600F04A
:10553000ADF906465CB1022084F83500002584F8F8
:1055400034502068016821F0010101600DE0012064
:10555000BDE8F08100F09AF9801B052805D92020CC
:105560006065032084F83500F2E720680068C00712
:10557000F0D12268116820480140D4E901031843A2
:10558000D4E903363343184363691843A3691843C6
:10559000E3691843236A18430843616A042903D165
:1055A000D4E90B1319430843106020684069666A08
:1055B00020F0070130460E43012704280CD1A06AD1
:1055C0000643E06A40B12046FDF756FD20B1402079
:1055D000606584F83570BAE7206846612046FDF7BB
:1055E00037FD94F85C203F2191408160656584F827
:1055F00035700020ACE700003F8010F02DE9F0414D
:105600000446866D90F83400002501280DD0012055
:1056100084F8340094F835700020012F07D084F806
:10562000340002252846BDE8F0810220FBE702276E
:1056300084F8357060652046FDF748FD94F85C10ED
:105640003F208840B0602068016841F01601016089
:10565000206C20B12068016841F0080101602068D9
:10566000016841F001010160DCE7000070B504460B
:1056700000F00CF90546601C02D004480078044490
:1056800000F004F9401BA042FAD370BD6400002072
:105690002DE9F84FDFF8BCA10022012503264FF0C9
:1056A0000F090AF1040BAAF1040E00BF0B6805FAFA
:1056B00002F42340A34270D10F7907F00307012FB2
:1056C00001D0022F16D187684FEA420806FA08FC7B
:1056D00027EA0C07D1F80CC00CFA08FC4CEA070CBE
:1056E000C0F808C04768A7430C79C4F3001494407D
:1056F0003C4344600C79E443A4070AD0C4684FEAF1
:10570000420C06FA0CF7BC438F6807FA0CF72743E4
:10571000C7600C7904F00304022C12D1D40800EB0A
:10572000840CDCF820405707FF0E09FA07F824EA3A
:105730000804D1F8108008FA07F848EA0408CCF801
:10574000208004684FEA420C06FA0CF7BC430F793C
:1057500007F0030707FA0CF7274307604C6814F4B7
:10576000403F70D03C4C276847F48047276024684E
:1057700022F0030704F480440094384C07EB040C37
:10578000DCF8084897074FEA177809FA08F7BC438E
:10579000334FB84202D1002724E054E0314FB842E1
:1057A00001D101271EE0304FB84201D1022719E094
:1057B0002E4FB84201D1032714E02D4FB84201D13A
:1057C00004270FE02B4FB84201D105270AE02A4FEA
:1057D000B84201D1062705E0284FB84201D107277A
:1057E00000E0082707FA08F72743CCF80878DAF82A
:1057F00000405746D1F804C09C435FEACC2C00D54A
:105800001C433C60DBF800405F46D1F804C09C4379
:105810005FEA8C2C00D51C433C60DEF800407746E4
:10582000D1F804C09C435FEA8C3C00D51C433C602B
:10583000084F083F3C68D1F804C09C435FEACC3C69
:1058400000D51C433C60521C102AFFF42FAFBDE86A
:10585000F88F0000083C014044380240003001400D
:10586000000002400004024000080240000C024018
:10587000001002400014024000180240001C0240C8
:105880000AB1816170470904FBE7000001488068A4
:1058900070470000640000200248816802781144CB
:1058A00081607047640000200B4810B5016841F426
:1058B00000710160016841F480610160016841F498
:1058C00080710160032000F06FF80F2000F006F8EF
:1058D00000F024F8002010BD003C024070B50D4DD2
:1058E00004464FF47A712878B1FBF0F00A49096850
:1058F000B1FBF0F001F02AF848B9102C07D20022D1
:105900002146501E00F030F800206C6070BD012070
:1059100070BD000064000020700000200A4808B537
:10592000016841F480410160006800F4804000900B
:105930000548001F016841F080510160006800F0D7
:105940008050009008BD000044380240002809DB68
:1059500000F01F02012191404009800000F1E02089
:10596000C0F8001170470000F0B40E4B1B680C46E5
:10597000C3F30223C3F10705042D00D90425191D23
:10598000072901D2002300E0DB1E012606FA05F1FB
:10599000491E214099409E40761E16403143F0BC7E
:1059A00004F07EBA0CED00E0064900F0070208683A
:1059B0004FF6FF03184040EA0220034A10430860F4
:1059C000704700000CED00E00000FA057047006829
:1059D000416200207047F0B50368586A39B19C6A8B
:1059E0004FF4827600EB144400204D1E0AE040EA9A
:1059F000024098620FE006EB8007DF59401C04EB81
:105A00001744C0B2A842F6D344EA02404FF4807271
:105A100002EB810158500020F0BDD0F8080503F0DA
:105A200015B901EBC10200EB8202D0F80805D26C77
:105A300003F06AB801EBC10200EB8202D0F808055E
:105A4000D2F88C2203F0BBB8D0F8080503F000B9F7
:105A50000A0601F00F0101EBC10100EB810101D544
:105A60003C3101E001F51F71006804F035B870B5F4
:105A700004460B0601F00F0000EBC00104EB8101AE
:105A80004FF001024FF0000503D581F83D203C3175
:105A900003E081F87D5201F51F71087094F8BC0491
:105AA000012808D084F8BC24206803F0CFFC84F8D7
:105AB000BC54002070BD022070BD70B5044601F0DA
:105AC0000F006268904201D9012070BD0B0601F001
:105AD0000F0101EBC10104EB81014FF001024FF016
:105AE000000503D581F83D203C3103E081F87D526B
:105AF00001F51F718D70087094F8BC04012808D05E
:105B000084F8BC24206803F09DFE84F8BC54002077
:105B100070BD022070BD01F00F0101EBC10100EB6F
:105B20008100D0F89C0270472DE9F04104460F0631
:105B300001F00F0000EBC00104EB81014FF0010602
:105B40004FF0000503D581F83D603C3103E081F85A
:105B50007D5201F51F710870CA600B714A7802B15D
:105B60000881022B00D14D7194F8BC04012809D0A2
:105B700084F8BC64206803F0C1FB284684F8BC5458
:105B8000BDE8F0810220FBE770B50C4601F00F057F
:105B900005EBC50100EB8101C1F89432C1F88C22FC
:105BA0000023C1F89C3281F87D3281F87C52036970
:105BB00001F51F71012B00D14A612207027C0068A8
:105BC00003D003F097FE002070BD03F081FDFAE7DB
:105BD00070B504460D4601F00F006168884201D996
:105BE000012070BD29064FF000064FF0010207D5D5
:105BF00000EBC00104EB810181F83D203C3107E05E
:105C000005EBC50104EB810181F87D6201F51F718F
:105C10008A70087094F8BC04012807D084F8BC246A
:105C2000206803F03BFE280702D007E0022070BD89
:105C3000217C04F2C442206803F0D8FD84F8BC64DF
:105C4000002070BD70B50C4601F00F0505EBC501D5
:105C500000EB81014B65CA640023CB65012381F809
:105C60003D3001F83C5F0369012B00D14A612207F6
:105C7000027C006803D003F03DFE002070BD03F0FD
:105C800027FDFAE72DE9FC5F05680446284603F086
:105C9000C4FF00287DD1206803F0EBFF002878D0F6
:105CA000D5F80808C0F30D20C4F8FC04206803F000
:105CB000E0FF800704D52068416901F002014161DD
:105CC000206803F0D6FFC10604F2C440009034D52A
:105CD0002068816921F0100181612F6A07F00F00AF
:105CE00000EBC00004EB8006C7F3434006F51F76C7
:105CF000022802D0062811D01AE047F6F0700742B9
:105D000016D0C7F30A1217462846316903F0B5FFCB
:105D1000306938443061306A384408E00822284647
:105D2000009903F0AAFF306AC7F30A1108443062F1
:105D30002068816941F010018161206803F099FFBA
:105D400000034FF0080B4FF0000A4FF001097CD51B
:105D50000026206803F06CFF074674E0F80770D057
:105D6000F1B2206803F07DFF8046C00707D005EB45
:105D70004611C1F8089B3146204601F0CFFE5FEA8C
:105D8000087024D505EB4611C1F808BB2068016CEA
:105D900000E025E200EB46100191D0F8082BFC4B07
:105DA000994205D9110403D54FF40041C0F8081BEE
:105DB000204600F005FBF6490198884207D9206982
:105DC000012804D120680121009A03F00FFD5FEA49
:105DD000C86004D505EB46111020C1F8080B5FEA36
:105DE00088701DD56869000605D5D5F8040840F40B
:105DF0008061C5F8041806EBC60004EB800090F83B
:105E00007F1200F51F70012905D180F803A0F1B2BF
:105E1000204600F0EBF905EB46110220C1F8080B13
:105E20005FEA886004D505EB46102021C0F8081B06
:105E30005FEA884005D505EB46104FF40051C0F8E5
:105E4000081B7F08761C002F88D1206803F011FF03
:105E500040036FD5206803F0E4FE0746002667E0A4
:105E6000F80763D0F1B2206803F0E9FE8046C0076E
:105E700023D006F00F0209FA02F0D5F83428824345
:105E8000C5F8342805EB4610C0F8089920690128A8
:105E90000FD106EBC60004EB8000D0E912211144BB
:105EA000C16436B9606D20B920680121009A03F001
:105EB0009DFCF1B22046FFF7B4FD5FEA087003D500
:105EC00005EB4611C1F808B95FEAC86004D505EBD7
:105ED00046111020C1F808095FEA486004D505EBB7
:105EE00046104021C0F808195FEA887017D531467E
:105EF000284603F065FE06EBC60004EB800090F830
:105F00003F103C30012905D180F803A0F1B22046B2
:105F100000F068F905EB46110220C1F808095FEAB4
:105F2000086003D53146204601F05EFE7F08761CEE
:105F3000002F95D1206803F09CFE002811DAD5F8D7
:105F4000040820F00101C5F8041894F8F4040128AD
:105F50002BD0204600F018FA2068416901F000417A
:105F60004161206803F085FE00050BD5D5F80808CF
:105F7000C00702D0204600F04BFA2068416901F4C6
:105F800000614161206803F074FEC00466D5D5F855
:105F9000040820F00100C5F804081021206803F06F
:105FA0000FFE00214FF67F321FE084F8F4A4002199
:105FB0002046FFF70BFDCFE705EB4110C0F808299D
:105FC000D0F8003923F40013C0F80039C0F8082BCA
:105FD000D0F8003B23F40013C0F8003BD0F8003B9E
:105FE00043F00063C0F8003B491C60688842E3D876
:105FF000D5F81C0840F00111C5F81C18206B0028CA
:1060000028460DD0D0F8840840F00B01C5F884185C
:10601000D5F8440840F00B012846C5F844180DE0B7
:10602000D0F8140842F22B010843C5F81408D5F83B
:10603000100840F00B012846C5F81018D0F80008E9
:1060400020F4FE61C5F80018217C2068009A03F056
:10605000CDFB2068416901F480514161206803F063
:1060600008FE800415D5206803F088F9206803F045
:10607000C7FDE06000F07EFA0146227B206803F055
:106080005BFE204600F06AF92068416901F4005186
:106090004161206803F0EDFD000707D5204600F0C0
:1060A00077F92068416901F008014161206803F037
:1060B000E0FD000616D5A86920F08000A861012641
:1060C0000DE000BF06EBC60004EB800090F87F02F5
:1060D000012803D1F1B22046FFF7BAFC761C6068B4
:1060E000B042EFD8206803F0C4FDC00221D50126DC
:1060F0004F4616E005EB4610D0F8001906EBC60037
:1061000004EB800090F84020012A09D1002907DA29
:1061100080F83F70F0B240F080012046FFF798FC15
:10612000761C6068B042E5D82068416901F48011AE
:106130004161206803F09DFD800234D501204B466B
:1061400029E000BF05EB4011D1F8001B00EBC002B5
:1061500004EB820696F88022012A1BD1002919DA65
:1061600094F8FC2401F4803102F00102914211D133
:1061700086F87F32A96941F08002AA61696909063F
:1061800008D4D5F8040840F40070C5F8040805E008
:106190000A30544F401C61688142D3D8206841695D
:1061A00001F400114161206803F063FD400007D550
:1061B0002046FFF732FC2068416901F080414161CF
:1061C000206803F056FD40070AD520684568680737
:1061D00002D52046FFF738FC20684168294341601A
:1061E000BDE8FC9FD0F8080502F086BDD0F8080590
:1061F00002F096BD2DE9F0418AB0040005D094F874
:10620000BD042668002520B108E001200AB0BDE8E1
:10621000F08184F8BC54204600F05EF8032084F836
:10622000BD04F06BC00500D42561206803F04AFA74
:1062300004F11001282288466846FAF71EFA94E80D
:106240000F0003F0A9F80226C8BB0021206803F064
:1062500033FD002001270EE000EBC00104EB8101BB
:1062600081F83D7001F83C0F08810D71CD600D6122
:10627000401CC0B28D6161688142EDD8002011E000
:1062800000EBC00104EB810181F87D5281F87C02B2
:1062900081F88052C1F88852C1F88C52401CC0B2BB
:1062A000C1F8945261688142EAD828224146684682
:1062B000FAF7E3F994E80F0003F04AF910B184F813
:1062C000BD64A2E784F8385084F8BD74206803F0F8
:1062D00031F900209AE7000010B586B00446142179
:1062E0006846FAF7FCF92068B0F1A04F2FD11948A1
:1062F0000021026842F001020260006800F0010023
:1063000005904FF4C05000900220CDE90101032018
:1063100003900A20049069460F48FFF7B9F90D4829
:10632000001D016841F0800101600A4814300168D5
:1063300041F4804101600068002200F48040059033
:1063400011464320FFF710FB4320FFF7FFFA06B08A
:1063500010BD0000303802400000024070B5044615
:10636000C068012570B1022801D0FEF733F9294633
:10637000D4F8080502F042FDD4F80805BDE87040E5
:1063800002F0F7BC0025F2E7D0F8080502F01FBDC7
:10639000D0F8080502F025BD10B5044690F8BC04FD
:1063A00001280BD0012084F8BC0484F83810206840
:1063B00003F0B0FC002084F8BC0410BD022010BD26
:1063C000D0F8082500F2C441104602F023BD10B5F4
:1063D0000446006894F8BC14012906D0012184F811
:1063E000BC14A16A012902D008E0022010BDA169F5
:1063F000012903D0816B41F480318163206803F06F
:10640000BAFB206803F088F8002084F8BC0410BDB3
:1064100010B50446D0F8080502F03EFD2068D0F81B
:10642000001E41F00101C0F8001E206A002804D0BF
:106430000248016841F00601016010BD10ED00E066
:106440002DE9F0470E46050065D0DFF81481D8F835
:106450000000F7B200F00700B04207D288F80070E1
:10646000D8F8000000F00700B04254D128683D4C35
:10647000810712D5400703D5206840F4E050206022
:106480002878000703D5206840F460402060206829
:10649000A96820F0F000084320602878C0072DD0BC
:1064A000304968680839012812D0022813D003281F
:1064B00011D00968890700292DDA216821F003012C
:1064C00001432160FFF7E2F9814641F2883A0EE08C
:1064D00009688903EFE709688901ECE7FFF7D6F956
:1064E000A0EB0901514502D90320BDE8F0872068DF
:1064F000696800F00C00B0EB810FEFD1D8F8001004
:10650000404601F00701B14207D90770006800F06A
:106510000700B04201D00120E7E72878400705D501
:106520002068E96820F4E0500843206028780007DC
:1065300006D52068296920F4604040EAC100206047
:1065400000F01EF82168084AC1F30311515CC840ED
:106550000649086006480068FFF7C0F90020C4E754
:10656000003C02400838024084AF00087000002060
:10657000680000200148006870470000700000209B
:10658000154810B5006810F00C02144813D04110E3
:10659000042A0FD0082A0ED10F4C241F226823682A
:1065A00002F03F025B0207D52068C0F38810A0FB11
:1065B000010106E0084610BD2168C1F38811A1FB66
:1065C00000010023F9F78CFE2168C1F30141491C49
:1065D0004900B0FBF1F010BD083802400024F4007F
:1065E0002DE9F84F04006ED02078DFF84C93C007F7
:1065F000A9F104054AD009F104000168C1F3810141
:10660000012908D00068C0F3810002280AD1D9F816
:106610000000400206D52868800337D5606800284E
:10662000E1D033E06068B0F5803F10D0B0F5A02F26
:10663000286810D020F480302860286820F480205A
:1066400028606068A8B1FFF721F906460DE02868C8
:1066500040F48030F4E740F480202860F7E700BF82
:10666000FFF714F9801B642873D828688003F7D5D6
:106670000CE0FFF70BF9064605E000BFFFF706F94F
:10668000801B6428F0D828688003F7D42078DFF8CE
:10669000AC8280074FF0000A3ED5A748001D016874
:1066A00011F00C0F08D00068C0F3810002280BD154
:1066B000D9F80000400207D42868800716D5E068A2
:1066C000012800D112E033E1E068B8B10120C8F838
:1066D0000000FFF7DBF8064605E000BFFFF7D6F83D
:1066E000801B0228C0D828688007F7D52868216950
:1066F00020F0F80040EAC10028600DE0C8F800A0D2
:10670000FFF7C4F8064604E0FFF7C0F8801B022834
:106710001FD828688007F7D42078000722D5864F35
:1067200087486169703771B101210160FFF7AEF8E8
:10673000064604E0FFF7AAF8801B022809D838684B
:106740008007F7D50EE0C0F800A0FFF79FF80646D7
:1067500005E082E0FFF79AF8801B02287DD83868B0
:106760008007F7D42078400768D5DFF8CCB1002740
:106770000BF13C0BDBF80000C0000BD4DBF8001081
:1067800041F08051CBF80010DBF80000012700F049
:10679000805000906B4E3068C00510D4306840F4D3
:1067A00080703060FFF772F8009005E0FFF76EF838
:1067B0000099401A022850D83068C005F6D55E4EC0
:1067C000A0686C3601280FD00528306810D020F062
:1067D00001003060306820F004003060A068B8B17B
:1067E000FFF754F800900FE0306840F00100F4E744
:1067F00040F004003060F7E7FFF748F80099411ACD
:1068000041F28830814266D830688007F4D50EE0C6
:10681000FFF73CF8009007E0FFF738F80099411ABD
:1068200041F28830814256D830688007F4D42FB1C5
:10683000DBF8001021F08051CBF80010A069C8B33C
:106840003D49091D0968C1F3810102294AD0022886
:10685000504607D0C8F8600000E03CE0FFF716F8AB
:1068600004463BE04746C8F86000FFF70FF80646CD
:1068700005E000BFFFF70AF8801B02282BD8286824
:106880008001F7D4D4E907010843A16A2E4A4908D8
:1068900002EB0141626A41EA8211084394F82C102C
:1068A00040EA0161C9F8001001203866FEF7EEFFEA
:1068B000044606E03EE000BFFEF7E8FF001B0228AA
:1068C00009D828688001F7D534E000BFFEF7DEFF65
:1068D000001B022802D90320BDE8F88F2868800138
:1068E000F4D427E00128F7D0D9F80000E26900F4D9
:1068F000800191421CD1226A00F03F01914217D1E0
:1069000047F6C071626A0140B1EB821F10D1A26AE2
:106910004FF0FF3300F4403103EB5202B1EB024F72
:1069200006D194F82C1000F07060B0EB016F01D02C
:106930000120D1E70020CFE70438024000004742A1
:10694000800E4742007000400000FFFF10B5401E5F
:10695000B0F1807F01D3012010BD4FF0E0246061D1
:106960000F21601703F09CFA0020A061072020612E
:10697000002010BD7047704710B590F83C20012AE8
:1069800022D0012280F83C20CA688C6822F4407230
:1069900022434C6822F4806222430C6822F4006295
:1069A00022430C6922F4805222434C6922F40052A3
:1069B0002243C969002322F480420A4301684A64E1
:1069C00080F83C30002010BD022010BD70B590F85A
:1069D0003C20012A32D0012480F83C40022280F879
:1069E0003D2003685A689D6822F070060A683243A9
:1069F0005A60134B02689A4214D0B2F1804F11D002
:106A0000104B9A420ED0104B9A420BD00F4B9A4229
:106A100008D00F4B9A4205D00E4B9A4202D00E4B33
:106A20009A4204D1496825F080031943916080F8A7
:106A30003D40002180F83C10084670BD022070BD2A
:106A4000000001400004004000080040000C00402D
:106A500000040140004001400018004010B504004F
:106A600003D094F83D0010B107E0012010BD0020D4
:106A700084F83C00204600F01FF8022084F83D0016
:106A8000211D206801F054FA012084F8460084F8A2
:106A90003E0084F83F0084F8400084F8410084F808
:106AA000420084F8430084F8440084F8450084F8E8
:106AB0003D00002010BD000008B50068154988425F
:106AC0000FD11548016841F0010101600068002202
:106AD00000F00100009011461920FEF745FF192033
:106AE00012E00E49884213D10B48001F016841F0A3
:106AF000020101600068002200F002000090012104
:106B00001D20FEF731FF1D20BDE80840FEF71EBF27
:106B100008BD00000000014044380240000400406D
:106B200090F83D10012901D001207047022180F822
:106B30003D100168CA6842F00102CA60006811494C
:106B4000884214D0B0F1804F11D00F4988420ED046
:106B50000E4988420BD00E49884208D00D49884220
:106B600005D00D49884202D00C49884204D1816881
:106B700001F00701062903D0016841F0010101601D
:106B80000020704700000140000400400008004061
:106B9000000C00400004014000400140001800408B
:106BA00070B5044690F83C000025012817D0012656
:106BB00084F83C60022084F83D002068826822F05E
:106BC000770222F47F4282600868502838D00DDCBA
:106BD00020284FD005DC90B3102811D14AE00220C4
:106BE00070BD302846D040280AD13BE060282FD025
:106BF00070280DD0B0F5805F03D0B0F5005F12D0E3
:106C0000012584F83D60002084F83C00284670BDD2
:106C1000CB68D1E90121206801F0FBF92068816887
:106C200041F0770109E0CB68D1E90121206801F04A
:106C3000F0F92068816841F480418160E1E719E062
:106C4000CA684968206801F0FFFA5021206806E010
:106C5000CA684968206801F008FB6021206801F0DB
:106C6000E2F9CEE7CA684968206801F0EDFA4021F0
:106C70002068F4E7226801461046F0E72DE9F0416C
:106C80000D46040003D094F83D0018B108E001203F
:106C9000BDE8F081002084F83C00204600F040F878
:106CA000022084F83D002068816844F20702914385
:106CB0008160211D206801F03BF92268906891698C
:106CC000166A2B68AF69034340F20330814341EAFF
:106CD0000721A868EF6908434FF6FC418843E9683B
:106CE00040EA0720014328692F6A000140EA073083
:106CF000084369686D6926F0AA0646EA0515294326
:106D000093602268906154F8460B0162012004F8F8
:106D10001F09E0752076E0762077A0750020B7E7A0
:106D200010B586B0044614216846F9F7D8FC2068EF
:106D3000B0F1804F27D115480021026842F00102CE
:106D40000260006800F001000590104810380268E9
:106D500042F001020260006800F00100059003208B
:106D600000900220CDE901010120CDE90310694620
:106D70000748FEF78DFC002211461C20FEF7F4FDAB
:106D80001C20FEF7E3FD06B010BD000040380240B5
:106D90000000024070B590F83E60044690F83F5005
:106DA00090F8423090F84320022021B104290ED0FF
:106DB000012E1BD114E0012E18D1012B16D184F81D
:106DC0003E0084F8420001220021206820E0012DCD
:106DD0000CD1012A0AD184F83F0084F8430014E062
:106DE000012D03D1012B01D1012A01D0012070BD59
:106DF00084F83E0084F83F0084F8420084F84300A1
:106E000001220021206801F0F7F801220421206806
:106E100001F0F2F82068016841F0010101600020F2
:106E200070BD704770B50446006801694FF00005F9
:106E3000C943890715D4C168C943890711D4E91E1C
:106E4000016101202077206880698007204602D0F8
:106E5000FFF7E7FF04E000F0D9F8204600F06BF9F7
:106E6000257720680169C943490717D4C168C94318
:106E7000490713D46FF004010161022020772068D4
:106E8000806910F4407F204602D0FFF7CAFF04E07B
:106E900000F0BCF8204600F04EF925772068016923
:106EA000C943090716D4C168C943090712D46FF052
:106EB00008010161042020772068C069800720460E
:106EC00002D0FFF7AEFF04E000F0A0F8204600F08B
:106ED00032F9257720680169C943C90617D4C1680A
:106EE000C943C90613D46FF010010161082020774F
:106EF0002068C06910F4407F204602D0FFF791FF60
:106F000004E000F083F8204600F015F925772068AA
:106F10000169C943C90708D1C168C943C90704D178
:106F2000891E0161204600F06BF920680169C943A0
:106F3000090609D4C168C943090605D46FF0800168
:106F400001612046FFF716FD20680169C943490623
:106F500009D4C168C943490605D46FF040010161F5
:106F6000204600F079F920680169C94389060BD4ED
:106F7000C168C943890607D46FF02001016120462A
:106F8000BDE87040FFF7F7BC70BD000070B586B07B
:106F9000044614216846F9F7A2FB18492068884284
:106FA00029D117480024016841F0100101600168EF
:106FB00001F010010591016841F0010101600068D4
:106FC000022500F0010005904FF480400090CDE9CB
:106FD00001540126CDE9034669460A48FEF758FBED
:106FE0004FF4E0600090CDE90154CDE903466946D5
:106FF0000548FEF74DFB06B070BD000000000140E3
:10700000303802400010024000000240704770B566
:10701000044690F83C0000260D4601280FD00120C0
:1070200084F83C006AB1042A1DD0082A2FD00C2A0B
:107030003FD00126002084F83C00304670BD02207D
:1070400070BD206800F0F8FF2068816941F00801F8
:1070500081612068816921F0040181612068816972
:107060002A69114311E0206801F016F8206881694F
:1070700041F4006181612068816921F4806181614E
:10708000206881692A6941EA02218161D2E720688A
:1070900001F038F82068C16941F00801C161206839
:1070A000C16921F00401C1612068C1692A691143E5
:1070B00011E0206801F05AF82068C16941F40061CC
:1070C000C1612068C16921F48061C1612068C16922
:1070D0002A6941EA0221C161ACE710B5040003D07E
:1070E00094F83D0010B107E0012010BD002084F8A5
:1070F0003C00204600F01EF8022084F83D00211DCF
:10710000206800F015FF012084F8460084F83E0056
:1071100084F83F0084F8400084F8410084F842007D
:1071200084F8430084F8440084F8450084F83D0066
:10713000002010BD7047704710B50446022249B1C7
:1071400004290ED0082913D094F84100012816D044
:10715000012010BD94F83E000128F9D184F83E20AA
:107160000FE094F83F000128F2D184F83F2008E0B6
:1071700094F840000128EBD184F8402001E084F825
:1071800041200122206800F037FF16492068164A86
:10719000884201D0904203D1436C43F400434364DE
:1071A0002068884213D0B0F1804F10D00F49884238
:1071B0000DD00F4988420AD00E49884207D090422C
:1071C00005D00D49884202D00C49884204D181681B
:1071D00001F00701062903D0016841F001010160B7
:1071E000002010BD000001400004014000040040E8
:1071F00000080040000C0040004001400018004022
:10720000704770B5044690F83C00012812D0012563
:1072100084F83C50022084F83D00204600F0CEFF68
:1072200001004FF0000007D084F83D5084F83C0086
:10723000012070BD022070BD2168CA6822F04002A2
:10724000CA602168CA6822F48042CA6084F83D504E
:1072500084F83C00002070BD7047FEE7F0B50023C5
:107260000A24302537261F4611E000BFB4EB107FFB
:1072700002D905EB107C01E006EB107C01F813C08D
:1072800001EB430C00015B1C8CF80170DBB29342F4
:10729000ECD3F0BD7FB500211B4800910191029114
:1072A000184A0391026001244FF480320461C0E95E
:1072B0000121047680F82010144AC0E90A21022531
:1072C000C561C16080F830404161FDF7B0FD08B193
:1072D000FDF780F90E20CDE90004042002906946F4
:1072E0000948FDF761FC08B1FDF774F90F20CDE9FD
:1072F000000569460448FDF757FC002801D0FDF75A
:1073000069F97FBD00200140780100200100000FD5
:10731000094808B5016841F4800101600068002255
:1073200000F48000009011463820FEF71DFBBDE8F8
:1073300008403820FEF70ABB3038024030B587B02D
:1073400014216846F9F7CBF91D480024016841F083
:1073500010010160016801F010010591016841F020
:1073600080010160016801F080010591016841F030
:1073700001010160016801F001010591016841F01E
:1073800004010160016801F004010591016841F008
:107390000201016000680B4D00F00200059001221F
:1073A00030212846FEF76CFA01213020CDE9021485
:1073B000CDE9000169462846FEF76AF907B030BDFD
:1073C000303802400010024030B595B000240F94D0
:1073D00010941194129413941C2168461494F9F794
:1073E0007EF9202107A8F9F77AF934483249202597
:1073F00080E8320041F26701C0E903148021C0E94E
:107400000541FFF72BFB08B1FDF7E4F84FF480507E
:107410000F900FA92948FFF7C3FB08B1FDF7DAF871
:107420002648FFF75AFE08B1FDF7D4F8CDE913540A
:1074300013A92248FFF7CAFA08B1FDF7CBF860207C
:10744000CDE9000402940394049405940022694653
:107450001A480694FFF7DBFD08B1FDF7BBF80422DC
:1074600069461648FFF7D3FD08B1FDF7B3F80822C7
:1074700069461248FFF7CBFD08B1FDF7ABF80C22C7
:1074800069460E48FFF7C3FD08B1FDF7A3F807945E
:10749000089409944FF400500A94CDE90B4007A9D1
:1074A00006480E94FFF768FA08B1FDF793F8034811
:1074B000FFF76CFD15B030BD000001402002002038
:1074C00010B58CB024216846F9F709F90024154855
:1074D00009944FF080410A94C0E90014611EC0E98C
:1074E0000241046184610320CDE900040120CDE95B
:1074F000020406210491CDE90540CDE90741694622
:107500000848FFF7BBFB08B1FDF764F8099409A927
:1075100004480A94FFF75AFA002801D0FDF75AF8F8
:107520000CB010BD6802002010B592B000240C947D
:107530000D940E94142107A80F94F9F7D0F8109425
:107540001C2168461194F9F7CAF823482149C0E97B
:10755000001441F26701C0E9024104618461FFF750
:107560007DFA08B1FDF736F84FF480500C900CA965
:107570001948FFF715FB08B1FDF72CF81648FFF77F
:10758000ACFD08B1FDF726F80420CDE9070407A9F2
:107590001148FFF736FE08B1FDF71CF8109410A94A
:1075A0000D481194FFF712FA08B1FDF713F86020A7
:1075B000009040F63400CDE90104042269460648F3
:1075C0000494FFF724FD002801D0FDF703F812B062
:1075D00010BD000000040040B002002010B50022E1
:1075E0000F49104801F06BFA08B1FCF7F3FF0E49A0
:1075F0000C4801F079FC08B1FCF7ECFF0B49094895
:1076000001F00CF808B1FCF7E5FF064801F0F0FCCA
:10761000002803D0BDE81040FCF7DCBF10BD00001F
:1076200000000020F8020020CC00002050000020C4
:10763000FEE7000001480078704700005C01002070
:1076400000487047680100200048704780220020F1
:1076500010B5164900202DED028B0870144800F07B
:1076600015FB9FED148AF0EE480AB0EE480A00F0D0
:1076700059F8B0EE481AF0EE480AB0EE480A00F0A9
:1076800063F8B0EE482AF0EE481AB0EE481AF0EE71
:10769000480AB0EE480A00F081F804480C3080ED4A
:1076A000008A80ED018ABDEC028B10BD5C010020D8
:1076B000A422002000000000B0EE401AB0EE600AE4
:1076C000B5EEC00AF1EE10FA01D2B1EE400AB4EE06
:1076D000C01AF1EE10FA08DCB1EE400AB4EEC01A9E
:1076E000F1EE10FA01D3B0EE410A704710EE100A25
:1076F000B0F17E5F02DDB7EE000A704710EE100AAF
:1077000010F1814FF9D9BFEE000A704728B1012866
:1077100003D0022801D0032801D101490870704725
:107720005C01002010B52DED028BB0EE608AFFF7F2
:10773000DDFF044880ED000A80ED018ABDEC028B7C
:1077400010BD00006001002010B52DED048BB0EEDF
:10775000419AF0EE608AB0EE408AFCF725FE90ED8B
:10776000020A0C4CB8EEC00A84ED000A9FED0A0A2A
:1077700084ED010A84ED020A84ED038AC4ED048AD3
:10778000B0EE490AFFF7B2FF84ED050ABDEC048BA9
:1077900010BD0000682200200000000070B52DED33
:1077A000068BF0EE429AB0EE61AAF0EE418AB0EE9E
:1077B000609AB0EE408AFCF7F7FD214C054684ED57
:1077C000008A90ED0A0A9FED1F8A84ED010A84ED7C
:1077D000028A9FED1D0A84ED038A84ED040AB0EE4F
:1077E0004A0AFFF783FF84ED050AF0EE400AB0EE87
:1077F000690AFFF761FF84ED060A84ED078AA8682D
:10780000206204F12400054600F072FAF0EE680AE6
:10781000B0EE490A284600F07DFAD4ED050A284664
:10782000B1EE600A00F09CFAD4ED060A2846BDECE1
:10783000068BB1EE600ABDE8704000F072BA00003D
:10784000802200200000000000007A442DE9F04171
:107850000E460700B0EE401A4BD0002E49D04948E2
:1078600000F10C040178001DE9B1012943D002297F
:1078700044D0454D95ED040AD5ED010AD5ED001A29
:1078800020EE010A31EEE02AB5EEC00AF1EE10FA60
:1078900001D2B1EE400AB4EEC02AF1EE10FA4ADD90
:1078A00070EE801A50E0D0ED011ADFED380A97ED46
:1078B000000A374A61EEA01A01EE810A02E000BF19
:1078C00030EE600A10EE101A9142F9DA02E000BFC1
:1078D00030EE200AB5EEC00AF1EE10FAF8D387EDCB
:1078E000000A90ED000A84ED000A97ED000A84ED8D
:1078F000010ABDE8F08190ED000A39E0224D183D03
:1079000095ED000AD5ED030A00EE810A85ED000A27
:10791000D6ED020AF8EEE00A30EE600A85ED010AC3
:10792000D5ED040A20EEC00AD5ED050AFFF7C4FE26
:1079300085ED020A1CE0F1EE402AB4EEE22AF1EEF7
:1079400010FA01D270EEC01AC5ED011AB0682862B3
:10795000D6ED0A0AB0EE610A0B4870EE601AC5ED6A
:10796000020A2430C5ED031A00F01AFA85ED070A61
:1079700084ED000A96ED070A84ED010A87ED000AFE
:10798000B7E700005C01002080220020DB0FC94027
:10799000DB0FC94010B50D4C2078002814D1002110
:1079A0000B48FFF7C9FB04210948FFF7C5FB082175
:1079B0000748FFF7C1FB0C210548FFF7BDFB044852
:1079C000FFF7AEF80120207010BD0000500100202C
:1079D00020020020002310B51A461946184600F070
:1079E00069F8BDE81040FFF7D5BF014641F26700D6
:1079F000814200D80846704710EE100AB0F17E5F51
:107A000002DDB7EE000A704710EE100A10F1814F48
:107A1000F9D9BFEE000A7047B5EEC00AF1EE10FAD0
:107A200001D2B1EE400A9FED061AF6EE000A40EED2
:107A3000010ABCEEE00A10EE100A80B270470000A6
:107A40000038834510B52DED028BB0EE608AFFF74C
:107A5000D3FFF0EE408AB0EE480AFFF7CDFFB0EE5C
:107A6000408AB0EE680AFFF7D7FF0446B0EE480A36
:107A7000FFF7D2FFF5EEC08A0022F1EE10FA0C49B2
:107A800002DB0C804A8001E00A804C80B5EEC08A9F
:107A9000F1EE10FA02DB8880CA8001E08A80C8809B
:107AA0000348BDEC028BBDE8104000F01FB8000099
:107AB000520100202DE9F0411D4616460F46FFF702
:107AC00094FF094C20803846FFF78FFF60803046D6
:107AD000FFF78BFFA0802846FFF787FFE080204656
:107AE000BDE8F04100F002B85201002006490288CA
:107AF0000B685A630B6842889A630B688288DA6362
:107B00000968C0880864704720020020FEE7000072
:107B10000148FEF7B7B80000F41900202DE9F04144
:107B200003680D4604461E6C03EB4511D1F8080BA3
:107B3000D4F810E04FF400474FF0200C04F2C44298
:107B4000BEF1010F09D0DFF898E0764539D1020483
:107B500032D500BFC1F8087B3FE0224B5FEA007ED0
:107B600004D59E4239D90004F4D436E05FEA806E31
:107B700002D5C1F808CB30E010F0280F2DD19E427D
:107B800001D90004E6D405EBC50004EB8000D1F870
:107B9000101BD0F89832C1F31201591AC0F89C1288
:107BA00000F51F70ADB983691BB102691144016111
:107BB0000FE0012120680AE080060AD5C1F808CB51
:107BC00007E035B9D4F8940218B90021184601F03D
:107BD0000DFEE9B22046FDF72DFF0020BDE8F08143
:107BE0000A31544F0A30544F2DE9F84F0E4601EB3D
:107BF000C60100EB810481460568616DE06D3C348F
:107C0000884202D90120BDE8F88F081AE168814254
:107C100000D20846C01C870805EB46181BE000BFD1
:107C2000A0EB010AE068504500D282460AF1030049
:107C3000870899F8100000901FFA8AF3F2B22846DC
:107C4000216902F0EDF8216901EB0A002061216A47
:107C500001EB0A002062D8F8180980B2B84205D3B7
:107C6000216AA069814201D20028D9D1216AA06984
:107C7000884208D806F00F0101208840D5F8341852
:107C80008143C5F834180020BDE7000000281BD050
:107C9000F7EE000A9FED0D0A80ED000A80ED010A63
:107CA00080ED020A80ED030A80ED040A80ED050AEA
:107CB00080ED060ABFEE000A80ED070AC0ED080A53
:107CC00080ED090AC0ED0A0A7047000000000000BC
:107CD000B4EEC10AF1EE10FA02DDB0EE410A7047CF
:107CE000B4EEE00AF1EE10FAF9D2B0EE600A704795
:107CF00000280BD09FED060A80ED000A80ED010AF6
:107D000080ED020A80ED050A80ED060A704700004A
:107D100000000000002803D080ED030AC0ED040A33
:107D2000704710B504001AD0B4EEE00AF1EE10FA74
:107D300005DDB0EE401AB0EE600AF0EE410A84EDC7
:107D4000090AC4ED0A0AD4ED051AB0EE601AF0EE85
:107D5000400AB0EE610AFFF7BBFF84ED050A10BDD3
:107D600010B504001AD0B4EEE00AF1EE10FA05DD09
:107D7000B0EE401AB0EE600AF0EE410A84ED070A58
:107D8000C4ED080AD4ED061AB0EE601AF0EE400A0F
:107D9000B0EE610AFFF79CFF84ED060A10BD0000FB
:107DA00010B5DFED281A04002DED028B46D0B5EE9C
:107DB000C01AF1EE10FA01D2B0EE611A84EC020A98
:107DC00030EE600A84ED020AD4ED040A60EE200A67
:107DD00094ED050A00EE810A84ED050A94ED0A1A75
:107DE000D4ED090AFFF774FF84ED050A94ED031A38
:107DF000D4ED020A21EE208A94ED081AD4ED070A88
:107E000070EE088AB0EE680AFFF762FFB4EE680A07
:107E100084ED060AF1EE10FA0BD030EE480A84ED3C
:107E2000050A94ED0A1AD4ED090AFFF751FF84ED13
:107E3000050A94ED060ABDEC028B10BDB0EE610A96
:107E4000F9E70000000000007047704701784078B3
:107E500041EA00207047FDF71FBD000030B593B028
:107E600030216846F8F73BFC14210CA8F8F737FCE2
:107E70001E480025016841F080510160006800F053
:107E8000805011901A48016841F4804101600068F7
:107E9000022400F480401190012000900004019021
:107EA0008001CDE90640082008904FF4A870CDE984
:107EB000090407200B906846FEF792FB08B172B6E2
:107EC000FEE70CA90F2081E831004FF4A0500F907D
:107ED0004FF48050109005210CA8FEF7B1FA00284D
:107EE00001D072B6FEE713B030BD0000403802404A
:107EF000007000400248016841F470010160704761
:107F000088ED00E010B5FAF721FCBDE8104001480B
:107F1000FEF788BF200200200148FEF783BF000063
:107F2000680200200148FEF77DBF0000B00200207B
:107F3000F0B50268254C264D264E274F274B4FF0B3
:107F4000804CA04209D0604507D0A84205D0B0427D
:107F500003D0B84201D0984204D122F0700E4A6892
:107F600042EA0E02A0421BD0604519D0A84217D0A9
:107F7000B04215D0B84213D0984211D0184DA84243
:107F80000ED0184DA8420BD0174DA84208D0174D5F
:107F9000A84205D0164DA84202D0164DA84203D1E2
:107FA00022F44075CA682A434D6922F080022A43B0
:107FB00002608A68C2620A688262A04201D0984266
:107FC00001D10969016301214161F0BD0000014057
:107FD0000004004000080040000C00400004014084
:107FE00000400140004401400048014000180040AA
:107FF000001C00400020004010B501F01F030121CB
:10800000046A99408C430462016A9A4011430162F8
:1080100010BD10B5846842EA032224F47F440A4369
:108020002243826010BD826822F070020A4342F04F
:108030000701816070470000F0B5026A22F001027A
:108040000262036A42688469124E24F073050C6868
:108050002C4323F002058B682B430D4DA84201D021
:10806000B04205D123F00807CB683B4323F004035B
:10807000A84201D0B04205D14D6922F440721543A7
:108080008A692A4342608461496841630362F0BDA2
:108090000000014000040140F0B5026A22F0100225
:1080A0000262026A436884690D6824F4E64444EA83
:1080B00005248D6822F0200242EA05120F4D104E71
:1080C000A84201D0B04206D1CF6822F0800242EA35
:1080D000071222F04002A84201D0B04207D14D69F8
:1080E00023F4406343EA85038D6943EA85034360D3
:1080F0008461496881630262F0BD000000000140B4
:1081000000040140F0B5026A22F480720262026A41
:108110004368C46922F4007224F073050C68124E9F
:108120002C438D6842EA05220E4DA84201D0B04290
:1081300006D1CF6822F4006242EA072222F480626C
:10814000A84201D0B04207D14D6923F4405343EA1D
:1081500005138D6943EA05134360C4614968C1632F
:108160000262F0BD000001400004014030B5026A27
:1081700022F480520262046A4268C3690D6823F4E3
:10818000E64343EA05238D6824F4005444EA0534A9
:10819000084DA84202D0084DA84204D14D6922F4EE
:1081A000804242EA85124260C36149680164046208
:1081B00030BD0000000001400004014070B50368BC
:1081C00000249A6822F070054A682A4322F00705C5
:1081D0000A682A439A604A6812F00F0F31D11211CF
:1081E000082A2ED2DFE802F02E2E2E2E0B21270495
:1081F0000B69D1E902210068FFF70BFF22E00A6852
:10820000052A10D00268136A156A25F00105156267
:1082100002689569096925F0F00545EA0111916147
:10822000006803620EE0012070BD0A698968006879
:1082300000F00AF806E00A698968006800F015F89D
:1082400000E00124204670BD10B5036A046A24F0E2
:1082500001040462846924F0F00444EA021423F067
:108260000A020A438461026210BD10B5036A23F05A
:10827000100303628369046A23F4704343EA023201
:1082800024F0A00343EA01118261016210BD2DE9CF
:10829000F0410C46D0F8D412D0F8C82200EB81018E
:1082A000D1F8C01229B304F00F0606EB860300EBE9
:1082B00083050027AB694BB106EBC60602EB8602CD
:1082C000926CB3FBF2F602FB1632A2B1C1F8147243
:1082D000D0F8D42200EB8200D0F8C40203692BB19D
:1082E000D1F80802224601F5047198470020BDE844
:1082F000F0810320FBE700231A462146AF6100F01E
:10830000D4FDF3E770B50546D0F8D40205EB800044
:10831000D0F8C04294B1284600F0A9FCC4F80C0281
:10832000D5F8D412D4F8040205EB8101D1F8C412B7
:10833000CA6804F503719047002070BD032070BD2A
:1083400070B5224D0446297800F0D5FB2878002628
:1083500000F00F0000EB800004EB80008684697859
:10836000204600F0C8FB687800F00F0000EB8000AA
:1083700004EB8000A0F86461A978204600F0BBFB04
:10838000A87800F00F0000EB800004EB80008684EA
:10839000C684D4F8D40204EB8000D0F8C01299B19E
:1083A000D0F8C40240688047D4F8D40204EB8000BF
:1083B000D0F8C00200F09DFFD4F8D40204EB800096
:1083C000C0F8C062C4F8BC62002070BD7800002014
:1083D00010B5D0F8D41200EB8100D0F8C04284B1BF
:1083E000D0F8C41259B194F80002FF2807D08B6866
:1083F00094F8012221469847FF2084F800020020CB
:1084000010BD032010BD00000A2101800048704704
:108410007C00002070B5064682210C4800F0FBFA73
:1084200005460121094800F0F6FA04468121074873
:1084300000F0F1FA0DB11021A971402104B1A18021
:1084400000B1818043203080004870BD880000204A
:1084500070B5064682210D4800F0DDFA054601217F
:108460000A4800F0D8FA04468121084800F0D3FAFF
:108470000DB11021A9714FF4007104B1A18000B1B8
:10848000818043203080014870BD000088000020BA
:1084900070B5064682210C4800F0BDFA0546012160
:1084A000094800F0B8FA04468121074800F0B3FA01
:1084B0000DB11021A971402104B1A18000B18180CA
:1084C00043203080004870BD880000202DE9F0472F
:1084D00004464FF40775284600F00CFF06004FF0E5
:1084E000000863D02946F8F7FAF8D4F8D4023C4DD6
:1084F00004EB80004FF01009C0F8C062C4F8BC6201
:10850000207C4FF4007A0127F0B34023022229781F
:10851000204600F019FC2878402300F00F0000EB03
:10852000800004EB8000878402226978204600F0F6
:108530000BFC6878082300F00F0000EB800004EBD0
:1085400080000322A0F86471A978204601F00F0191
:1085500001EB810104EB8101A1F82690A97800F0DC
:10856000F3FBA87800F00F0000EB800004EB800024
:108570008784C6F80482D4F8D402474604EB80000E
:10858000D0F8C402006800E018E006F501768047E4
:108590003761776132687AB1207CF8B1402369781D
:1085A000204600F0DDFB0020BDE8F087D4F8D412AF
:1085B00004EB8101C1F8C0820220F5E75346022294
:1085C0002978204600F0C0FB2878534600F00F00C1
:1085D00000EB800004EB80008784A5E75346DEE7CC
:1085E0007800002010B5D0F8D41200EB8101D1F84A
:1085F000C01259B1027C084C002AD1F8042207D0DD
:108600004023617800F0ACFB002010BD032010BDBA
:108610004FF40073F5E700007800002039B1D0F87E
:10862000D42200EB8200C0F8C4120020704703205F
:108630007047D0F8D42200EB8200D0F8C00218B105
:10864000C0F804120020704703207047D0F8D432DD
:1086500000EB8300D0F8C00228B1C0F81022C0F8A7
:10866000081200207047032070472DE9FC410646A0
:10867000D0F8D4020C4606EB80000021D0F8C0727E
:108680008DF80010ADF804100D4637B1217811F0C7
:1086900060022FD0202A4BD102E00320BDE8FC81EC
:1086A000E288F2B109060DD5D0F8C40263783946E4
:1086B000D0F808C01846E047E288072A00D9072208
:1086C00039462DE0607887F80002E088402800D322
:1086D0004020C2B287F801223946304600F081F8C6
:1086E0002BE0D0F8C4026378002286682146184641
:1086F000B04722E0607830B101281ED00A2809D0A6
:108700000B2815D110E096F89C02032810D1022204
:1087100001A905E096F89C02032809D101226946C7
:10872000304600F078F808E096F89C02032804D060
:108730002146304600F04AF803252846AEE70000FF
:1087400010B5D0F8D41200EB8101D1F8C02201217C
:108750001AB1D2F8143213B116E0032010BD012172
:10876000C2F814120949D2F81032097801F00F0446
:1087700004EB840400EB8404A361D2F81032D2F835
:10878000082200F092FB0021084610BD780000206E
:1087900010B5D0F8B82200245268904700B10324E5
:1087A000204610BD0020704700207047134610B5CA
:1087B0000A46002100F0D4FA002010BD134610B57F
:1087C0000A46002100F071FB002010BD10B50446E0
:1087D000802100F04FFB2046BDE81040002100F052
:1087E00049BB10B50323C0F89432C0F85821134692
:1087F000C0F85C210A46002100F0B2FA002010BD4A
:1088000010B50521C0F8941200231A46194600F04D
:10881000A7FA002010BD10B50223C0F8943282617F
:108820001346C2610A46002100F03FFB002010BD44
:1088300010B50421C0F8941200231A46194600F01E
:1088400034FB002010BD000010B50A46024903A009
:1088500000F005F9004810BDD40500204344432032
:10886000436F6E66696700001220088000487047F9
:108870002000002010B50A46024903A000F0EFF8DE
:10888000004810BDD405002043444320496E746560
:10889000726661636500000004200880004870472C
:1088A0001C00002010B50A46024903A000F0D7F8CA
:1088B000004810BDD405002053544D6963726F65A4
:1088C0006C656374726F6E696373000010B50A465D
:1088D000024903A000F0C3F8004810BDD4050020F1
:1088E00053544D3332205669727475616C20436F56
:1088F0006D506F727400000010B51A2008800A488D
:108900000168001D0468001D0068081809D00822CD
:108910000649FEF7A3FC0549042210312046FEF764
:108920009DFC0248801E10BD107AFF1F36000020FB
:10893000F8B504460020ADF8000048880D46010A4D
:1089400008295FD2DFE801F05E0409175E5E3C454E
:10895000D4F8B412207C0A6819E0207C0226002892
:10896000D4F8B80205D0C16A684688470146467007
:1089700039E0816AF8E7C0B2062843D2DFE800F0A8
:10898000030A1014181CD4F8B402426805E06946C2
:1089900090471CE0D4F8B402826892B3207CF6E7DA
:1089A000D4F8B402C268F8E7D4F8B4020269F4E774
:1089B000D4F8B4024269F0E7D4F8B4028269ECE773
:1089C000207CF0B9D4F8B802416B6846884701466C
:1089D00009E0207CA8B9D4F8B802016B6846884742
:1089E000014607204870EA888AB1BDF8000040B10E
:1089F000824200D90246ADF800202046FFF70BFF67
:108A0000F8BDFFE729462046FFF7E0FEF8E72046DD
:108A1000FFF70EFFF4E778B50E464288017800258F
:108A200004468A4212D9ADF800100AE0694600F007
:108A30000FF84178052904D181780546B14205D067
:108A400000256188BDF800209142EFD8284678BD06
:108A50000A8803781A440A8001780844704770B580
:108A6000002300281ED00025044602E06D1CEDB254
:108A7000641C2678002EF9D1022404EB45041480EE
:108A80001278CA545B1C0322CA5400245B1C06E003
:108A9000CA545B1CDAB28C54521CD3B2401C02780C
:108AA000002AF5D170BD01004FF0000004D001296B
:108AB00001D0022901D0032070470120704778B10E
:108AC0000023C0F8B832C0F8C432C0F8D03209B1BF
:108AD000C0F8B412012180F89C12027000F0CCB8EA
:108AE0000320704710B5D0F8C802FCF7E6FFBDE8D8
:108AF0001040FFF7D8BF10B5D0F8C802FCF7B7FF99
:108B0000BDE81040FFF7CFBF2DE9F04117460446FE
:108B1000002521B194F89C02032842D04CE0D4F8FF
:108B2000941204F11400022935D1D0E902639E4267
:108B300006D9F21A826039462046FFF73FFE0FE061
:108B4000B34214D14068984211D3D4F898128842A5
:108B50000DD2002211462046FFF730FEC4F898528D
:108B600000231A461946204600F0FAF813E094F85C
:108B70009C02032808D1D4F8B802C16821B1C4F816
:108B8000D452C168204688478021204600F072F9FF
:108B90002046FFF735FE94F8A00268B184F8A05291
:108BA0000AE0D4F8B802426932B1C4F8D45242693A
:108BB00020469047002800D10020BDE8F08170B524
:108BC00013460446002221B194F89C02032830D0B9
:108BD0003AE0D4F8941204F5AA70032934D1D0E90C
:108BE00002518D420AD96A1A82600846824200D335
:108BF000024619462046FFF7D9FD25E094F8AA025F
:108C000010F01F0003D0012802D0022800D000225B
:108C100094F89C02032808D1D4F8B802016921B164
:108C2000C4F8D4220169204688472046FFF700FE99
:108C30000AE0D4F8B802836933B1C4F8D422826957
:108C400020469047002800D1002070BD00207047CA
:108C500010B50024012180F89C12D0F8B82222B16E
:108C600052680179904700B10324204610BDD0F826
:108C7000C802FCF750BF000010B5017839BB154998
:108C80000222C1F80805C0F8C8124FF0A0400860E1
:108C9000042048600020C1E90320C1E906200862E1
:108CA0004862C86208630846FDF7A4FA08B1FBF7FA
:108CB00091FC80210748FCF78AFE402200210548EC
:108CC000FCF789FE802201210248FCF784FE002087
:108CD00010BD0000F41900200A0601F07F01D0F851
:108CE000C80201EBC10100EB810002D590F83E0003
:108CF000704790F87E02704710B5D0F8D42200EB90
:108D00008202D2F8B82222B190F89C32032B02D012
:108D100004E0032010BD126A02B19047002010BD8C
:108D200010B5D0F8D42200EB8202D2F8B82222B1DA
:108D300090F89C32032B02D004E0032010BD526A4D
:108D400002B19047002010BD10B51C461346D0F864
:108D5000C8022246FCF7E8FEBDE81040FFF7A3BEBC
:108D600010B5D0F8C802FCF70FFFBDE81040FFF7C0
:108D70009ABE2DE9F04100260125044680F89C5258
:108D8000C4F894626660C4F8A46280F8A062D0F867
:108D9000B80230B1426822B100212046904700B1AC
:108DA00003260022402311462046FFF7CDFF40272F
:108DB000A4F864513B46002280212046C4F860712B
:108DC000FFF7C2FFA58430462762BDE8F08190F826
:108DD0009C12042903D190F89D1280F89C12002067
:108DE000704710B590F89C12032905D1D0F8B8123D
:108DF00011B1C96901B18847002010BD017400207C
:108E0000704710B5D0F8C802FDF7C6FABDE81040AB
:108E1000FFF749BE70B5044600F2AA20054600F0EF
:108E20004DF80120C4F89402B4F8B002C4F89802D6
:108E300094F8AA0210F01F010AD001290ED00229CD
:108E400012D000F080012046BDE8704000F012B85A
:108E500029462046BDE8704000F0CCB8294620469F
:108E6000BDE8704000F00CBA29462046BDE87040CD
:108E700000F056B910B5D0F8C802FCF7A9FEBDE85D
:108E80001040FFF710BE10B5D0F8C802FDF79FFAEA
:108E9000BDE81040FFF707BE90F89C1280F89D12C5
:108EA000042180F89C120020704710B5D0F8C80249
:108EB000FCF7C8FEBDE81040FFF7F5BD70B50546EC
:108EC00011F8010B2870087868704C1C2046FEF7DA
:108ED000BDFF6880A41C2046FEF7B8FFA880A01C38
:108EE000FEF7B4FFE88070BD38B504460020ADF849
:108EF0000000A1B1C4F8B812D4F8D40204EB800089
:108F0000D0F8B802C16A19B168468847C4F8D002DF
:108F1000D4F8D802401CC4F8D802002038BD032081
:108F200038BD02460020D2F8B832002B02D01B68B0
:108F300010461847704700002DE9F04188462B4E37
:108F40008978002504463170012906D9414620461A
:108F5000FFF73CFC0320BDE8F08194F89C02022757
:108F600002280CD003281DD041462046FFF72EFCD6
:108F700031782046FFF70CFC03252846EBE789B340
:108F800020466160FFF7CDFF050004D04146204632
:108F9000FFF71CFC1DE02046FFF74AFC032084F885
:108FA0009C02EAE7C1B1606888421BD0C1B220468A
:108FB000FFF7EEFB317820466160FFF7B2FF050056
:108FC00010D041462046FFF701FC21792046FFF7EB
:108FD000DFFB84F89C72D0E784F89C7220466160C5
:108FE000FFF7D6FB2046FFF723FCC6E774000020FE
:108FF000FFF749BF2DE9F0410A78002512F0600221
:109000000CD0202A01D0402A7DD1D0F8D42200EB08
:109010008202D2F8B8229268904731E04B78002261
:1090200001260A2B6FD2DFE803F041666E586E0806
:10903000056E2D29FFF77CFC67E004468888D8B9C7
:10904000C888C8B94888802816D200F07F0794F8ED
:109050009C02032810D084F89E7239462046FFF700
:10906000D0FE2046FFF7E4FB1FB1022084F89C02EB
:109070004BE084F89C6248E0204644E0FFF75CFF48
:10908000054642E0CB88012B3DD190F89C32012B64
:1090900004D0022B02D0032B35D104E082600122E0
:1090A00000F1080116E00122011D13E090F89C2256
:1090B000012A03D0022A01D0032A24D1CA88022A15
:1090C00021D1C660D0F8A41209B10321C1600222E7
:1090D00000F10C01FFF79FFB17E04A88012A02D03C
:1090E000022A03D00FE0C0F8A46216E08988090ABA
:1090F00080F8A01211E090F89C32012B08D0022BCE
:1091000006D0032B04D0FFF761FB2846BDE8F081B1
:1091100049880129F9D1C0F8A422FFF789FBF4E7B7
:109120002DE9F041054608780C790E464FF000080D
:1091300010F060000BD0202801D040286AD12146D1
:109140002846FFF72FFBFF2800D0D8B395E07078B2
:10915000C8B3012824D003285CD195F89C020228CA
:1091600002D0032856D10CE0002C53D0802C51D0D3
:1091700021462846FFF77EFE80212846FFF77AFE2B
:109180007BE0708840B93CB1802C05D0C88818B904
:1091900021462846FFF76EFE2846FFF749FB6CE0A4
:1091A00095F89C020228DFD0032863D1708880BB29
:1091B000600603D021462846FFF794FC2846FFF7B7
:1091C00037FBBCE700E00AE0C5F8D402D5F8B802E6
:1091D0008268F2B131462846904780464DE095F8C6
:1091E0009C020027022802D0032843D113E00CB1CF
:1091F000802C3FD1200604F07F0000EB800005EBBF
:10920000800101D5143101E001F5AA7102220F603D
:109210002CE032E02EE0200604F00F0000EB80008E
:1092200005EB800009D5808C20B304F07F0000EBB3
:10923000800005EB800614360AE0B0F86401C8B17E
:1092400004F07F0000EB800005EB800606F5AA76AF
:109250004CB1802C07D021462846FFF73DFD10B1C8
:109260000120306000E03760022231462846FFF7D7
:10927000D2FA02E02846FFF7A9FA4046BDE8F0819D
:1092800070B50546087800240E4610F0600003D043
:10929000202801D0402827D195F89C02012803D02E
:1092A000022801D003281FD1B088C1B201291AD8E1
:1092B000C1B22846FFF778FAFF280CD058B9D5F884
:1092C000B8128A683AB1C5F8D4028A68314628468D
:1092D0009047044600E00324F088204307D1284645
:1092E000FFF7A6FA03E031462846FFF76FFA20465B
:1092F00070BD704700487047D417002070B50A78D9
:10930000012302F00F054E78AB401B4CD0F81C58DF
:10931000012E17D045EA0343C0F81C3800EB421079
:10932000D0F8002B12040BD4D0F8002B8B890979CC
:10933000C3F30A031A4344EA81410A43C0F8002BED
:10934000002070BD9BB21D43C0F81C5800EB4210BA
:10935000D0F800391B04F3D4D0F800398D8909798D
:10936000C5F30A0589042B4341EA82510B43234389
:10937000C0F80039E4E7000000800010D0F80019C0
:109380006FF30A01C0F80019D0F8041841F4807195
:10939000C0F804180020704770B5044606990A9E6C
:1093A000049D0D98012916D0E06840F04000E0606F
:1093B000204600F02BF8A16B1EB321F48031A1638D
:1093C000012D07D1A16841F00601A160A16841F01B
:1093D0002001A16070BDA16B21F48031A163E1681F
:1093E000094A1140E160E16821F44011E16001287F
:1093F00003D1E06840F48010E060204600F006F8F9
:10940000DEE741F48031DAE7BFFFBDFF08B5002297
:109410000D490092009B5B1C00938B420CD80369A2
:10942000002BF7DA0092026942F001020261009A11
:10943000521C00928A4201D9032008BD0269D2075A
:10944000F5D1002008BD0000400D030030B54C7878
:109450000A78012300EB4212012C2CD0D2F8004BE9
:10946000002C0BDAD2F8004B44F00064C2F8004B39
:10947000D2F8004B44F08044C2F8004BD0F83C587E
:109480000C7804F00F0403FA04F425EA0444C0F84D
:109490003C48D0F81C48097801F00F018B4024EAC1
:1094A0000341C0F81C18D2F8000B19490840C2F853
:1094B000000B002030BDD2F80049002C0BDAD2F8A6
:1094C000004944F00064C2F80049D2F8004944F071
:1094D0008044C2F80049D0F83C480D7805F00F05EB
:1094E00003FA05F5ADB2AC43C0F83C48D0F81C48CF
:1094F000097801F00F018B4099B28C43C0F81C48E9
:10950000D2F8000903490840C2F80009D1E7000079
:109510000078F3EF007833ECD0F8001E21F003015F
:10952000C0F8001ED0F8041821F00201C0F8041899
:1095300000207047D0F8001E21F00301C0F8001E83
:10954000D0F8041841F00201C0F804180020704758
:109550002DE9F04F00250E460446DDF82CC0DDF85D
:1095600024B0109F2846294604EB8002C2F804115B
:10957000401C0F28F8D32046C7B1806B20F400129E
:10958000A263A06B40F40022A26308468846C4F898
:10959000000ED4F800182046C4F80018BCF1010FE2
:1095A00016D0D0F8001841F0030116E0D0F80408F6
:1095B00040F00202C4F80428A06B40F40012A26339
:1095C000A06B20F40022A263A06B20F48022DBE7D2
:1095D000D0F800180BB141F00101C0F800181021BB
:1095E00000F0EEFA00B10125204600F0CBFA00B100
:1095F00001254046C4F81088C4F81488C4F81C88B3
:1096000000214FF000694FF0904A4FF67F3314E08D
:1096100004EB4112D2F800C9BCF1000F06DA11B117
:10962000C2F800A904E0C4F8009901E0C2F80009FA
:10963000C2F81009C2F80839491C8E42E8D8002146
:1096400015E000BF04EB4112D2F800CBBCF1000FD3
:1096500006DA11B1C2F800AB04E0C4F8009B01E0E7
:10966000C2F8000BC2F8100BC2F8083B491C8E422E
:10967000E8D8D4F8101821F48072C4F81028A0613A
:109680006FF080406061BBF1000F03D1A06940F032
:109690001000A061A06909490843A0610C9818B1A5
:1096A000A06940F00800A061012F03D1A06904491E
:1096B0000843A0612846BDE8F08F000000383C80D8
:1096C00004000040816821F00101816000207047A2
:1096D00070B50D784E78444CEBB200EB4313012E7D
:1096E00021D0D3F8100B6FF31200C3F8100BD3F88E
:1096F000100B2040C3F8100B886908B1C868886156
:10970000C868C861D3F8100B40F40020C3F8100BF0
:10971000D3F8100BCC69C4F312042043C3F8100B28
:10972000012A55D058E08E69002ED3F8106932D046
:109730006FF31206C3F81069D3F810692640C3F816
:1097400010698E69CC68A64200D98C61D3F81049A3
:1097500044F40024C3F81049D3F810498E69C6F3C5
:1097600012063443C3F81049012A22D000EB4512F7
:10977000D2F8003943F00443C2F800398A6932B3A1
:10978000D0F83428097801F00F03012199400A43E9
:10979000C0F8342826E02640C3F81069D3F81049F1
:1097A00044F40024C3F81049D3F810496FF31204AD
:1097B000D8E7496919B100EB4512C2F8141900EB5A
:1097C0004510D0F8001941F00441C0F8001909E033
:1097D000086908B1C3F8140BD3F8000B40F004403B
:1097E000C3F8000B002070BDFFFF07E010B5036C4D
:1097F000134CA34203D9D0F8003B002B1EDB0023FF
:10980000C0F8103BD0F8103B43F40023C0F8103BE5
:10981000D0F8103B43F01803C0F8103BD0F8103BD1
:1098200043F0C043C0F8103B012907D1C0F8142B06
:10983000D0F8001B41F08021C0F8001B002010BDB3
:109840000A30544F4A780B78012A00EB43100BD0B2
:10985000D0F8002B22F40012C0F8002B097903295C
:1098600014D0022912D017E0D0F8002922F40012F7
:10987000C0F800290979032901D002290CD1D0F8B8
:10988000001941F08051C0F8001905E0D0F8001B24
:1098900041F08051C0F8001B002070470A784B78D7
:1098A000D1B200EB4110012B12D0D0F8001B0029DF
:1098B00006DB2AB1D0F8001B21F08041C0F8001B64
:1098C000D0F8001B41F40011C0F8001B00207047C5
:1098D000D0F80019002906DB2AB1D0F8001921F0D0
:1098E0008041C0F80019D0F8001941F40011C0F807
:1098F0000019EBE7F8B50C784F78764DE3B26FF0CE
:10990000604600EB4313012F27D0D3F8104B6FF3C1
:109910001204C3F8104BD3F8104B2C40C3F8104B73
:109920008D69002D75D0CC6825446D1EB5FBF4F50E
:10993000ADB26C43CC61D3F8104B06EAC5452C435D
:10994000C3F8104BD3F8104BCD69C5F312052C4367
:10995000C3F8104B012A71D0A4E08F691FB3D3F86C
:1099600010796FF31207C3F81079D3F810792F40EC
:10997000C3F810798F69CD682F447F1EB7FBF5F5CA
:1099800006EAC545D3F810693543C3F81059D3F832
:1099900010598E69C6F312063543C3F810590D7974
:1099A000012D10D01BE0D3F810692E40C3F81069C8
:1099B000D3F8105945F40025C3F81059D3F81059BD
:1099C0006FF3120509E0D3F8105925F0C045C3F82C
:1099D0001059D3F8105945F00055C3F81059012A11
:1099E00018D000EB4413D3F8004944F00444C3F802
:1099F00000490C79012C2FD08A6962B3D0F8342841
:109A0000097801F00F03012199400A43C0F8342876
:109A10005EE036E04A691AB100EB4413C3F814293A
:109A2000097901290FD1D0F80818C90500EB4411B4
:109A3000D1F8002903D442F0005202E02EE042F0B7
:109A40008052C1F8002900EB4410D0F8001941F011
:109A50000441C0F800193BE0D0F80848E405D3F809
:109A6000004902D444F0005401E044F08054C3F8AB
:109A7000004900920A8B93B20A78096900F0D0F984
:109A800026E0D3F8104BCD68C5F312052C43C3F87C
:109A9000104BD3F8104B44F4002459E70A690AB17B
:109AA000C3F8142B097901290CD1D0F80808C00596
:109AB000D3F8000B02D440F0005001E040F0805099
:109AC000C3F8000BD3F8000B40F00440C3F8000BC0
:109AD0000020F8BDFFFF07E038B5002200921346D2
:109AE0004D780A7842F2107400EB4212012D19D021
:109AF000D2F8005B002D3CDAD2F8005B45F000653F
:109B0000C2F8005B0A7800EB4212D2F8005B45F025
:109B10008045C2F8005B009A521C0092A24221D9F3
:109B2000012326E0D2F80059002D22DAD2F800599C
:109B300045F00065C2F800590A7800EB4212D2F8ED
:109B4000005945F08045C2F80059009A521C009215
:109B5000A242E5D80A7800EB4212D2F80029002A86
:109B6000F3DB06E00A7800EB4212D2F8002B002A61
:109B7000D1DB184638BD816841F0010181600020C9
:109B80007047000008B500220C490092009B5B1C46
:109B900000938B420AD80369002BF7DA0092102257
:109BA0000261009A521C00928A4201D9032008BD2A
:109BB0000269D206F5D4002008BD0000400D030064
:109BC00018B500230D4A0093009C641C0094944235
:109BD0000CD80469002CF7DA0093202343EA8111A2
:109BE00001610099491C0091914201D9032018BDDF
:109BF00001698906F5D4002018BD0000400D03005E
:109C0000D0F8080810F0060004D0022803D0062877
:109C100001D00F20704702207047406900F001001A
:109C20007047D0F81818D0F81C08084080B2704768
:109C3000D0F81818D0F81C080840000C704710B570
:109C4000D0F81038D0F8342801F00F0400EB4110A0
:109C5000E24002F00102D0F8080943EAC2121040C3
:109C600010BD00EB4111D1F8081BD0F814080840D2
:109C70007047416980690840704730B5034608461F
:109C8000940802F00301002203F5805303E01D68ED
:109C900040F8045B521CA242F9D300290BD01C6887
:109CA0000022D50024FA05F3491E521C090400F8CD
:109CB000013B090CF5D130BD70B50446C0680025E4
:109CC00020F0C040E060012901D079B120E0E068D7
:109CD00040F00050E0600120FBF7C8FC60696D1C9B
:109CE00010F0010F10D1322DF5D30DE0E06840F0F7
:109CF0008040E0600120FBF7B9FC60696D1C10F04A
:109D0000010F01D0322DF5D3322D01D0002070BDCE
:109D1000012070BDD0F8002822F4FE62C0F80028AF
:109D2000D0F800284FF4FE6303EA01110A43C0F89B
:109D30000028002070470000022A3ED1264A274B07
:109D40000A449A4201D20F2138E0254A254B0A44A1
:109D50009A4201D20E2131E0234A244B0A449A420E
:109D600001D20D212AE0224A224B0A449A4201D212
:109D70000C2123E0204A214B0A449A4201D20B21B4
:109D80001CE01F4A1F4B0A449A4201D20A2115E0E7
:109D90001D4A1E4B0A449A420FD31D4A1D4B0A44CA
:109DA0009A4201D2082109E01B4A11441B4A914200
:109DB00001D2072102E0062100E00921C26822F455
:109DC0007052C260C2684FF4705303EA81210A43A3
:109DD000C260002070470000405327FF00350C0090
:109DE000401E1BFF40420F0000DC0BFF804F1200A3
:109DF000808CF9FE20D6130060B6E5FE60E3160005
:109E000000D3CEFE40771B00C05BB3FEC0912100A3
:109E100000CA91FE20753800E05459FEE09C4100D4
:109E200010B5029C74B9DB1C9C0800EB02300023C7
:109E300000F5805004E000BF51F8042B02605B1C69
:109E4000A342F9D3002010BDFEE703B401984100FE
:109E5000009850EAC12018BF04204A0D18BF40F0F6
:109E6000010040F2FF72B2EB515F08BF40F0020008
:109E7000012808BF052002B070474100080218BF42
:109E800004200A0E18BF40F001004FF07F4232EA72
:109E9000010108BF40F00200012808BF05207047FB
:109EA0000907090E002804DB00F1E02080F8001407
:109EB000704700F00F0000F1E02080F8141D70479B
:109EC00030B52DED048B81B0B0EE408AF0EE608AA3
:109ED0006A4651EC180B00F0D7FC00989FED329BBE
:109EE0007E300090002821DC53EC192B51EC180B2C
:109EF00000F09AFD1AD0002140F608004FF0000053
:109F0000044651EC180B00F049FD08EE100A40F62B
:109F1000080004EA00014FF00000B5EEC08AF1EE3F
:109F200010FA04BF0220F6F775FC2DE00098FF2818
:109F300030DB002108464FF0000000F4400553ECF0
:109F4000192B51EC180B00F0E5FE8CBF0024012406
:109F50000220F6F75FFC9FED168A4DB1002C0CBF76
:109F60004FF400004FF48000A84218BF9FED118A03
:109F7000042108464FF00000002C01BFB1EE480A52
:109F800001B0BDEC048B30BDB0EE480A01B0BDECB1
:109F9000048B30BD51EC180B00F000FD01B000EE59
:109FA000100ABDEC048B30BD000000000000000072
:109FB0000000807FFFFF7F7F70B54FF068422DED7E
:109FC000048BF0EE408A18EE900AB0EE608A18EE2C
:109FD000101A02EB4003B3F1654F3CBF02EB4102A4
:109FE000B2F1654F7DD200BFC0F3C753C1F3C75272
:109FF0009A1A1B2A09DD10F0004F14BF9FED830A47
:10A000009FED830ABDEC048B70BD12F11A0F36DA96
:10A0100011F0004F09D010F0004F0CBF9FED7D0AEA
:10A020009FED7D0ABDEC048B70BD88EE889A19EE19
:10A03000100AFFF722FF042808BF00F057FB18EEB4
:10A04000900AFFF71AFF054618EE100AFFF715FFF2
:10A05000044619EE100AFFF710FF042D18BF052D56
:10A0600008D1042C18BF052C04D1002804BF0220FD
:10A07000F6F7D0FBB0EE490ABDEC048B70BD420090
:10A08000B2EB410F3AD910F0004F19BFDFED630A70
:10A090009FED630ADFED630A9FED630AB0EE481A95
:10A0A0000A46B1EE688A80F00041F0EE418A10461F
:10A0B0000A1A5200B2F1807F34D2484010F0004FAB
:10A0C000DFED5A1A9FED5A2A1DBFBEEE001A70EE40
:10A0D000E10A30EE420AB6EE001A08BF70EEA10A9D
:10A0E00000E040E008BF30EE020AB0EE682A01EE60
:10A0F000482A08EE818AC2EE081A15E011F0004FD6
:10A1000004BF9FED4C0AF0EE400AD1D010F0004F92
:10A1100019BFDFED490A9FED490ADFED490A9FEDBE
:10A12000490AC5E7C8EE881A21EEA11A9FED462A12
:10A13000DFED462A41EE022A9FED452A01EE222A52
:10A14000DFED442A41EE022A9FED432ABDEC048B49
:10A1500001EE222A21EE811A01EE020A30EE210AD6
:10A1600030EE200A70BD4FF07F42B2EB400F28BFA7
:10A17000B2EB410F09D2F0EE480AB0EE680ABDEC2E
:10A18000048BBDE8704000F0A6BA40EA01035B0012
:10A1900008BF41F0FF410BD0B2EB400F08BFB2EB5C
:10A1A000410F08D120F0804008EE900A21F0804154
:10A1B00008EE101A18E7B2EB400F12BF5FEA410336
:10A1C00040F0FF4001F000413FF40EAFB2EB410F11
:10A1D00012BF5FEA400200F0004041F0FF413FF44F
:10A1E00003AF4A0092EA40033FF5FEAE002AACBF3F
:10A1F0009FED1A0A9FED1A0A68EE808A28EE008AFF
:10A2000018EE900A18EE101AEEE60000DB0FC9BF38
:10A21000DB0FC93FDB0F4940DB0F49C00000C9BF5E
:10A2200022AAFDB90000C93F22AAFD390060ED3E17
:10A23000C30ACE3700000000000049C022AA7DBA40
:10A240000000494022AA7D3A2DAD65BD8FB8D53DAD
:10A250000FB511BE61C84C3EA8AAAABE0000804F2F
:10A260000000802F0000000030B583B00446F6F7F0
:10A27000CCFA9FED090B05468DED000B002221461F
:10A280006846F6F78FFD2846F6F7C4FA9DED000BF9
:10A2900003B030BD0000000000000000000000001E
:10A2A00010EE101A08B5444A6846B2EB410F28D99F
:10A2B0004FF0E640B0EB410F94BF00204FF0FF306D
:10A2C00000900098002861DB60EE000A10F0010F9A
:10A2D00045D010F0020FDFED391A9FED391A00EE6C
:10A2E000E11ADFED381A40EE811A21EEA01AF0EEE5
:10A2F000400A40EE010A08BFF1EE600AB0EE600AC3
:10A3000008BD314B21F0004293423CD911F0004F7F
:10A31000DFED2E0A20EE201ADFED2D0A19BF31EEF7
:10A32000601A71EE200A31EE201A71EE600ABDEE5D
:10A33000E01A11EE100A9FED271A00F0030000EE5C
:10A34000C10A9FED251A009000EEC10A9FED231A65
:10A3500000EEC10A9FED221A00EEC10AB1E79FED9F
:10A36000211A9FED210A10F0020F00EE810A9FEDE5
:10A370001F1A00EE801AB7EE000A00EE810A18BF1D
:10A38000B1EE400A08BD00F0C3F99AE710EE100ADA
:10A390004000B0F17F4F3CBFB7EE000A08BD07D1C7
:10A3A0004FF00100F6F736FABDE8084000F096B924
:10A3B000BDE8084000F08CB9B61F927E336D4C3971
:10A3C000DA82083CA0AA2ABE490E494683F9223FF8
:10A3D0000000004B0000C93F00A0FD390020A2335F
:10A3E0001A61342CB93AB2BACA9F2A3DDDFFFFBECA
:10A3F00030B540F2FF742DED048BF0EE608A18EE5C
:10A40000901A85B0B0EE408A9FED2B9B05468DEDEE
:10A41000008B34EA115147D053EC192B51EC180B37
:10A4200000F002FB40D02A4651EC180B00F05AFD18
:10A4300041EC180B18EE900A8DED008B34EA1050A9
:10A440001CD053EC192B51EC180B00F0EDFA2BD16A
:10A450000220F6F7DFF900F02BF910EE901A18EE53
:10A46000900A8DED020B8DED008B61F31E000390C1
:10A470009DED020B05B0BDEC048B30BD0220F6F75C
:10A48000C9F900F005F910EE901A18EE900A8DED5A
:10A49000020B8DED008B61F31E0003909DED020B0E
:10A4A00005B0BDEC048B30BD05B0B0EE480AF0EE4F
:10A4B000680ABDEC048B30BD000000000000000005
:10A4C00000B510EE101A2DED028B81B0524A68468D
:10A4D000B2EB410F2ED94FF0E640B0EB410F94BFE5
:10A4E00000204FF0FF3000900098B0EE408A002826
:10A4F0006ADB10F0010F4BD068EE080A9FED471A97
:10A500009FED470A00EE810A9FED461A10F0020FF8
:10A5100000EE801AB7EE000A00EE810A02BF01B019
:10A52000BDEC028B00BD00BF01B0B1EE400ABDEC36
:10A53000028B00BD3C4B21F00042934241D911F007
:10A54000004FDFED3A0A20EE201ADFED390A19BF7D
:10A5500031EE601A71EE200A31EE201A71EE600AB7
:10A56000BDEEE01A11EE100A9FED321A00F0030062
:10A5700000EEC10A9FED301A009000EEC10A9FED77
:10A580002F1A00EEC10A9FED2E1A00EEC10AABE7AA
:10A5900028EE080A9FED2B1ADFED2B0A10F0020FB0
:10A5A00040EE410A9FED291A00EE201A61EE000AE2
:10A5B000B0EE480A08EE200AB6D101B0BDEC028B1D
:10A5C00000BD00F0A5F88FE718EE100A4000B0F1CA
:10A5D0007F4F0DD218EE100AFFF74FFC042808BF7A
:10A5E00000F084F8B0EE480A01B0BDEC028B00BD6B
:10A5F00009D10120F6F70EF901B0BDEC028B5DF830
:10A6000004EB00F06BB801B0B0EE480ABDEC028B71
:10A610005DF804EB00F05CB8B61F927EB93AB2BAAE
:10A62000CA9F2A3DDDFFFFBE490E494683F9223FFE
:10A630000000004B0000C93F00A0FD390020A233FC
:10A640001A61342C336D4C39DA82083CA0AA2ABE38
:10A6500010B52DED028BB1EEC08A18EE100A20F075
:10A660000040C0F1FF40C00F0AD010EE100A20F0E9
:10A670000040C0F1FF40C00F04BF0120F6F7CAF848
:10A68000B0EE480ABDEC028B10BD000000000000D7
:10A690009FED050B10B553EC102B51EC100B00F097
:10A6A0003BFA41EC100B10BD0000000000000070F0
:10A6B0009FED050B10B553EC102B51EC100B00F077
:10A6C0002BFA41EC100B10BD000000000000001040
:10A6D00030EE000A704730EE200A7047DFED020AC4
:10A6E00080EEA00A70470000000000009FED020A03
:10A6F00020EE000A704700000000001010B504466C
:10A7000091ED000BFFF7DCFB84ED000A10BD0000AB
:10A710002DE9F0014FF07F42B2EB410F9FBF4FF0A8
:10A72000FF310160BDE8F00170474FF0004242EA9E
:10A730000123C1F3C752783A551112F01F0C434C54
:10A74000CCF120067C44C1F3C752A2F178024FEA53
:10A75000621204EB820254F8254008BFD2E9015688
:10A7600012D0556804FA0CF425FA06F73C439768B2
:10A7700005FA0CF527FA06F8D26807FA0CFCF24045
:10A7800045EA08054CEA0206A4FB034CA5FB03526C
:10A79000A6FB03631D449D4234BF01260026131906
:10A7A000334416B1934202D903E0934201D201220D
:10A7B00000E00022624402F1200C9206DC0C42EA26
:10A7C000443200EE102A5B03DFED210AF8EEC01AD6
:10A7D00000EE103A4FEA9C1C11F0004FB8EE400A10
:10A7E000C0F800C020EE201A00EE105ADFED190A62
:10A7F000B8EE400A20EE200A71EE810A70EE800A5F
:10A8000010EE902A02F500626FF30B0200EE902A20
:10A8100070EEE11A31EEC11ADFED101A30EE411A76
:10A820009FED0D0A20EE800A01EE210A9FED0C1A21
:10A8300000EE810A04BFBDE8F0017047CCF1805101
:10A840000160BDE8F001B1EE400A70474C0800001D
:10A85000000000360000802C22AAFD29DB0FC92F42
:10A860000000C92F10B5044690ED000B0846FFF715
:10A87000BFFD84ED000B10BD30380A2801D2012045
:10A88000704700207047000010B582B01446CDE933
:10A8900000010023009A2360194B21F000409842E8
:10A8A0002ADA024328D0B0F5801FA8BF226810DA48
:10A8B0009FED150B53EC102B9DED000B51EC100B85
:10A8C00000F02AF9CDE900016FF0350221F00040D7
:10A8D00022600F4B6FF31E5103EB20501044206099
:10A8E00041F0FF5040F0005001909DED000B00BF83
:10A8F00002B051EC100B10BD9DED000BF8E700000D
:10A900000000F07F00000000000000000000504345
:10A9100002FCFFFFFAF7C8FFFDF7A0FAFCF70EFDF7
:10A92000FCF7F6FCFCF7B6FCFCF74EFDFCF7C8FDA7
:10A93000FCF7FAFDFCF752FEF8F756F8F8F7B0F816
:10A94000FCE7000010B500290AD00878002807D0DD
:10A9500005487844F5F716FF002801D0002010BD07
:10A960000248784410BD0000F60A0000EE0A00001C
:10A9700010B500290AD00878002807D00548784487
:10A98000F5F700FF002801D0002010BD02487844F0
:10A9900010BD0000E60A0000DE0A000021F00042BF
:10A9A000A2F16052B2F5801F01F0004328BFD2F13E
:10A9B0007F6C0BD95FEA001C43EAC20242EB507085
:10A9C00018BF704728BF20F001007047B2F5801F04
:10A9D000BCBF184670474FEA410C1CF5001F02D25D
:10A9E000084600F043BA70B500F040F90000008955
:10A9F000FFF7F6BF4FF00040A0F580007047000061
:10AA000002494FF0000000F03BBA00BF0000F87FA1
:10AA1000491058BFC1F140415B1058BFC3F14043DA
:10AA20008B42EFF30080704751EA030C17D41CF5FA
:10AA3000801F58BFBCF5801F00F10680994218BFE7
:10AA4000704708BF9042704707D711F5801F58BF65
:10AA500013F5801F19D499427047894270471CF53D
:10AA6000801F08D5BCF5801FF7D58B4218BF7047F3
:10AA700008BF824270474FF4001C1CEB410F38BFE7
:10AA80001CEB430F01D28B42704770B500F0EEF81B
:10AA9000922449004FF000514FF08053FFF7B8BFA8
:10AAA00051EA030C17D41CF5801F58BFBCF5801F5A
:10AAB00000F10680994218BF704708BF9042704766
:10AAC00007D711F5801F58BF13F5801F19D499427D
:10AAD0007047894270471CF5801F08D5BCF5801F60
:10AAE000F7D58B4218BF704708BF824270474FF4BA
:10AAF000001C1CEB410F38BF1CEB430F01D28B42F3
:10AB0000704770B500F0B2F8922449004FF0005140
:10AB10004FF08053FFF77CBFDFF848C170B51CEAE7
:10AB2000111E1EBF1CEA13159EEA0C0F95EA0C0FAE
:10AB300000F06F8081EA030423EA4C134EEAD47ECE
:10AB400021EA4C1141F4801143F48013AE44A1FB7F
:10AB5000024CA0FB0365AEF17F7E361955EB0C0568
:10AB6000A1FB034C4CF10003A0FB021C16EB0C06EE
:10AB7000654153F10003094218BF46F0010613F482
:10AB8000007F0BD14FEA03314FEA0530340341EA2D
:10AB9000155140EA16506FF003020AE04FEAC32154
:10ABA0004FEAC520F40241EA555140EA56506FF091
:10ABB000020202EB2E4201EB025585EACE710AD069
:10ABC0005FEA440C18BF24F0004450F1000041F14A
:10ABD000000120EAD47040F2FE7C624500D270BDD4
:10ABE000A84214BF4FF080444FF04044002E08BFED
:10ABF0000024BEF1806FA8BFA1F1C041BDE8704044
:10AC000080F282804FF0000001F1C04101F000416C
:10AC100070479EEA0C0F0CEA131518BF95EA0C0F4B
:10AC200006D04FF0000081EA030E0EF0004170BD27
:10AC300000F01CF88900013E00F007B800F009B8E8
:10AC40004FEA430C5FEA5C5C08D081EA030100F044
:10AC50005BB84FEA410C5FEA5C5CF6D14FF0000054
:10AC6000014970470000FF070000F87F0EF1020E57
:10AC70002EF0030E5EF8046B364205D4012A43EB36
:10AC8000030515F5001F12D8012841EB010C1CF536
:10AC9000001F0CD80ED14FEAD17C15F5001F0CEB2C
:10ACA0004C0C0CF1020C08BF4CEBD37C04E04FF0D1
:10ACB000080C01E04FEAD37C0CEB4C0526FA05F6B4
:10ACC00006F00706B6F1040C06D20EEB860CBDE8C2
:10ACD00070404CF0010C6047DFE80CF0090B0202F9
:10ACE0004FF000414FF00000A1F5002170BD194662
:10ACF0001046012851EB010418BFD4F5001484BF9D
:10AD0000002001F0004170BD0808A0F500114FEAD5
:10AD10003101704753EA010C17D41CF5801F58BF4E
:10AD2000BCF5801F00F106808B4218BF704708BF3A
:10AD30008242704707D713F5801F58BF11F5801F57
:10AD400019D48B4270479B4270471CF5801F08D571
:10AD5000BCF5801FF7D5994218BF704708BF9042D5
:10AD600070474FF4001C1CEB430F38BF1CEB410F26
:10AD700001D2994270470FB40CBC03BCFFF7C1BEAF
:10AD800043004FEAD30C4FEA3C0C43401FBF40073F
:10AD90000CF1605113F0FE4F70471CF0006F03D1AF
:10ADA00000200CF0004170470CF0004343EA507063
:10ADB00010B540EACC0000F00EF800BF0000009291
:10ADC0004FEA0001FFF7A0BF4FF000414FF0000035
:10ADD000A1F5002170470EF1020E2EF0030E5EF871
:10ADE000044B244204D44FEA4102B2F17F4F11D800
:10ADF0004FEA4003B3F17F4F0CD80ED14FEAD07C1D
:10AE0000B2F17F4F0CEB4C0C0CF1020C08BF4CEB79
:10AE1000D17C04E04FF0080C01E04FEAD17C0CEB50
:10AE20004C0324FA03F404F00704B4F1040C06D232
:10AE30000EEB840CBDE810404CF0010C6047DFE8DD
:10AE40000CF0070802024FF00040A0F5800010BD92
:10AE50000846420018BFD2F1807288BF00F000405F
:10AE600010BD4FF04070E1EE100A7047FF2141EA3B
:10AE7000D050C00570474FF000007047F5F702BE94
:10AE80000CF00F03092B08BF082000F05F800A2B8D
:10AE90000BD0082B18BF704708BF1CF0400F0AD01A
:10AEA0004FF000004FF0000170471CF0400F18BF3A
:10AEB0004FF0004070471CF0100F08D020F0704396
:10AEC00000F07F4242EAD3014FEA4370704700F03E
:10AED000604021F07F4242EA000201F07F4040EAF8
:10AEE000727070474FF0FF0C4CF4E06C1CEA115389
:10AEF0001CBF9CEA030C9445C2BFDA4201EB02512D
:10AF00007047002B0DD0BCF1000F0FD0002A01F0CC
:10AF10000041A4BF41F0E04141F07F614FF00000EB
:10AF2000704701F000414FF00000704750EA0133D4
:10AF30004FF09B0C18BF4CF0806C7FF461AD7047F4
:10AF4000F6F746BAF6F7AABBF6F738BD1CF4801F31
:10AF500011D01CF4E02F03D06FEACC3149007047C8
:10AF60004FF04050EFF3008222F0704242EA0002BC
:10AF700082F3008870474FF00000704700061016FB
:10AF8000000610160000000000000000010203048B
:10AF900006070809000000006E83F9A22915444E37
:10AFA000D15727FCC0DD34F5999562DB4190433CD5
:10AFB000AB6351FE02400000000000A00000000052
:10AFC00005400000000000C8000000000C40000028
:10AFD0000000409C00000000194000000020BCBEA2
:10AFE0000000000034400000BFC91B8E00000004B8
:10AFF000B5400000504BCFD06607E2CF0100000003
:10B000006C4100003E8251AADFEEA734010000002F
:10B01000D9420000DCB5A0E23A301F97FFFFFFFFE6
:10B02000B4450000FD25A0C8E9A3C14FFFFFFFFF05
:10B03000FF3F00000000008000000000FF3F000014
:10B0400000000080000000006D6F64653D256C64A9
:10B05000206661756C743D25752066663D257520FA
:10B0600066667363616C653D252E326620616E678E
:10B070006C656F66663D252E316620766C65616471
:10B080003D252E31662075643D252E346620757170
:10B090003D252E34662075613D252E34662075626F
:10B0A0003D252E34662069613D252E336620696278
:10B0B0003D252E3366207261773D25752F2575203D
:10B0C0006F66663D252E31662F252E316620696418
:10B0D0003D252E33662F252E33662069713D252EA2
:10B0E00033662F252E3366206B703D252E34662067
:10B0F0006B693D252E326620766C696D3D252E33B9
:10B1000066206D61785F69713D252E3366206D6123
:10B11000785F693D252E3366206D6F64656C3D2533
:10B120002E35662F252E35662F252E356620756621
:10B13000663D252E33662F252E3366206275733DBE
:10B14000252E32662073706565643D252E31662F8D
:10B15000252E3166207461726765743D252E316637
:10B1600020636D643D252E3166206572723D252E6B
:10B1700031660D0A00000000747261636520766913
:10B1800065773D257320636D643D252E3166207003
:10B1900065616B5F7370643D252E3166207065615B
:10B1A0006B5F7265663D252E3366207065616B5F4F
:10B1B00069713D252E3366207065616B5F69643D62
:10B1C000252E3366207065616B5F75713D252E33CA
:10B1D00066207065616B5F75643D252E3366206364
:10B1E000726F737365643D25752063726F73735F4F
:10B1F0007370643D252E31662063726F73735F72C6
:10B2000065663D252E33662063726F73735F6971C7
:10B210003D252E33662063726F73735F69643D252D
:10B220002E33662063726F73735F75713D252E3305
:10B23000662063726F73735F75643D252E33660DF0
:10B240000A0000000D0A636D643A0D0A2020736540
:10B2500074203C75713E203C667265715F687A3E71
:10B260000D0A202076656E63203C75715F766F6CE9
:10B27000743E203C6C6561645F6465673E0D0A2026
:10B280002073746F700D0A202072756E0D0A2020D5
:10B290006D6F6465206F70656E7C656E630D0A204E
:10B2A00020746F72717565203C69713E0D0A202013
:10B2B0006C6F636B203C616E676C655F7261643EAE
:10B2C000203C75643E203C75713E0D0A202063755C
:10B2D0007272203C69643E203C69713E0D0A202058
:10B2E000637572727069203C6B703E203C6B693EE6
:10B2F000203C6C696D69743E0D0A20206375727282
:10B300006277203C687A3E205B6C696D69745D0DE4
:10B310000A20206D6F64656C203C7073693E203C90
:10B320006C643E203C6C713E0D0A20206666206FE6
:10B330006E7C6F66660D0A202066667363616C65BD
:10B34000203C302E2E313E0D0A2020616E676C6548
:10B350006F6666203C6465673E0D0A2020766C654A
:10B360006164203C6465673E0D0A2020737065654A
:10B3700064203C72706D3E205B6B70206B69206DA9
:10B3800061785F6971206D61785F695D0D0A2020C9
:10B3900073706565646964203C69643E0D0A202011
:10B3A000766965772070686173657C637572727CFD
:10B3B000766F6C747C61620D0A2020656E6376691D
:10B3C0006577206F6E7C6F66660D0A20207472614F
:10B3D00063650D0A2020706F73203C73706565648F
:10B3E0005F6370733E203C6B703E203C6D61785F04
:10B3F00075713E0D0A20206A66206F6E7C6F66664E
:10B400000D0A20207374617475730D0A202068651D
:10B410006C700D0A0000000074B5000800000020E8
:10B4200078010000C40100082CB600087801002053
:10B43000C036000020020008000000000000F07F7D
:10B44000FFFFFFFFFFFFEF7F1C0000004300000035
:10B45000F8FFFFFF0C0000000E0000000F000000CE
:10B460002E0000001001000043000000F8FFFFFF65
:10B470000040404040404040404041414141414007
:10B4800040404040404040404040404040404040BC
:10B49000400502020202020202020202020202024B
:10B4A0000220202020202020202020020202020250
:10B4B00002029090909090901010101010101010A8
:10B4C00010101010101010101010101002020202B4
:10B4D00002028888888888880808080808080808F8
:10B4E00008080808080808080808080802020202F4
:10B4F000400000000000000000000000000000000C
:10B50000000000000000000000000000000000003B
:10B51000000000000000000000000000000000002B
:10B52000000000000000000000000000000000001B
:10B53000000000000000000000000000000000000B
:10B5400000000000000000000000000000000000FB
:10B5500000000000000000000000000000000000EB
:10B5600000000000000000000000000000000000DB
:10B57000000000001369881B0899041AA5041ACD5D
:10B58000041AF9041A49041A750417040309041269
:10B5900001140202021640830440572602010203EE
:10B5A00001031A1A0313292D1B0823041A1F041A56
:10B5B0004D041A6D0419331182105324F4148101BF
:10B5C00082130A0632022A40201C0902435F112519
:10B5D000C03209041B01020B1305241610010524B7
:10B5E000011009010424020205240617010705823F
:10B5F00003081C10090495320A2E070501024007B2
:10B600002A81071113CD841408418314086B8642E4
:10B61000081AD10C138F821B080508C11A51281A69
:0CB6200015041A91041A090401740000BA
:040000050800018965
:00000001FF
