:020000040800F2
:1000000080F500209502000819A40008778D0008EB
:100010008192000859130008D5EB00080000000089
:1000200000000000000000000000000019B80008F7
:10003000651900080000000097A500080DC8000819
:10004000AF020008AF020008AF020008AF020008CC
:10005000AF020008AF020008AF020008AF020008BC
:10006000AF020008AF020008AF020008AF020008AC
:10007000AF020008AF020008AF020008AF0200089C
:10008000AF020008AF020008F5100008AF02000838
:10009000AF020008AF020008AF020008AF0200087C
:1000A000AF020008C5C80008AF020008AF02000890
:1000B000D1C80008DDC80008E9C80008AF02000880
:1000C000AF020008AF020008AF020008AF0200084C
:1000D000AF020008AF020008AF020008AF0200083C
:1000E000AF020008AF020008AF020008AF0200082C
:1000F000AF020008AF020008AF020008AF0200081C
:10010000AF020008AF020008F5C80008AF020008FF
:10011000AF020008AF020008AF020008AF020008FB
:10012000B5180008AF020008AF020008AF020008CF
:10013000AF020008AF020008AF020008AF020008DB
:10014000AF020008AF020008AF0200081DA40008BB
:10015000AF020008AF020008AF020008AF020008BB
:10016000AF020008AF020008AF020008AF020008AB
:10017000AF020008AF020008AF0200080000000054
:10018000AF020008AF02000800F002F800F073F8B8
:100190000AA090E8000C82448344AAF10107DA45E2
:1001A00001D100F068F8AFF2090EBAE80F0013F0C1
:1001B000010F18BFFB1A43F0010318471800010094
:1001C000380001000A444FF0000C10F8013B13F016
:1001D000070408BF10F8014B1D1108BF10F8015BA0
:1001E000641E05D010F8016B641E01F8016BF9D193
:1001F00013F0080F1EBF10F8014BAD1C0C1B09D1EA
:100200006D1E58BF01F801CBFAD505E014F8016B5B
:1002100001F8016B6D1EF9D59142D6D370470000ED
:100220000023002400250026103A28BF78C1FBD8FF
:10023000520728BF30C148BF0B607047642900F0E7
:100240002981752900F02681632900F08A847329A9
:1002500000F08F84002070471FB50EF093FF00F070
:10026000F7FE0400002000210EF046FF401C6060F5
:100270001FBD10B510BD00F0B3FE1146FFF7ECFF37
:100280000EF016FF00F0DAFE03B4FFF7F2FF03BC36
:1002900000F0E2FE0948804709480047FEE7FEE714
:1002A000FEE7FEE7FEE7FEE7FEE7FEE7FEE7FEE726
:1002B00004480549054A064B70470000B5C80008C8
:1002C0008901000880E1002080F5002080E5002001
:1002D00080E5002053EA020C00F069802DE9F04B24
:1002E0004FF00006002B1FBFB3FA83F503FA05F4A5
:1002F00024FA05F65E4012BF1643B2FA82F502FAFE
:1003000005F4C5F120051EBF22FA05FC44EA0C04E1
:10031000203556EA044C4FEA144418BF641C4FF0D1
:1003200000084FF00009904271EB030C39D300290B
:1003300019BFB1FA81F701FA07F6B0FA80F700FAAF
:1003400007F6C7F120071EBF20FA07FC46EA0C0695
:100350002037B6FBF4FCA7EB0507103F07F01F0B97
:10036000CBF120060CFA0BFB2CFA06F644BFB34681
:100370000026202FA4BF5E464FF0000B5BEA060C60
:1003800008BF4FF0010B19EB0B09ABFB027C48EBEC
:100390000608C01B06FB02CC0BFB03CC71EB0C0167
:1003A000C1E70B46024641464846BDE8F08B13B50F
:1003B0004FF000004FF00001AFF30080BDE81C409B
:1003C000704710B54C1084EA530404D54042C1F183
:1003D000000138BF491E1B4204D55242C3F100033D
:1003E00038BF5B1EFFF776FF14F0804F04D0404209
:1003F000C1F1000138BF491E14F0004F04D0524231
:10040000C3F1000338BF5B1E10BD00000FB41CB564
:100410000C0007AA009001D02044401E074B7B44EB
:1004200069460190069800F072FB002C03D06946E3
:10043000002000F07FFB1CBC5DF814FB1D070000D2
:1004400070B50C460546012A05D02878800600D5EF
:10045000EA69002302E0012305E05B1C934202D21B
:10046000E05C0028F9D1A869E618C01AA861286ADA
:10047000184428622846AFF3008004E0D5E9012142
:1004800014F8010B9047B442F8D32846AFF300802C
:1004900070BD00002DE9F041064600241068752962
:1004A000314616A510D0AFF30080002802DA404292
:1004B00013A507E031688A0701D512A502E04907B4
:1004C00004D511A5012401E0AFF3008000210A2228
:1004D00006F1240709E0B0FBF2FCB0FBF2F302FBEB
:1004E0001C00303078541846491C0028F3D12346AC
:1004F0002A463046BDE8F04100F0AABA00000000EC
:100500002D0000002B000000200000002DE9F0412C
:100510000F460546002028622846E968884770B3E0
:10052000252805D0D5E901219047286A401CF2E72B
:10053000E9682846002688476C2804460AD0682CBB
:1005400008D04C2C35D06A2C31D0742C31D07A2C78
:100550002FD016E0E968064628468847B042044690
:1005600008D16C2E23D04FF480662846E96888476E
:10057000044606E06C2E03D04FF4807601E01EE0C6
:100580004026E4B1A4F14100192802D8203446F4F1
:1005900000663A46214628462E60FFF74FFE60B1BE
:1005A000012808D0FF1D27F007070837B4E7802689
:1005B000DBE70026D9E73F1DAEE72046B2E7286A11
:1005C000BDE8F0810FB400B58DB010A9099000917D
:1005D0000B904FF0FF300A9000200C9006487844B2
:1005E0000690064878446A4607900F9909A800F0DB
:1005F000D9FA0DB05DF814FBE3050000FB0500001F
:100600002DE9FF5F1D464FF0FF3B91464FF000087C
:100610005F46D5E90146A96901987F1C8847296A88
:10062000824688470028F6D1BAF1FF3F0CD0002E51
:1006300024F4C06419DD600614D5BAF12B0F09D07B
:10064000BAF12D0F0ED103E0584604B0BDE8F09F7B
:1006500044F48064A96901987F1C8847761E82460D
:10066000002E02DDBAF1300F03D0B9F1000F26D011
:1006700032E0A969761E01987F1C44F40074884713
:10068000002E824605DDBAF1780F06D0BAF1580F78
:1006900003D0B9F1000F10D01EE0B9F1000F02D065
:1006A000B9F1100F18D1A969761E01987F1C24F4A6
:1006B000007488478246102002E0082000E00A20EB
:1006C000814609E0A96908FB0908761E01987F1C8C
:1006D00044F4007488478246002E05DD49465046A2
:1006E00000F04BFA0028EDDAE96901988847A00587
:1006F00002D46FF00100A8E7E00725D1600613D50A
:10070000600502D5C8F1000000E0404629680A1DD6
:100710002A600968220501D5087015E0220701D575
:10072000088011E008600FE02868011D296000685A
:10073000210502D580F8008006E0210702D5A0F847
:10074000008001E0C0F8008038467EE710B5431C09
:1007500002E010F8011B71B18107FAD14FF00132AC
:1007600002C88C1A8C4314EAC211F9D0C01A0A06C6
:1007700003D0C01E10BDC01A10BD0A0401D0801ED7
:1007800010BD0902FCD0401E10BD40EA010370B547
:100790009B072ED14FF00136042A2AD308C810C96E
:1007A0009D1B9D43121F15EAC61517D0D8B2E1B2A2
:1007B000401A50EA056110D198B2A1B2401A50EA2D
:1007C00005410AD123F07F4024F07F41401A50EACE
:1007D000052102D1180EA0EB146070BDA342DBD03E
:1007E00018BA21BA884201D9012070BD4FF0FF30FC
:1007F00070BD0AB9002070BD10F8013B11F8014B23
:1008000063B1A3420AD1521E08D010F8013B11F87F
:10081000014B1BB1A34201D1521EEDD1181B70BD7B
:10082000032A40F2308010F0030C00F0158011F81C
:10083000013BBCF1020F624498BF11F801CB00F8F4
:10084000013B38BF11F8013BA2F1040298BF00F848
:1008500001CB38BF00F8013B11F0030300F0258005
:10086000083AC0F0088051F8043B083A51F804CB2C
:10087000A0E80810F5E7121D5CBF51F8043B40F8F2
:10088000043BAFF30080D20724BF11F8013B11F8FD
:1008900001CB48BF11F8012B24BF00F8013B00F841
:1008A00001CB48BF00F8012B704710B5203AC0F0CB
:1008B0000B80B1E81850203AA0E81850B1E8185061
:1008C000A0E81850BFF4F5AF5FEA027C24BFB1E89E
:1008D0001850A0E8185044BF18C918C0BDE810400F
:1008E0005FEA827C24BF51F8043B40F8043B08BF18
:1008F0007047D20728BF31F8023B48BF11F8012BDF
:1009000028BF20F8023B48BF00F8012B70474FF08A
:10091000000200B5134694469646203922BFA0E84F
:100920000C50A0E80C50B1F12001BFF4F7AF09075B
:1009300028BFA0E80C5048BF0CC05DF804EB89004C
:1009400028BF40F8042B08BF704748BF20F8022B8F
:1009500011F0804F18BF00F8012B704710B5044606
:1009600010F0030F08BF11F0030F40F015804FF097
:10097000013E121FC0F20E8051F8043BA3EB0E0C97
:100980002CEA030C1CEACE1C08BF40F8043BF0D054
:10099000A1F1040102F10402521E08DB11F8013B2F
:1009A000002B00F8013BF7D1114600F02BF920464F
:1009B00010BD00004FF0013C50F8042B51F8043BEF
:1009C0009A4221D1A2EB0C03934313EACC1317D123
:1009D00050F8042B51F8043B9A4215D1A2EB0C03BA
:1009E000934313EACC130BD150F8042B51F8043B7A
:1009F0009A4209D1A2EB0C03934313EACC13DBD048
:100A00004FF00000704700BFD01A01BAB1FA81F16F
:100A100001F0180122FA01F0CB40C1F12001DBB254
:100A2000C0B2C01A2CFA01F3D11A914311EAC311D2
:100A3000E6D1704770477047704710B500F004F971
:100A4000006810BD10B5044600F0FEF8046010BD4B
:100A50002DE9F0470D4699469246044600F12408D8
:100A60000168880604D5E06921F01001216000E0EA
:100A70000120A84201DD471B00E00027A1697A1987
:100A800002EB0900081AA0612078C00602D42046B3
:100A9000AFF30080002608E0D4E901211AF806002F
:100AA0009047206A401C761C20624E45F4DB20787B
:100AB000C0060AD52046AFF3008006E0D4E9012144
:100AC00030209047206A401C2062381EA7F10107A1
:100AD000F4DC07E0D4E9012118F805009047206A0A
:100AE000401C2062281EA5F10105F3DC2046AFF36F
:100AF00000802078000602D50220BDE8F0870120A2
:100B0000FBE7000001694A1C02610878704700B5E4
:100B10008FB0CDE901310021059105497944CDE936
:100B2000031011466846FFF7F1FC0FB000BD00004E
:100B3000E5FFFFFF0A6802F8010B0A607047D1E980
:100B400000239A4202D2531C0B601070704710B5FC
:100B5000436913B1AFF3008001E0FFF771FC01209E
:100B600010BD127800F124010A7000224A7001229F
:100B7000EDE711684FF0FF32E9E73A2800D230384C
:100B800020F02002412A01D3A2F13700884201D38C
:100B90004FF0FF3070470000026811441378016085
:100BA00018467047D1600549794451610449794438
:100BB000116200211161114600F054B8EDFFFFFFF2
:100BC0009F000000426842B1016811F8013B23B167
:100BD000521EC0E90012184670470121C160881EEC
:100BE000704742685AB1C368016843B983688B4251
:100BF00005D0491E521CC0E90012002070474FF07A
:100C0000FF3070474FF000020429C0F0128010F04E
:100C1000030C3FF47EAECCF1040CBCF1020F18BF04
:100C200000F8012BA8BF20F8022BA1EB0C01FFF765
:100C300070BE5FEAC17C24BF00F8012B00F8012BD5
:100C400048BF00F8012B7047004870471CE10020A6
:100C500010B5044600F0EAF90068005D00F00100FC
:100C600010BD00002DE9F34F4FF0000A0C46564628
:100C70008DB001200C9001F10C000B9062690B9873
:100C800001219047051E2DD0252D2CD0216A8847A3
:100C9000C0B162690B9801219047216A88470028FA
:100CA000F7D16269411E0B98904700E0761CA1695C
:100CB0000D988847216A88470028F7D1E1690D9887
:100CC0008847DBE7A1690D988847A842074601D10C
:100CD000761CD3E7E1690D9888477F1C02D1BAF1F1
:100CE000000F6FD06CE162690B9800273D463946D2
:100CF00090472A2804D162690B9801219047012569
:100D0000DFF8D08262690B9801219047A0F1300191
:100D10000A290AD24745E5DC07EB870100EB4107CA
:100D2000303FDFD445F01005ECE7E90601D46FF061
:100D300000476C280AD04C2814D0682815D06A289F
:100D40000DD074281CD07A281AD01DE062690B9847
:100D5000012190476C2802D045F0040514E045F0CD
:100D600002050DE045F020050AE062690B980121BB
:100D70009047682802D045F0080505E045F4006575
:100D800062690B9801219047C4E9015765283DD05D
:100D900019DC58287AD00CDC452837D004DC25280B
:100DA00026D041289ED131E046282FD0472899D11E
:100DB0002CE05B2877D0612828D063287CD0642879
:100DC00023D15AE0F7E06F2848D008DC66281DD010
:100DD00067281BD0692821D06E2816D127E07028FB
:100DE00045D0732868D0752847D078280DD14DE0BC
:100DF000A1690D988847252805463FF469AFE16948
:100E00000D9888476D1C3FF46AAFD9E00D992346D1
:100E10006A466FF00100AFF30080C6E045F0400085
:100E200023464FF000026060A80736D43EE0E80792
:100E30007FF447AF2068011D21600068290501D5B6
:100E400006701BE7290701D5068017E7A90703D518
:100E5000F117C0E9006111E706600FE745F04000B7
:100E600023464FF008026060A80716D41EE040F643
:100E70000E0125EA0100606016E045F040002346BF
:100E80004FF00A026060A80707D40FE045F0400069
:100E90006060A80708D5234610220D996FF0010065
:100EA000AFF3008081E007E0102223460D996FF038
:100EB0000100FFF7A5FB78E04FF0000963284F46DB
:100EC000C8464B46CB4602D05B2807D039E0207994
:100ED000C00601D40120A060012732E06269D4F885
:100EE0000CB00B98012190475E2807D14FF0010903
:100EF00049466269D4F80CB00B989047216939B91A
:100F000000210A4603AB43F82120491C0829FADBDB
:100F1000D8B3216949B308F1010862690B9801212E
:100F200090475D28F4D1B9F1000F09D0002003A942
:100F300051F82020D24341F82020401C0828F7DB3C
:100F400003AB2069002820794FEA40701ED05B4631
:100F50002246CDF80080CDE901970D9900286FF069
:100F6000010020DAAFF300801FE0C11703AA00EBF5
:100F7000D1614B1121F01F0102EB8302411A13686A
:100F80000120884003431360C7E719E00D9922460A
:100F900000286FF00100009702DAAFF3008004E050
:100FA000AFF3008001E0AFF3008000280ADA401CB4
:100FB00006D10C9820B14FF0FF300FB0BDE8F08F94
:100FC0005046FAE7E90701D10AF1010A0644002078
:100FD0000C9053E6CCCCCC0C004870471CE10020B0
:100FE0007546FFF7F9FFAE4605006946534620F007
:100FF0000700854618B020B5FFF75AF9BDE8204034
:101000004FF000064FF000074FF000084FF0000BC4
:1010100021F00701AC46ACE8C009ACE8C009ACE877
:10102000C009ACE8C0098D467047000010B500F05B
:101030000FF8001D10BD00BFC1E0000010B5044650
:10104000AFF300802046BDE81040FFF71DB9000057
:10105000004870473CE1002001491820ABBEFEE784
:1010600026000200704710B50146806B026C12F03A
:10107000500F05D0026CD20626D505F027FB10BD17
:10108000016C41F40071016401688A6812F0405FEC
:1010900017D1027EAAB9CA6A12F4700F02D08A6808
:1010A00052050ED44A6822F020024A60016C21F4F5
:1010B00080710164016CC90403D4016C41F0010129
:1010C000016405F001FB10BD806BC26CBDE81040EF
:1010D0000846104710B5806B40210164416C41F017
:1010E0000401416405F0F2FA10BD10B5806B05F003
:1010F000ECFA10BD014805F0EABA0000F401002046
:10110000464910B54A6822F440324A604A6843684A
:101110001A434A6001684A6822F480724A60016892
:101120004A68036942EA03224A6001684A6822F079
:1011300040724A6001684A6883681A434A600168DD
:101140008A6822F400628A6001688A68C3681A4368
:101150008A60816A6FF07062D14201688A6822F009
:1011600070628A6001688A680CD0836A1A438A6058
:1011700001688A6822F040528A6001688A68C36AFE
:101180001A4301E022F040528A6001688A6822F026
:1011900002028A6001688A68037E42EA43028A602A
:1011A00090F82010002901684A680FD042F40062CC
:1011B0004A6001684A6822F460424A6001684A68ED
:1011C000174C436A04EB43331A4301E022F40062F4
:1011D0004A600168CA6A22F47002CA620168CA6A77
:1011E000838B104C04EB03531A43CA6201688A686C
:1011F00022F400728A6001688A6890F8303042EA0E
:1012000043228A6001688A6822F480628A600168E9
:101210008A68406942EA8020886010BD002301404E
:1012200000E0FFFF0000F0FF032801D3002070471B
:10123000014931F8100070470000002010B503226A
:101240000449054805F06CFB08B1002010BD0120E1
:1012500010BD000000000020F401002010B508F0CF
:101260005DF804F00FFE04F0B3F904F061F800F04B
:1012700061FA09F0A3FC0AF037F80AF003FE09F05E
:1012800095FA09F035FD00F09DFD02490020087037
:1012900010BD00001401002010B504F00FFF04F091
:1012A000EDFD806804F0DCFA00F0D6FA09F08EFC5F
:1012B0000AF09CF900F01AF809F06CF800F0CEFD85
:1012C000BDE8104003F068B810B504F079FE09F0ED
:1012D0001DFE09F071FBBDE810400BF025B810B5FC
:1012E00009F0CEFEBDE8104009F078BB70B5194C8E
:1012F0000425207860B101281DD002280FD10120DB
:1013000004F04AF9A8B109F0AFFD90B103201FE045
:1013100009F0E6FF0178052902D0062909D070BD41
:1013200090F84A000028FAD00AF0E4F808B1012049
:101330000EE0257070BD09F0CFFF01780D2902D0B5
:101340000E29F6D070BD90F824000028FAD00220B3
:10135000207070BD14010020FEE7002070470000DF
:1013600001490020087070476C00002010B5084C3F
:101370000020207005F004FE606000220549064848
:101380000CF022F8054904480CF011F8002010BDBB
:101390006C000020E010002004040020E008002081
:1013A00010B50446096800F0DFFA214603480BF047
:1013B000FEFF02480BF0D4FF002010BD0404002003
:1013C00001490020087070476C0000200548D0F8E3
:1013D000BC0210B1D0F8140208B1002070470120FF
:1013E00070470000040400202DE9F04180461548B4
:1013F0000F46D0F8BC5265B105F0C2FD0646D5F8DF
:101400001402114C80B1207818B16068301A642839
:1014100002D20120BDE8F08181210A480CF0E5FAF2
:101420000020C5F8140220703A46414605480BF0EA
:10143000CBFF04480CF042F80028EBD101212170C9
:101440006660E7E7040400206C000020B4EEC10AE7
:10145000F1EE10FA02DDB0EE410A7047B4EEE00A98
:10146000F1EE10FAF9D2B0EE600A704700B558B14B
:10147000B5EEC00AF1EE10FA06D9F5EEC00AF1EEAB
:1014800010FA01D9002901DC002000BD9FED0B1AE4
:1014900020EE010A9FED0A1A20EE011A80ED001AD3
:1014A0009FED081A20EE010A80EE201A80ED011A45
:1014B000816100F009F8012000BD0000DB0FC94088
:1014C000B37BF23A6666E63E00280AD000219FED23
:1014D000050A80ED020A80ED030A0161416101778E
:1014E0004177704700000000B5EEC00AF6EE000A32
:1014F000F1EE10FA02DB30EE200A01E030EE600A75
:10150000BDEEC00A10EE100A704708B1002901DCD8
:10151000002070478161012070477FB50024089D3D
:10152000CDE900540294039400F002F87FBD00005E
:1015300070B504002DED088B0F9E9DED0E9ADDED2C
:101540000D9A0C987DD0C91A00EE101A101A94ED5D
:10155000001AF8EEC00A00EE100AD4ED021A94ED5B
:10156000012AB8EEC00A21EE20BA42EE201AF8EEA7
:10157000E90A61EE00AA94ED031A002002EE001AB7
:101580003BEE210AB8EEC92A30EE200A7AEE810A33
:10159000B0EE408A70EE828AD4ED060A20EE002A70
:1015A0002077F8EEE02A607708EEA82A22EEA2AAB9
:1015B000B4EECA2AF1EE10FA4DDD01253EB3B5EEC8
:1015C000C00AF1EE10FA22D2B8EEE01AF8EEE00A04
:1015D000F1EE600AFFF73AFFB0EE408AB0EE4A0A39
:1015E00008EE480AB5EEC00AF1EE10FA01D29FEDFE
:1015F000220A0DF083FCB0EE401AB0EE680AF1EE5C
:10160000410AFFF723FFF0EE408A65770FE0B0EE66
:10161000420A0DF073FCF0EE400A94ED060AB8EEB3
:10162000C01A81EE200A28EE008A68EE808AF8EE61
:10163000E90A257738EE4B0A30EE600A84ED020A9B
:1016400000E016E038EEEA0AF8EEC90A30EE600A69
:1016500084ED030A03E0C4ED021A84ED031AB0EE30
:10166000480AFFF741FFB0EE680A2061FFF73CFF30
:101670006061BDEC088B70BD000000002DE9F05FDB
:10168000294800264FF6FF7990F824003546C846D1
:10169000B346B246002844D000270020FFF7C4FD1F
:1016A00004460120FFF7C0FD264405444C4500D206
:1016B000A1465C4500D9A346404500D2804650452E
:1016C00000D98246012005F047FB7F1CB7F5806FEB
:1016D000E3D3154806F50076C6F38F22828005F520
:1016E0000075C5F38F21C180ABEB09030381AAEB21
:1016F000080343810123037640F24C43A2F2DC52FB
:101700009A4209D840F2DC52914205D340F6282291
:10171000914201D8012100E00021417600F09CF8BF
:101720000120BDE8F09F000000A1002000487047A4
:1017300000A10020F0B51F4D89B00024EC612C629F
:1017400085F824402C766C76AC76202168466C6156
:10175000FFF7DDF80126CDE902644FF4E0200690A2
:1017600030058DF8144007908DF815400E20CDE916
:1017700000060227049769460F4804F039FD002847
:1017800016D10F20CDE9000769460B4804F030FD63
:1017900000280DD1FFF752FD002809D085F82460FC
:1017A0000A2005F0D9FA09B0BDE8F040FFF766BF9E
:1017B00009B0F0BD00A10020F401002044F2740142
:1017C000484340F6FF7190FBF1F07047034A937E67
:1017D000002B01D1C2E907017047000000A10020E1
:1017E00070B50F4C94F8240048B1607E38B1A07EEB
:1017F00098B900250B48656104F01EFE08B1002071
:1018000070BD0120A0760421074807F0C1F920B17E
:10181000A576044804F082FEF1E7012070BD0000C7
:1018200000A10020F40100207403002010B5074C33
:10183000A07E002808D00421054807F00DFA0548CD
:1018400004F06CFE0020A07610BD000000A1002076
:1018500074030020F401002010B50020FFF7E4FC21
:1018600004460120FFF7E0FC01460548807E002881
:1018700004D12046BDE8104000F004B810BD0000BF
:1018800000A1002070B50A4C0D4620806180217EA9
:1018900051B1A188081AFFF791FFE060E088281A8B
:1018A000FFF78CFF206170BD0020E060FAE70000C8
:1018B00000A10020014805F0DDB800003C02002036
:1018C00001681823CAB2103AB2FBF3F2054B6FF36A
:1018D0000901032A9B5CC36500D9091D816508467F
:1018E000704700008EF1000810B5014600208B699A
:1018F0008A6A4FF0C07453B1B3F5005F15D072B16E
:10190000012A0CD0022A0AD0032A09D104E01AB114
:10191000012A06D0022A03D1C96AC90100D50120D3
:1019200010BDC96AA142FAD010BD002AF7D0012A21
:10193000F2D0022AF3D0032AF3D010BD30B50468E8
:10194000256825F480252560046863608368402B42
:10195000036803D099600068C26030BD9A60006877
:10196000C16030BD704700002DE9F0470F4606000A
:101970003DD000244FF00109A0461E4D35E0305DFA
:101980000D2805D00A2803D095F84210F1B128E0BF
:10199000B5F8400040B3B5F8401005F80180A5F84F
:1019A000408015A11348FFF705F860B115A1114853
:1019B000FFF700F838B116A10E48FEF7FBFF10B193
:1019C00085F8429010E085F843900DE0B5F840109E
:1019D0003F2906D2B5F840106854B5F84000401CC5
:1019E00000E04046A5F84000641CBC42C7D3BDE8F7
:1019F000F0870000A0200020766F66612073746F6E
:101A00007000000073706565642073746F7000006F
:101A1000706F732073746F700000000070B5354CE8
:101A20008CB094F8520088B1022820460CD000F502
:101A3000267000BF02F0FAFC002803D014F8520F01
:101A4000401E20700CB070BD5830F3E794F8510080
:101A500070B1B4F84C00B4F84E10884211D326A0EF
:101A600002F0E4FC0028EDD0002084F85000E9E703
:101A7000244802F0DBFC0028E4D0012084F8510067
:101A8000E0E7002008F096F8B4F84C300DF11C0C9B
:101A900003EB830100EB8100B0F90C10867CB0F9F8
:101AA0001050B0F90E208CE86600B0F904100DF16A
:101AB0000C0CB0F90A60B0F90850B0F906208CE8B7
:101AC0006600B0F90210B0F9002032205843CDE989
:101AD000000202910CA24FF410711648FEF796FC1A
:101AE000144802F0A3FC0028ACD034F84C0F401C82
:101AF0002080A7E7A02000204451545F454E440DAC
:101B00000A000000B4F800084451542C25752C2517
:101B10006C752C25642C25642C25642C25642C25BF
:101B2000642C25642C25642C25642C25642C2575B7
:101B30000D0A00005028002030B587B0FFF746FCA2
:101B400000280FD01C4C94F8570068B1B4F854002A
:101B50000025C92811D319A002F068FC002801D083
:101B600084F8565007B030BD18A002F05FFC002882
:101B7000F8D0012084F85700F4E705AB04AA03A9C4
:101B800009F090FB0028EBD003AB93E807008DE849
:101B90000700B4F854301BA24FF410712048FEF730
:101BA00035FC1F4802F042FC0028DBD034F8540F0B
:101BB000401C2080D6E70000A020002043414C4478
:101BC0004154415F454E440D0A00000043414C44DE
:101BD0004154412C696E6465782C666F727761722E
:101BE000645F636F756E742C726576657273655F82
:101BF000636F756E742C6D6964706F696E745F715C
:101C0000310D0A0043414C444154412C25752C258B
:101C10006C642C256C642C256C640D0A000000009B
:101C200050280020072813D2DFE800F00406080A35
:101C30000C0E100007A0704708A0704709A070475D
:101C40000AA070470BA070470CA070470EA0704709
:101C50000FA0704769646C650000000072616D70D0
:101C600039300000686F6C6439300000726F746145
:101C700074653000686F6C6430000000636F6D70D5
:101C80006C657465000000006661756C740000008E
:101C9000756E6B6E6F776E000F2827D2DFE800F04D
:101CA000080A0C0E10121416181A1C1E20222400EA
:101CB0000FA0704710A0704711A0704712A0704786
:101CC00015A0704718A070471AA070471CA0704755
:101CD0001FA0704722A0704726A070472AA0704717
:101CE0002DA0704730A0704732A0704733A07047D6
:101CF00069646C650000000072616D700000000096
:101D0000686F6C64000000007072656C6F61645FE6
:101D100072657665727365007072656C6F61645F81
:101D2000736574746C65000072657475726E5F7AA9
:101D300065726F007A65726F5F736574746C6500AD
:101D4000666F72776172645F6D6F76650000000088
:101D5000666F72776172645F736574746C6500009E
:101D60006F76657273686F6F745F666F727761729A
:101D7000640000006F76657273686F6F745F7365DF
:101D800074746C6500000000726576657273655F3F
:101D90006D6F766500000000726576657273655F31
:101DA000736574746C650000636F6D706C65746549
:101DB000000000006661756C74000000756E6B6E4B
:101DC0006F776E0070B5214D002425F8404FAC7040
:101DD000EC702C7105F0D4F8A860AC81EC812C7407
:101DE0006C74AC74AC82AC75EC752C7685F858428A
:101DF000174885F8984485F8D84620F8504F40F6A3
:101E0000D8614480047144718471C4710472447255
:101E10008472C460046104754475847584610477B8
:101E20000462446280F8284009487C300160094916
:101E300041604EF6602181600C304FF41661016004
:101E4000322141600449816070BD0000A020002063
:101E5000BC27002070110100400D030070B51E4822
:101E60001E4C90B090F85500002588B994F81807DA
:101E700070B1FFF7ABFA58B104F59B600646FEF768
:101E800065FC81B23046FFF7AFFA08B984F81857FD
:101E900094F8430068B172B684F8435084F8425015
:101EA00062B608F05FFD08F057FA02F027FF10B0A5
:101EB00070BD94F842000028F9D072B63F2207495D
:101EC0006846FEF74BFD8DF83F5084F8425062B6ED
:101ED000684600F005F8EAE7BC270020A0200020B3
:101EE0002DE9F14FFA4C8EB094F85500D0B1F9A11C
:101EF0000E98FEF75FFDA8B1F9A10E98FEF75AFD06
:101F000080B10B22FAA10E98FEF73FFC50B194F875
:101F10006400002878D00922F8A10E98FEF735FC5D
:101F2000002871D109F0A4FF90F84B00002849D097
:101F3000F5A10E98FEF73EFD002843D0F5A10E98BE
:101F4000FEF738FD00283DD094F8640030B1092236
:101F5000EAA10E98FEF719FC002833D00422F1A163
:101F60000E98FEF712FC00282CD00622EFA10E9846
:101F7000FEF70BFC002825D0EEA10E98FEF71AFD07
:101F800000B30B22DAA10E98FEF7FFFBD0B1EFA150
:101F90000E98FEF70FFDA8B1EDA10E98FEF70AFD11
:101FA00080B1ECA10E98FEF705FD58B1EAA10E989C
:101FB000FEF700FD30B1EBA10E98FEF7FBFC08B177
:101FC000EBA0E9E309F0F8F908B3EFA10E98FEF7EA
:101FD000F1FCE0B1F0A10E98FEF7ECFCB8B1DCA189
:101FE0000E98FEF7E7FC90B1DAA10E98FEF7E2FC3E
:101FF00068B1D6A10E98FEF7DDFC40B1E9A10E98BC
:10200000FEF7D8FC18B100E0E7E3E8A0D9E709F053
:10201000B3F9D0B1ECA10E98FEF7CCFCA8B1EDA1BC
:102020000E98FEF7C7FC80B1C9A10E98FEF7C2FC5E
:1020300058B1C8A10E98FEF7BDFC30B1C3A10E98EF
:10204000FEF7B8FC08B1E6A0FEE3EDA10E98FEF79E
:10205000B1FC00287DD0BDA10E98FEF7ABFC002896
:1020600078D0E9A10E98FEF7A5FC002873D0B8A19E
:102070000E98FEF79FFC00286ED0B6A10E98FEF7D2
:1020800099FC4FF41075002867D0C6A10E98FEF792
:1020900091FC00287ED0A7A10E98FEF78BFC0028AB
:1020A000F8D0DBA10E98FEF785FC002873D0DDA1E7
:1020B0000E98FEF77FFC0028F8D0DEA10E98FEF700
:1020C00079FC0028F2D0DFA10E98FEF773FC0028FF
:1020D0007AD0E1A10E98FEF76DFC0028F8D0E4A1BB
:1020E0000E98FEF767FC0028F2D0E6A10E98FEF7E6
:1020F00061FC0028ECD009AAE9A10E98FEF762FA6B
:10210000012876D008AAECA10E98FEF75BFA012808
:1021100070D005AB04AAEDA10E98FEF753FA022881
:1021200069D00AAAEEA10E98FEF74CFA01287CD0DD
:102130000BAAF0A10E98FEF745FA012876D0F2A17D
:102140000E98FEF737FC002871D002AAF2A10E9873
:1021500004E066E367E36BE37DE37FE3FEF732FAD7
:102160005B4D41F271787C3501287CD0EEA10E9850
:10217000FEF720FC002877D063A10E98FEF71AFC2A
:10218000002872D063A10E98FEF714FC00286DD0D1
:10219000E8A101E070E372E30E98FEF70BFC002863
:1021A00065D0E7A10E98FEF705FC00287ED0E7A1D8
:1021B0000E98FEF7FFFB002879D049A10E98FEF794
:1021C000F9FB002874D000E077E3E4A10E98FEF755
:1021D000F1FB00286DD0E4A10E98FEF7EBFB002880
:1021E00068D0E4A10E98FEF7E5FB002863D003AAAF
:1021F00002E097E3A8E3B7E3E2A10E98FEF7E2F965
:10220000012859D003AAE4A10E98FEF7DBF90128B2
:1022100053D003AAE6A10E98FEF7D4F901284DD0B9
:1022200007AB06AAE6A10E9802E0A2E3B0E3B9E389
:10223000FEF7C8F9022842D00DAAE6A10E98FEF7D3
:10224000C1F940F6B83A01283AD003AAE5A10E98A0
:10225000FEF7B8F90126A5F5F367012831D003AAE6
:10226000E3A10E9804E0A5E3A5E3A5E38DE3A4E3D1
:10227000FEF7A8F9012825D0E0A10E98FEF79AFBF9
:10228000002820D040A10E98FEF794FB00281BD018
:1022900041A10E98FEF78EFB002816D0DAA10E9809
:1022A000FEF788FB002811D047A1B3E186E386E35F
:1022B00086E386E386E386E386E386E386E386E3D6
:1022C00086E386E386E386E386E386E386E300002F
:1022D000BC270020766F66612073746F7000000069
:1022E00070756C736520766F6661206F666600009E
:1022F00073706565642074756E652000766F666125
:1023000020706F7320000000737065656420737423
:102310006F70000073706565642073746174757309
:1023200000000000706F73200000000070756C7377
:1023300065200000616E676C65206F627365727660
:10234000657220737461747573000000656E6300BC
:10235000616463006275730073747265616D206FF0
:102360006E00000073747265616D206F6666000018
:102370006572723A207370656564206C6F6F7020AF
:10238000627573790D0A0000616C69676E20737461
:102390006174757300000000616C69676E20616292
:1023A0006F727400616E676C650000006572723A4E
:1023B00020726F746F7220616C69676E6D656E74E8
:1023C00020627573790D0A0063616C207374617407
:1023D0007573000063616C2061626F7274000000AD
:1023E0006572723A20656E636F6465722063616C1A
:1023F0006962726174696F6E20627573790D0A008B
:1024000068656C70000000007A65726F0000000063
:10241000616E676C652063616C20737461747573A1
:1024200000000000616E676C652063616C206F6E58
:1024300000000000616E676C652063616C206F6650
:1024400066000000616E676C65206F62736572766E
:102450006572206F66660000616E676C65206F6252
:1024600073657276657220736861646F770000002F
:10247000616E676C65206F62736572766572206F3E
:102480006E000000616E676C65206F627365727626
:1024900065722063616C696272617465640000003A
:1024A000616E676C65206F6273657276657220621B
:1024B0007720256C64000000616E676C65206164A4
:1024C00076616E636520256C64000000737065653D
:1024D000642074756E6520256C6420256C64000092
:1024E000737065656420667720726174696F20255A
:1024F0006C64000073706565642066772066697897
:10250000656420256C6400007370656564206677DF
:10251000206175746F0000007370656564207275CA
:102520006E20256C64000000737065656420737410
:1025300061727400706F732073746174757300003E
:10254000706F732073746F700000000070756C738F
:102550006520766F6661206F6E00000070756C7389
:1025600065206F6E0000000070756C7365206F66EB
:102570006600000070756C73652073746174757308
:1025800000000000766F666120706F7320646961DF
:102590006720256C64000000766F666120706F73A1
:1025A000206361707475726520256C640000000002
:1025B000766F666120706F7320256C6400000000E8
:1025C000706F732074756E6520256C6420256C64B3
:1025D00000000000706F73206C696D697420256CB9
:1025E00064000000706F732072656C20256C6400BD
:1025F000706F732061627320256C6400616C696781
:102600006E2073746172740063616C207374617204
:10261000740000000E98FEF7CDF900287ED0AFF2CE
:102620004C210E98FEF7C6F9002878D0ECA10E9840
:10263000FEF7C0F94FF00009002871D0EBA10E9809
:10264000FEF7B8F900286CD0EBA10E98FEF7B2F9AE
:10265000002867D0EAA10E98FEF7ACF9002878D0E0
:10266000EAA10E98FEF7A6F9002873D0EBA10E9808
:10267000FEF7A0F9DFF8B4B300286CD0ECA10E98F7
:10268000FEF798F9002867D0EDA10E98FEF792F9B1
:1026900000287DD0EEA10E98FEF78CF9002878D0A6
:1026A000EFA10E98FEF786F94FF4FA7B002871D05F
:1026B000EFA10E98FEF77EF900286CD0F0A10E98DD
:1026C000FEF778F90028F8D0F0A10E98FEF772F91D
:1026D00000287DD0F1A10E98FEF76CF9002878D083
:1026E000F2A10E98FEF766F9002873D0F2A10E98B9
:1026F000FEF760F900286ED0F2A10E98FEF75AF9A5
:10270000002869D0F3A10E98FEF754F90028F8D0FC
:10271000F2A10E98FEF74EF9002804E0EFE3EFE394
:10272000EFE3EFE3EFE376D0EFA10E98FEF742F987
:10273000002871D0F0A10E98FEF73CF900286CD06B
:10274000F2A10E98FEF736F9002867D002AB0CAA6A
:1027500003E0F3E3F3E3F3E3F3E3F1A10E98FDF712
:1027600031FF02286DD002AAF3A10E98FDF72AFFCF
:10277000012867D002AAF5A10E98FDF723FF0128D2
:1027800072D002AAF7A10E98FDF71CFF012804E001
:10279000F4E3F4E3F4E3F4E356E066D002AAF6A12E
:1027A0000E98FDF70FFF01287BD0AFF2D8410E98AD
:1027B000FEF700F9002875D0F3A10E98FEF7FAF89D
:1027C000002870D0F3A10E98FEF7F4F8B41E05E0CF
:1027D000F0E3F0E3F0E3F0E3F0E326E0002876D066
:1027E000EEA10E98FEF7E6F8002871D0EDA10E9844
:1027F000FEF7E0F800286CD0AFF2A4410E98FEF787
:10280000D9F8002866D0AFF2A4410E98FEF7D2F8AE
:10281000002875D003E0F1E3F1E3F1E3F1E3E3A095
:1028200012E0E84810E001F079F90FB0BDE8F08F50
:1028300006F076FD20B902F0C7FE90F8410030B1F5
:1028400001E0F0E3F0E3E0A001F0BCFAEDE703F013
:1028500083FBEBA0F8E701F0A7F8E6E708F0AAF998
:1028600041680091038801E0EFE3EFE3EAA2294623
:10287000F048FDF7CBFD73E001F0C0F8D5E7AFF20B
:102880005C410E98FEF796F870B10024AFF28041DB
:102890000E98FEF78FF80028EED006F041FD50B9F3
:1028A00004E0F0E3F0E3F0E30124EFE7204602F078
:1028B00073FE0028E0D1E048C6E7002402F07CFA6D
:1028C00090F88B0010B906F02BFD30B103E0F5E372
:1028D000F5E3F5E3F5E3D9A0B6E7AFF284410E984E
:1028E000FEF768F868B1AFF278410E98FEF762F82B
:1028F00048B1AFF270410E98FEF75CF828B105E0E0
:10290000F5E3012402E0022400E00324204602F063
:1029100093FF08B9D6A097E703F0B0FA806802F0F9
:10292000DFFEA9E7099800280CDB02F045FA90F8D1
:102930008B0038B906F0F4FC20B9099802F05CFF6E
:102940000028E9D1D7A07FE7089800280ADB02F029
:102950009FFB38B1E2A22946B648089BFDF756FD19
:10296000B44871E7E5A06FE7DDE9040101F016FB6B
:102970005BE70A98002806DB06F0D2FC18B90A9833
:1029800009F086FB08B9EBA05EE701F065F94CE7BA
:1029900006F0C6FC20B90B9809F094FB0028F4D18E
:1029A000F3A051E706F0BCFC18B909F01DFA0028A5
:1029B000EBD1F9E1FAE103E206E208E20AE20CE215
:1029C00011E214E21AE21FE223E22FE23BE267E2A5
:1029D0006BE276E2BEE2D5E2DBE2DDE2DFE20000BE
:1029E00063616C2064756D70000000006164632099
:1029F0007A65726F000000007465737420612B00AB
:102A000074657374206E6F69736500007465737408
:102A100020696C6F6F7020612B0000007465737407
:102A200020696C6F6F7020612D000000D4FEFFFFE5
:102A30007465737420696C6F6F7020622B000000E6
:102A40007465737420696C6F6F7020622D000000D4
:102A50007465737420647120696420333030000021
:102A6000746573742064712069642035303000000F
:102A700074657374206471206964203130303000D3
:102A800074657374206471206964000074657374E4
:102A900020647120697120353030000074657374D2
:102AA000206471206971203130303000766F6661AA
:102AB0002069642033303000766F666120696420BD
:102AC00035303000766F66612069642031303030F7
:102AD00000000000766F666120696400766F6661B1
:102AE0002069712035303000766F66612069712071
:102AF0003130303000000000766F6661206964205C
:102B00006379636C6520353030000000766F666154
:102B1000206971206379636C6520353030000000D6
:102B2000766F6661207370656564207374657020CC
:102B3000256C6420256C6400766F66612073706577
:102B4000656420686F6C6420256C6400766F666134
:102B500020737065656420706F736974696F6E208F
:102B6000256C6400766F6661207370656564206C07
:102B70006F6F7020256C6400766F666120737065DE
:102B8000656420256C64000074726163652064755F
:102B90006D7000007465737420612D00746573742A
:102BA00020622B007465737420622D006572723A86
:102BB00020756E6B6E6F776E20636F6D6D616E64E6
:102BC0000D0A000048F400086572723A20656E63D1
:102BD0006F646572207A65726F206C6F636B6564D9
:102BE00020616674657220656C65637472696361E7
:102BF0006C20616C69676E6D656E740D0A00000073
:102C00006F6B3A20656E636F646572207A65726FD0
:102C1000207365740D0A0000425553207261773DA0
:102C2000257520766F6C746167653D256C756D56F2
:102C30000D0A00005028002064F800086572723AFE
:102C400020616E676C65206F6273657276657220B5
:102C50006D6F646520726571756972657320737438
:102C60006F70706564206C6F6F700D0A000000005B
:102C70006572723A206F62736572766572206F6E4C
:102C800020636F6E666C6963747320776974682063
:102C9000616E676C652063616C6962726174696FF3
:102CA0006E0D0A006572723A206F62736572766506
:102CB0007220627720726571756972657320737412
:102CC0006F70706564206C6F6F7020616E6420316E
:102CD00030302E2E31353030487A0D0A0000000099
:102CE0006F6B3A20616E676C6520616476616E631C
:102CF000653D256C6475730D0A0000006572723ABB
:102D000020616E676C6520616476616E6365207218
:102D1000657175697265732073746F707065642076
:102D20006C6F6F7020616E6420302E2E31303075E4
:102D3000730D0A006572723A2073706565642066CF
:102D40007720726174696F2072657175697265733D
:102D50002073746F70706564206C6F6F7020616E8B
:102D600064203735302E2E3930300D0A0000000037
:102D70006572723A206669786564204964207265DC
:102D80007175697265732073746F70706564206CFF
:102D90006F6F7020616E64202D323530302E2E2DF5
:102DA0003130306D410D0A00D6A04DE5029800F695
:102DB000B831414573D24FF47A714843A86000E0BE
:102DC000A86801F0DBF930E507F0CCFDDDE500F0A7
:102DD000CFFEDAE507F0C6FD18E001F0A7F90028FC
:102DE000F1D1D3A030E501F089FFDDA02CE508F09A
:102DF0003BF808B1E0A002E0E8A025E5EFA000F074
:102E0000E1FF00F0D7FE10E500F0D4FE00F0B0FEC8
:102E10000BE594F864000028D5D100220121039825
:102E200001F03CFA0028CED1F0A00DE594F8640042
:102E30000028C8D101220021039801F02FFA0028B0
:102E4000C1D1F6A000E594F86400F8B107F0AAFC3F
:102E5000407FD8B107F0A6FC02680398C31710188A
:102E600043EBE2716FF000434FF000021B1A8A41FE
:102E700009DB4FF00042821A71F1FF3103DB07F0EA
:102E8000E7FC00289FD107F06DFD14E300221146F6
:102E9000039801F003FA002895D1EBA0D4E4F4E202
:102EA000DDE9060101F010F8BFE40D98411E51451F
:102EB00001D3EEA0C8E44FF47A71484300F0A2FFBA
:102EC000B3E407F06FFC407F00B307F06BFC0068D1
:102ED000039AC117801841EBE2716FF000434FF085
:102EE00000021B1A8A4109DB4FF00042821A71F17D
:102EF000FF3103DB07F0ACFC002887D104E056E08B
:102F00005DE05FE06EE07DE0E3A09DE402F0A0FF05
:102F1000039AC117801841EBE2716FF000434FF044
:102F200000021B1A8A4108DB4FF00042821A71F13D
:102F3000FF3102DB01F0AEF830B903E064E066E097
:102F400069E06DE0DFA07FE487F8446004F018F8E2
:102F5000B8645BE707F026FC407F18B1039807F0E0
:102F600077FC48B107F01EFC407F0028ECD10398A5
:102F700001F090F80028E7D1DBA065E455E057E0C8
:102F80005AE05EE008F048FA08B1DFA05CE4E4A093
:102F90005AE400F0C7FC48E408F0A8F8F9E708F0A4
:102FA000A9FA08B1E8A04FE4F0A000F00BFF00F090
:102FB00087FD3AE44BE04CE04FE052E056E008F089
:102FC000A0F8F4E708F088F990F8240040B1A7F8D9
:102FD000549087F8579087F8566087F8449024E417
:102FE000ECA031E406F09CF908B1F3A02CE4FEF764
:102FF00045FB00287FF42FACF9A025E43AE03BE044
:103000003EE043E0012162E200F040FB0DE40021DC
:103010004FF4967001E00021584600F0EFFA04E406
:103020004FF4967102E036E062E059460020F4E782
:1030300000214FF4967001E00021584600F066FB35
:1030400004E400214FF47A70F8E7F3E10DE2594609
:1030500001E04FF47A710020F0E700214FF4967000
:1030600001E00021584600F049FC07E400214FF43C
:103070007A70F8E7594601E04FF47A710020F2E7E0
:103080000021584604E0FBE109E217E2594600201E
:1030900000F00CFC6CE40C9800F6B83141450BD202
:1030A000DDF8088040F6B83118EB010F04DB574615
:1030B000B84501DC404505D1D0A00DE406E20AE2A6
:1030C0000BE20DE24FF47A7108FB01F8002348434C
:1030D0001A461946C5F8088001F01EF994F8570001
:1030E0000028D7D084F85A60C4E9177840E4FBE19F
:1030F0000298B0F57A7F03D010F57A7F00D08FE187
:1031000090E100006572723A207370656564206614
:1031100077206175746F20726571756972657320AF
:1031200073746F70706564206C6F6F700D0A0000AF
:103130006572723A2073746172742070756C736575
:10314000206D6F6465206265666F72652070756CB6
:10315000736520766F6661206F6E0D0A00000000B7
:103160006F6B3A2070756C736520766F6661206FA7
:1031700066660D0A000000006F6B3A2070756C7374
:103180006520696E707574206F6E2C203830302089
:10319000737465702F7265760D0A00006572723A5D
:1031A0002070756C736520696E707574207374611E
:1031B0007274206661696C65640D0A006572723A0A
:1031C0002070756C736520696E707574206973204A
:1031D000616C776179732061726D65643B207573F2
:1031E000652050554C5F454E0D0A00006572723ADD
:1031F00020766F666120706F736974696F6E2064EA
:103200006961676E6F73746963207374617274208F
:103210006661696C65640D0A000000006572723AAF
:1032200020766F666120706F736974696F6E2063BA
:10323000617074757265207374617274206661695F
:103240006C65640D0A0000006572723A20766F6644
:103250006120706F736974696F6E2073746172742A
:10326000206661696C65640D0A0000006572723A3F
:1032700020706F736974696F6E2073706565642068
:103280006C696D6974206F7574206F662072616E51
:1032900067650D0A000000006572723A20706F7356
:1032A0006974696F6E2072656C61746976652074EB
:1032B00061726765742072656A65637465640D0A7E
:1032C000000000006572723A20706F736974696F54
:1032D0006E206C6F6F702073746172742066616908
:1032E0006C65640D0A0000006572723A20706F739D
:1032F0006974696F6E207461726765742072656AA3
:1033000065637465640D0A006F6B3A20616C6967D0
:103310006E6D656E7420737461727465640D0A005D
:103320006572723A20616C69676E6D656E742070AB
:103330007265636F6E646974696F6E206661696C33
:1033400065640D0A000000006F6B3A20656E636FC4
:103350006465722063616C6962726174696F6E206A
:10336000737461727465640D0A0000006572723ACC
:103370002063616C6962726174696F6E207072653E
:10338000636F6E646974696F6E206661696C6564F1
:103390000D0A00006572723A206E6F2076616C69CA
:1033A000642063616C6962726174696F6E2064612C
:1033B00074610D0A000000006572723A2073746F28
:1033C000702070776D206265666F7265206164633E
:1033D0002063616C6962726174696F6E0D0A00002E
:1033E0006572723A2061646320646D61206E6F744F
:1033F00020737461727465640D0A00006572723A1C
:1034000020696E76616C69642073706565642073F1
:1034100074657020636F6D6D616E640D0A0000004D
:1034200033A0C2E44FF47A71484300231A460121C5
:10343000A86017E00298B0F5C87F04D010F5C87FE7
:1034400001D038A0B1E408F013FD90F8470038B17E
:1034500002984FF47A71484300230122A8601CE0CF
:103460003CA0A2E400F058FFADE4029800F6B831A9
:1034700041450AD24FF47A7148430123A8600BE01A
:10348000029800F6B831414501D33EA08DE44FF4D7
:103490007A7148430023A86000220021E2E794F8F3
:1034A000570008B108F02AFF94F8640008B107F04B
:1034B00059FA06F051FF01F021FC84E400F0D6FD3A
:1034C00097F850000028CFD137A06EE421460020A5
:1034D00000F0A6F977E4012100E021460120F7E79A
:1034E00087F8446038A060E487F844903CA05CE42E
:1034F0006572723A2063757272656E7420686F6CC3
:103500006420646961676E6F7374696320726571AA
:103510007569726573202B2F2D3130303072706DCC
:103520000D0A00006572723A20706F736974696FDA
:103530006E20646961676E6F737469632072657170
:103540007569726573202B2F2D34303072706D0DBC
:103550000A0000006572723A20736574206669780B
:103560006564204964206265666F726520706F73C0
:103570006974696F6E20646961676E6F73746963E3
:103580000D0A00006572723A2073706565642074DC
:103590006172676574206F7574206F662072616E4A
:1035A00067650D0A000000006572723A206E6F2098
:1035B000647120747261636520617661696C616217
:1035C0006C650D0A000000006F6B3A20656E636F3A
:1035D0006465722073747265616D206F6E0D0A00F0
:1035E0006F6B3A20656E636F6465722073747265E9
:1035F000616D206F66660D0A0000000030B599B05D
:103600000C4605460BAA06F069FC08B3DDE9131069
:103610000DF11C0C9DF86030179A8CE80F00DDE965
:103620001523DDE90D010DF10C0C8CE80F00DDE92F
:103630000B010094CDE901012B46064A4FF41071AD
:103640000548FCF7E3FE044800F0BCFB19B030BDB0
:1036500002A0F9E760FA0008502800206572723A6B
:103660002063757272656E74206C6F6F7020746564
:10367000737420707265636F6E646974696F6E2015
:103680006661696C65640D0A0000000000B597B0C2
:1036900008A806F0C5FCD8B19DF85430DDE90F014B
:1036A0000DF1100C149A8CE80F00DDE90C1209984A
:1036B0000E9B8DE80F00074A4FF410710648089BD7
:1036C000FCF7A4FE044800BF00F07CFB17B000BD6F
:1036D00002A0F9E7ECF90008502800206572723A60
:1036E0002063757272656E74206E6F6973652074E5
:1036F00065737420707265636F6E646974696F6E50
:10370000206661696C65640D0A00000010B5B0B0F8
:103710000DAA06F08BFCE8B317AC9DF8B82094E82E
:103720000B00CDE90910CDE90B3213AC94E80F0082
:1037300005AC84E80F00DDE91123DDE90D0101ACE2
:1037400084E80F00109800904FF41074234A21462B
:1037500023480F9BFCF75AFE214800F033FB0DF184
:10376000900C9CE80F000DF1240C8CE80F000DF17B
:10377000800C9CE80F000DF1140C8CE80F000DF18B
:10378000700C9CE80F000DF1040C8CE80F001B98E6
:10379000009000E01EE0134A214613481A9BFCF7F4
:1037A00035FE0DF1A80C9CE80F000DF1040C8CE81F
:1037B0000F00299800900D4A21460D48289BFCF7E0
:1037C00025FE09490220583981F8520000F04EFCCC
:1037D00030B010BD07A000F0F5FAF9E70CFB0008C7
:1037E00050280020E4F10008F8200020D0F2000862
:1037F000382300206572723A2064712063757272FA
:10380000656E74207465737420707265636F6E6486
:103810006974696F6E206661696C65640D0A0000E9
:1038200030B597B00C46054608AA06F0EBFC78B117
:103830000DF1100C0B989DF85430149A10998CE8E7
:103840000F00089ADDE90901002C03DD2B2302E0BB
:103850000AA00DE02D23CDE90032CDE902015DB1D2
:103860004223104A4FF410710F48FCF7CFFD0E4869
:1038700000F0A8FA17B030BD4123F2E76572723A42
:10388000206D6F746F72207465737420707265633D
:103890006F6E646974696F6E206661696C65640D32
:1038A0000A00000078F900085028002070B50C4686
:1038B000054601F023FA42F210734FF4FA722146E2
:1038C000284606F0B5FC002812D00A490020012243
:1038D00021F8500F488008718A71C87108724872C7
:1038E00081F828004A71044901F8440F087388736D
:1038F00070BD0000BC270020A020002030B5A3B080
:103900000C46054601F0FAF96A462146284606F0BB
:103910008DFB002803D09DF8840001F0C5F923B089
:1039200030BD000030B595B007F0DAFC04460078F1
:10393000FEF778F93034034694E827000DF1440C83
:10394000103C8CE8270027CC0DF1340C8CE82700C4
:10395000D4E9042554E906010DF1240C8CE8270074
:10396000A4F1240194F9180026C9CDE90750CDE946
:10397000051254E90B25A07E0DF1040C617E8CE844
:10398000270014F82F0C0090054A4FF410710548D9
:10399000FCF73CFD15B00348BDE8304000F012BA1A
:1039A00040F300085028002010B58AB0FDF7BEFE95
:1039B00041890DF1180C837E427E44698CE81E001B
:1039C0000489D0E90323C1880DF1080C8CE81E009E
:1039D00082884188CDE900120388064A4FF41071AD
:1039E0000548FCF713FD0AB00348BDE8104000F09D
:1039F000E9B9000020FF00085028002030B595B03C
:103A000001F0E2FD90F83C10D9B301293BD0022926
:103A10003BD003293BD01FA100F12C020DF1400C3B
:103A20003CCA8CE83C0000F11C020DF1300C3CCA91
:103A30008CE83C0090F8405090F83F40D0E90523D6
:103A40000DF1200C8CE83C00D0E9034290F83E30A8
:103A500004940792CDE90513D0E9001290F93D30A6
:103A600084688DE81E0090F841300C4A4FF41071C4
:103A70000B48FCF7CBFC15B00948BDE8304000F01E
:103A8000A1B908A1C8E708A1C6E709A1C4E709A12F
:103A9000C2E70000696E76616C696400C0FB0008D3
:103AA000502800206F666600736861646F770000BD
:103AB0006F6E000063616C6962726174656400001E
:103AC00030B58BB007F008FC04460078FEF7E4F848
:103AD0001434034694E827000DF11C0C103C8CE8CC
:103AE000270027CC0DF10C0C8CE8270014F8130CE0
:103AF000227C34F8121C8DE80700064A4FF410713E
:103B00000548FCF783FC0BB00348BDE8304000F0EB
:103B100059B9000088FF00085028002010B588B06F
:103B200002F0ACF9044605F0FBFB0146A28C94F8C8
:103B30002600E369CDE90601CDE9043204F108016C
:103B4000A0690EC9CDE90012CDE90230064A4FF452
:103B5000107106482368FCF759FC08B00348BDE81B
:103B6000104000F02FB9000010F900085028002084
:103B700010B586B006F016FE847F437F027F016990
:103B80000DF1080C8CE81E00C2688168CDE90012B6
:103B90000368064A4FF410710548FCF737FC06B07D
:103BA0000348BDE8104000F00DB9000020000108F6
:103BB0005028002030B5A1B007F07EF890F87D4085
:103BC00090F87C30826F416F1CAD85E81E00046F59
:103BD000C36E826E416E18AD85E81E00046EC36D23
:103BE000826D416D14AD85E81E00046DC36C426C9E
:103BF000016C10AD85E81E00C46B836B426B016BDA
:103C00000CAD85E81E00C16A826A8369046A456A50
:103C1000CDE90A21641BCDE90843446A036AC269FD
:103C2000017B04AD85E81E00846843680268416931
:103C30008DE81E000369064A4FF410710548FCF731
:103C4000E5FB21B00348BDE8304000F0BBB8000000
:103C500078000108502800202DE9F047B2B008F0A4
:103C600007F9044601F0A8F8816B0546C06B081AF5
:103C7000B0F5007F02DDA0F5806004E010F5007F64
:103C800001DA00F580604C4E4FF4806A80FB06013B
:103C900052460023FCF795FB0746E86F524680FB2F
:103CA000060100230835FCF78CFB8146686C524600
:103CB00080FB06010023FCF784FB8046E86F524638
:103CC00080FB06010023FCF77CFB064608F0D4F8D5
:103CD00094F8441094F84B30226CCDE92F10CDE9C4
:103CE0002D23EB6E95F88220A96E95F881000DF1D9
:103CF000A40A8AE80F00286EE96DAA6FCDE92710A3
:103D0000CDE92562286FCDE92308CDE92179AB6C97
:103D1000EA6C94F84A1094F849001DAE86E80F004A
:103D200094F84830B4F93E2094F84710A06B19AECF
:103D300086E80F00A38F626B94F83210208E15AEC8
:103D400086E80F00E36AA26AE969A86911AE86E80D
:103D50000F006B692A6994F8461094F845000DAE7F
:103D600086E80F00E0692968401A216A6A682B68B2
:103D70008A1A6968CDE90B20CDE90913636A226AC2
:103D8000E169A06905AE86E80F0063692269E16810
:103D9000A06801AE86E80F00606800902368074ABB
:103DA0004FF410710648FCF731FB32B00448BDE80F
:103DB000F04700F007B80000407E0500CCFC00088A
:103DC0005028002070B5040017D0FCF7BFFC81B26A
:103DD0002046FDF709FB00280FD0084D95F818077D
:103DE00000280AD1234606A24FF4107105F59B6006
:103DF000FCF70CFB012085F8180770BDA0200020FF
:103E00002573000010B504461149A0F57A70884268
:103E100001D310A016E006F0C5FC407F18B1204683
:103E200006F000FD90B1164816A24FF410718460A0
:103E30004FF47A7094FBF0F311480C30FCF7E6FA7B
:103E40000F480C30BDE81040FFF7BCBF13A0F9E7E6
:103E5000D9C22D006572723A20706F736974696FF0
:103E60006E207370656564206C696D6974206F7570
:103E700074206F662072616E67650D0A0000000095
:103E8000442800206F6B3A20706F73206C696D6955
:103E9000743D256C6472706D0D0A00006572723A93
:103EA00020706F736974696F6E207370656564202C
:103EB0006C696D69742075706461746520666169F0
:103EC0006C65640D0A00000038B50C46051E07DD60
:103ED000002C05DBB5F5166F02DCB4F5FA6F01DDD9
:103EE0000EA015E006F05EFC407F20B1214628467A
:103EF00006F082FC80B112482B4612A2C0E90054A1
:103F00004FF410710C300094FCF780FA0C480C3020
:103F1000BDE83840FFF756BF16A0F9E76572723A60
:103F200020706F736974696F6E2074756E696E6747
:103F3000206F7574206F662072616E67650D0A00D0
:103F4000442800206F6B3A20706F732074756E6583
:103F5000206B703D256C646D72706D2F636F756E94
:103F600074206B643D256C646D72706D2F72706D82
:103F70000D0A00006572723A20706F736974696F80
:103F80006E2074756E696E6720757064617465204B
:103F90006661696C65640D0A0000000038B50C4666
:103FA000050008D4002C06DB44F62060854202DCC4
:103FB0000E48844201DD0EA012E016482146C0E9F9
:103FC0000054284608F0B2F870B112482B4612A2ED
:103FD0004FF4107118300094FCF718FA0D4818309F
:103FE000BDE83840FFF7EEBE17A0F9E720A10700B3
:103FF0006572723A2073706565642074756E696EBF
:1040000067206F7574206F662072616E67650D0A98
:1040100000000000382800206F6B3A20737065653F
:10402000642074756E65206B703D256C6475412F3E
:1040300072706D206B693D256C6475412F2872701C
:104040006D2A73290D0A00006572723A207370653B
:1040500065642074756E696E67207570646174653F
:10406000206661696C65640D0A00000010B508489F
:1040700005F0A0FD064800214E38A0F84C1080F84D
:104080005110B0F84E1001B1012180F8501010BD50
:10409000EE2000200149896800F002B84428002081
:1040A00000B51F4A95B0136800935268CDE901210D
:1040B00044F62062914200DA1146029A0A441949F4
:1040C00003928A4200DD0391174A0492042205926A
:1040D00047F230520692322207924FF47A720892D7
:1040E000642209920E4A0C3A13680A9352680B92A2
:1040F00040F6AC52CDE90C214FF0FF310E91012179
:104100008DF83C1000218DF83D1010911191129105
:1041100013910146684606F0BBFB15B000BD0000D8
:1041200044280020604D2F008096980070B506F05E
:10413000C3FD90F87C00D0B106F034FB407FB0B1F5
:1041400000F0DCFD0B4D0024012605F8644F2E72B3
:10415000EC6002F015FF401E286107482C7505F839
:104160000F6C00F8444F04738473012070BD00206D
:1041700070BD0000BC270020A02000207CB50546B3
:10418000002100F055F8C8B1104C012084F844001B
:1041900002F0F6FEA06404F5F3602B4603C80CA2FF
:1041A000CDE900014FF4107104F5F660FCF72EF92B
:1041B00004F5F660BDE87C40FFF704BE14A0FFF7ED
:1041C00001FEBDE87C40FFF747BD0000A0200020B5
:1041D0006F6B3A2073706565642072756E20746130
:1041E000726765743D256C646D72706D206B703DF7
:1041F000256C6475412F72706D206B693D256C6470
:1042000075412F2872706D2A73290D0A0000000075
:104210006572723A207370656564206C6F6F7020F0
:104220007374617274206661696C65640D0A0000C4
:1042300000B5164A8BB0136800935268019240F69D
:10424000AC520292124A039244F620620492012276
:104250008DF814208DF8152049B141F6583106919A
:104260004FF4FA6107910B4908910B4903E00021D3
:1042700006910791089109910146684607F070FF81
:10428000002800D001200BB000BD0000382800201D
:10429000604D2F0000350C00804F120070B51446A1
:1042A0000D46064601F0D4FDF217861942EBE07187
:1042B0006FF000424FF00000921B884105DB4FF089
:1042C0000040301A71F1FF3001DA002070BD00F0BB
:1042D00015FD3046FFF7DEFE0028F7D00C4800231E
:1042E000012120F8503F438003718371C371037231
:1042F0004372017545758475836180F8283041717A
:10430000044800F8443F03738373084670BD0000FF
:10431000BC270020A02000202DE9F0411C461546B6
:104320000E46074600F0EAFC31463846FFF780FFAC
:10433000B8B10F480021012220F8501F41800171BF
:104340008271C271057244728172C160016180F82C
:1043500028104271074800F8441F01738173BDE8BB
:10436000F08105A0FFF72EFDBDE8F041FFF774BC1A
:10437000BC270020A02000206572723A207370656F
:104380006564206C6F6F7020737461727420666155
:10439000696C65640D0A000070B5224890F85500FC
:1043A00018B1BDE8704000F04BBB1F4D95F85000B0
:1043B00018B1BDE87040FDF731BB95F8560018B153
:1043C000BDE87040FDF7B8BB95F84400002828D040
:1043D00002F0D6FD044607F04BFD90F84B0008B103
:1043E000142000E06420A96C611A884219D8AC64DA
:1043F00007F03EFD90F84B0020B907F039FD90F82A
:10440000440050B1FFF728FC06F0CCF9407F0028AB
:1044100007D0BDE87040FFF7ABBBBDE87040FFF7C9
:104420007DBB70BDBC270020A020002010B504007B
:1044300006D0FCF78BF981B22046FCF7D5FF08B116
:10444000002010BD012010BD10B5B1F9003000EE04
:10445000103AB8EEC00A10EE103A0360B1F9044009
:1044600000EE104AB8EEC00A10EE104A4460B1F9EE
:10447000024000EE104AB8EEC00A10EE104A846006
:10448000B1F9064000EE104AB8EEC00A10EE104A2C
:10449000C460B1F90C4000EE104AB8EEC00A10EE4C
:1044A000104A0461B1F90E4000EE104AB8EEC00A9D
:1044B00010EE104A4461897C00EE101AB8EE400AF2
:1044C00010EE101A00EE102A81610449B8EE400A7D
:1044D00010EE102AC2610968016210BDA6F1000841
:1044E00070B5044606F05EF9054607F0C1FC0646C5
:1044F00002F046FD00EE100A294AB8EE400A10EE1E
:10450000100A2060906E00EE100A431C9366B8EE0D
:10451000400A10EE100A6060696800EE101AB8EEEA
:10452000C00A10EE101AA160A86800EE100AB8EEDA
:10453000C00A10EE100AE060286900EE100AB8EE1A
:10454000C01A9FED180AC1EE000A10EE900A206111
:10455000716800EE901AB8EEE01AC1EE000A10EE93
:10456000901A6161316A00EE901AB8EEE01AC1EE5D
:10457000000A10EE901AA161297F00EE101AB8EE21
:10458000400A10EE101AE161A97F074800EE101AE8
:10459000B8EE400A10EE101A21628069606270BDA8
:1045A000BC27002000007A44A6F1000870B504463C
:1045B00006F0F8F8064607F05BFC054600F0FCFB49
:1045C000716800EE101AB8EEC00A10EE101A2160E1
:1045D000B26800EE102AB8EEC00A10EE102A62602F
:1045E000326900EE102AB8EEC01A9FED440AC1EEFF
:1045F000000A10EE902AA2606A6800EE902AB8EED7
:10460000E01AC1EE000A10EE902AE260AA6900EEFC
:10461000902AB8EEE01AC1EE000A10EE902A22614C
:10462000426800EE902AB8EEE01AC1EE000A10EEE1
:10463000902A6261C26800EE902AB8EEE01AC1EEDC
:10464000000A10EE902AA261026800EE902AB8EEED
:10465000E01AC1EE000A10EE902AE261826800EED4
:10466000902AB8EEE01AC1EE000A10EE902A2262FB
:10467000826900EE902AB8EEE01AC1EE000A10EE50
:10468000902A6262C26900EE902AB8EEE01AC1EE8A
:10469000000A10EE902AA26290F8890000EE900ABB
:1046A000F8EE600A10EE900AE06295F8461000EE0F
:1046B000901AF8EE600A10EE901A2163696A00EE13
:1046C000901AB8EEE01AC1EE000A10EE901A61637B
:1046D000F16800EE901AF8EEE00A10EE901AA1636D
:1046E000A968074800EE901AB8EEE01AC1EE000A79
:1046F00010EE901AE1630069206470BD00007A44F6
:10470000A6F100082DE9F041044606F0D5FA8046EE
:1047100006F048F8054607F0ABFB074600F04CFBF7
:10472000064602F02DFC00EE100A5C49B8EE400A85
:1047300010EE100A206091ED1C0A201D0146B8EE13
:10474000400A10EE100A0860686800EE100AB8EE21
:10475000C00A10EE100AA060A96800EE101AB8EEA8
:10476000C00A10EE101AE160E86800EE100AB8EE18
:10477000C00A10EE100A2061D8F8041000EE101ADA
:10478000B8EEC01A9FED460AC1EE000A10EE901A6C
:104790006161D8F8081000EE901AB8EEE01AC1EE88
:1047A000000A10EE901AA161296900EE901AB8EE85
:1047B000E01AC1EE000A10EE901AE161786800EE8E
:1047C000900AB8EEE01AC1EE000A10EE900A2062DC
:1047D000B86800EE900AB8EEE01AC1EE000A10EEDA
:1047E000900A6062B86900EE900AB8EEE01AC1EE75
:1047F000000A10EE900AA062716800EE901AB8EEFE
:10480000E01AC1EE000A10EE901AE162F16800EEC3
:10481000901AB8EEE01AC1EE000A10EE901A216369
:10482000F86800EE900AB8EEE01AC1EE000A10EE49
:10483000900A6063386900EE900AB8EEE01AC1EEA3
:10484000000A10EE900AA06397F8450000EE100AE7
:10485000B8EE400A10EE100AE06396F8891000EEF8
:10486000101AB8EE400A10EE101A216497F846109C
:1048700000EE101AB8EE400A10EE101A6164D8F873
:104880001010084800EE101AB8EE400A10EE101A88
:10489000A1644069E064BDE8F0810000BC2700200D
:1048A00000007A44A6F1000870B50446FCF73EFF0C
:1048B000054600F081FA064607F0DAFA95ED030A9C
:1048C000B8EEC01A9FED180AC1EE000A10EE901A59
:1048D0002160D5ED040AB8EEE01AC1EE000A10EE30
:1048E000902A6260F26800EE902AB8EEE01AC1EEFB
:1048F000000A10EE902AA260026800EE902AB8EE3C
:10490000E01AC1EE000A10EE902AE260406800EE64
:10491000900AB8EEE01AC1EE000A10EE900A20618B
:1049200002488068606170BD00007A44A6F100080A
:1049300010B591ED000AB8EE400A10EE103A03608F
:1049400091ED010A00F13803B8EEC01A9FED3A0A62
:10495000C1EE000A10EE904A4460D1ED030AB8EEB1
:10496000E01AC1EE000A10EE904A8460D1ED120AFE
:10497000F8EEE00A10EE904AC460D1ED040AB8EEF9
:10498000E01AC1EE000A10EE904A046191ED0D0AA2
:10499000B8EEC00A10EE104A446191ED060AB8EE76
:1049A000C00A10EE104A846191ED070AB8EEC00A01
:1049B00010EE104AC46191ED080AB8EEC00A10EE7C
:1049C000104A046291ED0E0AB8EEC00A10EE104AC9
:1049D000446291ED0B0AB8EEC00A10EE104A8462F0
:1049E00091ED0C0AB8EEC00A10EE104AC46291EDC7
:1049F0000F0AB8EE400A10EE104A046391ED110A56
:104A0000B8EEC00A10EE104A446312B191ED0A0AE2
:104A100001E091ED160AB8EEC00A10EE102A1A60F5
:104A200091ED100AB8EE400A10EE101AC163034966
:104A30004968016410BD000000007A44A6F1000836
:104A40002DE9F043954C9DB094F85500002831D0E5
:104A500094F87800002528B1FCF7B8FC002829D08C
:104A600084F87850FCF7B2FC002823D094F86C004E
:104A7000012610B306F020F990F87C0000286ED0D3
:104A800005F090FE407F0028F9D002F079FA616FBE
:104A90000546A9420ED08148FFF734FE50217F48D9
:104AA000FCF7A2FC002805D184F878606567206FC8
:104AB000401C20671DB0BDE8F08394F86400E8B3A3
:104AC00005F070FE407F002849D094F8660018B1C8
:104AD0007248FFF705FD3DE094F8650018B16F4896
:104AE000FFF764FD36E06D4D05F05CFE074607F00C
:104AF000BFF90246786800EE100AB8EEC00A85EDEC
:104B0000000AB96800EE101AB8EEC00A85ED010A75
:104B1000386900EE100AB8EEC01A9FED610AC1EEC6
:104B2000000AC5ED020A506800EE900AB8EEE01ADD
:104B3000C1EE000AC5ED030A106A00E017E000EEBE
:104B4000900A5848B8EEE01AC1EE000AC5ED040A12
:104B5000C068686194F8660010B1282152E05AE0FC
:104B600094F8650008B144214CE018214AE094F81B
:104B7000570068B394F85A0058B107F079F9006CFF
:104B8000E16D884205D3206E07F0BCFA68B184F865
:104B90005A5094F8590058B107F06AF990F84B0050
:104BA000C8B33E48FFF780FEDFE707F0A7FB3CE015
:104BB000684607F0ADF930B194F858206946374897
:104BC000FFF7B6FECFE707F053F990F84B002AE065
:104BD00094F856004FF6FF7950B300251CE000BF53
:104BE00004F0E2FF024605EBC50004EB800018A9C3
:104BF000FFF72AFC6D1C2D042D0C0DD005EBC50113
:104C000009EA81012548FCF7EFFB00287FF452AF49
:104C100084F878604EE708E018A805F035F8002819
:104C2000DED104F06DFF0028F4D100F067F841E711
:104C3000B4F85000B4F852108842F6D2081A85B27F
:104C4000A046012D00D90125002004F0B3FF07463E
:104C5000002410E0B8F8501004EBC403214401EB29
:104C6000810198F8542007EB810108EB8300FFF7DE
:104C7000EBFB641CA4B2AC42ECD305EBC50109EA22
:104C800081010648FCF7B0FB0028C3D1404630F84C
:104C9000501F2944018088F878600BE7BC2700206A
:104CA00000007A44A6F1000810B50446114804F04B
:104CB00081FF104900225239A1F8502081F8544058
:104CC00081F8562081F8572081F8582081F8592022
:104CD00081F8642081F8652081F87820B1F85200CD
:104CE00000B1012081F85500034800F8442F0273F9
:104CF000827310BD0E280020A02000200B48002148
:104D000080F8551080F8781020F8501F418081718C
:104D1000C171017241728172C16001610175417599
:104D2000817501770162416270470000BC27002055
:104D300070B511490022C417D1F8C010A1FB00358D
:104D400002FB005001FB04020C4C0021A3FB0405F4
:104D500002FB045203FB0121094A00294FEA6203C6
:104D600003DBC01841F1060102E0C01A61F106013F
:104D70000D23FBF726FB70BD20010020400D030032
:104D8000005847F8C1178A0242EA9052800210B5D3
:104D9000011E72F1000102DB4FF4FA6300E0054BE3
:104DA000181842EBE3714FF47A624FF00003FBF7FF
:104DB00008FB10BD30F8FFFF00487047400100209D
:104DC0002DE9F04F9BB00446FCF7B0FC064600F01E
:104DD000FBFBF1680546002900DA494230690028EA
:104DE00000DA4042E26F8A4200DAE167D4F88020BC
:104DF000824201DAC4F88000D4F8B0208A4201DD92
:104E0000824201DC02208DE001F022F80890D4F803
:104E1000B410002909DDD4F8B820801A01D508980B
:104E2000101A884201DD03207CE015A9089800F0E3
:104E300097FB4FF00108002873D01598FFF7A2FFE9
:104E400000F03FFA059094F8C81059B1D4F8C41096
:104E5000401A00F02DFA07000598C4F8C40006D5E2
:104E6000784205E084F8C8800027C4F8C4003846BA
:104E7000834617A9089800F0F7FAE0B30598079061
:104E800095F83C0058B107AA05A9089800F000FD64
:104E900088B395F83C0002284BD003284BD01798D4
:104EA000079980460598401A00F002FA5FEA000967
:104EB00001D5C9F100008246D6E9030295F93D10FB
:104EC0000FAB514310AA0092424600F091FA0F989E
:104ED000A0621098E062F06820633069606300F0BF
:104EE000B1FFFFF725FF1599099008444FF47A6147
:104EF00090FBF1F200E014E001FB1200002801DA5F
:104F000000F57A600E900998FFF73CFF95F83C1089
:104F1000022904D0032902D095F84010A9B14044D9
:104F200016E0404684F8A80004F0BAF91BB0BDE8CA
:104F3000F08F0798B4E705991798401A00F0B8F970
:104F40000799084400F0BDF9AAE70E98FFF71AFF89
:104F500000F0B7F90646206A002806DAA16A206A3E
:104F60003230814201DD012300E00023606C226CBD
:104F7000E16ACDE90203CDE90012A36A626A216AFF
:104F80002046FCF7D5FA2069A0636069E06318A8A1
:104F90000090E16BA06B11AB324600F003FA119860
:104FA000A06495F93D0018994843E064D4F8BC200A
:104FB000E16CA06C04F0E8F90898A06715982065EA
:104FC0000E9860650598A0650798E065C4F8608054
:104FD0006666C4F86890E76609982067D4F8C00050
:104FE0006067D4F88C00401CC4F88C00A16B0029C9
:104FF00000DA4942E06B002800DA4042D4F884200D
:105000008A4201DAC4F88410D4F88810814201DAA7
:10501000C4F88800207F20B1D4F89000401CC4F868
:105020009000207F84F8A900607F20B1D4F894001C
:10503000401CC4F89400607F84F8AA00D4F89C1047
:105040005046514501DAC4F89C00BAF1200F04DD46
:10505000D4F89800401CC4F89800D4F8A41058461E
:10506000594501DAC4F8A400BBF1200F04DDD4F8DF
:10507000A000401CC4F8A000D4F8CC20002A3FF4C3
:1050800055AF04F12000D4F8D01090474EE700004F
:10509000074991F8AB200AB9642801D9002070476C
:1050A000C1F8C00048670020086701207047000071
:1050B00020010020F0B50F4C94F8AB50A5B181FB56
:1050C0000156D4F8AC70C0FB005687FB07C7BCEB99
:1050D0000505B74108DBEFF3108572B62062616207
:1050E0002264636415B102E00020F0BD62B60120C5
:1050F000F0BD000020010020044A92F8AB300BB153
:1051000000207047C2E933010120704720010020D0
:1051100000231A46FFF7CEBF2DE9F0410546FCF704
:1051200005FB074600F050FA0646002D7ED0444CA1
:1051300094F8AB0000287CD104F0F2F8002878D174
:10514000B87E002875D1787E002872D096F841008C
:1051500000286ED096F93D00012801D0401C68D18E
:10516000E868002865DD2969814262DD68690028F8
:105170005FDBA86900285CD095EC020A3048A9687A
:10518000FCF774F9002850D0E86844F8AC0F28699F
:1051900060606869A06000F05BFEE060A8690025BF
:1051A000206144F88C5D6560A560E56025616561FE
:1051B000A561E56125626562A562E56225636563B7
:1051C000A563E56325646564A564E5642565D4F895
:1051D000A000606500F03CFEA065E565256665669B
:1051E000A566E56625676567A567E567C4F880502D
:1051F000C4F8845084F8885084F8895084F88A5020
:10520000A06D00F06DFAC4F8A45084F8A8500C49C1
:105210000C48203CFCF7DAFAFCF7E2FA58B101201E
:1052200084F8AB0004F0E6F8012000E001E0BDE8FE
:10523000F0810020F9E700210846FCF7C7FAF8E7FB
:1052400020010020C14D000810B50B4C94F8AB00B4
:10525000002810D004F024F8FCF7E8FA00210846F2
:10526000FCF7B4FA002020626062A063E06320646F
:10527000606484F8AB0010BD200100200B4A10B51B
:1052800092F8AB3023B118B1002901DD814201D978
:10529000002010BDEFF3108472B6C2F8BC000348C2
:1052A000FCF733F9002CF4D162B610BD20010020C8
:1052B00010B500F006F8B0F5007F01DBA0F58060C6
:1052C00010BDC11700EB91516FF30901401A01D5D0
:1052D00000F580607047000030B5032313EA102505
:1052E000C4B2124BC0B2C0F580700AD0012D0ED0EE
:1052F000022D12D033F910004042086033F9140037
:1053000012E033F914400C6033F910000CE033F96B
:105310001000086033F9140005E033F914406442CA
:105320000C6033F910004042106030BD80A10020B5
:1053300070B51B4D00242DED048BB6EE008A4FF4A2
:105340008076DFED148A9FED149ADFED149A00BF8A
:1053500000EE104AB8EE400A20EE280A20EE090AB4
:1053600009F004FD20EE290AB5EEC00AF1EE10FAAC
:1053700002DB30EE080A01E030EE480ABDEEC00A5A
:1053800010EE100A25F81400641CB442E0D9BDECFC
:10539000048B70BDDB0FC93F0000803B00FEFF4661
:1053A00080A100202DE9FC411C00089F13460D46FA
:1053B00006461BD0002F19D001AA69461846FFF7F0
:1053C0008BFF019886FB0031009885FB0002181ABC
:1053D00061EB020100F032F82060DDE9002085FB7E
:1053E0000001C6FB020100F029F83860BDE8FC812D
:1053F0002DE9FC411D00089E13460F4604461BD0B4
:10540000002E19D001AA69461846FFF765FFDDE9AD
:10541000000287FB0001C4FB020100F00FF82860C6
:105420000198009A87FB000184FB0232C01A61EBED
:10543000020100F003F83060BDE8FC810A4610B5B7
:10544000011E72F1000102DB4FF4804300E0054BC6
:10545000181842EBE3714FF400424FF00003FAF7E3
:10546000B0FF10BD00C0FFFFF8B50F00044634D0F8
:10547000694600F075F878B300984FF4FA62C117E6
:10548000890241EA90518002801841F100015200E6
:105490000023FAF796FF00F07DFA304D06462861AA
:1054A00095F83F00D8B195F84000C0B1E117221936
:1054B000E8694941C317101A61EB03014FF4FA522E
:1054C000002300F0FDF8282190FBF1F405F15801CC
:1054D000C82C0ADBC7240AE0FFE70020F8BD002043
:1054E000C5E905603E6037E0641E002C05DD31F83B
:1054F00014208242F8DC00E0641CC72C04DA01EBC3
:10550000440252888242F7DD31F8142001EB440155
:10551000801A49884FEAE07C8A1A4FEA0C2C02EB89
:10552000D2714CEA106C4B10000218184CEBE3716E
:105530004FEAE273FAF745FF2102401800F02AFA19
:1055400004466861801B00F025FAB0F5007F01DB9E
:10555000A0F58060A8613C600120F8BD88A3002010
:1055600010B50C0009D00B4A92F8411029B192F9FC
:105570003D10012903D0491C01D0002010BD116845
:10558000401A502100F094F8322148432060012055
:1055900010BD000088A300200A4958B191F83F00CF
:1055A00068B191F83C00022809D0012081F8400040
:1055B00001207047002081F840008861F8E7002052
:1055C0007047000088A300200048704788A300208F
:1055D000134800214FF44872016041608160C1604E
:1055E000016141618161C161016241628162C0E921
:1055F0000B120C4A42630C4A8263032280F83C205F
:1056000080F83D1080F83E1080F83F1080F8401080
:1056100080F841104830C0E90011C0E9021170471C
:1056200088A3002040B00500CA02010008480021FC
:1056300080F8411080F83D108160C16001614161D6
:10564000816101624162816280F83E107047000012
:1056500088A300200448002180F83F1080F8401003
:10566000C16181617047000088A300200F4A10B516
:1056700012684FF4A004D3171B0443EA1243120428
:10568000801A61EB03012246002300F019F8890219
:1056900041EA905180026210801841F100012246D7
:1056A0000023FAF78EFEC0F3090010BD88A3002086
:1056B00090FBF1F201FB1200002800DA0844704769
:1056C00070B514461D46FAF77CFE1046121E1946A8
:1056D00073F1000202DA001943EB050170BD00000E
:1056E00010B5C1170A4A090441EA10410024000418
:1056F000D46082E81300FFF7B9FF05494839086113
:105700000862002048628862012081F83E0010BDD6
:10571000D0A3002070B50D460646012905D0681CAF
:1057200003D0BDE87040FFF781BF0A4C50213046DE
:105730002660FFF7BDFF60600020A060E06084F895
:105740003D50012084F841003046BDE87040FFF72D
:10575000C7BF000088A30020F0B508B1C92901D057
:105760000020F0BD234A00250468158001214FF474
:10577000FA5C00BF50F8213002EB41061B1B36F8E3
:10578000026C01EB81079E1BA3EBC707002B20DDFA
:1057900063451EDA182E1CDB382E1ADC17F1140FA5
:1057A00017DB142F15DC22F81130491C89B2C829E7
:1057B000E0D3D0F82003001BA0F5F550B0F5A07F92
:1057C00007D8B2F88E01C0F5FA50182801DB382846
:1057D00002DDFFF73FFFC3E70648A2F890C1583843
:1057E0000121C46180F83F1080F84050856108466F
:1057F000F0BD0000E0A3002070B5A0F16401B1F598
:10580000AF6F01D9002070BDA0FB0012094B4FF40F
:10581000E974186360436A24A1FB0456586302FBD1
:105820000462002001FB0020810541EA9520986375
:10583000012070BD88A30020084958B1012809D073
:10584000022802D0032803D104E091F840200AB1D5
:105850000020704781F83C000120704788A3002099
:1058600038B56946FFF77CFE00280BD0064C00983F
:105870000649A06080FB01014FF47A620023FAF729
:10588000A0FDE06038BD000088A30020407E050038
:105890002DE9F74F0746019880B1029870B13B4956
:1058A00091F8410050B1FA17160491F83E0046EA0B
:1058B00017464FEA0748894618B105E00020BDE8C1
:1058C000FE8F3846FFF70CFFDFF8C0A000220AF178
:1058D000480ADAE90101DAF800308B46DAF80CE020
:1058E000591840EB0E00B8EB010466EB00054FF4CD
:1058F00080131B1BAA4104DB254AA21A75F1FF3253
:1059000009DA3846FFF7ECFED9F82C10491C0024C0
:10591000C9F82C1022E0D9F834300022A3FB047C13
:1059200002FB04CC03FB05C33F0D47EA033779189C
:1059300040EB2353CAE90013D9F83830A3FB047CA9
:1059400002FB04C203FB05234FEA175242EA03326B
:105950001BEB02024EEB2350CAE9022040463146BF
:10596000FFF784FE5646C9F81000D6E900014D46FF
:10597000FFF77CFEC5E90804B068A86201982969B0
:1059800001600298296A0160012098E788A300203D
:105990000000F0FFC11700EB91516FF30901401AAD
:1059A00001D500F580607047024A1070C2F8941962
:1059B00070470000F8A5002070B5054604F0F0FD22
:1059C000406A054C206204F0A3FE002084F8240005
:1059D00065700E20207070BDF8A500202DE9F04103
:1059E0002F4C6FF00047FE07A16AD4F8480300254A
:1059F000401AA060D4F84C23D4F86C16891AE160E0
:105A00000144A1F5FA51A0F57A60216105F084FB0B
:105A1000502806DCE068A0F57A6005F07DFB502890
:105A200001DD062037E0002104EB8102D2F828C016
:105A3000D2F84C33BCEB030001D5A3EB0C0063445C
:105A4000C2F87036A84200DD054641B1D2F86C06B6
:105A5000181AB84200DA0746B04200DD0646491C73
:105A600089B2C929E0D36761C4E90665C9210D4837
:105A7000FFF772FE70B104F093FD406A206204F0FB
:105A800047FE00206070012084F824000D20207063
:105A9000BDE8F0810720BDE8F041FFF78DBF0000B1
:105AA000F8A5002068AC0020C11700EB917121F02F
:105AB0000301401A00D5001D7047000070B5DFEDEE
:105AC000160A04462DED028B20EE208AB0EE480A1D
:105AD00009F0A4F8F0EE400A00EE104AB8EEC00A51
:105AE00020EE800A05F078FC0546B0EE480A09F081
:105AF0003DF900EE904AF8EEE00A20EE200A05F0AB
:105B00006BFC064991F948104143BDEC028B2846D5
:105B1000BDE8704004F094BDDB0FC93F78A50020BC
:105B20002DE9F0472DED028B05F026FC002873D0FF
:105B300004F036FD90F8280001281ED001F020FA6C
:105B4000B54C06464FF0000AD4F894094FF0C80847
:105B5000351A20784FF4FA69B3EE040A4FF07E57F5
:105B6000B7EE008A0D281DD2DFE800F01C091E2EBA
:105B7000485C7A93B4D4F2F0EF0003207DE04FF458
:105B8000FA606843B0FBF8F4C82D04D34C463146A4
:105B90000220FFF709FF20469FEDA00AFFF78EFFC6
:105BA000002839D1022068E0B5F5967F34D300F0A3
:105BB00065F9806860604FF0FF30A4F8A009A4F890
:105BC00002A03146032011E100EE905AB8EE601AAF
:105BD000F0EE400A81EE200A10EE100AB84201DD14
:105BE000B0EE480A4846B1EE400AFFF767FF0028CA
:105BF000D8D0142D10D331460420F7E00A2D0BD352
:105C000000F03CF98068C4F898096168081A0C38FB
:105C1000102802D9052030E096E0A4F8A0A931466A
:105C20000520E3E000EE905AB8EE601AF0EE400A6C
:105C300081EE200AF0EE400A10EE900AB84201DD33
:105C4000B0EE480AFFEE000A484630EE200AFFF7A1
:105C500035FF0028A6D0142D76D331460620C5E0A6
:105C60000A2D71D300F00AF98068A062D4F898195F
:105C7000411A0C39102906D90420BDEC028BBDE86D
:105C8000F047FFF799BE60600120A4F8A00960808A
:105C90003DE000EE905AB4F9A009F8EE600A401E0B
:105CA000C0EE808AFFF700FF00EE100A18EE900A9F
:105CB000B8EEC00AB84201DDF0EE488A484630EE40
:105CC000280AFFF7FBFE002892D0142D3CD3314662
:105CD00008208BE00A2D37D3B4F8A05900F0CEF895
:105CE00004EB850180688862496A401A0C381028E4
:105CF000C2D8C82D07D3C920A4F8A009A4F80280EF
:105D00003146092072E06D1CA4F8A0596580314627
:105D100007206BE000EE905AB8EE601AF0EE400AF1
:105D200081EE200AF0EE400A10EE900AB84201DD42
:105D3000B0EE480A4846FFF7C1FE00288AD0142D6D
:105D400066D331460A2051E062E034E012E0FFE71A
:105D50000A2D5DD300F092F88068C4F89C09D4F84D
:105D60004813401A0C38102886D8A4F8A089A4F843
:105D7000028039E000EE905AB4F9A009F8EE600A0A
:105D8000401CC0EE808AFFF78FFE00EE100A18EE6E
:105D9000900AB8EEC00AB84201DDF0EE488A4846E3
:105DA00030EE680AFFF78AFE00288DD0142D2FD31D
:105DB00031460C201AE00A2D2AD3B4F8A05900F07D
:105DC0005DF8816804EB8500C82DC0F84C1313D032
:105DD000D0F85003401A0C3810283FF61BAF8DB195
:105DE0006D1EA4F8A059658031460B20BDEC028BD6
:105DF000BDE8F047FFF7D8BD0749D4F89C09D1F8B2
:105E00006C16E7E7BDEC028BBDE8F047FFF7E6BD97
:105E1000BDEC028BBDE8F087F8A500200000000073
:105E200010B50A0009D006494FF47A6380FB0101DE
:105E3000A2FB0323FAF7C5FA10BD002010BD000035
:105E4000008793030148406C70470000902A0020AF
:105E500002480068406A00F053B80000E4020020E5
:105E6000002808D004490A6C0260CA6B42604A6C80
:105E70008260896CC1607047902A0020004870479A
:105E8000902A00202DE9F0413C211A4802F056FBEF
:105E9000EFF3108772B617480068466A164C002563
:105EA00084F89B50A662E56225636563A563E5639C
:105EB00000F02EF8A4F89450A4F89650A4F8985046
:105EC00084F89A50012084F89B0007B962B62660D6
:105ED000C4E90165E5609FED090A256184ED050AC5
:105EE000A561E56184ED080AA58484F82650BDE823
:105EF000F0810000E4020020902A00200000000051
:105F00000249896A401A404270470000902A0020E6
:105F100010480021016441648164C0F88810C0F811
:105F20008C1080F8901080F8911080F8921080F812
:105F300093100A4600EB8203521CD964052AF9D358
:105F40005FF0000200EB8203521C19660A2AF9D3A3
:105F500070470000902A00202DE9F041EFF31087F0
:105F600072B614480068466A134CA6620025E562C2
:105F700025636563A563E563FFF7CAFFA4F8945042
:105F8000A4F89650A4F8985084F89A5007B962B6CD
:105F90002660C4E90165E5609FED080A256184ED8E
:105FA000050AA561E56184ED080AA58484F82650F8
:105FB000BDE8F081E4020020902A002000000000EB
:105FC0002DE9F0413A4C94F89B0000286ED03948F6
:105FD0000068406AFFF794FFE16AE062461A3046C3
:105FE00000F0B2F8206B30442063B4F894104FF600
:105FF000FF70814204D2B4F89410491CA4F89410A4
:10600000002516B1A4F8985008E0B4F89810814221
:1060100004D2B4F89800401CA4F89800B4F8980092
:106020000126642809D325636563A563E563A4F8A5
:1060300094506420A4F8960036E0206B002800DA23
:106040004042042803DAB4F8940014282ED3206BBD
:106050006063B4F89400A4F89600206B1649B4F875
:10606000942080FB01014FF47A63A2FB0323FAF72B
:10607000A8F9A063A06BE16BB4F89420411A121D3B
:10608000B4F8947045F10003A7FB010E4FEAE17CE0
:1060900005FB01E107FB0C11FAF793F9E16B0844EA
:1060A000E0632563A4F8945084F89A60BDE8F08119
:1060B000902A0020E4020020008793031E4810B5B8
:1060C0000068406A1D4C2060FFF71AFF4FF47A61A8
:1060D00090FBF1F2A06001FB1200002801DA00F54C
:1060E0007A6000EE100ADFED160AE060B8EEC00A32
:1060F00020EE200A84ED050AEFF3108072B6A16A43
:106100006160616B2161A16BA161E16BE161B4F838
:106110009620A28494F89A2084F8262000B962B6CA
:1061200000EE101ADFED070AB8EEC00A80EE201A62
:1061300084ED081A10BD0000E4020020902A00201F
:10614000EC51B83D00007A4470B5274C05462064F8
:1061500094F89000D4F8881004EB80000026C26CFC
:10616000891AC4F88810C564D4F888002844C4F893
:10617000880094F89010491CC9B284F89010052941
:1061800001D384F8906094F89210052902D2491C3A
:1061900084F89210C9B2FFF743FE606494F891004E
:1061A000D4F88C1004EB8000026E891AC4F88C10AD
:1061B0000566D4F88C002844C4F88C0094F891103B
:1061C000491CC9B284F891100A2901D384F891605E
:1061D00094F893100A2902D2491C84F89310C9B28A
:1061E000FFF71EFEA06470BD902A002072B6FEE785
:1061F00070B590F83C20694D012A19D0012280F831
:106200003C200A6807230468092A13D9E6680A3A79
:1062100002EB420293409E43E6600A788B680A3A9A
:1062200002EB420293400268D4682343D36010E03B
:10623000022070BD266902EB420293409E43266114
:106240000A788B6802EB4202934002681469234388
:1062500013610268936B23F4401393630268936B9A
:106260000C8A4F4E06EB0454234393630A790B7C4C
:10627000D21AD21C02EB82021F2393400268946B55
:106280009C4394630A790B7CD21AD21C02EB8203E2
:106290000A8892B29A4003689C6B22439A638A6987
:1062A000AA420268936823F470239360026893689B
:1062B0000CD08C69234393600268936823F44013E5
:1062C000936002689368CC69234301E023F4401390
:1062D00093604A7D002A0268536802D043F48063C9
:1062E00001E023F4806353600A7D002A026853684A
:1062F00002D043F4805301E023F4805353604A6892
:10630000012A16D0022A1FD0032A026827D0136A56
:106310006FF30B0313620268136ACC6823431362A2
:10632000214B04681F4A9C4227D10C68122C20D0B4
:1063300023E0026853696FF30B03536102685369EA
:10634000CC6823435361EBE7026893696FF30B0357
:10635000936102689369CC6823439361E0E7D36952
:106360006FF30B03D3610268D369CC682343D36115
:10637000D6E7546844F48004546004689C4208D111
:106380000968102901D0112903D1516841F4000195
:106390005160002180F83C10084670BD01000F00DC
:1063A0000000F0FF002301400020014070B505000F
:1063B0001ED01049286888421AD10F4CA07E0028B0
:1063C00016D00121284600F019F886B2022128468D
:1063D00000F014F881B23046FBF754FA6069401CB3
:1063E0006061E169002903D0206ABDE87040084778
:1063F00070BD00000020014000A1002008B500226F
:1064000000920368521F1A60012911D002290CD092
:10641000032906D0042901D0009808BD0068806CCB
:1064200001E00068406C009008BD0068006CFAE76D
:106430000068C06BF7E7000018B50022009290F8E2
:106440003C10012907D0012180F83C1001688B68BD
:10645000DB0702D011E0022018BD8B6843F0010376
:106460008B602A492A4B0968B1FBF3F101EB41012A
:1064700000E0491E00910029FBD101688B68DB0711
:106480003AD0036C42F20104A34343F48053036403
:10649000036CDB0500D4426480F83C206FF00402FA
:1064A0000A6001684A6842F080024A6019494968F6
:1064B0000068C906816801F440110FD0D1B10022F3
:1064C0004168154B41F38021491C98421CD1DAB137
:1064D000D1B1816841F48001816015E041B10021B2
:1064E000426842F38022521C71B1002AF1D10BE0C4
:1064F0000121F5E70122E3E7016C41F0100101649D
:10650000416C41F001014164002018BD8000002071
:1065100040420F00002301400020014090F83C2041
:106520000021012A12D0012280F83C20026CD20501
:1065300019D4026853685B0515D4936823F00103EE
:10654000936002689368DB0702D011E00220704775
:10655000536823F080035360026C22F4885242F0A7
:106560000102026404E0016C41F020010164012198
:10657000002280F83C2008467047000078B50024CF
:10658000009490F83C20012A19D0012280F83C2088
:106590000A6807230568092A13D9EE680A3A02EB4C
:1065A000420293409E43EE600B788A680A3B03EBFD
:1065B00043039A400368DD682A43DA6010E0022052
:1065C00078BD2E6902EB420293409E432E610B7808
:1065D0008A6803EB43039A4003681D692A431A61E2
:1065E0004A681F23072A13D205686E6B521E02EBFE
:1065F000820293409E436E630B790A885B1E92B2BF
:1066000003EB83039A4003685D6B2A435A6327E0D8
:1066100005680D2A12D22E6BD21F02EB8202934024
:106620009E432E630B790A88DB1F92B203EB830330
:106630009A4003681D6B2A431A6311E0EE6A0D3A13
:1066400002EB820293409E43EE620B790A880D3B77
:1066500092B203EB83039A400368DD6A2A43DA624D
:10666000164B0568144A9D4206D10D68122D03D1C0
:10667000556845F48005556005689D4218D10B6842
:10668000102B01D0112B13D1536843F40003536036
:10669000096810290CD10A490A4A0968B1FBF2F1CC
:1066A00001EB8101490000E0491E00910029FBD166
:1066B00080F83C40002078BD0023014000200140CC
:1066C0008000002040420F0070477047704770B54F
:1066D000044600680668456816F0020F05F02001C0
:1066E0002AD049B3216CC90603D4216C41F400714E
:1066F0002164816811F0405F17D1217EA9B9C16A78
:1067000011F4700F02D0816849050ED4416821F060
:1067100020014160206C20F480702064206CC00453
:1067200003D4206C40F0010020642046FFF7CCFF2A
:1067300021686FF01200086016F0040F05F0800168
:1067400032D089B3206CC00603D4206C40F40050D2
:1067500020642068816811F4401F1ED1816B11F400
:10676000401F02D08168490517D44168490514D4F7
:10677000816811F0405F10D1217E71B9416821F02C
:1067800080014160206C20F480502064206CC005A2
:1067900003D4206C40F0010020642046FFF706FE81
:1067A00021686FF00C00086016F0010F05F0400141
:1067B0000FD071B120680068C0070AD0206C40F487
:1067C00080302064204600F043F821686FF001001B
:1067D000086016F0200F05F080610ED000290CD063
:1067E000606C40F00200606420686FF02005056076
:1067F0002046FFF76BFF2068056070BD70B5040090
:106800004FF0000503D0206C002610B107E00120F6
:1068100070BD204600F01EF8666484F83C60206C71
:10682000C00610D4206C20F4885040F00200206490
:106830002046FAF765FC6664206C20F0020040F008
:106840000100206400E0012584F83C60284670BD0A
:106850007047000070B586B0064614216846FAF706
:1068600056F82949306888424BD1284800250168EC
:1068700041F4807101600068244900F4807014398B
:106880000590086840F004000860086800F0040003
:106890000590086840F0020008600868032400F0D2
:1068A0000200059030208DE831006946184800F05C
:1068B00065FA009469461748CDE9014500F05EFA93
:1068C000164C1548C4E900050015A560C4E903503D
:1068D000400060618000A0614011E0614002C4E9B5
:1068E0000805204600F096F908B1FFF77FFCB46375
:1068F000002211461220A66300F0B0FB122000F027
:106900009FFB06B070BD00000020014044380240EB
:106910000008024000040240106402403C020020D3
:10692000F8B5044600200E46009094F83C1001296A
:1069300007D0012184F83C1021688B68DB0702D066
:1069400011E00220F8BD8B6843F001038B604049E1
:10695000404B0968B1FBF3F101EB410100E0491E36
:1069600000910029FBD121688B68DB0503D58B687A
:1069700023F480738B6021688B68DB075DD0236C08
:1069800040F20165AB4343F48073236449684905D1
:1069900005D5216C21F4005141F480512164216C12
:1069A000C90404D5616C21F00601616400E06064F3
:1069B00084F83C00A16B2948274DC863A16B284887
:1069C0000864A16B2748C86421686FF02200086042
:1069D0002068416841F0806141602068816841F42D
:1069E000807181602168134632464C31A06B00F003
:1069F0007BF968681C49C006206806D0884224D10B
:106A0000816811F0405F13D01FE08842F8D0174A28
:106A1000904203D1D1F80423D206F1D0144A904217
:106A200013D1D1F8041301F01F011029E8D30CE0B1
:106A3000816841F08041816007E0206C40F01000E7
:106A40002064606C40F0010060640020F8BD00002C
:106A50008000002040420F00002301406710000822
:106A6000EB100008D5100008002001400021014073
:106A7000002201402DE9F84304464FF00009CDF80B
:106A8000009063484FF41651A56D0068B0FBF1F714
:106A90002E6894F85C10082000FA01F131420FD002
:106AA00021680A6852070BD50A6822F004020A60BE
:106AB00094F85C108840A860606D40F0010060654B
:106AC00094F85C104FF0010808FA01F0304208D049
:106AD00021684969090604D5A860606D40F002008C
:106AE000606594F85C1004208840304208D021682A
:106AF0000968890704D5A860606D40F004006065EE
:106B000094F85C1010208840304218D02168096841
:106B1000090714D5A86020680168490304D50068F6
:106B2000000308D5A16C07E00168C90503D401681A
:106B300021F008010160216C09B12046884794F8D2
:106B40005C1020208840304231D021680968C90695
:106B50002DD5A86094F8350005282068016806D076
:106B6000490347D5006800031DD4616C1CE021F087
:106B7000160101602068416921F080014161206CAB
:106B800008B9A06C20B12068016821F008010160FB
:106B900094F85C103F208840A86084F8358084F821
:106BA0003490216D1FE0E16B09B120468847606D8C
:106BB00000282BD0606DC00714D0052084F8350064
:106BC0002068016821F0010101600098401C0090DC
:106BD000B84203D820680068C007F6D184F8358031
:106BE00084F83490E16C002910D001B02046BDE853
:106BF000F04308470168C905D5D4016821F01001A8
:106C0000016084F8358084F83490CCE7BDE8F883DF
:106C1000800000202DE9F041044600F0B1F906465D
:106C20005CB1022084F83500002584F834502068D7
:106C3000016821F0010101600DE00120BDE8F08153
:106C400000F09EF9801B052805D9202060650320EF
:106C500084F83500F2E720680068C007F0D12268A8
:106C6000116820480140D4E901031843D4E90336F0
:106C70003343184363691843A3691843E36918430E
:106C8000236A18430843616A042903D1D4E90B132A
:106C900019430843106020684069666A20F00701C4
:106CA00030460E43012704280CD1A06A0643E06A4F
:106CB00040B12046FAF718FE20B14020606584F804
:106CC0003570BAE7206846612046FAF7F9FD94F876
:106CD0005C203F2191408160656584F8357000201B
:106CE000ACE700003F8010F02DE9F0410446866DCE
:106CF00090F83400002501280DD0012084F83400DC
:106D000094F835700020012F07D084F83400022554
:106D10002846BDE8F0810220FBE7022784F83570A1
:106D200060652046FAF70AFE94F85C103F20884020
:106D3000B0602068016841F016010160206C20B14C
:106D40002068016841F0080101602068016841F095
:106D500001010160DCE7000070B5044600F010F9A5
:106D60000546601C02D004480078044400F008F98D
:106D7000401BA042FAD370BD740000202DE9F84FEB
:106D8000DFF8BCA10022012503264FF00F090AF10C
:106D9000040BAAF1040E00BF0B6805FA02F42340AD
:106DA000A34270D10F7907F00307012F01D0022F02
:106DB00016D187684FEA420806FA08FC27EA0C0752
:106DC000D1F80CC00CFA08FC4CEA070CC0F808C05B
:106DD0004768A7430C79C4F3001494403C434460D3
:106DE0000C79E443A4070AD0C4684FEA420C06FABF
:106DF0000CF7BC438F6807FA0CF72743C7600C7980
:106E000004F00304022C12D1D40800EB840CDCF84B
:106E100020405707FF0E09FA07F824EA0804D1F8C2
:106E2000108008FA07F848EA0408CCF820800468C3
:106E30004FEA420C06FA0CF7BC430F7907F0030740
:106E400007FA0CF7274307604C6814F4403F70D0F2
:106E50003C4C276847F480472760246822F00307EA
:106E600004F480440094384C07EB040CDCF8084828
:106E700097074FEA177809FA08F7BC43334FB8422F
:106E800002D1002724E054E0314FB84201D101275C
:106E90001EE0304FB84201D1022719E02E4FB84210
:106EA00001D1032714E02D4FB84201D104270FE090
:106EB0002B4FB84201D105270AE02A4FB84201D131
:106EC000062705E0284FB84201D1072700E0082730
:106ED00007FA08F72743CCF80878DAF80040574655
:106EE000D1F804C09C435FEACC2C00D51C433C6025
:106EF000DBF800405F46D1F804C09C435FEA8C2C6D
:106F000000D51C433C60DEF800407746D1F804C051
:106F10009C435FEA8C3C00D51C433C60084F083F13
:106F20003C68D1F804C09C435FEACC3C00D51C43CC
:106F30003C60521C102AFFF42FAFBDE8F88F000010
:106F4000083C01404438024000300140000002404B
:106F50000004024000080240000C02400010024001
:106F60000014024000180240001C02400069084062
:106F700000D0012070470AB1816170470904FBE726
:106F80000148806870470000740000200248816852
:106F90000278114481607047740000200B4810B5DE
:106FA000016841F400710160016841F48061016091
:106FB000016841F480710160032000F06FF80F2038
:106FC00000F006F800F024F8002010BD003C02405C
:106FD00070B50D4D04464FF47A712878B1FBF0F08E
:106FE0000A490968B1FBF0F001F044F848B9102CE7
:106FF00007D200222146501E00F030F800206C60BD
:1070000070BD012070BD00007400002080000020D1
:107010000A4808B5016841F480410160006800F445
:10702000804000900548001F016841F080510160D8
:10703000006800F08050009008BD00004438024015
:10704000002809DB00F01F02012191404009800067
:1070500000F1E020C0F8001170470000F0B40E4BC2
:107060001B680C46C3F30223C3F10705042D00D9A6
:107070000425191D072901D2002300E0DB1E01268B
:1070800006FA05F1491E214099409E40761E1640A1
:107090003143F0BC07F0B2BD0CED00E0064900F052
:1070A000070208684FF6FF03184040EA0220034A2F
:1070B00010430860704700000CED00E00000FA0586
:1070C00070470068416200207047F0B50368586A55
:1070D00039B19C6A4FF4827600EB144400204D1EB7
:1070E0000AE040EA024098620FE006EB8007DF59B1
:1070F000401C04EB1744C0B2A842F6D344EA024055
:107100004FF4807202EB810158500020F0BDD0F89E
:10711000080506F059BC01EBC10200EB8202D0F871
:107120000805D26C06F0AEBB01EBC10200EB820297
:10713000D0F80805D2F88C2206F0FFBBD0F808057D
:1071400006F044BC0A0601F00F0101EBC10100EB9F
:10715000810101D53C3101E001F51F71006807F0A4
:1071600081BB70B504460B0601F00F0000EBC001B7
:1071700004EB81014FF001024FF0000503D581F8C7
:107180003D203C3103E081F87D5201F51F7108700C
:1071900094F8BC04012808D084F8BC24206807F0C7
:1071A0001BF884F8BC54002070BD022070BD70B57F
:1071B000044601F00F006268904201D9012070BDC1
:1071C0000B0601F00F0101EBC10104EB81014FF04F
:1071D00001024FF0000503D581F83D203C3103E06A
:1071E00081F87D5201F51F718D70087094F8BC0410
:1071F000012808D084F8BC24206807F0E9F984F855
:10720000BC54002070BD022070BD10B5044690F83B
:10721000BC0401280AD0012084F8BC04080607D564
:1072200001F00F01206807F091FB04E0022010BD7F
:10723000206807F06DFB002084F8BC0410BD01F04D
:107240000F0101EBC10100EB8100D0F89C027047F7
:107250002DE9F04104460F0601F00F0000EBC001DC
:1072600004EB81014FF001064FF0000503D581F8D2
:107270003D603C3103E081F87D5201F51F710870DB
:10728000CA600B714A7802B10881022B00D14D719E
:1072900094F8BC04012809D084F8BC64206806F086
:1072A000F3FE284684F8BC54BDE8F0810220FBE7D9
:1072B00070B50C4601F00F0505EBC50100EB81012F
:1072C000C1F89432C1F88C220023C1F89C3281F8B5
:1072D0007D3281F87C52036901F51F71012B00D1C9
:1072E0004A612207027C006803D007F0C9F9002038
:1072F00070BD07F0B3F8FAE770B504460D4601F02B
:107300000F006168884201D9012070BD29064FF045
:1073100000064FF0010207D500EBC00104EB81012C
:1073200081F83D203C3107E005EBC50104EB81010C
:1073300081F87D6201F51F718A70087094F8BC04B1
:10734000012807D084F8BC24206807F06DF92807CD
:1073500002D007E0022070BD217C04F2C442206804
:1073600007F00AF984F8BC64002070BD70B50C46C3
:1073700001F00F0505EBC50100EB81014B65CA6407
:107380000023CB65012381F83D3001F83C5F0369A0
:10739000012B00D14A612207027C006803D007F06C
:1073A0006FF9002070BD07F059F8FAE72DE9FC5F8E
:1073B00005680446284607F0F6FA00287DD12068C3
:1073C00007F01DFB002878D0D5F80808C0F30D2081
:1073D000C4F8FC04206807F012FB800704D520687D
:1073E000416901F002014161206807F008FBC10614
:1073F00004F2C440009034D52068816921F0100166
:1074000081612F6A07F00F0000EBC00004EB8006DB
:10741000C7F3434006F51F76022802D0062811D094
:107420001AE047F6F070074216D0C7F30A12174663
:107430002846316907F0E7FA306938443061306A2C
:10744000384408E008222846009907F0DCFA306A40
:10745000C7F30A11084430622068816941F01001C5
:107460008161206807F0CBFA00034FF0080B4FF062
:10747000000A4FF001097CD50026206807F09EFA2B
:10748000074674E0F80770D0F1B2206807F0AFFA51
:107490008046C00707D005EB4611C1F8089B31466E
:1074A000204602F0C1FF5FEA087024D505EB4611C3
:1074B000C1F808BB2068016C00E025E200EB461033
:1074C0000191D0F8082BFC4B994205D9110403D542
:1074D0004FF40041C0F8081B204600F005FBF649B8
:1074E0000198884207D92069012804D12068012128
:1074F000009A07F041F85FEAC86004D505EB461131
:107500001020C1F8080B5FEA88701DD56869000675
:1075100005D5D5F8040840F48061C5F8041806EBD9
:10752000C60004EB800090F87F1200F51F7001295F
:1075300005D180F803A0F1B2204600F0EBF905EB8D
:1075400046110220C1F8080B5FEA886004D505EBFC
:1075500046102021C0F8081B5FEA884005D505EBDE
:1075600046104FF40051C0F8081B7F08761C002F0E
:1075700088D1206807F043FA40036FD5206807F0F0
:1075800016FA0746002667E0F80763D0F1B22068D4
:1075900007F01BFA8046C00723D006F00F0209FA55
:1075A00002F0D5F834288243C5F8342805EB46109C
:1075B000C0F80899206901280FD106EBC60004EB3A
:1075C0008000D0E912211144C16436B9606D20B940
:1075D00020680121009A06F0CFFFF1B22046FFF7A4
:1075E0009AFD5FEA087003D505EB4611C1F808B9AA
:1075F0005FEAC86004D505EB46111020C1F8080900
:107600005FEA486004D505EB46104021C0F8081930
:107610005FEA887017D53146284607F097F906EBE0
:10762000C60004EB800090F83F103C30012905D1E2
:1076300080F803A0F1B2204600F068F905EB46118E
:107640000220C1F808095FEA086003D531462046E8
:1076500002F050FF7F08761C002F95D1206807F0BC
:10766000CEF9002811DAD5F8040820F00101C5F898
:10767000041894F8F40401282BD0204600F018FADE
:107680002068416901F000414161206807F0B7F9C5
:1076900000050BD5D5F80808C00702D0204600F039
:1076A0004BFA2068416901F400614161206807F0EC
:1076B000A6F9C00466D5D5F8040820F00100C5F885
:1076C00004081021206807F041F900214FF67F32AD
:1076D0001FE084F8F4A400212046FFF7F1FCCFE777
:1076E00005EB4110C0F80829D0F8003923F4001345
:1076F000C0F80039C0F8082BD0F8003B23F4001381
:10770000C0F8003BD0F8003B43F00063C0F8003BFA
:10771000491C60688842E3D8D5F81C0840F0011184
:10772000C5F81C18206B002828460DD0D0F8840816
:1077300040F00B01C5F88418D5F8440840F00B015F
:107740002846C5F844180DE0D0F8140842F22B0181
:107750000843C5F81408D5F8100840F00B01284676
:10776000C5F81018D0F8000820F4FE61C5F800181C
:10777000217C2068009A06F0FFFE2068416901F430
:1077800080514161206807F03AF9800415D52068DE
:1077900006F0BAFC206807F0F9F8E06000F07EFA25
:1077A0000146227B206807F08DF9204600F06AF937
:1077B0002068416901F400514161206807F01FF918
:1077C000000707D5204600F077F92068416901F0ED
:1077D00008014161206807F012F9000616D5A86972
:1077E00020F08000A86101260DE000BF06EBC60076
:1077F00004EB800090F87F02012803D1F1B220460B
:10780000FFF7A0FC761C6068B042EFD8206807F054
:10781000F6F8C00221D501264F4616E005EB4610CA
:10782000D0F8001906EBC60004EB800090F8402069
:10783000012A09D1002907DA80F83F70F0B240F040
:1078400080012046FFF77EFC761C6068B042E5D8D8
:107850002068416901F480114161206807F0CFF888
:10786000800234D501204B4629E000BF05EB4011D2
:10787000D1F8001B00EBC00204EB820696F88022D0
:10788000012A1BD1002919DA94F8FC2401F4803173
:1078900002F00102914211D186F87F32A96941F0CC
:1078A0008002AA616969090608D4D5F8040840F481
:1078B0000070C5F8040805E00A30544F401C6168A8
:1078C0008142D3D82068416901F4001141612068E8
:1078D00007F095F8400007D52046FFF718FC206810
:1078E000416901F080414161206807F088F8400754
:1078F0000AD520684568680702D52046FFF71EFCB8
:107900002068416829434160BDE8FC9FD0F8080524
:1079100006F0B8B8D0F8080506F0C8B82DE9F0416F
:107920008AB0040005D094F8BD042668002520B173
:1079300008E001200AB0BDE8F08184F8BC5420467C
:1079400000F05EF8032084F8BD04F06BC00500D49D
:107950002561206806F07CFD04F11001282288468C
:107960006846F8F7A2FF94E80F0006F0DBFB02265A
:10797000C8BB0021206807F065F8002001270EE051
:1079800000EBC00104EB810181F83D7001F83C0F70
:1079900008810D71CD600D61401CC0B28D616168C0
:1079A0008142EDD8002011E000EBC00104EB810121
:1079B00081F87D5281F87C0281F88052C1F88852AA
:1079C000C1F88C52401CC0B2C1F894526168814227
:1079D000EAD8282241466846F8F767FF94E80F0086
:1079E00006F07CFC10B184F8BD64A2E784F838503E
:1079F00084F8BD74206806F063FC00209AE700005C
:107A000010B586B0044614216846F8F780FF206858
:107A1000B0F1A04F2FD119480021026842F00102B5
:107A20000260006800F0010005904FF4C050009023
:107A30000220CDE90101032003900A200490694649
:107A40000F48FFF79BF90D48001D016841F08001C8
:107A500001600A481430016841F480410160006807
:107A6000002200F48040059011464320FFF7F6FA0B
:107A70004320FFF7E5FA06B010BD000030380240A1
:107A80000000024070B50446C068012570B10228AC
:107A900001D0FEF7ABFB2946D4F8080506F074F8D0
:107AA000D4F80805BDE8704006F029B80025F2E7D3
:107AB000D0F8080506F051B8D0F8080506F057B818
:107AC00010B5044690F8BC0401280BD0012084F8BE
:107AD000BC0484F83810206806F0E2FF002084F827
:107AE000BC0410BD022010BDD0F8082500F2C4412E
:107AF000104606F055B810B50446006894F8BC145A
:107B0000012906D0012184F8BC14A16A012902D000
:107B100008E0022010BDA169012903D0816B41F466
:107B200080318163206806F0ECFE206806F0BAFB25
:107B3000002084F8BC0410BD10B50446D0F8080538
:107B400006F070F82068D0F8001E41F00101C0F87E
:107B5000001E206A002804D00248016841F0060196
:107B6000016010BD10ED00E02DE9F0470E46050064
:107B700065D0DFF81481D8F80000F7B200F00700F4
:107B8000B04207D288F80070D8F8000000F0070073
:107B9000B04254D128683D4C810712D5400703D527
:107BA000206840F4E05020602878000703D5206862
:107BB00040F4604020602068A96820F0F00008438D
:107BC00020602878C0072DD030496868083901281E
:107BD00012D0022813D0032811D009688907002980
:107BE0002DDA216821F0030101432160FFF7C8F974
:107BF000814641F2883A0EE009688903EFE7096897
:107C00008901ECE7FFF7BCF9A0EB0901514502D966
:107C10000320BDE8F0872068696800F00C00B0EB35
:107C2000810FEFD1D8F80010404601F00701B142B2
:107C300007D90770006800F00700B04201D00120AA
:107C4000E7E72878400705D52068E96820F4E05088
:107C5000084320602878000706D52068296920F4A9
:107C6000604040EAC100206000F01EF82168084A28
:107C7000C1F30311515CC84006490860064800681A
:107C8000FFF7A6F90020C4E7003C02400838024094
:107C900096F100088000002078000020014800686C
:107CA0007047000080000020154810B5006810F0F3
:107CB0000C02144813D04110042A0FD0082A0ED108
:107CC0000F4C241F2268236802F03F025B0207D595
:107CD0002068C0F38810A0FB010106E0084610BD33
:107CE0002168C1F38811A1FB00010023F8F7F2FA23
:107CF0002168C1F30141491C4900B0FBF1F010BDFE
:107D0000083802400024F4002DE9F84F04006ED03A
:107D10002078DFF84C93C007A9F104054AD009F197
:107D200004000168C1F38101012908D00068C0F393
:107D3000810002280AD1D9F80000400206D528683F
:107D4000800337D560680028E1D033E06068B0F583
:107D5000803F10D0B0F5A02F286810D020F48030DC
:107D60002860286820F4802028606068A8B1FFF7A8
:107D700007F906460DE0286840F48030F4E740F447
:107D800080202860F7E700BFFFF7FAF8801B64281F
:107D900073D828688003F7D50CE0FFF7F1F80646A2
:107DA00005E000BFFFF7ECF8801B6428F0D82868D6
:107DB0008003F7D42078DFF8AC8280074FF0000A08
:107DC0003ED5A748001D016811F00C0F08D00068CF
:107DD000C0F3810002280BD1D9F80000400207D47B
:107DE0002868800716D5E068012800D112E033E149
:107DF000E068B8B10120C8F80000FFF7C1F80646F6
:107E000005E000BFFFF7BCF8801B0228C0D8286837
:107E10008007F7D52868216920F0F80040EAC10002
:107E200028600DE0C8F800A0FFF7AAF8064604E0B5
:107E3000FFF7A6F8801B02281FD828688007F7D410
:107E40002078000722D5864F87486169703771B165
:107E500001210160FFF794F8064604E0FFF790F86F
:107E6000801B022809D838688007F7D50EE0C0F8D3
:107E700000A0FFF785F8064605E082E0FFF780F8EE
:107E8000801B02287DD838688007F7D42078400707
:107E900068D5DFF8CCB100270BF13C0BDBF8000014
:107EA000C0000BD4DBF8001041F08051CBF800107B
:107EB000DBF80000012700F0805000906B4E306826
:107EC000C00510D4306840F480703060FFF758F877
:107ED000009005E0FFF754F80099401A022850D8A6
:107EE0003068C005F6D55E4EA0686C3601280FD00C
:107EF0000528306810D020F001003060306820F094
:107F000004003060A068B8B1FFF73AF800900FE0C5
:107F1000306840F00100F4E740F004003060F7E71B
:107F2000FFF72EF80099411A41F28830814266D855
:107F300030688007F4D50EE0FFF722F8009007E0E4
:107F4000FFF71EF80099411A41F28830814256D855
:107F500030688007F4D42FB1DBF8001021F0805195
:107F6000CBF80010A069C8B33D49091D0968C1F3E9
:107F7000810102294AD00228504607D0C8F8600083
:107F800000E03CE0FEF7FCFF04463BE04746C8F853
:107F90006000FEF7F5FF064605E000BFFEF7F0FFC4
:107FA000801B02282BD828688001F7D4D4E9070168
:107FB0000843A16A2E4A490802EB0141626A41EA7C
:107FC0008211084394F82C1040EA0161C9F80010AE
:107FD00001203866FEF7D4FF044606E03EE000BF0D
:107FE000FEF7CEFF001B022809D828688001F7D5CC
:107FF00034E000BFFEF7C4FF001B022802D90320B3
:10800000BDE8F88F28688001F4D427E00128F7D074
:10801000D9F80000E26900F4800191421CD1226A83
:1080200000F03F01914217D147F6C071626A0140EA
:10803000B1EB821F10D1A26A4FF0FF3300F4403140
:1080400003EB5202B1EB024F06D194F82C1000F072
:108050007060B0EB016F01D00120D1E70020CFE7C5
:108060000438024000004742800E47420070004042
:108070000000FFFF10B5401EB0F1807F01D301204A
:1080800010BD4FF0E02460610F21601706F0B6FDCF
:108090000020A06107202061002010BD70477047BC
:1080A00010B590F83C20012A22D0012280F83C2013
:1080B000CA688C6822F4407222434C6822F48062C1
:1080C00022430C6822F4006222430C6922F480529D
:1080D00022434C6922F400522243C969002322F44E
:1080E00080420A4301684A6480F83C30002010BD99
:1080F000022010BD70B590F83C20012A32D0012436
:1081000080F83C40022280F83D2003685A689D6850
:1081100022F070060A6832435A60134B02689A4292
:1081200014D0B2F1804F11D0104B9A420ED0104BA8
:108130009A420BD00F4B9A4208D00F4B9A4205D06F
:108140000E4B9A4202D00E4B9A4204D1496825F058
:1081500080031943916080F83D40002180F83C1075
:10816000084670BD022070BD0000014000040040C0
:1081700000080040000C00400004014000400140A5
:108180000018004010B5040003D094F83D0010B171
:1081900007E0012010BD002084F83C00204600F0DC
:1081A0001FF8022084F83D00211D206804F0A8FB80
:1081B000012084F8460084F83E0084F83F0084F8EB
:1081C000400084F8410084F8420084F8430084F8B9
:1081D000440084F8450084F83D00002010BD0000F4
:1081E00008B50168274881420FD12748016841F04E
:1081F000010101600068002200F0010000901146BA
:108200001920FEF72BFF192036E01F481F4A001FD8
:1082100091420ED1016841F0020101600068002224
:1082200000F00200009001211D20FEF717FF1D2025
:1082300022E0174A91420ED1016841F00401016029
:108240000068002200F00400009003211E20FEF7C9
:1082500005FF1E2010E00F4A914211D1016841F044
:10826000080101600068002200F00800009003216E
:108270003220FEF7F3FE3220BDE80840FEF7E0BEF4
:1082800008BD0000000001404438024000040040E6
:1082900000080040000C004090F83D10012901D07A
:1082A00001207047022180F83D100168CA6842F041
:1082B0000102CA6000681149884214D0B0F1804FB1
:1082C00011D00F4988420ED00E4988420BD00E497A
:1082D000884208D00D49884205D00D49884202D015
:1082E0000C49884204D1816801F00701062903D0B6
:1082F000016841F001010160002070470000014069
:108300000004004000080040000C00400004014050
:1083100000400140001800400168CA6822F00102D4
:10832000CA6001680A6A41F211131A4207D10A6A47
:108330009B101A4203D10A6822F001020A6001214F
:1083400080F83D100020704770B5044690F83C005E
:108350000025012817D0012684F83C60022084F80B
:108360003D002068826822F0770222F47F4282601A
:108370000868502838D00DDC20284FD005DC90B399
:10838000102811D14AE0022070BD302846D0402884
:108390000AD13BE060282FD070280DD0B0F5805F67
:1083A00003D0B0F5005F12D0012584F83D600020B5
:1083B00084F83C00284670BDCB68D1E901212068D3
:1083C00004F00FFB2068816841F0770109E0CB6879
:1083D000D1E90121206804F004FB2068816841F4A0
:1083E00080418160E1E719E0CA684968206804F0CB
:1083F00013FC5021206806E0CA684968206804F030
:108400005DFC6021206804F0F6FACEE7CA6849688E
:10841000206804F001FC40212068F4E7226801464E
:108420001046F0E72DE9F0410D46040003D094F822
:108430003D0018B108E00120BDE8F081002084F87B
:108440003C00204600F040F8022084F83D002068FF
:10845000816844F2070291438160211D206804F085
:108460004FFA226890689169166A2B68AF690343D6
:1084700040F20330814341EA0721A868EF690843CD
:108480004FF6FC418843E96840EA07200143286928
:108490002F6A000140EA0730084369686D6926F0D9
:1084A000AA0646EA0515294393602268906154F8AC
:1084B000460B0162012004F81F09E0752076E07682
:1084C0002077A0750020B7E710B586B004461421C8
:1084D0006846F8F71CFA2068B0F1804F27D115489C
:1084E0000021026842F001020260006800F0010011
:1084F000059010481038026842F0010202600068DE
:1085000000F001000590032000900220CDE9010158
:108510000120CDE9031069460748FEF72FFC002231
:1085200011461C20FEF79AFD1C20FEF789FD06B0BF
:1085300010BD0000403802400000024070B590F8C5
:108540003E60044690F83F5090F8423090F8432047
:10855000022021B104290ED0012E1BD114E0012EDE
:1085600018D1012B16D184F83E0084F84200012274
:108570000021206820E0012D0CD1012A0AD184F8C5
:108580003F0084F8430014E0012D03D1012B01D1F9
:10859000012A01D0012070BD84F83E0084F83F001C
:1085A00084F8420084F8430001220021206804F08E
:1085B0000BFA01220421206804F006FA2068016801
:1085C00041F001010160002070BD000010B5084AB3
:1085D000016891420AD1017F022907D1042100F0EC
:1085E00089FBBDE8104080B202F0DABB10BD00008C
:1085F000000400402DE9F041054690F83C000026BB
:108600000C46012810D0012085F83C0072B1042AE4
:108610001CD0082A2CD00C2A50D00126002085F826
:108620003C003046BDE8F0810220FBE7D4E90012AF
:10863000E368286804F002FB2868816921F00C01D6
:10864000816128688169A26811430FE0D4E90012B2
:10865000E368286804F044FB2868816921F44061DC
:10866000816128688169A26841EA02218161D5E7B8
:108670002868D4E9002C277B016A21F4807101620B
:10868000C169036A21F0030141EA0C0121F0F00CF9
:1086900039074FF420674CEA116123F4206307EA9D
:1086A00002221A43C16102622868C16921F00C01EB
:1086B000C1612868C169A268114328E02868D4E92B
:1086C0000027E168036A23F480530362D0F81CC0DA
:1086D000036A2CF4407C4CEA07274FF6FF7C27F412
:1086E00070470CEA013139434FF4204723F420430B
:1086F00007EA02321A43C16102622868C16921F4A3
:108700004061C1612868C169A26841EA0221C16172
:1087100084E710B5040003D094F83D0010B107E0E1
:10872000012010BD002084F83C00204600F01EF817
:10873000022084F83D00211D206804F0E1F80120AA
:1087400084F8460084F83E0084F83F0084F8400036
:1087500084F8410084F8420084F8430084F844001F
:1087600084F8450084F83D00002010BD70470000EB
:1087700030B50446002551B104290DD0082910D088
:1087800094F8410094F84520012811D10EE094F8A6
:108790003E0094F84220F7E794F83F0094F8432015
:1087A000F2E794F8400094F84420EDE7012A01D064
:1087B000012030BD022059B1042912D0082919D056
:1087C00084F8410084F845000C2944D0012540E09C
:1087D00084F83E0084F842002068C26842F0020239
:1087E00010E084F83F0084F843002068C26842F03B
:1087F000040207E084F8400084F844002068C2685E
:1088000042F00802C2600122206804F0DDF8144939
:108810002068884214D0B0F1804F11D011498842AD
:108820000ED0114988420BD01049884208D0104917
:10883000884205D00F49884202D00F49884204D1AE
:10884000816801F00701062903D0016841F00101A8
:108850000160284630BD2068C26842F01002D1E7AE
:10886000000001400004004000080040000C0040EF
:1088700000040140004001400018004070B504466B
:10888000006801694FF00005C943890715D4C16824
:10889000C943890711D4E91E0161012020772068AE
:1088A00080698007204602D0FFF790FE04E000F0C8
:1088B000D9F8204600F06BF9257720680169C94393
:1088C000490717D4C168C943490713D46FF004019D
:1088D0000161022020772068806910F4407F2046E3
:1088E00002D0FFF773FE04E000F0BCF8204600F071
:1088F0004EF9257720680169C943090716D4C16874
:10890000C943090712D46FF00801016104202077E0
:108910002068C0698007204602D0FFF757FE04E0B8
:1089200000F0A0F8204600F032F9257720680169B0
:10893000C943C90617D4C168C943C90613D46FF027
:1089400010010161082020772068C06910F4407F81
:10895000204602D0FFF73AFE04E000F083F82046FC
:1089600000F015F9257720680169C943C90708D1C6
:10897000C168C943C90704D1891E0161204600F0BE
:10898000A9F920680169C943090609D4C168C94326
:10899000090605D46FF0800101612046FFF77EFBD8
:1089A00020680169C943490609D4C168C943490619
:1089B00005D46FF040010161204600F0DBF920682A
:1089C0000169C94389060BD4C168C943890607D424
:1089D0006FF0200101612046BDE87040FFF75FBBEA
:1089E00070BD000070B586B0044614216846F7F7E4
:1089F0008EFF18492068884229D117480024016851
:108A000041F010010160016801F010010591016859
:108A100041F0010101600068022500F001000590AD
:108A20004FF480400090CDE901540126CDE9034682
:108A300069460A48FEF7A2F94FF4E0600090CDE9DC
:108A40000154CDE9034669460548FEF797F906B09B
:108A500070BD0000000001403038024000100240AC
:108A600000000240704770B5044690F83C000026B4
:108A70000D4601280FD0012084F83C006AB1042A79
:108A80001DD0082A2FD00C2A3FD00126002084F8C0
:108A90003C00304670BD022070BD206803F0B4FF7A
:108AA0002068816941F0080181612068816921F0B5
:108AB00004018161206881692A69114311E02068FD
:108AC00003F0D2FF2068816941F400618161206870
:108AD000816921F480618161206881692A6941EAA4
:108AE00002218161D2E7206803F0F4FF2068C169A8
:108AF00041F00801C1612068C16921F00401C16130
:108B00002068C1692A69114311E0206804F016F851
:108B10002068C16941F40061C1612068C16921F424
:108B20008061C1612068C1692A6941EA0221C1618D
:108B3000ACE710B5040003D094F83D0010B107E095
:108B4000012010BD002084F83C00204600F01EF8F3
:108B5000022084F83D00211D206803F0D1FE012091
:108B600084F8460084F83E0084F83F0084F8400012
:108B700084F8410084F8420084F8430084F84400FB
:108B800084F8450084F83D00002010BD7047704710
:108B900010B50446022249B104290ED0082913D089
:108BA00094F84100012816D0012010BD94F83E0031
:108BB0000128F9D184F83E200FE094F83F00012805
:108BC000F2D184F83F2008E094F840000128EBD16E
:108BD00084F8402001E084F841200122206803F05D
:108BE000F3FE16492068164A884201D0904203D10C
:108BF000436C43F4004343642068884213D0B0F1CF
:108C0000804F10D00F4988420DD00F4988420AD0BA
:108C10000E49884207D0904205D00D49884202D0C3
:108C20000C49884204D1816801F00701062903D06C
:108C3000016841F001010160002010BD0000014009
:108C4000000401400004004000080040000C004007
:108C5000004001400018004030B504460D46006851
:108C6000002203F0B1FE194B41F2111120688A1065
:108C7000984202D0164B984209D1036A0B4206D1A2
:108C8000036A134203D1436C23F400434364206816
:108C9000036A0B4206D1016A114203D1016821F037
:108CA0000101016001203DB1042D08D0082D09D03B
:108CB00084F84100002030BD84F83E00FAE784F8D3
:108CC0003F00F7E784F84000F4E7000000000140AF
:108CD0000004014000680549884201D102F058B8FB
:108CE0000349884201D1F8F7FABA704700040040FE
:108CF000000C00400246002041B1042909D0082997
:108D00000AD00C2901D11068006C70471068406BC4
:108D100070471068806B70471068C06B704770B503
:108D2000044690F83C00012812D0012584F83C50FC
:108D3000022084F83D00204603F028FF01004FF098
:108D4000000007D084F83D5084F83C00012070BD3D
:108D5000022070BD2168CA6822F04002CA60216802
:108D6000CA6822F48042CA6084F83D5084F83C000E
:108D7000002070BD7047FEE7F0B500230A243025BF
:108D800037261F4611E000BFB4EB107F02D905EB78
:108D9000107C01E006EB107C01F813C001EB430CE2
:108DA00000015B1C8CF80170DBB29342ECD3F0BD88
:108DB0007FB5002121480091019102911E4A039143
:108DC000026001244FF480320461C0E9012104767D
:108DD00080F820101A4AC0E90A210325C561C16044
:108DE00080F830404161FDF709FD08B1FDF7FEF95B
:108DF0000E20CDE900040424694610480294FDF7D2
:108E0000BDFB08B1FDF7F2F90F20009002200190A0
:108E100069460A48FDF7B2FB08B1FDF7E7F90820FB
:108E2000CDE90005694602940448FDF7A7FB002838
:108E300001D0FDF7DBF97FBD00200140F4010020E7
:108E40000100000F094808B5016841F48001016084
:108E50000068002200F48000009011463820FEF7E0
:108E6000FDF8BDE808403820FEF7EAB83038024087
:108E700030B587B014216846F7F749FD2248002431
:108E8000016841F010010160016801F010010591D5
:108E9000016841F080010160016801F080010591E5
:108EA000016841F001010160016801F001010591D3
:108EB000016841F004010160016801F004010591BD
:108EC000016841F0020101600068104D00F00200ED
:108ED0000590012230212846FEF74DF8012130206F
:108EE000CDE90214CDE9000169462846FDF746FFA9
:108EF0004FF44070CDE90004694605480294FDF73F
:108F00003DFF07B030BD0000303802400010024085
:108F10000008024030B595B000240F9410941194CD
:108F2000129413941C2168461494F7F7F0FC202146
:108F300007A8F7F7ECFC35483349202580E83200D4
:108F400041F26701C0E9031401214161802181617F
:108F5000FFF718F908B1FDF749F94FF480500F9069
:108F60000FA92A48FFF7F0F908B1FDF73FF92748A4
:108F7000FFF7DFFD08B1FDF739F9CDE9135413A967
:108F80002248FFF7B7F808B1FDF730F96020CDE9C6
:108F900000040294039404940594002269461B483B
:108FA0000694FFF760FD08B1FDF720F90422694639
:108FB0001648FFF758FD08B1FDF718F90822694671
:108FC0001248FFF750FD08B1FDF710F90C22694671
:108FD0000E48FFF748FD08B1FDF708F9079408941B
:108FE00009944FF400500A94CDE90B4007A90748B3
:108FF0000E94FFF755F808B1FDF7F8F80348FFF7AE
:10900000F1FC15B030BD0000000001409C020020C2
:1090100010B58CB024216846F7F779FC0024154878
:1090200009944FF080410A94C0E90014611EC0E920
:109030000241046184610320CDE900040120CDE9EF
:10904000020406210491CDE90540CDE907416946B6
:109050000848FFF7E7F908B1FDF7C8F8099409A92E
:1090600004480A94FFF746F8002801D0FDF7BEF83F
:109070000CB010BDE402002010B590B0002409949B
:109080000A940B940C940D940E94059406940794F2
:10909000142168460894F7F73AFC274825490160EF
:1090A0000721C0E901144FF6FF71C0E90314846180
:1090B000FFF768F808B1FDF799F84FF48050099070
:1090C00009A91D48FFF740F908B1FDF78FF81A48C4
:1090D000FFF71FFB08B1FDF789F80D940DA916489D
:1090E0000E94FFF707F808B1FDF780F80120CDE9ED
:1090F00005400794042205A90F480894FFF77AFA5F
:1091000008B1FDF773F80D48016841F004010160F2
:109110000068032100F004000F90802000900220DE
:10912000CDE90104CDE9031069460548FDF726FEA7
:1091300010B010BD000400402C0300203038024065
:109140000008024010B592B000240C940D940E94C7
:10915000142107A80F94F7F7DAFB10941C21684636
:109160001194F7F7D4FB23482149C0E9001441F2D8
:109170006701C0E9024104618461FFF703F808B1A7
:10918000FDF734F84FF480500C900CA91948FFF704
:10919000DBF808B1FDF72AF81648FFF7CAFC08B15A
:1091A000FDF724F80420CDE9070407A91148FFF7CB
:1091B000B6FD08B1FDF71AF8109410A90D481194E6
:1091C000FEF798FF08B1FDF711F86020009040F617
:1091D0003400CDE901040422694606480494FFF7EF
:1091E00042FC002801D0FDF701F812B010BD0000CC
:1091F00000080040740300200B4810B509490160C5
:10920000532141600021F922C0E90212016181610C
:10921000FEF7B8FF002803D0BDE81040FCF7E6BF1A
:1092200010BD0000000C0040BC03002010B500225F
:109230000F49104804F001FB08B1FCF7D7FF0E49B5
:109240000C4804F017FD08B1FCF7D0FF0B490948A2
:1092500004F0A2F808B1FCF7C9FF064804F08EFD3F
:10926000002803D0BDE81040FCF7C0BF10BD0000CF
:109270000800002004040020DC000020580000202A
:10928000FEE70000010005480068C06A01D5002023
:1092900070478142FCDC0846704700009C020020B9
:1092A00010B5174C2068016A41F21112114207D122
:1092B000016A9210114203D1416C21F400414164D2
:1092C00000210F48FFF7C8FC04210D48FFF7C4FC3C
:1092D00008210B48FFF7C0FC0C210948FFF7BCFC34
:1092E0000748FFF719F82168002048632168886360
:1092F0002168C863216808640249087010BD000035
:109300009C0200201501002003480068C06A401C30
:10931000C0F34F00704700009C020020FFF7C0BF61
:1093200001480078704700001501002070B50D4617
:109330000446FFF7E9FF05EBD57110EB6102A2EBE4
:109340000501104D2E68F36A01D5002202E09A4211
:1093500000DD1A46002901DA002102E0994200DD11
:1093600019463CB170632B6898632868C26328680B
:10937000016470BD72632A6891632968C8632968B3
:10938000086470BD9C0200202DE9F04115460E4690
:109390000746FFF7B9FF04462946384600F06EF845
:1093A00007462946304600F069F8014607EBD770BA
:1093B00004EB600201EBD17004EB6004D51B671A6B
:1093C0001046FFF75FFF0A4E316848632846FFF7F3
:1093D00059FF316888632046FFF754FF3168C8633E
:1093E0003846FFF74FFF31680864BDE8F0810000A0
:1093F0009C02002070B5FFF787FF1E490B681D6AAD
:1094000041F21112154240F2444406D11D6A254230
:1094100003D15D6C25F400455D640B681D6A15423F
:1094200006D11D6A254203D11C6824F001041C608A
:109430000C68002363620B6858630B6898630B68C1
:10944000D8630B6818640B68012058610C68C31E50
:1094500023610B681C6A14431C620A68136843F09A
:109460000103136009684A6C42F400424A640249ED
:10947000087070BD9C0200201501002070B50C0022
:109480001AD01D490968CA6A0021521CA0FB025665
:1094900041F10001C31703FB026200FB0126281EF5
:1094A00076F100004FF000034FF00202204619460B
:1094B00004DBF6F786FF08E0002070BDF6F781FFB9
:1094C0000023D0EB030063EB0101401971412246F8
:1094D0000023F6F776FF47F6FF7300221B1A8A4136
:1094E00002DA47F6FF7005E0044A821A71F1FF3193
:1094F00000DA024800B270BD9C0200200080FFFF2D
:10950000002800DA4042704730B5D0E900436418C3
:1095100043EBE173C0E90043D0E90243A41843EBF5
:10952000E273C0E90243D0E90434C1FB0134C0E96D
:109530000434D0E90634C2FB0234C0E90634036ABD
:109540008B4200DD0162436A8B4200DA4162816A2C
:10955000914200DD8262C16A914200DAC262016B0F
:10956000491C016330BD0021C0E90011C0E90211AE
:10957000C0E90411C0E906116FF00041CA07C0E953
:109580000812C0E90A120021016370472DE9F04F6B
:109590000546FB489DB0B0F8A86100201B904FF035
:1095A0000040C1170022029104921190CDE91922C6
:1095B000CDE91722CDE90A2216920D92421E15908E
:1095C0000E92002013906963A963E9632964C5E9D9
:1095D0001110C5E913106865A865E8652866686616
:1095E000C5E91A012967C5E91D10E867C5F88000BB
:1095F000D5E900103746344639B100287ED182467D
:10960000084614900020DF4915E0002876D04FF07E
:10961000010AF6E7BAF1000F00EB800204D001EB7B
:109620008202B2F9022001E031F922200AB1074694
:1096300003E0401C80B2B042ECD3B7425ED2781C4B
:1096400012E000BFCF4808EB880100EB8109A9F1C7
:109650001400514600F0BAFA20B14846514600F0D5
:10966000B5FA60B108F101001FFA80F8B045E9D3FE
:109670001498002805DD00BF4FF0010003E04446C8
:10968000F6E74FF0FF301290149801DAC0F10000B5
:1096900081464FF0140190FBF1F00790012801DAA8
:1096A00001200790B8469DE0A8EB070032211C90EE
:1096B00048430190B34808EB8801BAF1000F00EB72
:1096C000810002D0B0F9060001E0B0F9040012995F
:1096D00010FB01FBB9EB0B0001D5ABEB09000590CA
:1096E000B84501D1CDF810B0686B002812DA0A2015
:1096F00099FBF0F25A450DDCB84500E084E101D158
:10970000019806E099FBF0F25946019B049800F09D
:1097100093FA68630298002818DA09EBC9010A2055
:1097200091FBF0F35B4511DC6A6B002A0EDBB84558
:1097300001D1019806E091FBF0F25946019B049893
:1097400000F07AFA0290696B401AA863E86B00286F
:109750000CDA5946CB4509DBB84501D1019804E044
:109760004A46019B049800F067FAE863286C0028D9
:1097700005DA07990598884201DC01982864079961
:10978000059888420EDC1B98401C80B21B90686CC8
:10979000002809DA1B98142806D30198A0F2B630E5
:1097A000686401E000201B901C98282814D21199AD
:1097B0008B4511DD734908EB880001EB8000CDF883
:1097C00044B0BAF1000F02D0B0F9060001E0B0F9E0
:1097D0000400A8640198E86408F101001FFA80F809
:1097E000CDF810B0B045FFF45FAF119848450BDDE0
:1097F000A0EB09004FF47A7180FB01014A464FEA61
:10980000E973F6F7DEFD2865B44201D2214600E097
:10981000314607F1640080B2884200D33846091A05
:109820008FB2834638441FFA80FE44E055480BEB64
:109830008B01BAF1000F00EB810104D0B1F90600F1
:10984000B1F9041003E0B1F90400B1F90610149A5B
:109850000029A2EB000801DA4A4200E00A4604921D
:10986000DDE919231B1842EBE072CDE91923DDE98C
:1098700017235B1842EBE172CDE917230D9B169A73
:10988000C8FB08230D931692DDE90A23C1FB0123CF
:109890000E99CDE90A23884200DA0E901599884284
:1098A00000DD159013990498884200DD13900BF1A8
:1098B00001001FFA80FBDE45B8D82FB3DDE919108F
:1098C0003A460023F6F77DFD6865DDE917103A4654
:1098D0000023F6F776FDA8653A4600230D99169801
:1098E000F6F7F8FC00F079F9E865DDE90A013A4697
:1098F0000023F6F7EFFC00F070F928660E99159832
:10990000401A68661398A866B4427DD24FF0FF30C3
:1099100083460B901B4804EB8401BAF1000F00EB67
:10992000810002D0B0F9060001E0B0F904001299FC
:1099300010FB01F004900F9000201490642E03D9C6
:10994000A6F1640080B200E020460021CDE90501C7
:10995000301A0E9180B20A9127460D91139071E052
:10996000381B322148430190064807EB8701BAF1C2
:10997000000F00EB810007D0B0F9060006E0000000
:109980002C8B00202C2B0020B0F90400129910FB26
:1099900001F05FEA000801D5C8F1000011900B98B2
:1099A000002812DA09EBC9010A2091FBF0F34345C4
:1099B0000BDBA74201D1019806E091FBF0F2414692
:1099C000019B049800F04CF90B90BBF1000F10DAEA
:1099D0000A2099FBF0F242450BDBA74201D1019826
:1099E00006E099FBF0F24146019B049800F038F93B
:1099F0008346286F002805DA07991198884201DC10
:109A000001982867079900E065E0119888420EDC0C
:109A10001498401C80B21490686F002809DA1498DA
:109A2000142806D30198A0F2B630686701E0002040
:109A300014900F99884501DACDF83C807F1CBFB2A5
:109A4000CDF81080B7428BD30B98002806DBBBF112
:109A5000000F03DB0B98ABEB0000E8660F99129840
:109A60004843A86705981EE01C4900EB8002BAF144
:109A7000000F01EB820204D0B2F90610B2F9042003
:109A800003E0B2F90410B2F906200E9C069B401CBC
:109A9000C1FB013406930A9B0D990E94C2FB02315F
:109AA00080B20A930D91B042DED31398002812D0F1
:109AB000024600230E990698F6F70CFC00F08DF88C
:109AC000E8670023139A0D990A98F6F703FC00F053
:109AD00084F8C5F880001DB0BDE8F08F2C2B002065
:109AE000B0F5004F02DB47F6FF707047034988422C
:109AF00001DA0846704700B2704700000080FFFF9F
:109B0000014890F826047047D89C00202DE9F047C2
:109B1000026B0D460446002A43D0D4E9000100231D
:109B2000F6F74FFC07462860D4E902010023226BB8
:109B3000F6F747FC06466860D4E90810401A286129
:109B4000D4E90A10401A6861D4F830A0D4E90401BD
:109B500052460023F6F7BEFB80468946D4E906014B
:109B600052460023F6F7B6FB87FB077302460C4606
:109B7000B8EB070069EB030186FB0663961B64EBF9
:109B80000304002901DA00200146002C01DA002636
:109B9000344600F022F8A8613046214600F01DF856
:109BA000E861BDE8F0870000014890F824047047A0
:109BB000D89C002018B10349B1F8A81101800248CF
:109BC000704700002C8B00202C2B002011B1B0F925
:109BD00002007047B0F900007047F0B5054600205C
:109BE000034602464FF0804403E0920842EA847242
:109BF000A408AE1A71EB0406F7D319E0871843EBFB
:109C00000406B5EB070C71EB060C08D3ED1B61EBFA
:109C100006015B084FEA30008018634102E05B08F0
:109C20004FEA30004FEA920242EA84724FEA94040B
:109C300052EA0406E2D1F0BD70B51D460346C81ACB
:109C4000002801DC284670BDD11A322281FB024176
:109C50000246C3172046F6F7B4FB2844323870BDDD
:109C600070B51D460346401A002801DC284670BD29
:109C7000991A322281FB02410246C3172046F6F7A9
:109C8000A0FB2844323870BD70B5002807D00C4DB9
:109C9000B5F80244B5F80014A14201D1002070BD0E
:109CA000BFF35F8F074A04EB840102EB81011422AA
:109CB000F6F7B6FD641CE0B2A5F80204012070BD01
:109CC000D89C0020D88C00202DE9F04101F580546B
:109CD0000646B4F80404401CA4F80404B4F80404D0
:109CE00014280FD30020A4F80404B4F80004421C84
:109CF000D7B2B4F80224BA4206D1D4F80804401C02
:109D0000C4F80804BDE8F08100EB800001EB800599
:109D10003068FFF7E5FE28807068FFF7E1FE688095
:109D2000B068FFF7DDFEA880F068FFF7D9FEE88095
:109D30003069FFF7D5FE28817069FFF7D1FE688191
:109D4000B069FFF7CDFEA881F069FFF7C9FEE88191
:109D5000306BFFF7C5FE288296F88900A874BFF320
:109D60005F8FA4F80074CDE72DE9F04101F5C046FE
:109D70000546B6F8A87140F2E24087422DD207EBC3
:109D8000870001EB80042868FFF7AAFE208068683E
:109D9000FFF7A6FE6080A868FFF7A2FEA080E86833
:109DA000FFF79EFEE0802869FFF79AFE2081686930
:109DB000FFF796FE6081A869FFF792FEA081E8692F
:109DC000FFF78EFEE081286BFFF78AFE208295F870
:109DD0008900A0747F1CA6F8A871BDE8F08100215D
:109DE000016041608160C160016141618161C16167
:109DF000016241628162C162016380F83410704780
:109E00002DE9F0478EB0144688460746F7F78EFCDA
:109E1000054600268CB1687E78B12046FFF7DFFF4B
:109E20006846FFF7A0FBF7F7DBFC002806D0FFF73A
:109E3000E1FA37B13946002008E000200EB0BDE855
:109E4000F087B8F1000003D001460120FFF76EFA59
:109E5000FDF796F807464FF4487A2AE0F7F766FCD4
:109E600005464069B04224D0D5E9039806465FEA2A
:109E7000090000D540425FEA080100D54942A268C6
:109E8000824200DAA060E2688A4200DAE16050456E
:109E900001DA514503DB012084F834000EE0FDF7C0
:109EA0006FF8C01B322804D3424649466846FFF784
:109EB0002BFBFDF765F8C01B6428CFD3FFF7F0F943
:109EC00068692062FDF75CF8C01B2063F7F7AEFC01
:109ED00021466846FFF71AFE0120AFE72DE9F0475B
:109EE00094B0144689468246F7F720FC06464FF0A8
:109EF0000008D4B1707EC0B15046FFF701FB4FF4AB
:109F00009677B84211DC4846FFF7FAFAB8420CDC03
:109F100000F05CFE00F04EFE0546406844F2692108
:109F2000A0F58C405038884203D3002014B0BDE81F
:109F3000F0872046FFF753FF6846FFF714FB9FEDBD
:109F4000360A4FF47A608DED0E0A9FED340A8DEDDE
:109F50000F0ACDE910074FF448701290686813900B
:109F60000EA800F08DFB0028E0D04946504600F0D6
:109F700067FB30B100F014FB0546FDF701F807461A
:109F800025E000F0C5FBD0E7706940451FD0D6E959
:109F900003A980465FEA0A0002D5CAF1000100E089
:109FA00051465FEA090000D54042A2688A4200DAC1
:109FB000A160E168814200DAE060FCF7E1FFC01BCC
:109FC000322804D34A4651466846FFF79DFAFCF70B
:109FD000D7FFC01B642803D295F828000028D3D0EF
:109FE00070692062686A6062A869A062E869E062DC
:109FF000FCF7C6FFC01B206395F82800012800D09D
:10A00000002084F8340000F083FB21466846FFF707
:10A010007DFD01208AE700000000484400409C4686
:10A02000024600210846FFF7EBBE00002DE9F04F85
:10A0300089B014460E468046F7F778FB86FB061279
:10A04000C8FB081205460020694B00906CB36D7E7A
:10A050005DB3591A904128DBB8F1000F00D026BB40
:10A0600058EA060021D04FF47A75002E03D007DAA3
:10A07000C6F1000005E04FF0FA0A4FF4C87006E0A0
:10A080003046A84211DC40F21A4A40F2E2408146D2
:10A0900000F09CFD00F08EFD0146406844F269220C
:10A0A000A0F58C405038904203D3002009B0BDE8A1
:10A0B000F08F4FF4966044F25062C4E9020200202F
:10A0C00020616061A061E06120626062A062E06284
:10A0D0002063C4E9008684F884009FED460A8DED74
:10A0E000010A9FED450A454F8DED020ACDE9032592
:10A0F00040F2DC52CDE9052049680791A7F8A80194
:10A10000A7F5C0413E48FAF7F7FF0028CED001A8D6
:10A11000FBF702F870B1FAF74FFE0546FCF730FF87
:10A120004FEA000BB7F8A80132280ED295F8880044
:10A1300028B10AE000210846FAF7DEFFB5E7FCF790
:10A140001FFFA0EB0B006428ECD3B7F8A80132285E
:10A150000BD331464046FAF7DBFF30B1FBF778FE10
:10A160008046FCF70DFF06460FE0FBF76DF8E1E7D0
:10A17000009850B9B7F8A811514506D300210846F8
:10A18000FAF7C6FF70B101200090B7F8A811494551
:10A1900008D2FCF7F5FE801B642803D295F88800EE
:10A1A0000028E5D0FBF754FEA0EB08002061286BE7
:10A1B0006061E86DA061286EE061686E2062A86E43
:10A1C0006062E86EA062286FE062FCF7D9FE801B37
:10A1D000206395F8880084F88400FBF735F80021A7
:10A1E0000846FAF789FF2046FFF7D0F901205DE71E
:10A1F00040420F000000964400409C462C8B0020FB
:10A20000699D000808B1012803D1012903D04B1C26
:10A2100001D000207047C1EBC10101EB410318B12F
:10A2200019460020FFF7ECBD00211846FAE70000B0
:10A230002DE9F04F87B09A4617460D460646F7F7C8
:10A2400075FA81460DB1012000E00020804685FBB3
:10A250000501C6FB06013A4C94F8262432BB06B130
:10A2600025BB56EA050221D0364B0022181A8A4136
:10A270001CDB4FF47A7BB8F1000F04D02846FFF7BF
:10A280003FF9584512DC8FB1BAEB470F0ED399F85E
:10A29000190058B100F09AFC00F08CFC416844F2BF
:10A2A0006922A1F58C415039914203D3002007B0B7
:10A2B000BDE8F08F9FED240A44F250618DED000A55
:10A2C0009FED220A8DED010ACDE9021B40F2DC511F
:10A2D00004915FEA080100D01421059140680690BE
:10A2E0000020A4F80004A4F80204A4F80404C4F8AC
:10A2F0000804C4F8187404F58064C4E9076584F898
:10A30000250084F8240012491248A4F58064FAF765
:10A31000F3FE0028CBD06846FAF7FEFE58B1FCF7F2
:10A320002FFE04F20C44C119C4E900015044A0609E
:10A330000120A076BBE700210846FAF7DDFEB5E76D
:10A34000D89C002040420F000000964400409C46EC
:10A35000D88C0020C99C000810B50D4C94F8260438
:10A36000002813D0FAF728FD90F8881019B190F85A
:10A37000880084F82404FAF767FF00210846FAF7FA
:10A38000BBFE002084F8260484F8250410BD0000DC
:10A39000D89C002010B51F4C94F82604002833D018
:10A3A000FAF70AFD90F88B1011B190F8881021B1DE
:10A3B00090F8880084F8240427E0FCF7E1FDD4F845
:10A3C0001414411A21D5D4F81014401A1CD494F84E
:10A3D000250480F0010084F82504002802D0D4F878
:10A3E000201401E04FF0000102D0D4F81C0401E079
:10A3F0004FF00000FAF78CFE38B1D4F81814D4F8F6
:10A4000010040844C4F8100410BDBDE81040FFF764
:10A41000A3BF0000D89C0020FEE700000148FCF725
:10A42000C5BF0000001B00202DE9F04103680D4668
:10A4300004461E6C03EB4511D1F8080BD4F810E06C
:10A440004FF400474FF0200C04F2C442BEF1010F5C
:10A4500009D0DFF898E0764539D1020432D500BF43
:10A46000C1F8087B3FE0224B5FEA007E04D59E42A4
:10A4700039D90004F4D436E05FEA806E02D5C1F821
:10A4800008CB30E010F0280F2DD19E4201D90004F6
:10A49000E6D405EBC50004EB8000D1F8101BD0F822
:10A4A0009832C1F31201591AC0F89C1200F51F70BE
:10A4B000ADB983691BB10269114401610FE001214B
:10A4C00020680AE080060AD5C1F808CB07E035B954
:10A4D000D4F8940218B90021184604F04DF8E9B2F6
:10A4E0002046FCF721FE0020BDE8F0810A31544FE0
:10A4F0000A30544F2DE9F84F0E4601EBC60100EB30
:10A50000810481460568616DE06D3C34884202D962
:10A510000120BDE8F88F081AE168814200D20846A0
:10A52000C01C870805EB46181BE000BFA0EB010A22
:10A53000E068504500D282460AF10300870899F886
:10A54000100000901FFA8AF3F2B22846216904F045
:10A550002DFB216901EB0A002061216A01EB0A0051
:10A560002062D8F8180980B2B84205D3216AA069E0
:10A57000814201D20028D9D1216AA069884208D835
:10A5800006F00F0101208840D5F834188143C5F842
:10A5900034180020BDE77047002800DA40427047B9
:10A5A0000048704748A1002038B50446F7F7BEF8C8
:10A5B000C268002A00DA52420169002900DA4942E1
:10A5C000236B934200DA2263636B8B4200DA616390
:10A5D000236D934201DD8B4206DC012084F84800A4
:10A5E000BDE83840FEF75CBE01690091C368626A4D
:10A5F000216A2046F6F791FFD4E90401626DFEF767
:10A60000C3FE2069A0626069E062206C401C206487
:10A61000A16A002900DA4942E06A002800DA4042D3
:10A62000A26B8A4200DAA163E16B814200DAE06347
:10A63000207F002802D0606C401C606438BD0000A0
:10A6400070B50E4C06460D4694F8490058B1304698
:10A65000FFF7A2FFE16C884205DC2846FFF79CFF6C
:10A66000E16C884201DD002070BDEFF3108272B60C
:10A670002662656202B962B6012070BD28A1002081
:10A6800070B50546F7F752F8B5B31F4C94F849106A
:10A6900091BB407E80B3E86800282EDD29698142A5
:10A6A0002BDD686940B395EC020A2046A968F6F7ED
:10A6B000DDFE00281FD0E868E0642869206568692D
:10A6C0006065002020626062A062E06220636063D7
:10A6D000A063E0632064606484F8480021460B486E
:10A6E000F7F774F8F7F77CF848B1012084F84900CF
:10A6F000FEF780FE012070BDFFE70020FBE7002190
:10A700000846F7F763F8F8E728A10020A9A5000894
:10A7100010B50A4C94F8490000280ED0FEF7C0FD91
:10A72000F7F784F800210846F7F750F80020206278
:10A730006062A062E06284F8490010BD28A1002098
:10A74000B0F1004F03D0002800DA404270476FF0AC
:10A75000004070472DE9F041114C074694F86D0018
:10A7600000281BD0EFF3108672B60025C4E91F75D0
:10A7700084F8845027656834FBF76AFB0146384645
:10A7800000F002F9FFF7DCFFC4E9025025712560F3
:10A7900065740120207406B962B60120BDE8F0811D
:10A7A00094E0002000487047E4E0002003480021C6
:10A7B00000F86E1F81728175C172704794E00020AD
:10A7C0000C4B10B593F86D4054B193F878403CB100
:10A7D000EFF3108472B6C3E91F011AB1012002E041
:10A7E000002010BD002083F8840004B962B6012067
:10A7F00010BD000094E00020094B93F86D201AB1C1
:10A80000002801DD002901DA00207047EFF31082F3
:10A8100072B6C3E9000102B962B6012070470000B8
:10A8200094E00020094A92F86D1021B1002802DD61
:10A83000516B814201DA00207047EFF3108172B64C
:10A84000906001B962B601207047000094E00020DA
:10A8500070B50E4C064694F86D00002814D0002503
:10A8600084F878502665304602F01AFBFBF7F0FAC0
:10A870000146304600F088F8FFF762FFC4E91C503B
:10A8800084F86C50A566012070BD000094E00020A3
:10A890002DE9FC41324C884605004FF0010757D0A6
:10A8A0002868002854DD6868002851DBA968002961
:10A8B0004EDDE86888424BDB696B884248DC2869DA
:10A8C000002845DD6869002842DBA86900283FDBD5
:10A8D000E869E0B3286A00283ADD686AB8B3002165
:10A8E00005F1280001F03CFC88B35022294620469F
:10A8F000F5F7DBFF02F0A2FA0026266784F87960FC
:10A9000084F8786084F88460C4F85080FBF7A0FA7B
:10A91000A065A868009028690190A16D424668462C
:10A9200002F0D4FAC0B1A06D44F8540F61684046FB
:10A9300000F02AF8A060A068FFF702FFE66020623E
:10A94000666126766776A6760120BDE8FC81FFE782
:10A9500084F86E700020F8E701F0D0FCF8E7000002
:10A9600094E0002010B501F0C9FC0648002180F8F1
:10A97000781080F8841080F8791040F8601F4173D7
:10A9800010BD000094E00020C217401A62EBE17293
:10A990006FF000434FF000011B1A914102DA6FF093
:10A9A000004070474FF00041411A72F1FF31F8DA70
:10A9B0004FF0004070470000074810B590F878004D
:10A9C000002808D1012000F027F8002803D0BDE8B6
:10A9D000104000F099B810BD94E0002010B50D4C67
:10A9E00094F87800002813D0002000F015F8002813
:10A9F0000ED094F87900401CC0B284F87900042885
:10AA000006D3002084F87900BDE8104000F07CB83F
:10AA100010BD000094E0002070B53A4C054694F853
:10AA20006D0000282DD001F023FA90F84B0058B1AA
:10AA3000FBF70EFAA06594F8780060B1E06F20652E
:10AA40006065D4F8800010E0032084F86E000020D8
:10AA500084F86D0014E09DB102F062FA29493C3996
:10AA600001F10800C968616580686066A16D606D6C
:10AA7000FFF78AFFE06594F8780018B1012502E03D
:10AA8000002070BD002501F0F3F94068E36D2168F6
:10AA90004FF47A72002D81FB036561684FF000036B
:10AAA00081FB000114D0F5F78CFC301A65EB010531
:10AAB000E16D002901DD002D07DBE16D002910DAD1
:10AAC00000221146121AA9410BDA0020054608E0BF
:10AAD000F5F777FC321A606E65EB0105C1171018A7
:10AAE0004D41E168CA170B1AAA4105DB4942CA1752
:10AAF000431A954100DB01462166206E01F002FBFE
:10AB0000012070BD94E000202DE9F04101F0B0F982
:10AB10004768274CA16D206DFFF736FFE16D0646B3
:10AB2000626F236AD017D21840EBE370B1F1004F87
:10AB300016D0002900DA4942CB170025511A984156
:10AB400011DA206F401C2067616A884204D302201A
:10AB500084F86E00FFF706FF94F8780048B904E027
:10AB60006FF00041E8E72567F6E711483C38007DC3
:10AB7000C8B13046FFF7E4FD6169884213DC38460E
:10AB8000FFF7DEFDA16988420DDCA06E401CA066C7
:10AB9000A06EE169884201D3012000E0002084F822
:10ABA0006C00BDE8F081A56684F86C50F9E7000000
:10ABB00094E000200048704718010020024800215E
:10ABC0000180416000F002B81801002010B5022099
:10ABD000F6F72AFB04460B484FF47A72A4FB0001F7
:10ABE0000023F5F777FB40F2FF72801841F1000176
:10ABF00040F6FF720023F5F76DFB034A14805060A6
:10AC000010BD0000206F2104180100206FF00043E8
:10AC100000221B1A8A4102DA6FF0004070474FF0A1
:10AC20000042821A71F1FF31F8DA4FF000407047AC
:10AC300070B5EFF3108672B600251E4C2560FBF749
:10AC400007F9606000F03CF8C4F88400C4F888504C
:10AC500084F88C5084F88D50A560E560257465619A
:10AC6000A561FCF78DF9E061D4F88400206260688A
:10AC700060626068A0626068E0626068206365632B
:10AC8000A563E56325646564A56484F84C50256577
:10AC90006565A565E56525666566A566E56625675E
:10ACA0006567A567E567012084F88000002E00D164
:10ACB00062B670BD0C2000200048704710200020B4
:10ACC0000848D0F8900008490968496A074A12689C
:10ACD000D20703D0B1F5004F00D2401C41EA00403A
:10ACE000704700000C2000202C03002010040040BE
:10ACF0001E4910B500200860C1F88400C1F8880022
:10AD000081F88C0081F88D00C1F89000486088605F
:10AD1000C860087448618861C861086248628862D6
:10AD2000C862086348638863C863086448648864C9
:10AD300081F84C00086548658865C86508664866FE
:10AD40008866C866086748678867C86781F88000B2
:10AD500081F8810006490968486204210448FDF72A
:10AD600007FDBDE810400248FDF796BA0C20002010
:10AD70002C03002010B54FF400710448FCF7F6F8DE
:10AD800008B1002010BD012010BD000000080240E5
:10AD9000024850F8901F491C016070470C200020A9
:10ADA00070B52E4C064694F88000A8B1FFF7E2FF7C
:10ADB00090B14FF480712A48FCF7D8F801280FD0E1
:10ADC0000025691F606800290DDD6FF00042A2EBCD
:10ADD0000103834210DB0EE0A069401CA06170BD3E
:10ADE00001250521EEE706DAC1F10042824202DDCB
:10ADF0004FF0004200E042186260D4F89000194918
:10AE00000968C90703D0B6F5004F00D2401C94F87A
:10AE10008D1046EA004021B1D4F88410411AC4F8DC
:10AE20008810C4F884004FF0FF360DB1012100E016
:10AE3000314684F88C10012184F88D1020626068FE
:10AE40006062FBF705F8A062206805B10126304476
:10AE500020606069401C606170BD00000C20002013
:10AE60000008024010040040234810B590F880000C
:10AE700094B010B1012014B010BDFAF7E9FF0446F8
:10AE80004FF416603222CDE900021D4B1B48CDE97C
:10AE900002031C4804900420059047F23050CDE98D
:10AEA00006024FF47A7008906420099040F6D8604A
:10AEB0000A9015480B9040F6AC50CDE90C034FF0CA
:10AEC000FF300E90002201208DF83C008DF83D20CF
:10AED000109211921292214668461392FFF7D8FC05
:10AEE00030B12046FFF736FC10B1FFF7A1FEC1E7F5
:10AEF000FFF738FD0020BEE70C200020C0C62D0063
:10AF0000604D2F0080969800701101002DE9F041EE
:10AF1000594C94F8800000287DD0EFF3108072B671
:10AF2000276800212160D4F8886094F98C5094F847
:10AF30008D8000B962B6FFF71DFF84F8810094F898
:10AF4000810000B90027B8F1000F14D09EB1207C19
:10AF500088B14FF47A60A6FB0023484840F2DD2117
:10AF6000F5F72FFA0246A2FB050601FB0561EB1778
:10AF700002FB031101E000200146FFF747FEA0603D
:10AF8000A068E06017B9E068002873D0FAF760FFA6
:10AF90006268C317D117101A61EB0301FFF736FE81
:10AFA000054600F065FF4068E268C317D117101A24
:10AFB00061EB0301FFF72AFE4FF00042511E95425C
:10AFC00001D10E4604E0002D01DA6E4200E02E466B
:10AFD000904201D1084602E0002800DA4042804653
:10AFE000206CB04209DA2664606920666566E06814
:10AFF000A06600F03DFF4068E06694F84C0078B928
:10B00000052E0DDB012084F84C0060692065656524
:10B01000E068A06500E02DE000F02AFF4068E065F0
:10B02000616C4046414509DA606460692067656784
:10B03000E068A06700F01CFF4068E067A06C401C5F
:10B04000A064002F16D0FBF79BFFE0616068E06210
:10B05000FAF7FEFE2063E06A226BC117801A61EBEB
:10B06000E271FFF7D3FD6063E068A06300F000FFCA
:10B070004068E063BDE8F0810C200020008CA16AEC
:10B080002DE9F0411849002491F88000002829D0CA
:10B09000EFF3108072B68846D1F8885051F8847F5B
:10B0A0004E7A00B962B6FFF70BFEC71BFFF762FED0
:10B0B00068B166B15DB140F214504FF47A71A5FBEE
:10B0C0000030A7FB01219A1A884100D3012488F897
:10B0D0001040D8F80C10D8F804002246BDE8F04122
:10B0E000FFF76EBBBDE8F0810C20002010B500F02A
:10B0F00063F9002804D0BDE81040052000F09EB898
:10B1000010BD10B500F038F9002804D0BDE810409B
:10B110000820FAF751BC10BD002800DA4042704701
:10B1200070B5134C216F814220D02067F6F7FEFAEC
:10B130000546FAF7A3FE8068D4E91423C1178018E6
:10B140005941C4E91401D4E91621E868C31710185D
:10B150005941C4E91601D4E918212869C317101808
:10B160005941C4E91801A06E401CA06670BD0000E2
:10B1700078A5002070B505460C480C46866E9EB139
:10B180000023022230461946F5F71BF90A46002C27
:10B1900003DA0021404261EB02014019614132466D
:10B1A0000023F5F70EF970BD002070BD78A50020D2
:10B1B00070B50F48D0E91445806E060014D0002306
:10B1C00002221946F5F7FDF8221E75F1000204DA95
:10B1D0000023D0EB030063EB010100196941324603
:10B1E0000023F5F7EEF870BDFAF748FE806870BDF1
:10B1F00078A5002010B5FFF7D3F9026A06490A6462
:10B20000426A4A6402690A6342694A6382698A63DC
:10B21000C069C86310BD000078A50020064A00235D
:10B220001070C2E91433C2E91633C2E91833C2E917
:10B230001A3111677047000078A5002010B5044648
:10B24000FFF7D8FFFFF764FAFAF7F0F90449002294
:10B2500006208A61CA6181F84A204C70087010BDCE
:10B2600078A5002010B5FFF7C5FFFFF751FA0C4A8B
:10B2700000239361D36190685061D168002901DA9D
:10B28000012101E04FF0FF3182F84810012482F8DB
:10B290004A40537005231370BDE81040FAF73ABADC
:10B2A00078A5002030B5C92812D289B182B17BB10E
:10B2B000084C94F824505DB104EB8000846A0C6063
:10B2C000D0F84C131160D0F870061860012030BD22
:10B2D000002030BDF8A5002000487047F8A50020E8
:10B2E0000048704778A5002070B5224D0024142036
:10B2F0002C706C706C60AC60C5E903406C61AC6133
:10B30000EC612C626C62AC62EC622C636C63AC63CB
:10B31000EC632C646C6485F84840012085F8490092
:10B3200085F84A400020C5E91400C5E91600AC665E
:10B33000C5E91800FBF724FEE866C5E91C0405F121
:10B34000800085F8784004704470448044608460D4
:10B35000C460046144618461C461046280F8244073
:10B36000C0F89449C0F89849C0F89C49A0F8A04991
:10B3700070BD000078A500200E480078012817D085
:10B38000022815D0032813D0042811D005280FD087
:10B3900006280DD007280BD0082809D0092807D087
:10B3A0000A2805D00B2803D00C2801D000207047B4
:10B3B00001207047F8A5002006480078012807D032
:10B3C000022805D0032803D0042801D000207047AC
:10B3D0000120704778A50020B5EEC00AF6EE000AFD
:10B3E000F1EE10FA02DB30EE200A01E030EE600AE6
:10B3F000BDEEC00A10EE100A7047000070B50C4692
:10B400000546FFF71DF9002803D00248C0E906549D
:10B41000012070BD78A50020F0B587B0F6F786F959
:10B420000646FFF7C9FF00285BD12F4D002485F8A1
:10B43000494085F87840FAF7F9F8FAF70BF96C709B
:10B440006C60AC60EC606C61AC61EC612C626C6255
:10B45000AC62EC622C636C63AC63EC632C646C6474
:10B4600085F8484085F84A40FFF7B0FBFFF7A2FB9C
:10B47000717E0626012761B3416844F25062914211
:10B4800027D348F6B802914223D84FF47A619FED52
:10B49000170A8DED000A9FED160A8DED010A029143
:10B4A0004910039140F6C411049140680590684624
:10B4B000FFF7E6F868B1FBF763FD01460120FFF7EF
:10B4C000ADFE00210846FFF799FF38B1012007B013
:10B4D000F0BD2E706F7085F84A4002E00220FFF741
:10B4E000ADFE0020F3E7000078A5002000004844EE
:10B4F00000409C462DE9F04186B0F6F717F9044666
:10B50000FFF73AFF002867D1FFF756FF002863D105
:10B51000324890F84A0000285ED0FDF701FFE0BBFA
:10B52000FFF754FBFFF746FB0646607E2B4D0024D9
:10B530000E2780354FF0010880B3706844F25061E7
:10B54000884240D348F6B80188423CD8FAF782F8DE
:10B550009FED230A4FF47A608DED000A9FED210ADA
:10B560008DED010A02904010039040F6C410049043
:10B57000706805906846FFF783F878B16C706C804E
:10B580006C60AC60EC602C616C61AC61EC612C6255
:10B5900085F82440C5F8984901E01DE013E0C5F89E
:10B5A0009C49A5F8A049FBF7EBFC01460120FAF7FE
:10B5B000FBF900209FED0C0AFAF780FA48B1012050
:10B5C00006B0BDE8F0812F7085F8018085F8244031
:10B5D00002E00220FAF7F0F90020F1E778A5002058
:10B5E0000000484400409C46000000002DE9F04166
:10B5F0002DED028B00F0DCF8FAF792FAFFF7BCFEB3
:10B6000000287DD1FFF7D8FE002879D0FEF7C8FFCB
:10B6100090F82800012813D0FBF7B2FC604C0746D5
:10B620004FF4FA66E06E3D1A207801280AD04FF4F4
:10B630009678022818D0032832D0042812D16FE05F
:10B640000320A0E04FF4FA6068436421B0FBF1F4FA
:10B65000642D04D3344639460220FFF7DFFD21462E
:10B66000002055E002208EE0C82D02D33846FFF7B7
:10B6700057FD454550D3FFF79BFD6060D4E91601A7
:10B68000FFF778FD2062D4E91801FFF773FD6062CF
:10B690003946BDEC028B0320BDE8F041FFF7BEBD8B
:10B6A00000EE105A9FED3F1AF8EE400A80EE810A34
:10B6B000F7EE000A10EE100AB0F17E5F01DDB0EE89
:10B6C000600A30EEC00ADFED380A60EE208AB0EE84
:10B6D000680A03F0A3FA9FED358A20EE080AFFF707
:10B6E0007BFE8046B0EE680A03F040FB20EE080ABD
:10B6F000FFF772FE0446B5F5FA7F07D3B04600E0C7
:10B700000AE0002439460420FFF788FD2146404620
:10B71000FFF774FE0028A5D0BDEC028BBDE8F081D8
:10B72000C82DF9D33846FFF7FBFC4545F4D3FFF7A6
:10B730003FFDA060D4E91601FFF71CFDA062D4E92B
:10B740001801FFF717FDE062D4E90110401A4FF429
:10B750007A6190FBF1F201FB1200B04202DDA0F52C
:10B760007A6004E010F5FA6F01DA00F57A60E060C3
:10B77000002800DA40422269911C921E904201DBAF
:10B78000884206DD0420BDEC028BBDE8F041FFF7E6
:10B7900055BDBDEC028BBDE8F041FFF763BD000075
:10B7A00078A500200000FA43DB0FC93F0000FA44EF
:10B7B00070B5184C94F84900002816D0FFF7FCFD2E
:10B7C000002812D1F5F7B2FF0546FFF7F3F9697EBD
:10B7D00041B1406844F25061884203D348F6B80151
:10B7E000884203D9002084F8780070BDFBF7C8FBBD
:10B7F00094F8781041B1616F401AB0F5FA7FF4D334
:10B80000BDE87040FFF708BE012184F8781060673A
:10B8100070BD000078A5002070470178407841EAAB
:10B8200000207047B0F1004F03D0002800DA4042FA
:10B8300070476FF00040704770B5A0FB0145C2171C
:10B8400002FB0151002300FB03114FF4FA70201892
:10B8500041F100014FF47A72F4F7B3FD70BD0000BE
:10B8600000EE100ADFED070A9FED081AB8EEC00AD5
:10B8700020EE200ADFED040A60EE200A80EE810A45
:10B8800070470000DB0FC9400000484200606A4773
:10B890002DE9F0478A462DED048B82B017463B49CF
:10B8A0000E9D994691F89C200446AAB388460F46FF
:10B8B000D1F898109FED369A00EE101AB8EEC00A33
:10B8C000C0EE098A00F066F80446B86880FB0016EE
:10B8D000D7F8980080FB00208F1A66EB00065046D0
:10B8E000FFF7BEFF00210846C91BB0EE408AB041F9
:10B8F00001DB00201AE03846314603F016FC00EE6A
:10B90000100A03F0FBFA00F0B1FBD8F80810D8F8E1
:10B91000983081FB012101E028E0401E80FB006798
:10B92000C3FB0367961B71EB0706F6DB844202DC60
:10B930004042844200DA044604FB09F400EE104A57
:10B94000D8F89800C5E90004B8EEC00A2846B0EE61
:10B95000481AC0EE090AB0EE680A00F0DFF90120CB
:10B96000287402B0BDEC048BBDE8F08700264B467E
:10B970003A465146009500F02BF82046296800F021
:10B9800009F8761C042EF2D3EBE70000A0AF0020EC
:10B9900000007A4400EE100ADFED0C0AB8EEC00A8F
:10B9A00020EE201A81EE200AF6EE000AB5EEC00A5B
:10B9B000F1EE10FA02DB30EE200A01E030EE600A10
:10B9C000BDEEC00A10EE100A704700006BB6F23BE5
:10B9D0002DE9F04780462DED0E8B1E469146084618
:10B9E000169DFFF73DFFC54CB0EE40DA94ED020A1C
:10B9F000F0EECDCAB8EEC00A9FEDC1CA4046C0EE17
:10BA00000CBAFFF70FFF00EE100AB8EE04BAB8EE5A
:10BA1000C00AC0EE0C9A9FEDBB9AF0EE498AF4EE94
:10BA2000EB9AB0EE698AF1EE10FA03DDF0EE6B9A54
:10BA3000B0EE6B8AB1EE6B0AB4EEC0BAF1EE10FA5A
:10BA400001D2B0EE40BA1CEE900AF6EE08DAB0F180
:10BA50007E5F56DBD4F89410D4F88000FFF7ECFE3C
:10BA600000EE100AF8EEC00A94ED240AB8EEC00AFF
:10BA700030EEC00AD4ED200AF8EEE00A60EEAD0A1E
:10BA8000B4EEE00AF1EE10FA01D2B0EE600AC0EEB8
:10BA90000C0A80EEACEA2EEE0E0ADFED9B0A69EE90
:10BAA000A00A00EEE00AB5EEC00AF1EE10FA29DBBA
:10BAB00003F024FADFED950A30EE600ADFED940A18
:10BAC00080EE20AAB5EEC0AAF1EE10FA01DDB0EECC
:10BAD00049AA4846FFF7A6FE8E49884212DAB4EE1C
:10BAE000CBAAF1EE10FA0DDB2AEE0A0A6BEEAB0AD6
:10BAF00009EEA90AB4EEE00AF1EE10FA02D8F0EE6F
:10BB00004A8A6BE0B0EE4B8AF0EE49AA2BEEABAA64
:10BB1000F0EE4E0AB0EE480A00F038F9F0EE4A0AAC
:10BB200048EE480A70EE60EAF0EE4E0AB0EE6A0A9D
:10BB300000F02CF930EE4A0AF5EEC0EAF1EE10FA08
:10BB400002D8F0EE488A28E0B5EEC00AF1EE10FA0D
:10BB500023DA0027F6EE00EA38EE2A0AF0EE4E0A63
:10BB600060EE2E8AB0EE680A00F010F9F0EE4A0A94
:10BB700048EEE80A30EE600AB5EEC00AF1EE10FABF
:10BB800002DDB0EE688A01E0F0EE68AA7F1C102F9B
:10BB9000E2D338EE2A0A60EE2E8AF0EE4E0A08EE64
:10BBA000E8AAB0EE680A00F0F1F8F0EE400AB0EE54
:10BBB0004A0A00F0A5F9B5EEC00AF1EE10FA02D873
:10BBC000B0EE498A0AE003F099F9B4EEE90AB0EE62
:10BBD000408AF1EE10FA01DDB0EE698A4846FFF7BF
:10BBE00021FE4D4988424EDBD4F89410D4F88000F1
:10BBF000FFF722FE00EE100AF8EEC00A94ED240AC8
:10BC0000B8EEC00A30EEC00AD4ED200AF8EEE00A21
:10BC100060EEAD0AB4EEE00AF1EE10FA01D2B0EE39
:10BC2000600AF5EEC0CAF1EE10FA2CDD80EE0C1AB7
:10BC30006BEEAB9AF0EE4B8AB0EE680A48EEE89AEB
:10BC4000C1EE2C0A00F0A2F8F0EE400AB0EE690A4C
:10BC500000F056F9F0EE409AF5EEC09AF1EE10FAC7
:10BC600002D8B0EE498A0EE0B0EE690A03F046F958
:10BC7000B4EEC80AF1EE10FA05D2B0EE690A03F08C
:10BC80003DF9B0EE408AB8F1000F01DAB1EE488A12
:10BC900000EE106AB8EEC00A28EE008A28EE8C0A80
:10BCA00000F0E4F928EE0C0A286000F0DFF9686083
:10BCB000296808E0002802DDA0F1010002E00CDAAA
:10BCC00000F10100686080FB0063A268C1FB0163B2
:10BCD00082FB0272BE1B9A41ECDB2846B0EE4D1A85
:10BCE000F0EE480AB0EE680A00F018F82868C00FB5
:10BCF0002874BDEC0E8BBDE8F0870000A0AF0020DB
:10BD000000007A4400000000B37BF23A6BB6F23BCD
:10BD1000F838533B009F2400E032290010B5044658
:10BD20002DED068BF0EE608AB0EE418AB0EE409ABF
:10BD3000DFED119ADFED110A9FED11AA29EE290A14
:10BD400068EE200A00EEE80A20EE0A0A00F08EF9FA
:10BD50009FED0C1ADFED0C0A28EEA90AA06049EE4F
:10BD6000010A08EE200A20EE0A0A00F07FF9E060DE
:10BD7000BDEC068B10BD00006666E63EB37BF23A72
:10BD800000007A44F838533B6BB6F23BDFED0B1AF8
:10BD90009FED0B1A60EEA00A00EE211A41EE410A57
:10BDA000F5EEC00AF1EE10FA02D89FED060A7047D0
:10BDB0009FED051A80EE810A70470000F838533B6A
:10BDC0006BB6F23B000000001AAE65364FF45271BC
:10BDD00048434FF47A71B0FBF1F044F62061884299
:10BDE00000D90846704700000A4890F8731009B15E
:10BDF000002070470021C0F8981080F89C10C0F80F
:10BE00009010C0F88C10A0F8661080F86F100166D2
:10BE100001207047A0AF002070B5144C05460428DF
:10BE200010D1FEF7C7FE416861650188A4F858107B
:10BE3000406844F25061884201D2012000E00220B3
:10BE400084F85A0084F86C50002084F87300206451
:10BE50006064A064E0642065E06584F86E0084F8A6
:10BE60007100BDE87040F9F7EFB90000A0AF002005
:10BE700000487047C8AF00200148D0F8B4007047B0
:10BE8000A0AF002010B500F0E7F81C4800214FF4E7
:10BE90006172C0E91E11C0F88010C0F88410C0F8AB
:10BEA0008810C0F88C10C0E92412C0F8981080F8EF
:10BEB0009C10C0F8A010C0F8A410C0F8A810C0F8DA
:10BEC000AC108162C16201634163816340F6D86353
:10BED000C363016441648164C16440F8541F81807C
:10BEE00081714161017641768176C1600282418231
:10BEF000C176017741778177C17710BDA0AF00206F
:10BF0000B4EEE00AF1EE10FA01D3B0EE600A704729
:10BF100070B500280CD0EFF3108572B60E4EB6F84F
:10BF2000B240B6F8B010A14203D105B962B6002004
:10BF300070BD04EB440106EB41116022B831F4F707
:10BF4000B4FC641CA0B2802800D30020A6F8B20084
:10BF500005B962B6012070BDA0AF00202DE9FF41F8
:10BF600005466846F9F77CFF394EB6F8B000411C2B
:10BF70008FB2802F00D30027B6F8B210B9420DD18E
:10BF8000B6F8B210491C89B2802900D30021A6F866
:10BF9000B210D6F8B410491CC6F8B41000EB40003B
:10BFA00006EB4014B06E44F8B80FB06A60600198B8
:10BFB000A0600298E0600398206100986061306C96
:10BFC000A061E868E061A8682062286B6062A96DE2
:10BFD0004FF47A6091FBF0F200FB1210A06200288F
:10BFE00002DA00F57A60A062A869E062E86920637D
:10BFF000286A6063686AA063286FE063686F2064E2
:10C00000706C6064B06CA064F06CE064B06B206530
:10C01000F06B6065306EA065A86BE96B401AB0F5F7
:10C02000007F02DDA0F5806004E010F5007F01DAFA
:10C0300000F5806007494FF4806280FB0101002316
:10C04000F4F7BFF9E065A6F8B070BDE8FF81000025
:10C05000A0AF0020407E05000348002120F8B01F5B
:10C060004180416070470000A0AF0020B5EEC00ADB
:10C07000F6EE000AF1EE10FA02DB30EE200A01E0E3
:10C0800030EE600ABDEEC00A10EE100A70470000E4
:10C090000B4991F8732032B940F2EE22904202D35C
:10C0A000B0F5617F01D9002070470022C1E924204A
:10C0B000C1F88C20A1F864000A66012070470000D6
:10C0C000A0AF00200E4991F8732032B940F6C41297
:10C0D000D04202DB10F1640F01DD00207047012324
:10C0E000C1F8980081F89C300022C1F89020C1F876
:10C0F0008C20A1F8660081F86F300A6618467047F8
:10C10000A0AF002070B5084C054694F8730028B124
:10C110002846FFF787FBE168884201DD002070BDFB
:10C12000A562012070BD0000A0AF0020002802DB46
:10C130000A4A002902DA4FF000007047EFF310833B
:10C1400072B6C2E9000104D14FF00000C2E91E003E
:10C15000906303B962B64FF001007047A0AF0020B2
:10C160002DE9F047624C88B08A4606004FF001097D
:10C170007DD094F87300002879D13068002876DBF0
:10C180007068002873DBB068002870DDF368002B4E
:10C190006DDD316900296AD0B069D0B10025F2693E
:10C1A000CAB10027BD4262D160B1376A002F5EDD9F
:10C1B000756ABD425BDD9D4259DC884257D2081A40
:10C1C000904254D396F91400012806D0401C4ED159
:10C1D00003E00125E3E70127E4E7707D012846D865
:10C1E0005046FFF71FFBF16888427DDCFEF7EEFC4E
:10C1F000FEF7E0FC0746406844F26921A0F58C4058
:10C200005038884270D29FED3B0A8DED000A9FEDB9
:10C210003A0A8DED010A7868FFF7D8FD8046029052
:10C22000B06803904FF47A600025CDE90405786882
:10C230000690282231462E48F4F737FBFFF70CFF13
:10C240000021C4F88080C4E91E117868C4F88C50BD
:10C25000C4F89050C4F8A050C4F8A450C4F8A85032
:10C26000C4F8AC50C4F8840044F828AF00E03BE0C8
:10C27000F9F7E8FD60606068A5602066E56025610B
:10C2800030686061A561E561256265627868A062D9
:10C29000E562258684F83250C4F83480256484F839
:10C2A000445084F8455084F84650A563B4F86C00B7
:10C2B000A087B4F87000E08794F8740084F8470011
:10C2C000B069283C00B1012084F8700084F87150F6
:10C2D00084F872506846F8F71FFF28B184F873900D
:10C2E000012008B0BDE8F08784F86C900020F8E7E2
:10C2F000A0AF00200000964400409C4610B5094CB9
:10C3000094F8730008B1F8F79FFF0020A062206442
:10C310006064A064E06484F86E0084F8710084F8BE
:10C32000730010BDA0AF00202DE9F04FE94C2DEDBA
:10C33000048B91B094F8730000287CD0F8F73CFD92
:10C34000019090F8880008B10320C0E1FEF732FCAC
:10C35000406844F26922A0F58C415039914201D3E2
:10C360000420B4E1D4F88410401A01D40A3000E06B
:10C370000A38142590FBF5F046183046C4F884605E
:10C38000FFF724FD074601463046F8F777FF0028FF
:10C39000DAD0C4F880702665E76594F89C004FF009
:10C3A000000B10B994F8710080B1C4F890B0C4F8D3
:10C3B00060B0A06E401CA066F9F744FDE062E06A40
:10C3C000D4F88810401A06D40A3005E0394601989E
:10C3D00000F09CF9EDE70A3890FBF5F04518C4F839
:10C3E0008850A66A3046FFF71DFA07462846FFF731
:10C3F00019FA874200DC2E460496A06AE16A401AC8
:10C40000206394F870004FF0010AC8B194F87100ED
:10C41000B0B994F8720098B9A16EA06981420FD3A7
:10C42000206CC4F8A000606CC4F8A400A06CC4F830
:10C43000A800E06C00E018E0C4F8AC0084F871A03B
:10C4400094F87100A146DFEDA48AE0B34C46D9F818
:10C450002C00FFF7E7F9D4E906121144A26E9142CD
:10C4600008D884F872A0FFF749FF11B0BDEC048B27
:10C47000BDE8F08F216A814202DC616A814201DA03
:10C48000072024E1D4F8A46094ED2A8A00EE106A13
:10C4900028460BAFB8EEC00A343480EE289AB8EEC6
:10C4A000C80AC0EE289AFFF7DBF9B0EE401A0B96E7
:10C4B0008DED0C8A3846F0EE690AB0EE490AFFF7B6
:10C4C0002DFCF00F00E00DE08DF83C00D4F86C80FE
:10C4D000A66FC4F800B0C4F80480C4F808B084F8AB
:10C4E00039B0B4E0D9F80060D9F83000C84686FB0E
:10C4F00000014FF47A773A460023F3F762FF0446CF
:10C500000D46C8F83C60D8F804000990D8F83010FF
:10C51000724A80FB01010023F3F753FFD8F808307B
:10C52000024683FB0767D8E91E309A184841C8E9DC
:10C530001E20131940EB0501F01A77EB010007DB11
:10C540000020724260EB07009A1A71EB000023DAB8
:10C550004FF0000870420A4668EB07083946B6EB10
:10C56000030C974101DA334607E0191A72EB080110
:10C5700002DA4146034600E01146099A4846002A7D
:10C5800003DD1A1B61EB050601E000221646C0E937
:10C590001E2680F86DA001E089F86DB0184600F005
:10C5A000A1F880460BA8009099F91430D9F82820FA
:10C5B0004E4640460499FFF76BF99DED0C0A96F93B
:10C5C0001400F8EEC00A00EE100AB8EEC00A20EE21
:10C5D000800AC0EE280A9FED420A60EE800A80EED3
:10C5E000801AF6EE000A21EE280AB5EEC00AF1EE36
:10C5F00010FA02DB30EE200A01E030EE600ABDEEF8
:10C60000C00A10EE106A3046FFF70CF9871C40464E
:10C61000FFF708F987420EDA4FF47A7086FB0001C3
:10C62000021B4F4661EB0503C7E91E2300F05AF8D1
:10C63000804687F86DA02046294600F053F84C4606
:10C64000C9F83400D4E91E0100F04CF8A0634C4650
:10C65000C9F840800B98C9F844000C98C9F8480004
:10C66000C9F84C609DF83C0089F86E000198FFF70E
:10C6700075FC607DA0B1A06E642811D3A06A00286B
:10C6800004DDE06A42F21071C84207DBA06A0028AC
:10C6900006DAE06A42F21071884201DD052016E0F8
:10C6A000E06AFFF7BFF8E168884201DD06200EE08E
:10C6B000A06E2169884201D3082008E00BAC94E801
:10C6C0000F00F8F7F7FC00287FF4CFAE0220FFF749
:10C6D000A3FBCAE6A0AF002000007A4440420F004E
:10C6E0006BB6F23B10B54FF47A72002904DB53109D
:10C6F000C01841F1000103E0034BC01841F1FF31C4
:10C700000023F3F75EFE10BD0CFEFFFF2DE9F041A4
:10C710000F46816900EE101A8169F8EEC00A00EE3A
:10C72000101AC169B8EEC00A20EE800A00EE901A15
:10C73000C069B8EEE01A00EE900AF8EEE00A01EEE9
:10C74000200A02F0DBFBFFF791FC2F4C4FF0320880
:10C75000D4F88C1019B1401A90FBF8F00844C4F8D2
:10C760008C00D4F894000026A0FB072306FB0733B7
:10C77000F91700FB01314FF4FA70101841F1000174
:10C780004FF47A723346F3F71CFE00EE107AF6EEA1
:10C79000080A0546B8EEC00A20EE200AFFF766FC3C
:10C7A000291A00D5002194F86E0018B9D4F8900029
:10C7B000002818DDD4F88C00401B642806DD3338CF
:10C7C00090FBF8F0D4F8902010440AE010F1640FC8
:10C7D00009DAC0F16300C82290FBF2F0D4F890208F
:10C7E000101AC4F89000D4F89000002802DAC4F8B7
:10C7F000906003E0884201DDC4F89010D4F8900006
:10C800002066BDE8F0810000A0AF002010B5FAF767
:10C81000BDFBBDE81040F4F757BD000030B593B044
:10C8200030216846F4F773F814210CA8F4F76FF878
:10C830001E480025016841F080510160006800F049
:10C84000805011901A48016841F4804101600068ED
:10C85000022400F480401190012000900004019017
:10C860008001CDE90640082008904FF4A870CDE97A
:10C87000090407200B906846FBF746FA08B172B628
:10C88000FEE70CA90F2081E831004FF4A0500F9073
:10C890004FF48050109005210CA8FBF765F9002893
:10C8A00001D072B6FEE713B030BD00004038024040
:10C8B000007000400248016841F470010160704757
:10C8C00088ED00E00148FBF7D9BF00009C02002082
:10C8D0000148FBF7D3BF0000E40200200148FBF74A
:10C8E000CDBF00002C0300200148FBF7C7BF0000AC
:10C8F000740300200148FBF7C1BF0000BC03002007
:10C90000F0B50268254C264D264E274F274B4FF099
:10C91000804CA04209D0604507D0A84205D0B04263
:10C9200003D0B84201D0984204D122F0700E4A6878
:10C9300042EA0E02A0421BD0604519D0A84217D08F
:10C94000B04215D0B84213D0984211D0184DA84229
:10C950000ED0184DA8420BD0174DA84208D0174D45
:10C96000A84205D0164DA84202D0164DA84203D1C8
:10C9700022F44075CA682A434D6922F080022A4396
:10C9800002608A68C2620A688262A04201D098424C
:10C9900001D10969016301214161F0BD000001403D
:10C9A0000004004000080040000C0040000401406A
:10C9B0000040014000440140004801400018004090
:10C9C000001C00400020004010B501F01F030121B1
:10C9D000046A99408C430462016A9A4011430162DF
:10C9E00010BD10B5846842EA032224F47F440A4350
:10C9F0002243826010BD826822F070020A4342F036
:10CA00000701816070470000F0B5026A22F0010260
:10CA10000262036A42688469124E24F073050C684E
:10CA20002C4323F002058B682B430D4DA84201D007
:10CA3000B04205D123F00807CB683B4323F0040341
:10CA4000A84201D0B04205D14D6922F4407215438D
:10CA50008A692A4342608461496841630362F0BD88
:10CA60000000014000040140F0B5026A22F010020B
:10CA70000262026A436884690D6824F4E64444EA69
:10CA800005248D6822F0200242EA05120F4D104E57
:10CA9000A84201D0B04206D1CF6822F0800242EA1B
:10CAA000071222F04002A84201D0B04207D14D69DE
:10CAB00023F4406343EA85038D6943EA85034360B9
:10CAC0008461496881630262F0BD0000000001409A
:10CAD00000040140F0B5026A22F480720262026A28
:10CAE0004368C46922F4007224F073050C68124E86
:10CAF0002C438D6842EA05220E4DA84201D0B04277
:10CB000006D1CF6822F4006242EA072222F4806252
:10CB1000A84201D0B04207D14D6923F4405343EA03
:10CB200005138D6943EA05134360C4614968C16315
:10CB30000262F0BD000001400004014030B5026A0D
:10CB400022F480520262046A4268C3690D6823F4C9
:10CB5000E64343EA05238D6824F4005444EA05348F
:10CB6000084DA84202D0084DA84204D14D6922F4D4
:10CB7000804242EA85124260C361496801640462EE
:10CB800030BD0000000001400004014070B50368A2
:10CB900000249A6822F070054A682A4322F00705AB
:10CBA0000A682A439A604A6812F00F0F31D11211B5
:10CBB000082A2ED2DFE802F02E2E2E2E0B2127047B
:10CBC0000B69D1E902210068FFF70BFF22E00A6838
:10CBD000052A10D00268136A156A25F0010515624E
:10CBE00002689569096925F0F00545EA011191612E
:10CBF000006803620EE0012070BD0A698968006860
:10CC000000F00AF806E00A698968006800F056F842
:10CC100000E00124204670BD10B5036A046A24F0C8
:10CC200001040462846924F0F00444EA021423F04D
:10CC30000A020A438461026210BD000070B5046AF2
:10CC400024F0010404628469056A154EB04214D0D0
:10CC5000B0F1804F11D0134EB0420ED0124EB04200
:10CC60000BD0124EB04208D0114EB04205D0114E3A
:10CC7000B04202D0104EB04203D124F0030414435A
:10CC800001E044F001041A0724F0F00444EA1262BF
:10CC900025F00A0301F00A0119438261016270BDA7
:10CCA000000001400004004000080040000C00406B
:10CCB00000040140004001400018004010B5036A24
:10CCC00023F0100303628369046A23F4704343EA88
:10CCD000023224F0A00343EA01118261016210BD17
:10CCE00030B5046A24F0100404628469056A24F4EF
:10CCF000407444EA022222F470444FF6FF7202EAC2
:10CD000003322243A02425F0A00304EA01111943B1
:10CD10008261016230BD000070B5434C05462DEDC7
:10CD2000028BB0EE408A84ED068ADFED400AA060F7
:10CD3000C4ED0E0AC4ED0B0AC4ED0A0AC4ED0C0AD8
:10CD4000C4ED090AC4ED0D0A00F088F800EE105A8F
:10CD50000026C4E90306B8EEC00A354930EE480A99
:10CD6000B0EEC08A18EE100A884209DCB7EE000A5D
:10CD700084ED070A0120E5602075BDEC028B70BDD3
:10CD8000B5EEC00AF1EE10FA02DBB7EE000A01E0E0
:10CD9000BFEE000A84ED070A94ED000ADFED250AD4
:10CDA0009FED251AB8EEC00AF0EE008A60EE200A68
:10CDB00080EE810A94ED081A21EE282A60EE001A0E
:10CDC000C1EE820A60EEA81AF4EEC81AF1EE10FA6B
:10CDD0000ED8C0EE011A00EEE88A84ED090AC4ED0F
:10CDE0000A1AC4ED0D0AC8EE000AC4ED0B0A11E0E0
:10CDF00021EE080A02F082F884ED090AD4ED080A4F
:10CE000080EE201AB6EE000A28EE000A84ED0A1A17
:10CE100084ED0D0A94ED0B0AD4ED0A0A00EEA80A7F
:10CE200084ED0C0A2675A8E758E0002000000000F9
:10CE300017B7D13800007A4500606A4705480021DD
:10CE40009FED050A8160C16001610121017580EDDE
:10CE50000E0A704758E000200000000010EE100A93
:10CE6000B0F19E4F02DB6FF00040704710EE100AE9
:10CE7000B0F14F4F02D34FF000407047B5EEC00AFB
:10CE8000F6EE000AF1EE10FA02DB30EE200A01E0C5
:10CE900030EE600ABDEEC00A10EE100A70470000C6
:10CEA000094910B591ED080AB5EEC00AF1EE10FA85
:10CEB00001D8002010BD91ED030AB8EEC00AFFF7BB
:10CEC0002BFF012010BD000058E0002070B528B1F4
:10CED0000468002C02DD4368002B01DC002070BDDB
:10CEE0000C4DDFED0D0AC5E9004390ED010A104637
:10CEF000B8EEC00A20EE200ADFED080A80EE201A04
:10CF000000EE101AB8EEC00A85ED081AFFF704FF0C
:10CF1000012070BD58E0002000007A4500606A479B
:10CF200010B5354C2DED028B207D002814D194EDE9
:10CF30000E0ADFED320A30EE200A84ED0E0AD4ED3F
:10CF40000C0AF4EEC00AF1EE10FA08D8A068E0600E
:10CF50000020206101202075BDEC028B10BD264809
:10CF600094ED0A2AF6EE000AD0ED082AB4EEC02AA3
:10CF700062EEA01AF1EE10FA06DD61EE800A22EEF2
:10CF8000808A60EE800A1EE094ED0B1A1A4832EE99
:10CF9000013AD0ED0D0A90ED098AB4EEC03AF1EEF7
:10CFA00010FA30EE420A02DD48EE000A0BE048EECD
:10CFB000010A30EE410A21EE801A48EE000A02EE24
:10CFC000C08A41EE400A94ED060A94ED071A01EE7C
:10CFD000200AFFF743FFE06094ED070ADFED080A3F
:10CFE0009FED081A20EE080A60EE200A80EE810A02
:10CFF000FFF734FF2061AFE758E000206F12833A5B
:10D0000000606A4700007A452DE9F0410C46D0F8EF
:10D01000D412D0F8C82200EB8101D1F8C01229B394
:10D0200004F00F0606EB860300EB83050027AB69CF
:10D030004BB106EBC60602EB8602926CB3FBF2F62E
:10D0400002FB1632A2B1C1F81472D0F8D42200EB60
:10D050008200D0F8C40203692BB1D1F8080222463D
:10D0600001F5047198470020BDE8F0810320FBE73B
:10D0700000231A462146AF6100F0DDFDF3E770B5ED
:10D080000546D0F8D40205EB8000D0F8C04294B138
:10D09000284600F0B3FCC4F80C02D5F8D412D4F83A
:10D0A000040205EB8101D1F8C412CA6804F50371CA
:10D0B0009047002070BD032070BD000070B5224D68
:10D0C0000446297800F0D5FB2878002600F00F00F0
:10D0D00000EB800004EB800086846978204600F035
:10D0E000C8FB687800F00F0000EB800004EB8000C4
:10D0F000A0F86461A978204600F0BBFBA87800F096
:10D100000F0000EB800004EB80008684C684D4F816
:10D11000D40204EB8000D0F8C01299B1D0F8C40258
:10D1200040688047D4F8D40204EB8000D0F8C002F5
:10D1300000F0A5FFD4F8D40204EB8000C0F8C06270
:10D14000C4F8BC62002070BD8800002010B5D0F883
:10D15000D41200EB8100D0F8C04284B1D0F8C412E0
:10D1600059B194F80002FF2807D08B6894F8012287
:10D1700021469847FF2084F80002002010BD0320BC
:10D1800010BD00000A210180004870478C0000207B
:10D1900070B5064682210C4800F0FBFA05460121D5
:10D1A000094800F0F6FA04468121074800F0F1FA38
:10D1B0000DB11021A971402104B1A18000B181807D
:10D1C00043203080004870BD9800002070B50646AE
:10D1D00082210D4800F0DDFA054601210A4800F0E1
:10D1E000D8FA04468121084800F0D3FA0DB1102185
:10D1F000A9714FF4007104B1A18000B18180432076
:10D200003080014870BD00009800002070B50646CF
:10D2100082210C4800F0BDFA05460121094800F0C2
:10D22000B8FA04468121074800F0B3FA0DB1102185
:10D23000A971402104B1A18000B1818043203080D8
:10D24000004870BD980000202DE9F04704464FF4D7
:10D250000775284600F014FF06004FF0000863D061
:10D260002946F3F754FBD4F8D4023C4D04EB80007C
:10D270004FF01009C0F8C062C4F8BC62207C4FF4C3
:10D28000007A0127F0B3402302222978204600F0DB
:10D2900021FC2878402300F00F0000EB800004EB15
:10D2A0008000878402226978204600F013FC6878A9
:10D2B000082300F00F0000EB800004EB8000032245
:10D2C000A0F86471A978204601F00F0101EB8101FB
:10D2D00004EB8101A1F82690A97800F0FBFBA87867
:10D2E00000F00F0000EB800004EB80008784C6F89C
:10D2F0000482D4F8D402474604EB8000D0F8C4027C
:10D30000006800E018E006F5017680473761776134
:10D3100032687AB1207CF8B140236978204600F069
:10D32000E5FB0020BDE8F087D4F8D41204EB8101BE
:10D33000C1F8C0820220F5E7534602222978204630
:10D3400000F0C8FB2878534600F00F0000EB800087
:10D3500004EB80008784A5E75346DEE788000020C1
:10D3600010B5D0F8D41200EB8101D1F8C01259B138
:10D37000027C084C002AD1F8042207D040236178AF
:10D3800000F0B4FB002010BD032010BD4FF400736B
:10D39000F5E700008800002039B1D0F8D42200EB76
:10D3A0008200C0F8C4120020704703207047D0F8F4
:10D3B000D42200EB8200D0F8C00218B1C0F80412E9
:10D3C0000020704703207047D0F8D43200EB830070
:10D3D000D0F8C00228B1C0F81022C0F8081200200E
:10D3E0007047032070472DE9FC410646D0F8D4026F
:10D3F0000C4606EB80000021D0F8C0728DF80010BA
:10D40000ADF804100D4637B1217811F060022FD02D
:10D41000202A4BD102E00320BDE8FC81E288F2B172
:10D4200009060DD5D0F8C40263783946D0F808C093
:10D430001846E047E288072A00D9072239462DE03E
:10D44000607887F80002E088402800D34020C2B20C
:10D4500087F801223946304600F081F82BE0D0F8F9
:10D46000C40263780022866821461846B04722E04D
:10D47000607830B101281ED00A2809D00B2815D1B8
:10D4800010E096F89C02032810D1022201A905E0C1
:10D4900096F89C02032809D101226946304600F023
:10D4A00078F808E096F89C02032804D0214630461C
:10D4B00000F04AF803252846AEE7000010B5D0F882
:10D4C000D41200EB8101D1F8C02201211AB1D2F8A7
:10D4D000143213B116E0032010BD0121C2F814125A
:10D4E0000949D2F81032097801F00F0404EB8404E2
:10D4F00000EB8404A361D2F81032D2F8082200F0C5
:10D500009AFB0021084610BD8800002010B5D0F815
:10D51000B82200245268904700B10324204610BD71
:10D520000020704700207047134610B50A460021BE
:10D5300000F0DCFA002010BD134610B50A460021A9
:10D5400000F079FB002010BD10B50446802100F0EA
:10D5500057FB2046BDE81040002100F051BB10B53C
:10D560000323C0F89432C0F858211346C0F85C2158
:10D570000A46002100F0BAFA002010BD10B50521BE
:10D58000C0F8941200231A46194600F0AFFA0020A2
:10D5900010BD10B50223C0F8943282611346C261F7
:10D5A0000A46002100F047FB002010BD10B5042101
:10D5B000C0F8941200231A46194600F03CFB0020E4
:10D5C00010BD000010B50A46024903A000F005F99D
:10D5D000004810BDE006002043444320436F6E66C0
:10D5E000696700001220088000487047280000206A
:10D5F00010B50A46024903A000F0EFF8004810BD3C
:10D60000E006002043444320496E746572666163FE
:10D6100065000000042008800048704724000020B6
:10D6200010B50A46024903A000F0D7F8004810BD23
:10D63000E006002053544D6963726F656C65637436
:10D64000726F6E696373000010B50A46024903A049
:10D6500000F0C3F8004810BDE006002053544D33DD
:10D6600032205669727475616C20436F6D506F7211
:10D670007400000010B51A2008800A480168001DD7
:10D680000468001D0068081809D008220649FBF745
:10D6900073FB0549042210312046FBF76DFB02485D
:10D6A000801E10BD107AFF1F3E000020F8B5044612
:10D6B0000020ADF8000048880D46010A08295FD215
:10D6C000DFE801F05E0409175E5E3C45D4F8B41251
:10D6D000207C0A6819E0207C02260028D4F8B802D1
:10D6E00005D0C16A684688470146467039E0816ABC
:10D6F000F8E7C0B2062843D2DFE800F0030A1014AE
:10D70000181CD4F8B402426805E0694690471CE052
:10D71000D4F8B402826892B3207CF6E7D4F8B4025D
:10D72000C268F8E7D4F8B4020269F4E7D4F8B402A6
:10D730004269F0E7D4F8B4028269ECE7207CF0B9E2
:10D74000D4F8B802416B68468847014609E0207C5E
:10D75000A8B9D4F8B802016B68468847014607208B
:10D760004870EA888AB1BDF8000040B1824200D911
:10D770000246ADF800202046FFF70BFFF8BDFFE79B
:10D7800029462046FFF7E0FEF8E72046FFF70EFFA8
:10D79000F4E778B50E4642880178002504468A42AF
:10D7A00012D9ADF800100AE0694600F00FF8417890
:10D7B000052904D181780546B14205D0002561884C
:10D7C000BDF800209142EFD8284678BD0A8803783A
:10D7D0001A440A8001780844704770B50023002875
:10D7E0001ED00025044602E06D1CEDB2641C2678B4
:10D7F000002EF9D1022404EB450414801278CA5497
:10D800005B1C0322CA5400245B1C06E0CA545B1C48
:10D81000DAB28C54521CD3B2401C0278002AF5D1E3
:10D8200070BD01004FF0000004D0012901D0022991
:10D8300001D0032070470120704778B10023C0F861
:10D84000B832C0F8C432C0F8D03209B1C0F8B4124E
:10D85000012180F89C12027000F0D4B803207047B8
:10D8600010B5D0F8C802F9F7A2FCBDE81040FFF7E8
:10D87000D8BF10B5D0F8C802F9F773FCBDE8104066
:10D88000FFF7CFBF2DE9F04117460446002521B12F
:10D8900094F89C02032842D04CE0D4F8941204F18E
:10D8A0001400022935D1D0E902639E4206D9F21A4A
:10D8B000826039462046FFF73FFE0FE0B34214D1A5
:10D8C0004068984211D3D4F8981288420DD20022B1
:10D8D00011462046FFF730FEC4F8985200231A463E
:10D8E0001946204600F002F913E094F89C02032840
:10D8F00008D1D4F8B802C16821B1C4F8D452C168C3
:10D90000204688478021204600F07AF92046FFF71C
:10D9100035FE94F8A00268B184F8A0520AE0D4F869
:10D92000B802426932B1C4F8D452426920469047E5
:10D93000002800D10020BDE8F08170B513460446F0
:10D94000002221B194F89C02032830D03AE0D4F8A8
:10D95000941204F5AA70032934D1D0E902518D4202
:10D960000AD96A1A82600846824200D302461946E2
:10D970002046FFF7D9FD25E094F8AA0210F01F0019
:10D9800003D0012802D0022800D0002294F89C0283
:10D99000032808D1D4F8B802016921B1C4F8D4220F
:10D9A0000169204688472046FFF700FE0AE0D4F8C8
:10D9B000B802836933B1C4F8D42282692046904703
:10D9C000002800D1002070BD0020704710B5002451
:10D9D000012180F89C12D0F8B82222B15268017956
:10D9E000904700B10324204610BD10B5D0F8C802FE
:10D9F000F9F70BFCBDE81040FFF713BFD0F8C802E1
:10DA0000F9F71DBC10B5017839BB15490222C1F8E0
:10DA10000805C0F8C8124FF0A04008600420486014
:10DA20000020C1E90320C1E9062008624862C862FB
:10DA300008630846F9F772FF08B1F8F7D7FB8021B1
:10DA40000748F9F73EFB402200210548F9F73DFB66
:10DA5000802201210248F9F738FB002010BD0000A8
:10DA6000001B00200A0601F07F01D0F8C80201EB7C
:10DA7000C10100EB810002D590F83E00704790F89C
:10DA80007E02704710B5D0F8D42200EB8202D2F8A3
:10DA9000B82222B190F89C32032B02D004E003207C
:10DAA00010BD126A02B19047002010BD10B5D0F829
:10DAB000D42200EB8202D2F8B82222B190F89C3234
:10DAC000032B02D004E0032010BD526A02B190473C
:10DAD000002010BD10B51C461346D0F8C8022246DF
:10DAE000F9F7B6FBBDE81040FFF79BBE10B5D0F8C4
:10DAF000C802F9F7DDFBBDE81040FFF792BE2DE943
:10DB0000F04100260125044680F89C52C4F8946236
:10DB10006660C4F8A46280F8A062D0F8B80230B1A0
:10DB2000426822B100212046904700B1032600221E
:10DB3000402311462046FFF7CDFF4027A4F864514B
:10DB40003B46002280212046C4F86071FFF7C2FFE7
:10DB5000A58430462762BDE8F08190F89C12042924
:10DB600003D190F89D1280F89C120020704710B5E8
:10DB700090F89C12032905D1D0F8B81211B1C969E7
:10DB800001B18847002010BD01740020704710B516
:10DB9000D0F8C802F9F794FFBDE81040FFF741BE86
:10DBA00070B5044600F2AA20054600F04DF80120A9
:10DBB000C4F89402B4F8B002C4F8980294F8AA0227
:10DBC00010F01F010AD001290ED0022912D000F056
:10DBD00080012046BDE8704000F012B8294620467A
:10DBE000BDE8704000F0CCB829462046BDE8704042
:10DBF00000F00CBA29462046BDE8704000F056B946
:10DC000010B5D0F8C802F9F777FBBDE81040FFF770
:10DC100008BE10B5D0F8C802F9F76DFFBDE8104096
:10DC2000FFF7FFBD90F89C1280F89D12042180F848
:10DC30009C120020704710B5D0F8C802F9F796FB87
:10DC4000BDE81040FFF7EDBD70B5054611F8010BBA
:10DC50002870087868704C1C2046FDF7DEFD68804F
:10DC6000A41C2046FDF7D9FDA880A01CFDF7D5FD1A
:10DC7000E88070BD38B504460020ADF80000A1B1C1
:10DC8000C4F8B812D4F8D40204EB8000D0F8B8027B
:10DC9000C16A19B168468847C4F8D002D4F8D802DE
:10DCA000401CC4F8D802002038BD032038BD02460D
:10DCB0000020D2F8B832002B02D01B68104618475B
:10DCC000704700002DE9F04188462B4E89780025E9
:10DCD00004463170012906D941462046FFF734FC3D
:10DCE0000320BDE8F08194F89C02022702280CD0A2
:10DCF00003281DD041462046FFF726FC31782046F8
:10DD0000FFF704FC03252846EBE789B32046616052
:10DD1000FFF7CDFF050004D041462046FFF714FC75
:10DD20001DE02046FFF742FC032084F89C02EAE74E
:10DD3000C1B1606888421BD0C1B22046FFF7E6FB44
:10DD4000317820466160FFF7B2FF050010D04146F0
:10DD50002046FFF7F9FB21792046FFF7D7FB84F82F
:10DD60009C72D0E784F89C7220466160FFF7CEFB7E
:10DD70002046FFF71BFCC6E784000020FFF749BFE1
:10DD80002DE9F0410A78002512F060020CD0202A1B
:10DD900001D0402A7DD1D0F8D42200EB8202D2F803
:10DDA000B8229268904731E04B78002201260A2B76
:10DDB0006FD2DFE803F041666E586E08056E2D29BC
:10DDC000FFF774FC67E004468888D8B9C888C8B9EA
:10DDD0004888802816D200F07F0794F89C02032818
:10DDE00010D084F89E7239462046FFF7D0FE2046B8
:10DDF000FFF7DCFB1FB1022084F89C024BE084F8A3
:10DE00009C6248E0204644E0FFF75CFF054642E0A4
:10DE1000CB88012B3DD190F89C32012B04D0022BF2
:10DE200002D0032B35D104E08260012200F1080109
:10DE300016E00122011D13E090F89C22012A03D074
:10DE4000022A01D0032A24D1CA88022A21D1C6601D
:10DE5000D0F8A41209B10321C160022200F10C0123
:10DE6000FFF797FB17E04A88012A02D0022A03D065
:10DE70000FE0C0F8A46216E08988090A80F8A012B1
:10DE800011E090F89C32012B08D0022B06D0032B16
:10DE900004D0FFF759FB2846BDE8F08149880129E5
:10DEA000F9D1C0F8A422FFF781FBF4E72DE9F04196
:10DEB000054608780C790E464FF0000810F0600017
:10DEC0000BD0202801D040286AD121462846FFF7F0
:10DED00027FBFF2800D0D8B395E07078C8B301289D
:10DEE00024D003285CD195F89C02022802D0032894
:10DEF00056D10CE0002C53D0802C51D0214628461E
:10DF0000FFF77EFE80212846FFF77AFE7BE07088CF
:10DF100040B93CB1802C05D0C88818B921462846A4
:10DF2000FFF76EFE2846FFF741FB6CE095F89C0278
:10DF30000228DFD0032863D1708880BB600603D03D
:10DF400021462846FFF78CFC2846FFF72FFBBCE74D
:10DF500000E00AE0C5F8D402D5F8B8028268F2B150
:10DF600031462846904780464DE095F89C020027B0
:10DF7000022802D0032843D113E00CB1802C3FD1FA
:10DF8000200604F07F0000EB800005EB800101D546
:10DF9000143101E001F5AA7102220F602CE032E099
:10DFA0002EE0200604F00F0000EB800005EB80005F
:10DFB00009D5808C20B304F07F0000EB800005EBD6
:10DFC000800614360AE0B0F86401C8B104F07F009E
:10DFD00000EB800005EB800606F5AA764CB1802C9C
:10DFE00007D021462846FFF73DFD10B101203060E3
:10DFF00000E03760022231462846FFF7CAFA02E005
:10E000002846FFF7A1FA4046BDE8F08170B5054605
:10E01000087800240E4610F0600003D0202801D0BC
:10E02000402827D195F89C02012803D0022801D06E
:10E0300003281FD1B088C1B201291AD8C1B228461D
:10E04000FFF770FAFF280CD058B9D5F8B8128A68D3
:10E050003AB1C5F8D4028A6831462846904704464A
:10E0600000E00324F088204307D12846FFF79EFAFA
:10E0700003E031462846FFF767FA204670BD704737
:10E0800000487047E018002070B50A78012302F0BC
:10E090000F054E78AB401B4CD0F81C58012E17D002
:10E0A00045EA0343C0F81C3800EB4210D0F8002BBF
:10E0B00012040BD4D0F8002B8B890979C3F30A031F
:10E0C0001A4344EA81410A43C0F8002B002070BD86
:10E0D0009BB21D43C0F81C5800EB4210D0F8003929
:10E0E0001B04F3D4D0F800398D890979C5F30A05EA
:10E0F00089042B4341EA82510B432343C0F8003982
:10E10000E4E7000000800010D0F800196FF30A0166
:10E11000C0F80019D0F8041841F48071C0F8041850
:10E120000020704770B5044606990A9E049D0D981C
:10E13000012916D0E06840F04000E060204600F081
:10E140002BF8A16B1EB321F48031A163012D07D1FF
:10E15000A16841F00601A160A16841F02001A16021
:10E1600070BDA16B21F48031A163E168094A1140BF
:10E17000E160E16821F44011E160012803D1E06829
:10E1800040F48010E060204600F006F8DEE741F43D
:10E190008031DAE7BFFFBDFF08B500220D490092CC
:10E1A000009B5B1C00938B420CD80369002BF7DAB1
:10E1B0000092026942F001020261009A521C009230
:10E1C0008A4201D9032008BD0269D207F5D1002097
:10E1D00008BD0000400D030030B54C780A780123DB
:10E1E00000EB4212012C2CD0D2F8004B002C0BDAA1
:10E1F000D2F8004B44F00064C2F8004BD2F8004B58
:10E2000044F08044C2F8004BD0F83C580C7804F03D
:10E210000F0403FA04F425EA0444C0F83C48D0F89B
:10E220001C48097801F00F018B4024EA0341C0F833
:10E230001C18D2F8000B19490840C2F8000B002046
:10E2400030BDD2F80049002C0BDAD2F8004944F076
:10E250000064C2F80049D2F8004944F08044C2F892
:10E260000049D0F83C480D7805F00F0503FA05F594
:10E27000ADB2AC43C0F83C48D0F81C48097801F076
:10E280000F018B4099B28C43C0F81C48D2F80009AA
:10E2900003490840C2F80009D1E700000078F3EF15
:10E2A000007833ECD0F8001E21F00301C0F8001E06
:10E2B000D0F8041821F00201C0F8041800207047BB
:10E2C000D0F8001E21F00301C0F8001ED0F8041899
:10E2D00041F00201C0F80418002070472DE9F04F0A
:10E2E00000250E460446DDF82CC0DDF824B0109F52
:10E2F0002846294604EB8002C2F80411401C0F286E
:10E30000F8D32046C7B1806B20F40012A263A06B43
:10E3100040F40022A26308468846C4F8000ED4F8F0
:10E3200000182046C4F80018BCF1010F16D0D0F830
:10E33000001841F0030116E0D0F8040840F0020292
:10E34000C4F80428A06B40F40012A263A06B20F470
:10E350000022A263A06B20F48022DBE7D0F8001833
:10E360000BB141F00101C0F80018102100F0EEFAE5
:10E3700000B10125204600F0CBFA00B1012540464E
:10E38000C4F81088C4F81488C4F81C8800214FF021
:10E3900000694FF0904A4FF67F3314E004EB4112CE
:10E3A000D2F800C9BCF1000F06DA11B1C2F800A919
:10E3B00004E0C4F8009901E0C2F80009C2F81009AD
:10E3C000C2F80839491C8E42E8D8002115E000BF88
:10E3D00004EB4112D2F800CBBCF1000F06DA11B108
:10E3E000C2F800AB04E0C4F8009B01E0C2F8000BE7
:10E3F000C2F8100BC2F8083B491C8E42E8D8D4F88A
:10E40000101821F48072C4F81028A0616FF08040C9
:10E410006061BBF1000F03D1A06940F01000A06162
:10E42000A06909490843A0610C9818B1A06940F09F
:10E430000800A061012F03D1A06904490843A0612D
:10E440002846BDE8F08F000000383C800400004002
:10E45000816821F0010181600020704770B50D785E
:10E460004E78444CEBB200EB4313012E21D0D3F88D
:10E47000100B6FF31200C3F8100BD3F8100B2040F1
:10E48000C3F8100B886908B1C8688861C868C8619A
:10E49000D3F8100B40F40020C3F8100BD3F8100B86
:10E4A000CC69C4F312042043C3F8100B012A55D0E1
:10E4B00058E08E69002ED3F8106932D06FF312063F
:10E4C000C3F81069D3F810692640C3F810698E6943
:10E4D000CC68A64200D98C61D3F8104944F40024DA
:10E4E000C3F81049D3F810498E69C6F312063443B5
:10E4F000C3F81049012A22D000EB4512D2F80039A6
:10E5000043F00443C2F800398A6932B3D0F83428A2
:10E51000097801F00F03012199400A43C0F834281B
:10E5200026E02640C3F81069D3F8104944F40024CB
:10E53000C3F81049D3F810496FF31204D8E74969BA
:10E5400019B100EB4512C2F8141900EB4510D0F8D0
:10E55000001941F00441C0F8001909E0086908B148
:10E56000C3F8140BD3F8000B40F00440C3F8000BC1
:10E57000002070BDFFFF07E010B5036C134CA342F1
:10E5800003D9D0F8003B002B1EDB0023C0F8103B62
:10E59000D0F8103B43F40023C0F8103BD0F8103BF8
:10E5A00043F01803C0F8103BD0F8103B43F0C043D1
:10E5B000C0F8103B012907D1C0F8142BD0F8001B7C
:10E5C00041F08021C0F8001B002010BD0A30544FDC
:10E5D0004A780B78012A00EB43100BD0D0F8002BBF
:10E5E00022F40012C0F8002B0979032914D0022963
:10E5F00012D017E0D0F8002922F40012C0F8002948
:10E600000979032901D002290CD1D0F8001941F071
:10E610008051C0F8001905E0D0F8001B41F080518E
:10E62000C0F8001B002070470A784B78D1B200EB8D
:10E630004110012B12D0D0F8001B002906DB2AB1B3
:10E64000D0F8001B21F08041C0F8001BD0F8001B5F
:10E6500041F40011C0F8001B00207047D0F80019E9
:10E66000002906DB2AB1D0F8001921F08041C0F85A
:10E670000019D0F8001941F40011C0F80019EBE7B7
:10E68000F8B50C784F78764DE3B26FF0604600EB4A
:10E690004313012F27D0D3F8104B6FF31204C3F8A4
:10E6A000104BD3F8104B2C40C3F8104B8D69002D44
:10E6B00075D0CC6825446D1EB5FBF4F5ADB26C4346
:10E6C000CC61D3F8104B06EAC5452C43C3F8104B78
:10E6D000D3F8104BCD69C5F312052C43C3F8104B8A
:10E6E000012A71D0A4E08F691FB3D3F810796FF3BA
:10E6F0001207C3F81079D3F810792F40C3F81079B6
:10E700008F69CD682F447F1EB7FBF5F506EAC54536
:10E71000D3F810693543C3F81059D3F810598E69EE
:10E72000C6F312063543C3F810590D79012D10D0E8
:10E730001BE0D3F810692E40C3F81069D3F81059C4
:10E7400045F40025C3F81059D3F810596FF312059A
:10E7500009E0D3F8105925F0C045C3F81059D3F893
:10E76000105945F00055C3F81059012A18D000EB94
:10E770004413D3F8004944F00444C3F800490C7929
:10E78000012C2FD08A6962B3D0F83428097801F0BF
:10E790000F03012199400A43C0F834285EE036E0B7
:10E7A0004A691AB100EB4413C3F814290979012905
:10E7B0000FD1D0F80818C90500EB4411D1F8002991
:10E7C00003D442F0005202E02EE042F08052C1F841
:10E7D000002900EB4410D0F8001941F00441C0F8C2
:10E7E00000193BE0D0F80848E405D3F8004902D40A
:10E7F00044F0005401E044F08054C3F80049009212
:10E800000A8B93B20A78096900F0D0F926E0D3F8B0
:10E81000104BCD68C5F312052C43C3F8104BD3F849
:10E82000104B44F4002459E70A690AB1C3F8142BC9
:10E83000097901290CD1D0F80808C005D3F8000BDC
:10E8400002D440F0005001E040F08050C3F8000BCB
:10E85000D3F8000B40F00440C3F8000B0020F8BDD3
:10E86000FFFF07E038B50022009213464D780A7882
:10E8700042F2107400EB4212012D19D0D2F8005B65
:10E88000002D3CDAD2F8005B45F00065C2F8005B71
:10E890000A7800EB4212D2F8005B45F08045C2F8DE
:10E8A000005B009A521C0092A24221D9012326E06B
:10E8B000D2F80059002D22DAD2F8005945F000654F
:10E8C000C2F800590A7800EB4212D2F8005945F01C
:10E8D0008045C2F80059009A521C0092A242E5D825
:10E8E0000A7800EB4212D2F80029002AF3DB06E096
:10E8F0000A7800EB4212D2F8002B002AD1DB18462E
:10E9000038BD816841F0010181600020704700003E
:10E9100008B500220C490092009B5B1C00938B42BF
:10E920000AD80369002BF7DA009210220261009ADC
:10E93000521C00928A4201D9032008BD0269D20606
:10E94000F5D4002008BD0000400D030018B50023D9
:10E950000D4A0093009C641C009494420CD80469F6
:10E96000002CF7DA0093202343EA8111016100991A
:10E97000491C0091914201D9032018BD0169890603
:10E98000F5D4002018BD0000400D0300D0F80808A1
:10E9900010F0060004D0022803D0062801D00F2072
:10E9A000704702207047406900F001007047D0F8BE
:10E9B0001818D0F81C08084080B27047D0F8181812
:10E9C000D0F81C080840000C704710B5D0F810387B
:10E9D000D0F8342801F00F0400EB4110E24002F0BF
:10E9E0000102D0F8080943EAC212104010BD00EB42
:10E9F0004111D1F8081BD0F814080840704741694C
:10EA000080690840704730B503460846940802F014
:10EA10000301002203F5805303E01D6840F8045B06
:10EA2000521CA242F9D300290BD01C680022D50049
:10EA300024FA05F3491E521C090400F8013B090C95
:10EA4000F5D130BD70B50446C068002520F0C04047
:10EA5000E060012901D079B120E0E06840F0005089
:10EA6000E0600120F8F778F960696D1C10F0010F83
:10EA700010D1322DF5D30DE0E06840F08040E06029
:10EA80000120F8F769F960696D1C10F0010F01D0E1
:10EA9000322DF5D3322D01D0002070BD012070BD84
:10EAA000D0F8002822F4FE62C0F80028D0F8002830
:10EAB0004FF4FE6303EA01110A43C0F80028002066
:10EAC00070470000022A3ED1264A274B0A449A4248
:10EAD00001D20F2138E0254A254B0A449A4201D23F
:10EAE0000E2131E0234A244B0A449A4201D20D21DF
:10EAF0002AE0224A224B0A449A4201D20C2123E006
:10EB0000204A214B0A449A4201D20B211CE01F4AA1
:10EB10001F4B0A449A4201D20A2115E01D4A1E4B9E
:10EB20000A449A420FD31D4A1D4B0A449A4201D20D
:10EB3000082109E01B4A11441B4A914201D20721D6
:10EB400002E0062100E00921C26822F47052C2608E
:10EB5000C2684FF4705303EA81210A43C260002067
:10EB600070470000405327FF00350C00401E1BFF7C
:10EB700040420F0000DC0BFF804F1200808CF9FE3A
:10EB800020D6130060B6E5FE60E3160000D3CEFE8B
:10EB900040771B00C05BB3FEC091210000CA91FE0C
:10EBA00020753800E05459FEE09C410010B5029CED
:10EBB00074B9DB1C9C0800EB0230002300F5805088
:10EBC00004E000BF51F8042B02605B1CA342F9D3A0
:10EBD000002010BDFEE74100080218BF04200A0E05
:10EBE00018BF40F001004FF07F4232EA010108BF38
:10EBF00040F00200012808BF052070470907090EF0
:10EC0000002804DB00F1E02080F80014704700F0D9
:10EC10000F0000F1E02080F8141D704710EE101A6C
:10EC200008B5444A6846B2EB410F28D94FF0E64098
:10EC3000B0EB410F94BF00204FF0FF3000900098E0
:10EC4000002861DB60EE000A10F0010F45D010F0E3
:10EC5000020FDFED391A9FED391A00EEE11ADFEDF0
:10EC6000381A40EE811A21EEA01AF0EE400A40EE6A
:10EC7000010A08BFF1EE600AB0EE600A08BD314B30
:10EC800021F0004293423CD911F0004FDFED2E0AF3
:10EC900020EE201ADFED2D0A19BF31EE601A71EE59
:10ECA000200A31EE201A71EE600ABDEEE01A11EE74
:10ECB000100A9FED271A00F0030000EEC10A9FED35
:10ECC000251A009000EEC10A9FED231A00EEC10A3A
:10ECD0009FED221A00EEC10AB1E79FED211A9FEDC8
:10ECE000210A10F0020F00EE810A9FED1F1A00EEBC
:10ECF000801AB7EE000A00EE810A18BFB1EE400A92
:10ED000008BD00F02BF99AE710EE100A4000B0F1B0
:10ED10007F4F3CBFB7EE000A08BD07D14FF001009E
:10ED2000F1F790FEBDE8084000F008B9BDE80840E2
:10ED300000F001B9B61F927E336D4C39DA82083C7F
:10ED4000A0AA2ABE490E494683F9223F0000004B83
:10ED50000000C93F00A0FD390020A2331A61342C05
:10ED6000B93AB2BACA9F2A3DDDFFFFBE00B510EE28
:10ED7000101A2DED028B81B0524A6846B2EB410F5A
:10ED80002ED94FF0E640B0EB410F94BF00204FF07A
:10ED9000FF3000900098B0EE408A00286ADB10F047
:10EDA000010F4BD068EE080A9FED471A9FED470A06
:10EDB00000EE810A9FED461A10F0020F00EE801A55
:10EDC000B7EE000A00EE810A02BF01B0BDEC028B73
:10EDD00000BD00BF01B0B1EE400ABDEC028B00BD2A
:10EDE0003C4B21F00042934241D911F0004FDFED3E
:10EDF0003A0A20EE201ADFED390A19BF31EE601A07
:10EE000071EE200A31EE201A71EE600ABDEEE01AB2
:10EE100011EE100A9FED321A00F0030000EEC10A55
:10EE20009FED301A009000EEC10A9FED2F1A00EE00
:10EE3000C10A9FED2E1A00EEC10AABE728EE080AC0
:10EE40009FED2B1ADFED2B0A10F0020F40EE410A66
:10EE50009FED291A00EE201A61EE000AB0EE480A72
:10EE600008EE200AB6D101B0BDEC028B00BD00F067
:10EE700075F88FE718EE100A4000B0F17F4F0DD201
:10EE800018EE100AFFF7A7FE042808BF00F05EF88E
:10EE9000B0EE480A01B0BDEC028B00BD09D10120E3
:10EEA000F1F7D0FD01B0BDEC028B5DF804EB00F092
:10EEB00045B801B0B0EE480ABDEC028B5DF804EB3A
:10EEC00000F039B8B61F927EB93AB2BACA9F2A3D4D
:10EED000DDFFFFBE490E494683F9223F0000004B8B
:10EEE0000000C93F00A0FD390020A2331A61342C74
:10EEF000336D4C39DA82083CA0AA2ABE10B52DED3C
:10EF0000028BB1EEC08A18EE100A20F00040C0F16A
:10EF1000FF40C00F0AD010EE100A20F00040C0F1F0
:10EF2000FF40C00F04BF0120F1F78CFDB0EE480A8E
:10EF3000BDEC028B10BD30EE000A7047DFED020A17
:10EF400080EEA00A70470000000000009FED020A5A
:10EF500020EE000A70470000000000102DE9F001CB
:10EF60004FF07F42B2EB410F9FBF4FF0FF31016086
:10EF7000BDE8F00170474FF0004242EA0123C1F3BF
:10EF8000C752783A551112F01F0C434CCCF12006B1
:10EF90007C44C1F3C752A2F178024FEA621204EB3B
:10EFA000820254F8254008BFD2E9015612D05568B4
:10EFB00004FA0CF425FA06F73C43976805FA0CF5B9
:10EFC00027FA06F8D26807FA0CFCF24045EA080571
:10EFD0004CEA0206A4FB034CA5FB0352A6FB036309
:10EFE0001D449D4234BF012600261319334416B137
:10EFF000934202D903E0934201D2012200E00022B1
:10F00000624402F1200C9206DC0C42EA443200EE2B
:10F01000102A5B03DFED210AF8EEC01A00EE103A69
:10F020004FEA9C1C11F0004FB8EE400AC0F800C037
:10F0300020EE201A00EE105ADFED190AB8EE400A51
:10F0400020EE200A71EE810A70EE800A10EE902AFE
:10F0500002F500626FF30B0200EE902A70EEE11AE7
:10F0600031EEC11ADFED101A30EE411A9FED0D0A94
:10F0700020EE800A01EE210A9FED0C1A00EE810AB3
:10F0800004BFBDE8F0017047CCF180510160BDE8DC
:10F09000F001B1EE400A7047300200000000003677
:10F0A0000000802C22AAFD29DB0FC92F0000C92FE8
:10F0B000F7F774FFFDF7B2FBF9F7DAFEF9F7C2FED6
:10F0C000F9F776FEF9F726FFF9F7A2FFF9F7D4FF73
:10F0D000FAF738F8FAF790F8FAF7A8F8F2F7BEF866
:10F0E0000448F9F7D9F808B172B6FEE7F2F7D4F898
:10F0F000FCE70000BC03002010B500290AD0087806
:10F10000002807D005487844F1F754FC002801D0C6
:10F11000002010BD0248784410BD0000EE10000031
:10F12000E61000004FF07E5209E011F0004204D5D5
:10F130004042C1F1000138BF491E42F07E520B002F
:10F1400002F1706212BF20235FEA00017047B1FA3A
:10F1500081FCA3EB0C0301FA0CF120FA03FC02EB97
:10F16000C352C3F1200341EA0C0110FA03FC5CEA2C
:10F17000416C42EB112018BF5FF0806C28BF20F07B
:10F18000010070474FF04070E1EE100A7047000632
:10F19000101600061016000000000000000001021A
:10F1A0000304060708090000807F0000807F00003C
:10F1B000807F0000807F0000807F0000807F000053
:10F1C000807F0000000000006E83F9A22915444EE4
:10F1D000D15727FCC0DD34F5999562DB4190433C63
:10F1E000AB6351FE4451504552462064656C6179D1
:10F1F00031303D256C647573207269736531305F01
:10F2000039303D256C6475732063726F73733D25CF
:10F210006C64757320656E746572353D256C64751C
:10F220007320737461626C65355F316D733D256C5D
:10F23000647573207065616B3D256C646D41207051
:10F2400065616B5F743D256C647573206F766572C4
:10F2500073686F6F743D256C757065726D696C6C49
:10F2600065207374656164795F617869733D256CAD
:10F27000646D41207374656164795F6F7274683D79
:10F28000256C646D41206572725F726D733D256CF3
:10F29000756D41206F7274685F726D733D256C757A
:10F2A0006D4120726970706C655F617869735F7021
:10F2B000703D256C646D41206F7274685F6162738C
:10F2C0005F7065616B3D256C646D410D0A00000047
:10F2D000445146414C4C2066616C6C39305F313092
:10F2E0003D256C64757320656E746572353D256CC3
:10F2F00064757320737461626C65355F316D733D45
:10F30000256C647573206D696E5F617869733D2546
:10F310006C646D41207A65726F5F617869735F72AA
:10F320006D733D256C756D41207A65726F5F6F72EC
:10F3300074685F726D733D256C756D410D0A000038
:10F34000414C49474E2073746174653D25732066B6
:10F3500061756C743D25752076616C69643D257519
:10F36000206175746F3D25752066697273743D2543
:10F370006C64207A65726F3D256C642064656C74E2
:10F38000613D256C642065787065637465643D2516
:10F390006C64206F66667365743D256C64206265DD
:10F3A00074615F7369676E3D25642074617267657F
:10F3B000745F613D256C646D412074617267657492
:10F3C0005F623D256C646D412073616D706C657387
:10F3D0003D256C75207361743D256C75206939304D
:10F3E0005F613D256C646D41206939305F623D2568
:10F3F0006C646D412069305F613D256C646D412016
:10F4000069305F623D256C646D4120697065616B98
:10F410005F613D256C646D4120697065616B5F6261
:10F420003D256C646D4120767065616B5F613D25A3
:10F430006C646D5620767065616B5F623D256C640F
:10F440006D560D0A0000000068656C70207C206518
:10F450006E63207C207A65726F207C20616463205B
:10F460007C20616463207A65726F207C20627573F2
:10F47000207C2074657374206E6F697365207C2016
:10F480007465737420612B207C2074657374206113
:10F490002D207C207465737420622B207C20746581
:10F4A000737420622D207C207465737420696C6FE6
:10F4B0006F7020612B207C207465737420696C6FE1
:10F4C0006F7020612D207C207465737420696C6FCF
:10F4D0006F7020622B207C207465737420696C6FC0
:10F4E0006F7020622D207C207465737420647120FD
:10F4F000696420333030207C20746573742064711B
:10F5000020696420353030207C2074657374206459
:10F51000712069642031303030207C207465737430
:10F5200020647120697120353030207C207465732F
:10F53000742064712069712031303030207C207457
:10F54000726163652064756D70207C20766F6661E2
:10F5500020696420333030207C20766F666120691A
:10F560006420353030207C20766F6661206964200D
:10F5700031303030207C20766F6661206971203513
:10F580003030207C20766F66612069712031303008
:10F5900030207C20766F6661206964206379636C1B
:10F5A0006520353030207C20766F666120697120BF
:10F5B0006379636C6520353030207C20766F66611E
:10F5C0002073706565642052504D207C20766F66F4
:10F5D0006120737065656420737465702046524FB6
:10F5E0004D20544F207C20766F66612073706565D6
:10F5F00064206C6F6F702052504D207C20766F66B7
:10F600006120737065656420686F6C6420313030F0
:10F6100030207C20766F6661207370656564207091
:10F620006F736974696F6E20343030207C20766F80
:10F63000666120706F7320434F554E54207C2076B6
:10F640006F66612073746F70207C20616C69676ED7
:10F65000207374617274207C20616C69676E207302
:10F660007461747573207C20616C69676E206162BF
:10F670006F7274207C2063616C20737461727420DB
:10F680007C2063616C20737461747573207C2063CB
:10F69000616C2061626F7274207C2063616C2064F5
:10F6A000756D70207C20616E676C65207C20616EBA
:10F6B000676C6520616476616E6365205553207CBC
:10F6C00020616E676C652063616C206F6E7C6F6675
:10F6D000667C737461747573207C20616E676C65E1
:10F6E000206F62736572766572206F66667C7368E0
:10F6F00061646F777C6F6E7C63616C696272617448
:10F7000065647C737461747573207C20616E676CB2
:10F7100065206F6273657276657220627720485A41
:10F72000207C2073706565642074756E65204B5075
:10F730005F7541204B495F7541207C207370656582
:10F740006420667720726174696F205045524D497C
:10F750004C4C45207C20737065656420667720667C
:10F76000697865642049445F6D41207C2073706531
:10F770006564206677206175746F207C20737065E6
:10F7800065642072756E2052504D207C2073706528
:10F790006564207374617274207C20737065656485
:10F7A0002073746F70207C2073706565642073749F
:10F7B00061747573207C20706F732074756E652082
:10F7C0004B50204B44207C20706F73206C696D6916
:10F7D000742052504D207C20706F732072656C2015
:10F7E000434F554E54207C20706F7320616273200C
:10F7F000434F554E54207C20706F73207374617496
:10F800007573207C20706F732073746F70207C2060
:10F8100070756C7365206F6E207C2070756C7365DD
:10F82000206F6666207C2070756C73652073746130
:10F83000747573207C2070756C736520766F6661BB
:10F84000206F6E7C6F6666207C2073747265616DBC
:10F85000206F6E207C2073747265616D206F666608
:10F860000D0A00006572723A20616E676C65206354
:10F87000616C6962726174696F6E2072657175691D
:10F880007265732073746F70706564206C6F6F7035
:10F890002C2076616C6964207461626C6520616EF5
:10F8A00064206F62736572766572206E6F74206F6C
:10F8B0006E0D0A004451542C696E6465782C74698D
:10F8C0006D655F75732C7461726765745F645F6DDD
:10F8D000612C7461726765745F715F6D612C69641E
:10F8E0005F6D612C69715F6D612C69615F6D612C69
:10F8F00069625F6D612C75645F6D762C75715F6DEB
:10F90000762C65636F756E742C7361740D0A00003C
:10F91000454E43207261773D256C6420706F733DC6
:10F92000256C64207265763D256C642064656C747A
:10F93000613D256C64207261775F73706565643D1D
:10F94000256C646D722F6D696E2073706565643D02
:10F95000256C646D722F6D696E2077696E646F77A8
:10F960003D25756D732076616C69643D2575207049
:10F97000776D3D25750D0A0054455354207068611C
:10F9800073653D256320706F6C61726974793D25E4
:10F9900063206D65616E5F613D256C646D41206D16
:10F9A00065616E5F623D256C646D41207065616BC1
:10F9B0005F613D256C646D41207065616B5F623DE8
:10F9C000256C646D412073616D706C65733D256CB1
:10F9D0007520656C61707365643D256C756D732071
:10F9E000747269703D25750D0A0000004E4F495331
:10F9F00045206D65616E5F613D256C646D41206DD4
:10FA000065616E5F623D256C646D412070705F6161
:10FA10003D256C646D412070705F623D256C646DA6
:10FA20004120726D735F613D256C756D4120726D73
:10FA3000735F623D256C756D412073616D706C65FF
:10FA4000733D256C7520656C61707365643D256C34
:10FA5000756D7320747269703D25750D0A00000084
:10FA6000494C4F4F502062773D383030487A2074EF
:10FA700061726765745F613D256C646D41207461DE
:10FA8000726765745F623D256C646D41206D6561D0
:10FA90006E5F613D256C646D41206D65616E5F62D6
:10FAA0003D256C646D41207065616B5F613D256C27
:10FAB000646D41207065616B5F623D256C646D41D2
:10FAC00020767065616B5F613D256C646D562076B4
:10FAD0007065616B5F623D256C646D562073617467
:10FAE0003D256C752073616D706C65733D256C757B
:10FAF00020656C61707365643D256C756D73207451
:10FB00007269703D25750D0A000000004451535480
:10FB100045502062773D256C75487A20766C696D7A
:10FB200069743D256C646D56207461726765745FFD
:10FB3000643D256C646D41207461726765745F710A
:10FB40003D256C646D41206D6F76653D256C6420AC
:10FB500065636F756E743D256C6420697065616BBB
:10FB60005F613D256C646D4120697065616B5F620A
:10FB70003D256C646D4120767065616B5F643D2549
:10FB80006C646D5620767065616B5F713D256C64A9
:10FB90006D56207361743D256C752073616D706CBA
:10FBA00065733D256C7520656C61707365643D25DA
:10FBB0006C756D73206661756C743D25750D0A005A
:10FBC00045414E474C4520616C69676E65643D2533
:10FBD00075206F66667365743D256C64206F66667C
:10FBE0007365745F6D6F6438303D256C64206265A9
:10FBF00074615F7369676E3D256420636F756E7411
:10FC00003D256C6420616E676C653D256C646D6498
:10FC10006567206F627365727665723D2573206932
:10FC20006E69743D2575207261775F6964783D2542
:10FC30006C6420636F727265637465645F69647875
:10FC40003D256C6420636F7272656374696F6E5FCB
:10FC50006964783D256C642063616C3D25752F25B2
:10FC60007520616E63686F725F71313D256C642031
:10FC70006F62735F6964783D256C64206572725FA2
:10FC80007131363D256C642076656C5F7131365F6D
:10FC90007469636B3D256C6420726573796E633D96
:10FCA000256C752062773D256C75487A20616C70F3
:10FCB00068615F7132303D256C7520626574615FEB
:10FCC0007132303D256C750D0A00000053504545DA
:10FCD00044207461726765743D256C646D72706D4B
:10FCE0002061637475616C3D256C646D72706D206C
:10FCF0006572726F723D256C646D72706D20703D1F
:10FD0000256C646D4120693D256C646D41206B70EC
:10FD10005F6566663D256C6475412F72706D206964
:10FD2000713D256C646D412069643D256C646D41B5
:10FD3000207261775F69713D256C646D4120746F3D
:10FD4000727175655F69713D256C646D41206D65EB
:10FD50006173757265645F69713D256C646D4120E6
:10FD60006D656173757265645F69643D256C646D72
:10FD7000412069715F6572723D256C646D41206937
:10FD8000645F6572723D256C646D41207361743DE2
:10FD900025752066773D25752076643D256C646D5C
:10FDA000562076713D256C646D5620766466663DFE
:10FDB000256C646D5620767166663D256C646D56C3
:10FDC00020766275735F663D256C756D5620766290
:10FDD00075735F6661756C743D256C756D562F7219
:10FDE00061773D25752F6C696D69743D25752076A9
:10FDF0006C696D69743D256C646D562066775F7221
:10FE00006174696F3D25752F313030302066775F22
:10FE1000636F72723D256C646D562066775F66690C
:10FE20007865643D25752F25646D4120686F6C648D
:10FE30003D25752F25752F257520616E676C655FD3
:10FE40006164763D256C7575732F256C64636E74E3
:10FE500020616E676C655F716572723D256C646DC3
:10FE600064656720716572725F706B3D256C646DAF
:10FE700064656720716572725F6E3D256C752061E7
:10FE80006E676C655F737465703D256C646D646549
:10FE9000672061737465705F706B3D256C646D6481
:10FEA00065672061737465705F6E3D256C752076A3
:10FEB0007065616B5F643D256C646D56207670657E
:10FEC000616B5F713D256C646D5620767361743D86
:10FED000257520767361745F6E3D256C75206470A6
:10FEE00072696F3D25752F256C7520656C61707387
:10FEF00065643D256C756D732072756E6E696E67F5
:10FF00003D2575206661756C743D257520747261A0
:10FF100063655F64726F703D256C750D0A000000AB
:10FF200041444320613D257520623D2575206F6663
:10FF3000665F613D2575206F66665F623D257520B1
:10FF400069613D256C646D412069623D256C646D7D
:10FF500041207370616E5F613D2575207370616E25
:10FF60005F623D25752076616C69643D257520735F
:10FF7000796E633D25752073616D706C65733D25E9
:10FF80006C750D0A0000000043414C2073746174CD
:10FF9000653D2573206661756C743D257520696E1D
:10FFA0006465783D25752076616C69643D25752012
:10FFB00073746172743D256C6420666F7277617230
:10FFC000645F746F74616C3D256C64207265766546
:10FFD0007273655F746F74616C3D256C6420636C33
:10FFE0006F737572655F71313D256C6420696E7445
:10FFF000657276616C5F71313D256C642E2E256CC7
:020000040801F1
:100000006420687973746572657369735F6D617874
:100010003D256C64207361743D256C750D0A0000EC
:10002000504F53207461726765743D256C64206D78
:10003000656173757265643D256C64206572726FCD
:10004000723D256C642073706565645F636D643D0B
:10005000256C6420726561636865643D2575207256
:10006000756E6E696E673D2575206661756C743DB1
:1000700025755C725C6E000050554C5345206D6FC9
:1000800064653D706F736974696F6E5F70645F72F1
:100090003120737465705F7065725F7265763D388C
:1000A00030302061636365707465643D256C752034
:1000B00069676E6F7265643D256C75207265663D7B
:1000C000256C64207261775F73706565643D256C93
:1000D00064207265665F73706565643D256C64209D
:1000E00073747265616D3D257520656467653D2596
:1000F0006C752F256C642F256C642F6572723D25FD
:100100006C64206C6173745F737465703D256C75ED
:100110006D732F256C642F256C642F6572723D25DD
:100120006C642073706565645F7265663D256C6400
:100130002F73706565645F6D6561733D256C642028
:100140007065616B5F706F735F6572723D256C6483
:10015000207065616B5F73706565645F6572723D89
:10016000256C642073616D706C65733D256C752022
:1001700066697273743D256C752F256C642F256C30
:10018000642F256C64207065616B3D256C752F258F
:100190006C642F256C642F256C6420737065656416
:1001A0005F7065616B3D256C752F256C642F256C28
:1001B000642F256C6420656E61626C65643D2575F5
:1001C00020656E5F696E7075743D25755C725C6E3E
:1001D000000000000403010800000020F4010000FA
:1001E000C4010008C0030108F40100208CF30000E2
:1001F000200200081001000043000000F8FFFFFF8C
:100200000040404040404040404041414141414029
:1002100040404040404040404040404040404040DE
:10022000400502020202020202020202020202026D
:100230000220202020202020202020020202020272
:1002400002029090909090901010101010101010CA
:1002500010101010101010101010101002020202D6
:10026000020288888888888808080808080808081A
:100270000808080808080808080808080202020216
:10028000400000000000000000000000000000002E
:10029000000000000000000000000000000000005E
:1002A000000000000000000000000000000000004E
:1002B000000000000000000000000000000000003E
:1002C000000000000000000000000000000000002E
:1002D000000000000000000000000000000000001E
:1002E000000000000000000000000000000000000E
:1002F00000000000000000000000000000000000FE
:10030000000000008113E5D5140815D61B08210450
:100310001A49041A75041AC5141AF10417040309BA
:1003200004120114020202164083044057260201FF
:10033000020301031A1A03136D131B0861041A5BED
:10034000041AA1041AC10481193B1182105324F428
:1003500014810182130A0632022A40201C0902433A
:1003600067111DC0320904311A020B13052416103F
:1003700001052401100901042402020524061701C5
:1003800007058203081C1009049D320A2E07050187
:100390000240072A8107111349D21408BDD04C0826
:1003A000E7D37C134DD11B0809101A7F04C11ACD65
:1003B000181A91041A0D301A850801CC021328006E
:040000050800018965
:00000001FF
